2018-07-02,"31,400","33,500","31,350","32,600", , , , , ,0,"40,614", , , , 
2018-07-03,"32,850","32,950","31,300","31,450", , , , , ,0,"30,858", , , , 
2018-07-04,"31,100","31,500","31,050","31,200", , , , , ,0,"12,189", , , , 
2018-07-05,"31,000","31,500","30,950","31,000", , , , , ,0,"9,725", , , , 
2018-07-06,"31,000","31,500","30,950","31,400","31,530.00", , , , ,0,"9,522","20,581.60", , , 
2018-07-09,"31,400","31,750","31,050","31,400","31,290.00", , , , ,0,"15,980","15,654.80", , , 
2018-07-10,"31,250","31,700","31,200","31,250","31,250.00", , , , ,0,"19,197","13,322.60", , , 
2018-07-11,"31,250","31,450","30,900","30,900","31,190.00", , , , ,0,"17,565","14,397.80", , , 
2018-07-12,"31,250","31,900","31,200","31,600","31,310.00", , , , ,0,"15,814","15,615.60", , , 
2018-07-13,"31,600","32,100","31,500","31,650","31,360.00","31,445.00", , , ,0,"10,768","15,864.80", , , 
2018-07-16,"31,500","32,000","31,400","31,950","31,470.00","31,380.00", , , ,0,"17,655","16,199.80", , , 
2018-07-17,"31,750","31,950","31,500","31,950","31,610.00","31,430.00", , , ,0,"6,002","13,560.80", , , 
2018-07-18,"31,700","32,150","31,450","31,550","31,740.00","31,465.00", , , ,0,"8,536","11,755.00", , , 
2018-07-19,"31,400","32,000","31,300","31,500","31,720.00","31,515.00", , , ,0,"14,527","11,497.60", , , 
2018-07-20,"31,500","31,950","31,350","31,800","31,750.00","31,555.00", , , ,0,"15,309","12,405.80", , , 
2018-07-23,"31,900","32,150","31,200","31,200","31,600.00","31,535.00", , , ,0,"17,056","12,286.00", , , 
2018-07-24,"31,050","31,700","31,050","31,500","31,510.00","31,560.00", , , ,0,"10,348","13,155.20", , , 
2018-07-25,"31,500","31,900","31,450","31,600","31,520.00","31,630.00", , , ,0,"8,234","13,094.80", , , 
2018-07-26,"31,950","31,950","31,500","31,750","31,570.00","31,645.00", , , ,0,"6,142","11,417.80", , , 
2018-07-27,"32,000","32,050","31,400","31,900","31,590.00","31,670.00","31,557.50", , ,20,"7,241","9,804.20","14,664.10", , 
2018-07-30,"32,000","32,000","31,550","31,900","31,730.00","31,665.00","31,522.50", , ,0,"7,412","7,875.40","13,004.00", , 
2018-07-31,"31,650","32,350","31,550","31,800","31,790.00","31,650.00","31,540.00", , ,0,"9,960","7,797.80","11,959.10", , 
2018-08-01,"32,300","32,350","32,000","32,100","31,890.00","31,705.00","31,585.00", , ,30,"8,303","7,811.60","11,764.80", , 
2018-08-02,"32,100","32,250","31,450","31,450","31,830.00","31,700.00","31,607.50", , ,0,"7,917","8,166.60","11,674.40", , 
2018-08-03,"31,450","32,050","31,450","31,900","31,830.00","31,710.00","31,632.50", , ,70,"6,739","8,066.20","11,535.25", , 
2018-08-06,"31,750","32,100","31,650","31,700","31,790.00","31,760.00","31,647.50", , ,0,"16,629","9,909.60","11,567.70", , 
2018-08-07,"31,550","31,850","31,350","31,450","31,720.00","31,755.00","31,657.50", , ,0,"17,732","11,464.00","11,494.45", , 
2018-08-08,"31,300","31,600","31,200","31,200","31,540.00","31,715.00","31,672.50", , ,0,"17,999","13,403.20","11,516.15", , 
2018-08-09,"31,250","31,600","30,900","31,600","31,570.00","31,700.00","31,672.50", , ,0,"29,456","17,711.00","12,198.25", , 
2018-08-10,"31,550","31,650","31,250","31,350","31,460.00","31,645.00","31,657.50", , ,0,"15,086","19,380.40","12,414.15", , 
2018-08-13,"31,200","31,400","30,850","31,150","31,350.00","31,570.00","31,617.50", , ,0,"22,384","20,531.40","12,650.60", , 
2018-08-14,"31,250","31,250","30,850","30,850","31,230.00","31,475.00","31,562.50", , ,70,"18,537","20,692.40","13,277.35", , 
2018-08-16,"31,800","32,150","31,000","31,600","31,310.00","31,425.00","31,565.00", , ,0,"73,059","31,704.40","16,503.50", , 
2018-08-17,"31,750","33,100","31,700","32,500","31,490.00","31,530.00","31,615.00", , ,0,"95,055","44,824.20","20,529.90", , 
2018-08-20,"32,500","33,850","32,500","32,850","31,790.00","31,625.00","31,667.50", , ,29,"91,918","60,190.60","24,360.35", , 
2018-08-21,"33,750","34,150","32,850","33,700","32,300.00","31,825.00","31,792.50", , ,0,"22,035","60,120.80","24,609.30", , 
2018-08-22,"33,550","33,950","32,900","33,450","32,820.00","32,025.00","31,890.00", , ,0,"26,611","61,735.60","25,422.45", , 
2018-08-23,"33,600","34,900","33,450","34,800","33,460.00","32,385.00","32,050.00", , ,0,"32,978","53,719.40","26,659.65", , 
2018-08-24,"34,800","35,700","34,600","35,350","34,030.00","32,760.00","32,230.00", , ,0,"39,415","42,591.40","28,323.30", , 
2018-08-27,"35,700","35,700","34,750","34,900","34,440.00","33,115.00","32,380.00", , ,30,"14,637","27,135.20","28,693.10", , 
2018-08-28,"34,850","35,750","34,600","35,450","34,790.00","33,545.00","32,557.50", , ,0,"18,433","26,414.80","29,244.15", , 
2018-08-29,"35,450","35,850","34,900","34,900","35,080.00","33,950.00","32,712.50", , ,0,"18,992","24,891.00","29,695.75", , 
2018-08-30,"35,250","35,700","34,600","35,400","35,200.00","34,330.00","32,877.50", , ,0,"24,815","23,258.40","30,521.35", , 
2018-08-31,"35,400","35,600","34,800","35,150","35,160.00","34,595.00","33,062.50", , ,0,"37,165","22,808.40","31,983.75", , 
2018-09-03,"35,100","36,200","34,700","35,700","35,320.00","34,880.00","33,252.50", , ,0,"20,963","24,073.60","32,694.95", , 
2018-09-04,"35,450","35,700","35,000","35,250","35,280.00","35,035.00","33,430.00", , ,0,"11,453","22,677.60","32,436.15", , 
2018-09-05,"35,050","35,350","34,850","35,050","35,310.00","35,195.00","33,610.00", , ,0,"11,643","21,207.80","32,131.70", , 
2018-09-06,"34,900","35,750","34,900","35,450","35,320.00","35,260.00","33,822.50", , ,0,"14,535","19,151.80","31,958.50", , 
2018-09-07,"36,250","36,300","35,050","35,550","35,400.00","35,280.00","34,020.00", , ,0,"12,261","14,171.00","31,098.75", , 
2018-09-10,"35,400","36,850","35,400","36,750","35,610.00","35,465.00","34,290.00", , ,18,"32,455","16,469.40","31,967.20", , 
2018-09-11,"36,900","36,900","35,800","35,800","35,720.00","35,500.00","34,522.50", , ,44,"49,787","24,136.20","33,337.35", , 
2018-09-12,"36,000","36,800","36,000","36,750","36,060.00","35,685.00","34,817.50", , ,0,"27,536","27,314.80","33,787.30", , 
2018-09-13,"36,750","37,400","36,450","37,000","36,370.00","35,845.00","35,087.50", , ,0,"29,408","30,289.40","31,604.75", , 
2018-09-14,"37,000","38,600","37,000","38,600","36,980.00","36,190.00","35,392.50", , ,18,"44,955","36,828.20","29,099.75", , 
2018-09-17,"38,550","38,550","37,200","37,650","37,160.00","36,385.00","35,632.50", , ,37,"17,966","33,930.40","25,402.15", , 
2018-09-18,"37,300","38,100","37,300","37,900","37,580.00","36,650.00","35,842.50", , ,0,"22,898","28,552.60","25,445.30", , 
2018-09-19,"37,900","38,200","37,500","37,850","37,800.00","36,930.00","36,062.50", , ,0,"18,749","26,795.20","25,052.20", , 
2018-09-20,"37,800","38,200","37,500","37,600","37,920.00","37,145.00","36,202.50", , ,30,"16,773","24,268.20","24,241.95", , 
2018-09-21,"38,250","38,500","37,600","38,050","37,810.00","37,395.00","36,337.50", , ,0,"15,567","18,390.60","23,049.55", , 
2018-09-27,"37,600","38,650","37,500","37,600","37,800.00","37,480.00","36,472.50","33,470.00", ,27,"22,785","19,354.40","23,456.95","22,271.38", 
2018-09-28,"37,600","38,200","37,400","37,550","37,730.00","37,655.00","36,577.50","33,552.50", ,0,"15,682","17,911.20","23,319.40","21,855.85", 
2018-10-01,"37,550","38,100","36,900","37,500","37,660.00","37,730.00","36,707.50","33,653.33", ,0,"10,558","16,273.00","22,897.70","21,517.52", 
2018-10-02,"36,950","37,300","36,500","36,900","37,520.00","37,720.00","36,782.50","33,748.33", ,0,"12,595","15,437.40","22,286.70","21,524.28", 
2018-10-04,"36,600","37,500","36,600","37,000","37,310.00","37,560.00","36,875.00","33,848.33", ,0,"30,067","18,337.40","21,931.80","21,863.32", 
2018-10-05,"37,350","37,400","35,900","36,200","37,030.00","37,415.00","36,900.00","33,928.33", ,39,"15,850","16,950.40","21,676.15","21,968.78", 
2018-10-08,"36,250","37,150","35,700","36,500","36,820.00","37,275.00","36,962.50","34,013.33", ,58,"9,441","15,702.20","21,575.55","21,859.80", 
2018-10-10,"36,100","36,900","35,950","36,300","36,580.00","37,120.00","37,025.00","34,097.50", ,0,"14,378","16,466.20","21,712.30","21,779.48", 
2018-10-11,"34,250","37,100","34,250","35,000","36,200.00","36,860.00","37,002.50","34,165.83", ,66,"22,252","18,397.60","22,098.15","21,857.60", 
2018-10-12,"36,100","36,100","34,200","34,750","35,750.00","36,530.00","36,962.50","34,218.33", ,0,"18,912","16,166.60","22,430.70","21,909.23", 
2018-10-15,"34,800","35,100","34,100","34,900","35,490.00","36,260.00","36,870.00","34,272.50", ,58,"16,646","16,325.80","21,640.25","22,007.20", 
2018-10-16,"35,150","35,150","33,600","33,650","34,920.00","35,870.00","36,762.50","34,300.83", ,2,"17,498","17,937.20","20,025.80","22,004.58", 
2018-10-17,"33,900","34,050","33,450","33,850","34,430.00","35,505.00","36,617.50","34,332.50", ,69,"24,058","19,873.20","19,851.90","22,305.52", 
2018-10-18,"33,600","34,150","33,450","34,100","34,250.00","35,225.00","36,472.50","34,375.00", ,70,"26,387","20,700.20","19,700.85","22,603.03", 
2018-10-19,"33,500","34,100","33,300","33,800","34,060.00","34,905.00","36,232.50","34,413.33", ,0,"19,030","20,723.80","18,404.60","22,678.08", 
2018-10-22,"33,600","35,900","33,500","35,000","34,080.00","34,785.00","36,100.00","34,466.67", ,0,"14,393","20,273.20","18,225.95","22,662.82", 
2018-10-23,"34,550","35,650","33,650","34,050","34,160.00","34,540.00","35,907.50","34,514.17", ,0,"21,552","21,084.00","18,158.65","22,737.75", 
2018-10-24,"34,400","35,250","34,100","35,150","34,420.00","34,425.00","35,772.50","34,575.00", ,0,"18,045","19,881.40","18,123.45","22,866.03", 
2018-10-25,"35,050","35,300","33,650","35,300","34,660.00","34,455.00","35,657.50","34,636.67", ,71,"23,601","19,324.20","18,464.85","23,122.15", 
2018-10-26,"34,800","35,300","33,150","34,350","34,770.00","34,415.00","35,472.50","34,680.00", ,0,"19,390","19,396.20","18,656.00","23,342.95", 
2018-10-29,"35,450","35,450","33,400","33,650","34,500.00","34,290.00","35,275.00","34,709.17", ,0,"22,991","21,115.80","18,666.30","23,605.45", 
2018-10-30,"34,100","34,650","33,450","33,700","34,430.00","34,295.00","35,082.50","34,739.17", ,69,"19,758","20,757.00","18,870.10","23,811.22", 
2018-10-31,"33,550","35,500","32,950","35,100","34,420.00","34,420.00","34,962.50","34,794.17", ,0,"26,170","22,382.00","19,650.70","24,081.38", 
2018-11-01,"34,950","35,200","34,050","34,050","34,170.00","34,415.00","34,820.00","34,826.67", ,0,"18,098","21,281.40","19,925.85","24,244.63", 
2018-11-02,"34,050","36,000","34,050","35,650","34,430.00","34,600.00","34,752.50","34,896.67", ,70,"21,014","21,606.20","19,473.20","24,462.92", 
2018-11-05,"35,200","36,050","34,550","35,700","34,840.00","34,670.00","34,727.50","34,960.00", ,0,"24,498","21,907.60","19,905.60","24,758.90", 
2018-11-06,"36,000","37,500","35,900","37,400","35,580.00","35,005.00","34,772.50","35,055.00", ,0,"27,870","23,530.00","20,827.05","24,946.25", 
2018-11-07,"37,500","37,950","36,000","36,200","35,800.00","35,110.00","34,767.50","35,134.17", ,0,"21,418","22,579.60","21,179.05","25,007.68", 
2018-11-08,"36,200","37,900","36,200","36,700","36,330.00","35,250.00","34,852.50","35,225.83", ,0,"34,020","25,764.00","21,767.45","25,274.70", 
2018-11-09,"36,700","37,750","36,400","36,550","36,510.00","35,470.00","34,942.50","35,308.33", ,0,"17,485","25,058.20","21,696.10","25,075.18", 
2018-11-12,"37,100","37,150","36,500","36,550","36,680.00","35,760.00","35,025.00","35,395.00", ,0,"21,371","24,432.80","21,932.35","25,179.93", 
2018-11-13,"36,100","36,950","35,600","36,500","36,500.00","36,040.00","35,167.50","35,484.17", ,0,"15,242","21,907.20","21,819.55","25,060.90", 
2018-11-14,"36,500","37,000","35,850","36,750","36,610.00","36,205.00","35,312.50","35,582.50", ,0,"14,772","20,578.00","21,355.25","24,998.15", 
2018-11-15,"36,650","37,000","35,600","36,900","36,650.00","36,490.00","35,452.50","35,670.83", ,30,"29,760","19,726.00","21,523.90","24,276.50", 
2018-11-16,"36,900","37,700","36,150","37,300","36,800.00","36,655.00","35,627.50","35,750.83", ,0,"14,511","19,131.20","21,297.95","22,934.10", 
2018-11-19,"37,150","37,350","36,400","37,300","36,950.00","36,815.00","35,742.50","35,825.00", ,0,"10,163","16,889.60","21,086.45","21,571.52", 
2018-11-20,"37,500","37,550","36,650","37,000","37,050.00","36,775.00","35,890.00","35,880.00", ,0,"11,090","16,059.20","20,563.35","21,389.10", 
2018-11-21,"36,700","37,350","36,450","37,050","37,110.00","36,860.00","35,985.00","35,940.00", ,0,"10,203","15,145.40","20,171.25","21,115.63", 
2018-11-22,"36,550","36,950","36,300","36,600","37,050.00","36,850.00","36,050.00","35,970.00", ,0,"5,922","10,377.80","19,287.30","20,664.70", 
2018-11-23,"36,600","36,650","35,800","36,450","36,880.00","36,840.00","36,155.00","35,988.33", ,0,"7,554","8,986.40","18,695.50","20,133.68", 
2018-11-26,"36,500","37,150","36,300","37,150","36,850.00","36,900.00","36,330.00","36,025.83", ,0,"7,620","8,477.80","17,926.95","20,016.73", 
2018-11-27,"36,650","37,450","36,400","37,000","36,850.00","36,950.00","36,495.00","36,051.67", ,0,"11,812","8,622.20","17,529.65","19,906.38", 
2018-11-28,"37,200","39,950","36,900","38,900","37,220.00","37,165.00","36,685.00","36,118.33", ,0,"53,929","17,367.40","18,917.60","20,488.67", 
2018-11-29,"39,050","39,600","38,350","38,850","37,670.00","37,360.00","36,925.00","36,175.83", ,33,"21,147","20,412.40","19,070.05","20,427.53", 
2018-11-30,"38,850","38,850","37,400","38,300","38,040.00","37,460.00","37,057.50","36,228.33", ,0,"37,519","26,405.40","19,895.30","20,433.43", 
2018-12-03,"38,450","38,650","37,650","38,200","38,250.00","37,550.00","37,182.50","36,270.00", ,42,"21,237","29,128.80","19,732.25","20,438.00", 
2018-12-04,"37,750","38,000","37,150","37,500","38,350.00","37,600.00","37,187.50","36,307.50", ,0,"19,395","30,645.40","19,308.50","20,570.37", 
2018-12-05,"37,800","38,000","36,800","37,200","38,010.00","37,615.00","37,237.50","36,343.33", ,30,"14,870","22,833.60","18,981.10","20,624.15", 
2018-12-06,"37,700","37,700","36,250","36,950","37,630.00","37,650.00","37,250.00","36,368.33", ,0,"18,470","22,298.20","18,203.60","20,689.73", 
2018-12-07,"37,000","37,200","35,800","36,450","37,260.00","37,650.00","37,245.00","36,383.33", ,0,"14,102","17,614.80","18,034.45","20,720.42", 
2018-12-10,"35,800","36,700","35,800","36,550","36,930.00","37,590.00","37,245.00","36,380.00", ,70,"11,286","15,624.60","17,530.20","20,367.60", 
2018-12-11,"35,850","36,900","35,650","36,650","36,760.00","37,555.00","37,252.50","36,394.17", ,0,"14,002","14,546.00","17,468.20","19,771.18", 
2018-12-12,"36,850","37,800","36,400","37,650","36,850.00","37,430.00","37,297.50","36,409.17", ,0,"19,796","15,531.20","17,719.40","19,642.18", 
2018-12-13,"37,100","39,300","37,100","39,300","37,320.00","37,475.00","37,417.50","36,447.50", ,18,"43,182","20,473.60","18,390.50","19,871.75", 
2018-12-14,"38,950","39,000","37,550","37,750","37,580.00","37,420.00","37,440.00","36,433.33", ,37,"16,910","21,035.20","18,510.45","19,404.33", 
2018-12-17,"37,900","39,100","37,800","38,250","37,920.00","37,425.00","37,487.50","36,443.33", ,0,"21,127","23,003.40","19,058.65","19,457.02", 
2018-12-18,"38,450","38,550","37,100","37,550","38,100.00","37,430.00","37,515.00","36,437.50", ,0,"17,850","23,773.00","19,396.65","19,372.88", 
2018-12-19,"38,000","38,850","37,600","38,350","38,240.00","37,545.00","37,580.00","36,445.83", ,0,"14,254","22,664.60","19,599.20","19,297.97", 
2018-12-20,"38,850","38,850","37,200","38,150","38,010.00","37,665.00","37,657.50","36,455.00", ,30,"14,042","16,836.60","20,005.20","19,252.45", 
2018-12-21,"38,500","38,600","37,500","37,800","38,020.00","37,800.00","37,725.00","36,450.83", ,0,"13,998","16,254.20","20,327.40","19,226.30", 
2018-12-24,"37,650","38,150","37,200","37,450","37,860.00","37,890.00","37,740.00","36,448.33","34,959.17",0,"7,704","13,569.60","20,331.60","18,974.95","20,623.17"
2018-12-26,"37,400","38,000","36,250","37,100","37,770.00","37,935.00","37,745.00","36,440.83","34,996.67",0,"14,120","12,823.60","20,447.00","18,948.92","20,402.38"
2018-12-27,"36,250","37,450","35,750","36,350","37,370.00","37,805.00","37,617.50","36,421.67","35,037.50",0,"16,771","13,327.00","18,589.10","19,052.47","20,284.99"
2018-12-28,"36,350","36,950","35,900","35,950","36,930.00","37,470.00","37,472.50","36,405.83","35,077.08",0,"11,153","12,749.20","18,089.40","19,028.43","20,276.36"
2019-01-02,"35,600","36,150","35,000","35,500","36,470.00","37,245.00","37,332.50","36,380.83","35,114.58",0,"7,882","11,526.00","16,607.55","18,658.68","20,261.00"
2019-01-03,"35,300","36,050","35,150","35,550","36,090.00","36,975.00","37,200.00","36,370.00","35,149.17",0,"10,055","11,996.20","16,048.45","18,562.10","20,265.44"
2019-01-04,"36,250","36,500","35,150","35,600","35,790.00","36,780.00","37,105.00","36,355.00","35,184.17",70,"14,392","12,050.60","15,798.30","18,644.62","20,252.21"
2019-01-07,"35,650","37,000","35,550","36,050","35,730.00","36,550.00","37,047.50","36,350.83","35,224.17",66,"11,073","10,911.00","15,608.45","18,589.53","20,184.51"
2019-01-08,"36,050","37,050","36,050","36,450","35,830.00","36,380.00","37,022.50","36,375.00","35,270.42",0,"8,277","10,335.80","15,098.80","18,356.62","20,107.11"
2019-01-09,"36,300","38,000","36,250","36,850","36,100.00","36,285.00","37,042.50","36,410.00","35,314.17",67,"15,577","11,874.80","15,172.55","18,301.03","20,105.13"
2019-01-10,"36,550","37,100","36,300","36,500","36,290.00","36,190.00","37,040.00","36,436.67","35,354.58",0,"16,197","13,103.20","15,418.10","18,293.55","20,150.38"
2019-01-11,"36,150","36,800","36,000","36,300","36,430.00","36,110.00","37,022.50","36,480.83","35,390.83",0,"14,827","13,190.20","15,459.35","18,249.03","20,126.81"
2019-01-14,"36,150","36,550","35,500","35,500","36,320.00","36,025.00","36,915.00","36,508.33","35,420.42",0,"19,120","14,799.60","15,425.55","18,166.73","20,236.13"
2019-01-15,"35,700","36,450","35,250","35,250","36,080.00","35,955.00","36,712.50","36,527.50","35,451.25",0,"22,444","17,633.00","14,388.65","18,101.02","20,352.03"
2019-01-16,"35,300","36,050","35,150","35,200","35,750.00","35,925.00","36,585.00","36,550.83","35,482.08",0,"18,264","18,170.40","14,456.35","18,088.25","20,383.17"
2019-01-17,"35,200","36,600","35,100","36,300","35,710.00","36,000.00","36,487.50","36,572.50","35,519.58",0,"21,154","19,161.80","14,457.70","18,200.93","20,431.88"
2019-01-18,"36,300","37,400","36,300","37,200","35,890.00","36,160.00","36,470.00","36,625.00","35,569.58",0,"10,581","18,312.60","14,094.25","18,018.08","20,377.92"
2019-01-21,"37,200","37,700","36,600","37,200","36,230.00","36,275.00","36,412.50","36,659.17","35,617.08",0,"11,127","16,714.00","13,937.90","17,902.78","20,384.41"
2019-01-22,"37,200","37,600","36,600","36,600","36,500.00","36,290.00","36,335.00","36,680.83","35,658.75",0,"8,250","13,875.20","13,648.30","17,646.93","20,384.54"
2019-01-23,"36,600","37,800","36,300","37,450","36,950.00","36,350.00","36,317.50","36,732.50","35,706.25",0,"22,223","14,667.00","14,059.55","17,694.15","20,518.55"
2019-01-24,"37,100","37,950","36,200","36,950","37,080.00","36,395.00","36,292.50","36,787.50","35,748.33",0,"14,967","13,429.60","14,422.70","17,560.42","20,582.93"
2019-01-25,"36,550","37,800","36,500","37,500","37,140.00","36,515.00","36,312.50","36,850.83","35,795.00",0,"17,187","14,750.80","14,576.05","17,517.57","20,664.39"
2019-01-28,"37,150","37,700","36,850","37,350","37,170.00","36,700.00","36,362.50","36,888.33","35,841.25",0,"14,215","15,368.40","14,448.25","17,318.32","20,699.85"
2019-01-29,"37,250","37,800","36,750","37,350","37,320.00","36,910.00","36,432.50","36,943.33","35,885.00",0,"15,574","16,833.20","14,669.30","17,276.25","20,760.44"
2019-01-30,"37,750","37,750","36,950","37,400","37,310.00","37,130.00","36,527.50","36,972.50","35,934.58",0,"16,018","15,592.20","15,076.10","17,192.98","20,827.95"
2019-01-31,"37,600","37,800","36,800","37,500","37,420.00","37,250.00","36,625.00","37,002.50","35,981.25",0,"18,742","16,347.20","15,510.45","17,097.05","20,927.97"
2019-02-01,"39,000","39,750","37,300","38,400","37,600.00","37,370.00","36,765.00","37,019.17","36,037.08",0,"44,795","21,868.80","17,030.60","17,379.13","21,162.69"
2019-02-07,"38,400","38,600","37,150","38,250","37,780.00","37,475.00","36,875.00","37,053.33","36,093.75",0,"31,243","25,274.40","18,039.10","17,542.88","21,275.28"
2019-02-08,"37,350","38,800","37,350","38,650","38,040.00","37,680.00","36,985.00","37,085.83","36,155.83",0,"39,412","30,042.00","19,595.85","17,632.75","21,453.72"
2019-02-11,"38,700","38,700","37,900","37,900","38,140.00","37,725.00","37,037.50","37,108.33","36,208.33",0,"28,954","32,629.20","20,264.70","17,823.90","21,449.54"
2019-02-12,"37,900","38,900","37,850","38,450","38,330.00","37,875.00","37,135.00","37,140.00","36,267.50",0,"42,213","37,323.40","21,565.50","18,171.27","21,675.60"
2019-02-13,"38,400","39,150","38,200","39,000","38,450.00","38,025.00","37,270.00","37,181.67","36,332.92",0,"33,488","35,062.00","22,498.55","18,475.37","21,768.13"
2019-02-14,"38,900","39,950","38,350","39,800","38,760.00","38,270.00","37,485.00","37,232.50","36,407.50",0,"38,064","36,426.20","23,445.75","18,863.57","21,930.86"
2019-02-15,"39,800","39,800","38,800","39,050","38,840.00","38,440.00","37,675.00","37,268.33","36,469.58",0,"16,375","31,818.80","23,142.30","18,640.48","21,458.49"
2019-02-18,"39,050","39,700","39,000","39,200","39,100.00","38,620.00","37,875.00","37,300.00","36,525.42",0,"20,061","30,040.20","23,232.15","18,732.98","20,833.54"
2019-02-19,"39,000","39,850","38,800","39,800","39,370.00","38,850.00","38,050.00","37,341.67","36,583.33",0,"41,879","29,973.40","24,268.40","19,261.58","20,416.55"
2019-02-20,"39,800","40,950","39,650","40,600","39,690.00","39,070.00","38,220.00","37,401.67","36,640.83",0,"44,075","32,090.80","25,943.10","19,811.33","20,600.22"
2019-02-21,"40,550","42,000","39,850","41,600","40,050.00","39,405.00","38,440.00","37,477.50","36,708.75",0,"52,002","34,878.40","27,986.85","20,507.98","20,811.81"
2019-02-22,"41,650","43,500","41,550","42,900","40,820.00","39,830.00","38,755.00","37,582.50","36,776.25",0,"56,317","42,866.80","30,390.20","21,347.90","21,006.30"
2019-02-25,"43,050","43,300","41,900","42,150","41,410.00","40,255.00","38,990.00","37,677.50","36,832.92",0,"33,336","45,521.80","30,945.85","21,777.60","20,955.64"
2019-02-26,"42,300","42,600","41,550","42,250","41,900.00","40,635.00","39,255.00","37,762.50","36,894.17",0,"17,581","40,662.20","31,076.55","21,943.62","20,980.17"
2019-02-27,"42,250","42,550","41,400","41,750","42,130.00","40,910.00","39,467.50","37,841.67","36,946.67",0,"20,320","35,911.20","31,233.20","22,085.42","20,995.90"
2019-02-28,"42,500","42,650","41,150","41,450","42,100.00","41,075.00","39,672.50","37,884.17","37,001.25",0,"31,174","31,745.60","32,081.15","21,706.17","21,097.42"
2019-03-04,"41,500","43,350","41,500","43,250","42,170.00","41,495.00","39,967.50","37,957.50","37,066.67",18,"49,845","30,451.20","33,794.70","22,184.47","21,306.00"
2019-03-05,"42,800","42,950","41,900","42,250","42,190.00","41,800.00","40,210.00","38,023.33","37,125.83",37,"40,324","31,848.80","35,010.00","22,231.22","21,332.33"
2019-03-06,"43,000","43,000","41,700","42,300","42,200.00","42,050.00","40,450.00","38,091.67","37,180.83",0,"24,188","33,170.20","35,282.30","22,280.40","21,359.20"
2019-03-07,"42,800","42,950","41,600","42,100","42,270.00","42,200.00","40,635.00","38,168.33","37,237.92",0,"30,176","35,141.40","34,551.35","22,460.08","21,515.22"
2019-03-08,"41,500","42,850","41,500","42,400","42,460.00","42,280.00","40,842.50","38,255.00","37,299.17",0,"14,898","31,886.20","33,734.10","22,460.55","21,542.35"
2019-03-11,"41,900","42,850","41,900","42,850","42,380.00","42,275.00","41,052.50","38,353.33","37,360.83",30,"23,572","26,631.60","32,942.10","22,545.58","21,617.66"
2019-03-12,"42,850","44,900","42,850","44,850","42,900.00","42,545.00","41,400.00","38,493.33","37,438.33",18,"41,025","26,771.80","33,545.65","22,994.30","21,857.36"
2019-03-13,"44,950","45,050","44,550","44,800","43,400.00","42,800.00","41,717.50","38,630.83","37,505.42",33,"24,501","26,834.40","32,660.05","23,214.55","21,791.08"
2019-03-14,"44,900","45,600","44,350","45,600","44,100.00","43,185.00","42,047.50","38,780.00","37,587.08",0,"35,028","27,804.80","32,737.05","23,564.98","21,668.08"
2019-03-15,"45,500","46,750","45,400","45,700","44,760.00","43,610.00","42,342.50","38,914.17","37,661.67",29,"23,283","29,481.80","31,998.00","23,623.10","21,632.64"
2019-03-18,"45,950","46,350","45,400","46,150","45,420.00","43,900.00","42,697.50","39,028.33","37,737.92",0,"15,091","27,785.60","31,933.80","23,154.92","21,513.33"
2019-03-19,"45,900","47,000","45,750","46,900","45,830.00","44,365.00","43,082.50","39,180.83","37,807.08",0,"20,543","23,689.20","31,957.90","23,215.47","21,309.90"
2019-03-20,"46,800","47,500","46,600","47,500","46,370.00","44,885.00","43,467.50","39,335.00","37,889.17",0,"20,950","22,979.00","30,911.45","23,212.52","21,334.77"
2019-03-21,"46,900","47,800","46,650","46,900","46,630.00","45,365.00","43,782.50","39,490.83","37,964.17",0,"21,505","20,274.40","29,782.95","23,273.43","21,323.16"
2019-03-22,"46,050","47,800","46,050","47,200","46,930.00","45,845.00","44,062.50","39,638.33","38,042.08",30,"20,150","19,647.80","28,190.35","23,371.70","21,334.83"
2019-03-25,"47,200","47,700","46,200","46,400","46,980.00","46,200.00","44,237.50","39,775.83","38,115.42",0,"18,799","20,389.40","26,314.45","23,450.98","21,351.72"
2019-03-26,"46,450","47,050","45,500","46,250","46,850.00","46,340.00","44,442.50","39,916.67","38,183.75",0,"11,027","18,486.20","25,199.00","23,401.47","21,313.88"
2019-03-27,"46,250","46,750","45,900","46,200","46,590.00","46,480.00","44,640.00","40,062.50","38,255.42",43,"10,152","16,326.60","24,827.55","23,442.27","21,208.61"
2019-03-28,"45,600","46,550","45,300","45,400","46,290.00","46,460.00","44,822.50","40,200.83","38,320.83",0,"15,055","15,036.60","24,564.30","23,457.85","21,203.38"
2019-03-29,"46,100","47,000","45,450","46,200","46,090.00","46,510.00","45,060.00","40,365.00","38,393.33",0,"20,817","15,170.00","24,046.45","23,525.28","21,288.88"
2019-04-01,"46,200","47,600","46,200","47,000","46,210.00","46,595.00","45,247.50","40,549.17","38,477.50",0,"12,254","13,861.00","22,166.90","23,543.63","21,286.03"
2019-04-02,"46,250","47,100","46,150","46,650","46,290.00","46,570.00","45,467.50","40,735.00","38,557.92",0,"12,892","14,234.00","20,795.30","23,627.13","21,142.91"
2019-04-03,"46,250","47,450","46,100","47,400","46,530.00","46,560.00","45,722.50","40,932.50","38,651.25",0,"16,550","15,513.60","20,413.40","23,735.38","21,148.74"
2019-04-04,"47,500","48,200","47,100","47,900","47,030.00","46,660.00","46,012.50","41,137.50","38,746.25",0,"22,096","16,921.80","20,009.40","23,863.78","21,254.20"
2019-04-05,"48,000","48,050","47,350","47,800","47,350.00","46,720.00","46,282.50","41,333.33","38,842.08",0,"8,426","14,443.60","19,685.80","23,819.67","21,204.60"
2019-04-08,"47,850","48,000","47,050","47,350","47,420.00","46,815.00","46,507.50","41,515.00","38,945.00",0,"23,610","16,714.80","19,687.70","24,075.22","21,215.92"
2019-04-09,"47,400","48,500","47,200","47,850","47,660.00","46,975.00","46,657.50","41,698.33","39,054.17",0,"30,581","20,252.60","19,165.50","24,325.28","21,313.16"
2019-04-10,"47,850","49,900","47,300","49,700","48,120.00","47,325.00","46,902.50","41,918.33","39,177.50",0,"30,302","23,003.00","19,455.55","24,560.37","21,426.96"
2019-04-11,"49,650","50,500","48,750","50,000","48,540.00","47,785.00","47,122.50","42,146.67","39,313.75",0,"34,719","25,527.60","19,440.10","24,891.90","21,570.47"
2019-04-12,"50,000","50,400","48,800","49,900","48,960.00","48,155.00","47,332.50","42,386.67","39,447.50",0,"31,379","30,118.20","19,844.90","25,096.22","21,631.47"
2019-04-15,"49,700","50,400","49,350","49,700","49,430.00","48,425.00","47,510.00","42,627.50","39,577.50",30,"23,908","30,177.80","20,285.75","25,120.62","21,610.82"
2019-04-16,"49,000","50,500","49,000","49,800","49,820.00","48,740.00","47,655.00","42,870.83","39,710.83",0,"15,828","27,227.20","20,050.00","25,080.02","21,584.13"
2019-04-17,"49,650","50,000","49,050","49,850","49,850.00","48,985.00","47,772.50","43,096.67","39,834.58",0,"13,983","23,963.40","19,701.65","24,960.50","21,580.72"
2019-04-18,"49,850","50,100","47,200","48,450","49,540.00","49,040.00","47,850.00","43,284.17","39,954.58",0,"22,971","21,613.80","19,774.95","25,167.00","21,592.54"
2019-04-19,"48,550","48,950","47,250","47,650","49,090.00","49,025.00","47,872.50","43,458.33","40,058.75",0,"12,177","17,773.40","19,376.30","25,184.50","21,543.64"
2019-04-22,"47,450","47,750","46,350","46,650","48,480.00","48,955.00","47,885.00","43,625.83","40,153.33",0,"16,003","16,192.40","19,236.50","25,313.72","21,480.33"
2019-04-23,"46,150","47,700","46,150","47,300","47,980.00","48,900.00","47,937.50","43,790.00","40,261.25",0,"17,597","16,546.20","19,565.00","25,236.62","21,465.38"
2019-04-24,"47,350","48,300","47,200","47,950","47,600.00","48,725.00","48,025.00","43,973.33","40,380.42",0,"21,056","17,960.80","20,110.20","25,338.10","21,449.26"
2019-04-25,"47,600","48,000","46,800","47,850","47,480.00","48,510.00","48,147.50","44,145.83","40,498.33",0,"15,868","16,540.20","20,150.85","25,316.12","21,416.84"
2019-04-26,"47,600","47,650","44,950","46,150","47,180.00","48,135.00","48,145.00","44,292.50","40,590.42",0,"17,446","17,594.00","19,982.30","25,369.97","21,344.14"
2019-04-29,"46,050","47,400","45,800","47,250","47,300.00","47,890.00","48,157.50","44,457.50","40,700.42",0,"11,337","16,660.80","19,936.45","25,299.35","21,287.80"
2019-04-30,"47,000","48,250","46,200","47,750","47,390.00","47,685.00","48,212.50","44,630.00","40,801.25",0,"25,956","18,332.60","20,589.65","25,464.98","21,328.98"
2019-05-02,"47,500","48,200","46,900","47,150","47,230.00","47,415.00","48,200.00","44,790.83","40,896.67",0,"15,750","17,271.40","20,549.65","25,415.12","21,256.08"
2019-05-03,"47,050","47,800","46,100","47,300","47,120.00","47,300.00","48,170.00","44,939.17","40,979.17",0,"19,582","18,014.20","20,423.95","24,994.90","21,187.02"
2019-05-07,"46,200","47,800","45,450","45,550","47,000.00","47,090.00","48,057.50","45,060.83","41,057.08",66,"18,822","18,289.40","20,943.75","24,787.88","21,165.38"
2019-05-08,"44,900","47,300","44,650","46,800","46,910.00","47,105.00","48,030.00","45,196.67","41,141.25",60,"18,889","19,799.80","20,707.70","24,445.83","21,039.29"
2019-05-09,"46,800","47,400","45,300","45,300","46,420.00","46,905.00","47,902.50","45,320.00","41,214.17",0,"27,330","20,074.60","20,545.15","24,418.77","21,121.33"
2019-05-10,"46,000","46,950","44,550","45,300","46,050.00","46,640.00","47,682.50","45,434.17","41,287.08",0,"17,617","20,448.00","19,910.90","24,008.83","21,090.05"
2019-05-13,"44,600","44,900","43,500","44,300","45,450.00","46,285.00","47,397.50","45,522.50","41,352.08",0,"13,451","19,221.80","18,847.50","23,674.88","21,075.13"
2019-05-14,"43,800","44,950","43,350","44,950","45,330.00","46,165.00","47,150.00","45,608.33","41,420.42",0,"13,323","18,122.00","17,944.70","23,262.53","21,063.05"
2019-05-15,"44,900","44,900","43,100","43,800","44,730.00","45,820.00","46,855.00","45,687.50","41,477.92",0,"26,116","19,567.40","18,055.10","23,424.88","21,032.68"
2019-05-16,"44,100","45,150","43,850","45,150","44,700.00","45,560.00","46,622.50","45,786.67","41,543.33",0,"30,969","20,295.20","18,812.15","23,606.68","21,169.83"
2019-05-17,"45,300","45,300","43,850","44,100","44,460.00","45,255.00","46,335.00","45,858.33","41,600.00",70,"12,265","19,224.80","18,726.25","23,113.12","21,187.35"
2019-05-20,"44,650","44,800","43,150","44,200","44,440.00","44,945.00","46,122.50","45,918.33","41,660.00",0,"16,450","19,824.60","18,400.20","22,652.70","21,232.02"
2019-05-21,"43,450","44,400","43,450","43,950","44,240.00","44,785.00","45,937.50","45,957.50","41,717.50",0,"11,776","19,515.20","18,380.15","21,982.27","21,245.13"
2019-05-22,"43,950","44,200","43,100","43,550","44,190.00","44,460.00","45,782.50","45,968.33","41,775.42",0,"13,081","16,908.20","18,234.05","21,261.67","21,304.78"
2019-05-23,"43,600","44,850","43,150","44,550","44,070.00","44,385.00","45,645.00","46,008.33","41,842.92",0,"16,135","13,941.40","18,160.95","20,974.98","21,376.29"
2019-05-24,"44,700","45,250","43,850","45,050","44,260.00","44,360.00","45,500.00","46,055.00","41,908.75",0,"21,998","15,888.00","18,208.05","21,048.60","21,496.11"
2019-05-27,"45,000","45,000","43,750","44,550","44,330.00","44,385.00","45,335.00","46,101.67","41,971.67",0,"13,286","15,255.20","18,078.95","20,931.37","21,508.39"
2019-05-28,"44,150","45,000","43,250","43,250","44,190.00","44,215.00","45,190.00","46,131.67","42,007.92",0,"22,848","17,469.60","18,349.05","20,792.60","21,249.38"
2019-05-29,"43,450","43,850","41,000","41,650","43,810.00","44,000.00","44,910.00","46,105.00","42,031.25",0,"47,152","24,283.80","20,139.80","20,747.72","21,466.09"
2019-05-30,"41,600","42,800","41,400","42,250","43,350.00","43,710.00","44,635.00","46,105.00","42,064.17",0,"15,445","24,145.80","19,614.25","20,333.07","21,282.14"
2019-05-31,"42,300","42,450","40,900","41,650","42,670.00","43,465.00","44,360.00","46,094.17","42,092.92",0,"51,895","30,125.20","21,421.50","20,794.85","21,537.63"
2019-06-03,"41,150","42,450","40,750","42,250","42,210.00","43,270.00","44,107.50","46,096.67","42,132.50",0,"28,075","33,083.00","21,846.15","20,759.83","21,609.96"
2019-06-04,"42,200","43,350","42,150","42,750","42,110.00","43,150.00","43,967.50","46,102.50","42,178.75",0,"16,096","31,732.60","21,709.85","20,779.80","21,620.17"
2019-06-05,"42,300","42,900","41,900","42,050","42,190.00","43,000.00","43,730.00","46,089.17","42,221.25",0,"12,727","24,847.60","21,401.75","20,599.05","21,572.32"
2019-06-07,"42,050","42,600","41,700","41,850","42,110.00","42,730.00","43,557.50","46,039.17","42,266.25",0,"12,542","24,267.00","20,662.35","20,124.33","21,559.32"
2019-06-10,"42,500","42,700","41,900","42,450","42,270.00","42,470.00","43,415.00","46,000.00","42,315.42",0,"7,055","15,299.00","20,134.25","19,833.57","21,524.06"
2019-06-11,"42,450","43,550","42,100","43,050","42,430.00","42,320.00","43,352.50","45,957.50","42,368.75",0,"13,819","12,447.80","20,152.65","19,480.08","21,522.53"
2019-06-12,"43,050","43,550","42,800","42,850","42,450.00","42,280.00","43,247.50","45,910.00","42,412.08",0,"16,334","12,495.40","20,303.20","19,364.27","21,493.68"
2019-06-13,"42,850","43,000","41,500","42,850","42,610.00","42,400.00","43,200.00","45,855.00","42,441.67",0,"38,648","17,679.60","20,929.80","19,756.88","21,455.90"
2019-06-14,"41,850","42,300","40,700","41,350","42,510.00","42,310.00","43,010.00","45,762.50","42,471.67",0,"32,543","21,679.80","21,008.50","19,956.88","21,586.17"
2019-06-17,"40,950","41,750","40,850","41,550","42,330.00","42,300.00","42,882.50","45,663.33","42,499.17",0,"10,087","22,286.20","20,899.60","19,775.83","21,494.17"
2019-06-18,"41,550","42,250","41,450","41,900","42,100.00","42,265.00","42,767.50","45,580.00","42,535.42",0,"12,874","22,097.20","20,720.80","19,631.98","21,452.71"
2019-06-19,"41,800","43,000","41,800","42,250","41,980.00","42,215.00","42,682.50","45,497.50","42,567.92",67,"9,747","20,779.80","20,619.35","19,458.60","21,415.15"
2019-06-20,"42,900","43,000","42,050","42,400","41,890.00","42,250.00","42,625.00","45,430.83","42,603.33",0,"11,706","15,391.40","20,550.60","19,340.38","21,395.68"
2019-06-21,"42,100","42,700","41,750","42,250","42,070.00","42,290.00","42,510.00","45,364.17","42,640.42",0,"11,668","11,216.40","20,327.25","19,351.07","21,376.27"
2019-06-24,"42,400","42,900","41,650","42,450","42,250.00","42,290.00","42,380.00","45,301.67","42,682.08",0,"13,183","11,835.60","19,886.50","19,401.58","21,421.92"
2019-06-25,"43,000","43,000","41,900","41,900","42,250.00","42,175.00","42,247.50","45,243.33","42,722.08",39,"8,928","11,046.40","19,668.60","19,299.47","21,378.66"
2019-06-26,"41,800","42,400","41,450","41,450","42,090.00","42,035.00","42,157.50","45,164.17","42,764.58",40,"23,187","13,734.40","19,685.55","19,338.97","21,432.13"
2019-06-27,"41,450","42,800","41,200","42,450","42,100.00","41,995.00","42,197.50","45,088.33","42,818.75",0,"11,737","13,740.60","17,914.80","19,330.35","21,436.99"
2019-06-28,"42,350","44,000","42,200","42,750","42,200.00","42,135.00","42,222.50","45,023.33","42,879.17",29,"25,227","16,452.40","18,403.90","19,535.93","21,581.53"
2019-07-01,"44,150","44,150","41,900","42,000","42,110.00","42,180.00","42,240.00","44,933.33","42,932.92",39,"13,046","16,425.00","16,461.45","19,477.53","21,606.46"
2019-07-02,"42,000","42,550","41,400","42,050","42,140.00","42,195.00","42,230.00","44,835.83","42,986.67",54,"13,840","17,407.40","15,749.70","19,339.93","21,601.86"
2019-07-03,"42,350","43,250","41,200","41,500","42,150.00","42,120.00","42,167.50","44,730.83","43,032.08",0,"17,154","16,200.80","15,802.60","19,485.40","21,652.53"
2019-07-04,"42,050","42,250","41,350","41,850","42,030.00","42,065.00","42,157.50","44,639.17","43,077.08",0,"10,039","15,861.20","15,668.20","19,259.22","21,667.22"
2019-07-05,"42,350","44,500","41,750","44,250","42,330.00","42,265.00","42,277.50","44,579.17","43,138.75",0,"33,112","17,438.20","16,696.70","19,301.40","21,813.34"
2019-07-08,"44,250","44,550","43,450","43,450","42,620.00","42,365.00","42,327.50","44,475.00","43,196.67",0,"13,627","17,554.40","17,025.30","19,023.48","21,791.92"
2019-07-09,"42,650","44,300","42,600","43,600","42,930.00","42,535.00","42,355.00","44,368.33","43,257.50",0,"20,254","18,837.20","17,347.05","18,782.40","21,837.15"
2019-07-10,"42,800","44,800","42,300","42,600","43,150.00","42,650.00","42,342.50","44,246.67","43,316.67",0,"19,860","19,378.40","17,523.35","18,590.42","21,843.32"
2019-07-11,"42,300","44,200","42,300","43,300","43,440.00","42,735.00","42,365.00","44,140.00","43,383.75",0,"16,036","20,577.80","16,392.75","18,459.22","21,789.92"
2019-07-12,"42,850","45,250","42,750","45,250","43,640.00","42,985.00","42,560.00","44,064.17","43,467.50",18,"28,837","19,722.80","16,207.45","18,676.03","21,878.03"
2019-07-15,"45,400","45,500","44,100","44,550","43,860.00","43,240.00","42,710.00","43,975.83","43,536.25",0,"12,070","19,411.40","16,306.60","18,644.15","21,802.33"
2019-07-16,"44,200","44,750","43,500","43,750","43,890.00","43,410.00","42,802.50","43,897.50","43,590.83",0,"11,065","17,573.60","16,216.15","18,445.72","21,806.36"
2019-07-17,"44,100","44,350","43,100","43,350","44,040.00","43,595.00","42,857.50","43,825.83","43,642.08",0,"12,405","16,082.60","16,349.05","18,449.52","21,817.01"
2019-07-18,"42,950","43,800","42,500","43,500","44,080.00","43,760.00","42,912.50","43,773.33","43,699.58",0,"12,779","15,431.20","16,402.70","18,395.78","21,854.75"
2019-07-19,"43,150","44,600","43,150","44,250","43,880.00","43,760.00","43,012.50","43,722.50","43,756.25",0,"14,075","12,478.80","16,523.05","18,337.08","21,786.85"
2019-07-22,"43,950","44,400","42,750","43,700","43,710.00","43,785.00","43,075.00","43,651.67","43,812.50",0,"12,574","12,579.60","16,492.60","18,195.72","21,766.91"
2019-07-23,"44,000","44,050","42,800","43,400","43,640.00","43,765.00","43,150.00","43,577.50","43,861.67",0,"10,696","12,505.80","16,581.00","18,109.52","21,712.82"
2019-07-24,"43,100","43,750","43,100","43,300","43,630.00","43,835.00","43,242.50","43,530.00","43,911.25",0,"7,203","11,465.40","15,781.80","17,938.80","21,654.38"
2019-07-25,"43,350","43,400","41,350","41,500","43,230.00","43,655.00","43,195.00","43,434.17","43,945.83",39,"20,809","13,071.40","16,235.40","18,096.67","21,698.01"
2019-07-26,"40,600","42,100","40,600","41,800","42,740.00","43,310.00","43,147.50","43,335.00","43,982.50",9,"9,712","12,198.80","15,459.65","17,825.93","21,645.46"
2019-07-29,"41,950","42,050","41,100","41,750","42,350.00","43,030.00","43,135.00","43,245.00","44,017.92",0,"12,437","12,171.40","15,429.20","17,770.72","21,592.92"
2019-07-30,"42,600","42,600","41,250","41,650","42,000.00","42,820.00","43,115.00","43,150.83","44,045.00",0,"9,588","11,949.80","15,216.60","17,604.15","21,299.53"
2019-07-31,"41,250","42,300","40,200","40,500","41,440.00","42,535.00","43,065.00","43,066.67","44,063.75",0,"19,235","14,356.20","15,320.65","17,611.03","21,199.46"
2019-08-01,"40,500","40,500","39,250","39,500","41,040.00","42,135.00","42,947.50","42,945.00","44,070.83",0,"15,437","13,281.80","15,590.55","17,553.50","20,999.67"
2019-08-02,"39,000","39,600","38,250","39,500","40,580.00","41,660.00","42,710.00","42,848.33","44,084.17",0,"25,899","16,519.20","15,229.90","17,529.65","20,974.21"
2019-08-05,"40,950","40,950","38,050","38,300","39,890.00","41,120.00","42,452.50","42,731.67","44,082.92",2,"23,812","18,794.20","15,739.15","17,632.90","20,820.87"
2019-08-06,"38,250","38,850","37,300","38,150","39,190.00","40,595.00","42,180.00","42,629.17","44,075.83",0,"24,917","21,860.00","15,972.30","17,824.00","20,749.44"
2019-08-07,"38,100","38,300","37,500","38,150","38,720.00","40,080.00","41,957.50","42,515.83","44,062.08",0,"13,812","20,775.40","15,669.90","17,832.15","20,547.34"
2019-08-08,"38,550","38,700","37,850","38,400","38,500.00","39,770.00","41,712.50","42,425.83","44,056.67",0,"20,300","21,748.00","15,883.10","17,735.22","20,580.05"
2019-08-09,"38,100","38,550","38,000","38,400","38,280.00","39,430.00","41,370.00","42,313.33","44,050.00",0,"11,816","18,931.40","15,032.05","17,416.00","20,511.34"
2019-08-12,"37,800","38,650","37,800","38,400","38,300.00","39,095.00","41,062.50","42,218.33","44,038.33",0,"12,014","16,571.80","15,029.25","17,411.82","20,262.47"
2019-08-13,"37,850","38,800","37,850","38,250","38,320.00","38,755.00","40,787.50","42,119.17","44,018.75",0,"14,731","14,534.60","15,212.55","17,383.17","20,017.93"
2019-08-14,"38,300","38,850","37,900","38,250","38,340.00","38,530.00","40,532.50","42,024.17","43,990.83",0,"14,623","14,696.80","15,323.45","17,430.62","19,706.44"
2019-08-16,"38,000","38,150","36,850","37,300","38,120.00","38,310.00","40,222.50","41,920.00","43,944.17",0,"27,142","16,065.20","16,041.60","17,664.97","19,463.32"
2019-08-19,"37,300","37,800","37,150","37,800","38,000.00","38,140.00","39,900.00","41,807.50","43,907.92",8,"13,918","16,485.60","16,033.75","17,628.02","19,301.50"
2019-08-20,"37,550","38,550","37,500","37,950","37,910.00","38,105.00","39,612.50","41,689.17","43,872.08",0,"18,614","17,805.60","16,335.75","17,571.62","19,310.11"
2019-08-21,"38,000","38,500","37,750","38,500","37,960.00","38,140.00","39,367.50","41,588.33","43,845.00",0,"13,022","17,463.80","16,452.05","17,567.22","19,249.29"
2019-08-22,"38,100","38,500","38,100","38,150","37,940.00","38,140.00","39,110.00","41,503.33","43,817.50",0,"10,861","16,711.40","16,634.95","17,367.43","19,080.02"
2019-08-23,"38,200","38,550","38,000","38,300","38,140.00","38,130.00","38,950.00","41,447.50","43,776.25",0,"8,174","12,917.80","16,003.20","16,717.80","18,732.76"
2019-08-26,"38,300","38,350","37,550","38,050","38,190.00","38,095.00","38,762.50","41,377.50","43,741.25",0,"12,802","12,694.60","16,157.70","16,673.75","18,503.41"
2019-08-27,"37,700","38,500","37,700","37,750","38,150.00","38,030.00","38,562.50","41,312.50","43,703.33",0,"17,210","12,413.80","16,396.35","16,095.67","18,445.26"
2019-08-28,"37,800","38,200","37,500","38,050","38,060.00","38,010.00","38,382.50","41,242.50","43,669.58",0,"10,367","11,882.80","16,435.30","15,800.53","18,280.18"
2019-08-29,"37,850","38,350","37,700","38,350","38,100.00","38,020.00","38,275.00","41,169.17","43,635.83",0,"7,846","11,279.80","15,865.85","15,663.03","18,221.42"
2019-08-30,"38,350","38,750","38,050","38,350","38,110.00","38,125.00","38,217.50","41,107.50","43,598.33",0,"8,736","11,392.20","15,530.80","15,596.52","18,097.78"
2019-09-02,"37,950","38,750","37,900","38,500","38,200.00","38,195.00","38,167.50","41,051.67","43,545.42",30,"7,932","10,418.20","14,632.45","15,519.68","17,822.01"
2019-09-03,"38,300","38,750","38,200","38,500","38,350.00","38,250.00","38,177.50","40,985.83","43,492.92",30,"10,412","9,058.60","13,962.45","15,575.63","17,704.60"
2019-09-04,"38,250","39,000","38,150","39,000","38,540.00","38,300.00","38,220.00","40,918.33","43,437.92",0,"13,404","9,666.00","13,386.80","15,568.72","17,524.40"
2019-09-05,"38,750","39,050","38,450","38,700","38,610.00","38,355.00","38,247.50","40,849.17","43,379.58",37,"19,063","11,909.40","13,649.35","15,614.20","17,489.23"
2019-09-06,"38,750","38,950","38,300","38,400","38,620.00","38,365.00","38,247.50","40,775.00","43,315.00",38,"10,761","12,314.40","13,172.40","15,149.42","17,453.15"
2019-09-09,"38,400","39,000","38,400","39,000","38,720.00","38,460.00","38,277.50","40,735.83","43,249.17",0,"11,564","13,040.80","13,159.80","14,799.77","17,378.33"
2019-09-10,"38,450","40,200","38,450","40,100","39,040.00","38,695.00","38,362.50","40,711.67","43,187.50",18,"19,640","14,886.40","13,541.10","14,958.98","17,367.41"
2019-09-11,"40,100","40,950","39,450","40,950","39,430.00","38,985.00","38,497.50","40,695.83","43,137.92",0,"35,087","19,223.00","14,558.90","15,329.20","17,480.59"
2019-09-16,"41,000","42,400","40,300","42,400","40,170.00","39,390.00","38,705.00","40,698.33","43,097.92",0,"21,284","19,667.20","14,891.95","15,521.48","17,490.04"
2019-09-17,"41,800","41,800","41,100","41,350","40,760.00","39,690.00","38,907.50","40,680.83","43,055.83",37,"11,891","19,893.20","14,129.40","15,524.57","17,432.47"
2019-09-18,"41,000","41,350","40,700","40,750","41,110.00","39,915.00","39,055.00","40,655.83","43,010.00",38,"7,024","18,985.20","13,784.70","15,447.17","17,399.12"
2019-09-19,"40,700","41,200","40,100","40,600","41,210.00","40,125.00","39,187.50","40,625.00","42,963.33",0,"12,097","17,476.60","13,458.85","15,429.07","17,415.33"
2019-09-20,"40,500","41,350","40,250","41,350","41,290.00","40,360.00","39,330.00","40,615.83","42,929.58",0,"9,161","12,291.40","13,265.80","15,432.95","17,366.21"
2019-09-23,"41,350","41,400","40,600","41,250","41,060.00","40,615.00","39,485.00","40,612.50","42,888.33",0,"8,291","9,692.80","13,137.30","15,184.68","17,261.83"
2019-09-24,"41,300","41,450","40,800","41,250","41,040.00","40,900.00","39,632.50","40,592.50","42,840.42",0,"8,832","9,081.00","13,170.20","15,136.27","17,233.31"
2019-09-25,"41,250","41,500","40,850","40,950","41,080.00","41,095.00","39,777.50","40,562.50","42,792.92",0,"10,449","9,766.00","13,052.55","14,889.97","17,212.95"
2019-09-26,"40,950","41,250","39,900","40,200","41,000.00","41,105.00","39,900.00","40,532.50","42,732.92",42,"8,335","9,013.60","12,608.80","14,811.45","17,144.49"
2019-09-27,"41,050","41,100","39,300","39,750","40,680.00","40,985.00","39,985.00","40,494.17","42,665.00",0,"5,643","8,310.00","12,372.60","14,674.83","17,007.38"
2019-09-30,"40,400","40,400","39,000","39,200","40,270.00","40,665.00","40,027.50","40,455.83","42,593.33",0,"7,751","8,202.00","12,367.85","14,518.12","17,001.76"
2019-10-01,"38,850","39,850","38,850","39,750","39,970.00","40,505.00","40,097.50","40,420.83","42,530.00",9,"7,494","7,934.40","12,305.75","14,475.70","16,867.46"
2019-10-02,"39,150","39,350","38,450","38,600","39,500.00","40,290.00","40,102.50","40,326.67","42,452.92",0,"10,564","7,957.40","12,437.35","14,099.90","16,700.65"
2019-10-04,"38,300","38,850","38,050","38,350","39,130.00","40,065.00","40,095.00","40,241.67","42,358.33",0,"8,432","7,976.80","12,338.35","14,013.32","16,518.40"
2019-10-07,"38,350","38,800","37,800","38,500","38,880.00","39,780.00","40,070.00","40,156.67","42,262.50",0,"8,184","8,485.00","12,077.35","13,812.15","16,297.28"
2019-10-08,"38,850","39,000","38,300","38,650","38,770.00","39,520.00","40,067.50","40,090.83","42,168.75",0,"10,350","9,004.80","11,641.70","13,653.65","16,122.03"
2019-10-10,"38,250","38,400","37,550","37,650","38,350.00","39,160.00","40,030.00","39,996.67","42,068.33",0,"17,878","11,081.60","11,997.55","13,684.35","16,071.78"
2019-10-11,"38,150","38,150","37,450","37,500","38,130.00","38,815.00","39,955.00","39,867.50","41,965.83",0,"9,678","10,904.40","11,903.25","13,365.03","16,020.53"
2019-10-14,"37,500","38,000","37,500","37,600","37,980.00","38,555.00","39,830.00","39,751.67","41,863.75",0,"7,038","10,625.60","11,273.15","13,281.17","15,962.66"
2019-10-15,"37,700","39,800","37,000","38,650","38,010.00","38,445.00","39,715.00","39,666.67","41,782.08",0,"24,658","13,920.40","10,751.70","13,507.72","15,976.72"
2019-10-16,"38,700","40,700","38,450","40,600","38,400.00","38,585.00","39,625.00","39,620.83","41,723.33",0,"20,051","15,860.60","10,690.05","13,635.15","16,042.33"
2019-10-17,"40,400","41,000","40,150","40,150","38,900.00","38,625.00","39,565.00","39,565.00","41,669.17",37,"10,278","14,340.60","10,609.40","13,593.47","15,994.63"
2019-10-18,"41,000","41,000","40,050","40,250","39,450.00","38,790.00","39,540.00","39,498.33","41,610.42",30,"11,638","14,732.60","10,840.10","13,552.85","15,944.97"
2019-10-21,"40,250","41,200","40,200","40,550","40,040.00","39,010.00","39,537.50","39,445.83","41,548.75",0,"8,915","15,108.00","10,681.00","13,491.87","15,843.79"
2019-10-22,"40,500","41,100","40,300","40,450","40,400.00","39,205.00","39,492.50","39,396.67","41,487.08",0,"9,212","12,018.80","10,683.55","13,467.13","15,788.33"
2019-10-23,"40,250","40,550","39,500","39,550","40,190.00","39,295.00","39,407.50","39,334.17","41,432.08",0,"8,016","9,611.80","10,669.80","13,480.68","15,709.74"
2019-10-24,"39,450","40,000","38,550","39,750","40,110.00","39,505.00","39,332.50","39,305.00","41,369.58",0,"11,788","9,913.80","10,817.60","13,330.33","15,713.50"
2019-10-25,"38,850","39,950","38,850","39,700","40,000.00","39,725.00","39,270.00","39,270.00","41,302.50",0,"5,539","8,694.00","10,572.10","13,260.78","15,543.36"
2019-10-28,"40,350","40,650","39,300","39,650","39,820.00","39,930.00","39,242.50","39,235.00","41,240.00",0,"7,675","8,446.00","10,539.10","13,181.42","15,476.07"
2019-10-29,"39,650","40,400","38,450","38,450","39,420.00","39,910.00","39,177.50","39,181.67","41,166.25",0,"11,234","8,850.40","10,818.65","13,208.85","15,406.50"
2019-10-30,"38,400","38,800","38,300","38,400","39,190.00","39,690.00","39,137.50","39,146.67","41,106.67",0,"8,952","9,037.60","10,878.70","13,037.47","15,324.25"
2019-10-31,"38,400","38,550","37,950","38,100","38,860.00","39,485.00","39,055.00","39,123.33","41,034.17",0,"19,205","10,521.00","11,464.25","13,100.27","15,326.88"
2019-11-01,"37,800","38,500","37,550","37,950","38,510.00","39,255.00","39,022.50","39,097.50","40,972.92",0,"8,406","11,094.40","11,356.35","12,808.72","15,169.18"
2019-11-04,"38,850","39,100","38,050","38,850","38,350.00","39,085.00","39,047.50","39,106.67","40,919.17",0,"9,606","11,480.60","11,415.05","12,571.95","15,102.42"
2019-11-05,"38,750","38,900","38,250","38,400","38,340.00","38,880.00","39,042.50","39,110.83","40,870.00",0,"8,753","10,984.40","11,443.50","12,302.55","15,063.28"
2019-11-06,"38,100","38,700","38,050","38,250","38,310.00","38,750.00","39,022.50","39,112.50","40,814.17",0,"12,695","11,733.00","11,560.75","12,283.93","15,058.04"
2019-11-07,"38,050","38,850","38,050","38,750","38,440.00","38,650.00","39,077.50","39,118.33","40,772.08",70,"8,330","9,558.00","11,083.35","12,084.43","14,909.83"
2019-11-08,"38,600","39,000","38,400","38,700","38,590.00","38,550.00","39,137.50","39,123.33","40,718.33",0,"12,477","10,372.20","11,223.30","12,095.45","14,755.73"
2019-11-11,"38,600","38,950","38,000","38,300","38,480.00","38,415.00","39,172.50","39,121.67","40,670.00",0,"12,850","11,021.00","11,513.90","12,109.38","14,760.60"
2019-11-12,"38,800","38,800","38,200","38,550","38,510.00","38,425.00","39,167.50","39,126.67","40,622.92",0,"11,175","11,505.40","10,839.75","12,050.12","14,716.64"
2019-11-13,"38,450","40,650","38,300","40,300","38,920.00","38,615.00","39,152.50","39,160.83","40,592.50",60,"26,369","14,240.20","11,155.65","12,245.88","14,838.25"
2019-11-14,"40,350","41,250","40,000","41,200","39,410.00","38,925.00","39,205.00","39,225.83","40,572.92",61,"19,744","16,523.00","11,628.95","12,122.58","14,893.78"
2019-11-15,"40,650","41,750","40,650","41,050","39,880.00","39,235.00","39,245.00","39,280.00","40,543.75",0,"23,408","18,709.20","12,217.45","12,280.75","14,954.38"
2019-11-18,"41,050","41,500","39,800","40,100","40,240.00","39,360.00","39,222.50","39,315.83","40,502.50",0,"12,393","18,617.80","12,391.35","12,177.07","14,874.34"
2019-11-19,"39,850","39,850","38,800","38,900","40,310.00","39,410.00","39,145.00","39,322.50","40,455.42",0,"16,455","19,673.80","12,753.50","12,234.28","14,900.75"
2019-11-20,"38,800","38,800","37,800","38,000","39,850.00","39,385.00","39,067.50","39,320.00","40,411.67",0,"27,748","19,949.60","13,740.10","12,515.73","14,941.58"
2019-11-21,"38,100","38,100","37,700","38,000","39,210.00","39,310.00","38,980.00","39,315.00","40,381.25",0,"16,845","19,369.80","13,992.95","12,660.25","14,689.03"
2019-11-22,"38,000","38,100","37,750","38,000","38,600.00","39,240.00","38,895.00","39,314.17","40,345.83",0,"9,556","16,599.40","14,193.80","12,606.15","14,639.95"
2019-11-25,"38,000","38,400","37,950","38,200","38,220.00","39,230.00","38,822.50","39,321.67","40,317.08",0,"13,524","16,825.60","14,486.25","12,544.72","14,320.19"
2019-11-26,"38,200","38,350","37,900","37,950","38,030.00","39,170.00","38,797.50","39,320.00","40,281.25",0,"24,390","18,412.60","15,144.05","12,778.43","14,289.48"
2019-11-27,"38,250","38,250","37,750","37,900","38,010.00","38,930.00","38,772.50","39,312.50","40,240.83",0,"15,248","15,912.60","15,458.85","12,901.80","14,282.42"
2019-11-28,"37,500","37,950","37,400","37,650","37,940.00","38,575.00","38,750.00","39,300.83","40,204.17",0,"12,882","15,120.00","15,142.70","12,970.90","14,283.71"
2019-11-29,"37,750","37,750","37,050","37,450","37,830.00","38,215.00","38,725.00","39,283.33","40,167.50",0,"26,381","18,485.00","16,041.45","13,278.38","14,399.03"
2019-12-02,"37,900","37,900","37,300","37,500","37,690.00","37,955.00","38,657.50","39,266.67","40,126.25",0,"6,974","17,175.00","15,909.85","13,221.08","14,398.36"
2019-12-03,"37,500","37,550","36,550","37,500","37,600.00","37,815.00","38,612.50","39,241.67","40,080.00",46,"10,126","14,322.20","15,978.50","13,166.45","14,367.58"
2019-12-04,"36,900","37,600","36,800","37,500","37,520.00","37,765.00","38,575.00","39,221.67","40,035.42",0,"10,957","13,464.00","15,891.60","13,031.35","14,322.78"
2019-12-05,"37,100","37,700","36,750","37,200","37,430.00","37,685.00","38,497.50","39,201.67","39,988.33",0,"15,199","13,927.40","16,235.05","13,105.32","14,127.37"
2019-12-06,"37,150","37,500","37,000","37,000","37,340.00","37,585.00","38,412.50","39,168.33","39,952.08",0,"10,178","10,686.80","16,120.10","13,082.22","13,940.99"
2019-12-09,"37,000","37,200","36,050","36,100","37,060.00","37,375.00","38,302.50","39,101.67","39,906.67",0,"22,484","13,788.80","16,601.80","13,129.62","14,044.30"
2019-12-10,"36,250","36,950","36,100","36,700","36,900.00","37,250.00","38,210.00","39,030.83","39,863.33",58,"13,887","14,541.00","16,737.40","12,776.28","14,052.74"
2019-12-11,"36,350","36,750","36,300","36,500","36,700.00","37,110.00","38,020.00","38,932.50","39,815.42",0,"15,348","15,419.20","16,186.35","12,677.35","14,099.42"
2019-12-12,"36,650","36,750","36,350","36,400","36,540.00","36,985.00","37,780.00","38,850.00","39,765.42",0,"34,624","19,304.20","16,930.35","13,056.23","14,290.40"
2019-12-13,"36,400","36,850","36,250","36,250","36,390.00","36,865.00","37,540.00","38,775.00","39,715.42",0,"36,970","24,662.60","17,608.45","13,555.33","14,501.25"
2019-12-16,"36,250","36,750","35,850","35,850","36,340.00","36,700.00","37,327.50","38,695.83","39,660.42",0,"25,761","25,318.00","18,276.85","13,783.07","14,606.07"
2019-12-17,"35,800","35,950","35,400","35,450","36,090.00","36,495.00","37,155.00","38,597.50","39,606.67",0,"25,056","27,551.80","18,706.90","14,047.98","14,740.47"
2019-12-18,"35,350","35,650","35,050","35,550","35,900.00","36,300.00","37,032.50","38,502.50","39,557.50",0,"22,140","28,910.20","18,426.50","14,278.80","14,731.74"
2019-12-19,"35,600","35,850","35,350","35,700","35,760.00","36,150.00","36,917.50","38,410.00","39,501.25",0,"18,788","25,743.00","18,523.65","14,444.73","14,790.50"
2019-12-20,"35,900","36,550","35,800","36,300","35,770.00","36,080.00","36,832.50","38,332.50","39,447.50",0,"10,537","20,456.40","18,572.70","14,446.20","14,668.08"
2019-12-23,"36,500","36,750","36,300","36,450","35,890.00","36,115.00","36,745.00","38,270.00","39,401.25",0,"9,933","17,290.80","18,393.15","14,472.83","14,642.14"
2019-12-24,"36,150","37,150","36,150","37,000","36,200.00","36,145.00","36,697.50","38,224.17","39,359.17",60,"11,023","14,484.20","17,724.80","14,562.50","14,618.67"
2019-12-26,"37,000","37,550","36,750","37,450","36,580.00","36,240.00","36,675.00","38,195.00","39,325.42",61,"12,218","12,499.80","17,573.30","14,636.95","14,577.53"
2019-12-27,"36,500","37,650","36,500","36,950","36,830.00","36,295.00","36,640.00","38,148.33","39,284.58",0,"13,491","11,440.40","17,603.75","14,736.90","14,606.30"
2019-12-30,"37,600","37,600","36,700","37,300","37,030.00","36,400.00","36,632.50","38,126.67","39,226.67",0,"9,057","11,144.40","16,737.55","14,711.78","14,405.84"
2020-01-02,"37,250","37,500","36,550","36,650","37,070.00","36,480.00","36,590.00","38,098.33","39,170.00",0,"11,970","11,551.80","16,987.35","14,770.75","14,392.03"
2020-01-03,"36,650","37,100","36,400","36,500","36,970.00","36,585.00","36,540.00","38,065.00","39,110.83",23,"19,223","13,191.80","17,442.20","14,954.73","14,383.44"
2020-01-06,"36,350","36,650","35,350","36,000","36,680.00","36,630.00","36,465.00","38,020.83","39,055.83",0,"13,268","13,401.80","17,557.75","15,003.37","14,328.51"
2020-01-07,"36,050","36,750","36,000","36,000","36,490.00","36,660.00","36,405.00","37,993.33","38,995.00",0,"11,646","13,032.80","17,380.10","14,899.50","14,291.92"
2020-01-08,"35,600","35,750","34,650","34,900","36,010.00","36,520.00","36,300.00","37,950.00","38,908.75",0,"19,601","15,141.60","17,851.25","15,064.88","14,214.96"
2020-01-09,"35,000","35,700","34,800","35,700","35,820.00","36,445.00","36,280.00","37,918.33","38,835.00",8,"18,654","16,478.40","17,659.75","15,258.48","14,269.83"
2020-01-10,"35,300","35,750","35,050","35,450","35,610.00","36,290.00","36,217.50","37,865.00","38,765.83",0,"16,764","15,986.60","17,803.60","15,126.92","14,317.32"
2020-01-13,"35,300","36,000","35,250","35,850","35,580.00","36,130.00","36,185.00","37,785.83","38,703.33",0,"12,250","15,783.00","17,648.70","14,996.90","14,316.03"
2020-01-14,"35,750","36,200","35,600","35,800","35,540.00","36,015.00","36,155.00","37,713.33","38,639.17",0,"13,478","16,149.40","16,591.40","15,050.23","14,321.85"
2020-01-15,"35,700","36,150","35,400","35,900","35,740.00","35,875.00","36,137.50","37,640.83","38,569.58",0,"8,590","13,947.20","15,172.40","14,999.43","14,276.14"
2020-01-16,"35,900","36,100","35,550","35,650","35,730.00","35,775.00","36,127.50","37,559.17","38,502.50",0,"8,379","11,892.20","14,303.30","14,990.50","14,241.18"
2020-01-17,"35,550","35,850","35,350","35,350","35,710.00","35,660.00","36,122.50","37,474.17","38,435.42",0,"14,124","11,364.20","13,756.70","15,072.37","14,269.75"
2020-01-20,"35,300","35,600","35,200","35,250","35,590.00","35,585.00","36,107.50","37,402.50","38,368.33",0,"13,688","11,651.80","13,334.10","15,166.90","14,323.79"
2020-01-21,"35,150","35,700","34,950","35,400","35,510.00","35,525.00","36,092.50","37,330.00","38,317.50",0,"11,956","11,347.40","12,992.50","15,169.70","14,250.02"
2020-01-22,"35,750","35,750","34,950","35,450","35,420.00","35,580.00","36,050.00","37,259.17","38,264.58",70,"14,744","12,578.20","13,202.85","15,323.12","14,291.95"
2020-01-23,"35,150","35,450","35,000","35,250","35,340.00","35,535.00","35,990.00","37,185.83","38,210.42",0,"15,949","14,092.20","13,503.65","15,461.02","14,321.22"
2020-01-28,"34,850","35,100","34,000","34,100","35,090.00","35,400.00","35,845.00","37,113.33","38,147.50",0,"25,872","16,441.80","14,246.10","15,704.98","14,456.92"
2020-01-29,"34,100","34,600","33,500","34,350","34,910.00","35,250.00","35,690.00","37,045.83","38,096.25",0,"22,484","18,201.00","14,759.40","15,930.52","14,483.99"
2020-01-30,"34,350","34,500","33,550","33,650","34,560.00","35,035.00","35,525.00","36,971.67","38,047.50",0,"14,826","18,775.00","14,826.15","15,857.53","14,478.90"
2020-01-31,"33,500","34,150","33,500","33,500","34,170.00","34,795.00","35,335.00","36,897.50","37,997.50",0,"13,736","18,573.40","15,060.10","15,946.37","14,377.54"
2020-02-03,"33,350","33,800","32,650","32,650","33,650.00","34,495.00","35,135.00","36,794.17","37,950.42",0,"17,463","18,876.20","15,334.75","16,077.32","14,324.63"
2020-02-04,"32,550","32,900","32,250","32,500","33,330.00","34,210.00","34,935.00","36,695.83","37,903.33",0,"28,778","19,457.40","15,812.50","16,411.07","14,356.81"
2020-02-05,"33,750","33,750","32,100","32,250","32,910.00","33,910.00","34,747.50","36,595.83","37,854.17",2,"44,275","23,815.60","17,362.85","16,937.40","14,610.67"
2020-02-06,"32,600","34,050","32,600","33,800","32,940.00","33,750.00","34,637.50","36,513.33","37,815.83",0,"23,977","25,645.80","17,979.40","17,198.18","14,641.31"
2020-02-07,"34,000","34,350","33,350","33,800","33,000.00","33,585.00","34,582.50","36,431.67","37,777.50",0,"17,688","26,436.20","17,883.75","17,285.03","14,690.24"
2020-02-10,"33,600","34,000","33,100","33,950","33,260.00","33,455.00","34,495.00","36,359.17","37,740.42",0,"11,971","25,337.80","17,549.60","17,270.38","14,689.88"
2020-02-11,"34,050","34,900","34,000","34,600","33,680.00","33,505.00","34,452.50","36,293.33","37,710.00",0,"21,743","23,930.80","17,798.55","17,446.52","14,748.32"
2020-02-12,"34,300","34,950","34,200","34,700","34,170.00","33,540.00","34,395.00","36,200.00","37,680.42",0,"13,897","17,855.20","17,880.90","17,238.65","14,742.27"
2020-02-13,"34,700","35,000","34,350","34,500","34,310.00","33,625.00","34,330.00","36,088.33","37,657.08",0,"19,106","16,881.00","18,162.30","17,228.02","14,675.30"
2020-02-14,"34,450","34,750","34,050","34,300","34,410.00","33,705.00","34,250.00","35,975.83","37,627.92",0,"16,216","16,586.60","18,543.60","17,108.15","14,694.45"
2020-02-17,"34,300","35,450","34,000","35,400","34,700.00","33,980.00","34,237.50","35,897.50","37,606.67",0,"26,225","19,437.40","19,435.90","17,338.68","14,757.88"
2020-02-18,"35,400","35,400","34,750","34,850","34,750.00","34,215.00","34,212.50","35,830.00","37,576.25",0,"18,757","18,840.20","19,667.55","17,377.05","14,805.67"
2020-02-19,"35,100","35,100","34,050","34,450","34,700.00","34,435.00","34,172.50","35,770.83","37,545.42",0,"14,494","18,959.60","19,707.85","17,156.15","14,835.94"
2020-02-20,"34,100","34,700","33,150","33,150","34,430.00","34,370.00","34,060.00","35,690.00","37,502.50",0,"19,538","19,046.00","20,086.95","17,201.03","14,930.64"
2020-02-21,"32,700","33,650","32,650","33,500","34,270.00","34,340.00","33,962.50","35,615.00","37,464.58",0,"21,671","20,137.00","20,433.30","17,402.95","15,004.55"
2020-02-24,"32,500","33,450","32,350","32,550","33,700.00","34,200.00","33,827.50","35,520.83","37,421.25",0,"29,854","20,862.80","21,128.55","17,675.12","15,109.92"
2020-02-25,"32,950","33,000","32,150","32,650","33,260.00","34,005.00","33,755.00","35,432.50","37,376.25",0,"20,020","21,115.40","20,835.95","17,602.28","15,190.36"
2020-02-26,"32,650","32,850","32,100","32,650","32,900.00","33,800.00","33,670.00","35,345.00","37,328.75",0,"32,988","24,814.20","21,361.15","17,897.95","15,399.88"
2020-02-27,"32,250","32,750","32,000","32,600","32,790.00","33,610.00","33,617.50","35,260.83","37,280.83",0,"24,104","25,727.40","21,825.05","18,084.98","15,527.94"
2020-02-28,"32,550","32,550","31,400","31,750","32,440.00","33,355.00","33,530.00","35,165.83","37,224.58",0,"37,746","28,942.40","23,025.55","18,274.40","15,776.39"
2020-03-02,"32,050","32,350","31,750","32,350","32,400.00","33,050.00","33,515.00","35,080.00","37,173.33",0,"18,009","26,573.40","23,052.85","18,458.32","15,839.70"
2020-03-03,"32,450","32,950","32,200","32,400","32,350.00","32,805.00","33,510.00","34,995.00","37,118.33",0,"23,768","27,323.00","22,802.35","18,685.68","15,926.07"
2020-03-04,"32,300","33,400","32,150","33,200","32,460.00","32,680.00","33,557.50","34,923.33","37,072.50",0,"19,146","24,554.60","21,545.90","18,822.17","15,926.76"
2020-03-05,"32,950","33,350","32,500","32,900","32,520.00","32,655.00","33,512.50","34,851.67","37,026.67",0,"24,522","24,638.20","21,573.15","18,977.55","16,041.43"
2020-03-06,"33,200","33,250","32,050","32,300","32,630.00","32,535.00","33,437.50","34,773.33","36,970.83",0,"20,470","21,183.00","21,712.25","19,149.08","16,115.65"
2020-03-09,"31,950","32,150","31,050","31,950","32,550.00","32,475.00","33,337.50","34,704.17","36,902.92",0,"36,112","24,803.60","22,919.30","19,376.22","16,252.92"
2020-03-10,"32,000","32,050","31,050","31,200","32,310.00","32,330.00","33,167.50","34,612.50","36,821.67",70,"40,837","28,217.40","23,874.00","19,825.38","16,300.83"
2020-03-11,"31,150","31,400","30,750","30,800","31,830.00","32,145.00","32,972.50","34,517.50","36,725.00",0,"31,588","30,705.80","24,758.55","20,096.05","16,386.70"
2020-03-12,"30,450","31,100","28,650","29,200","31,090.00","31,805.00","32,707.50","34,397.50","36,623.75",0,"43,279","34,457.20","25,967.20","20,240.30","16,648.27"
2020-03-13,"26,350","28,150","25,750","27,400","30,110.00","31,370.00","32,362.50","34,250.00","36,512.50",0,"48,732","40,109.60","27,593.00","20,436.33","16,995.83"
2020-03-16,"27,900","28,300","26,150","27,550","29,230.00","30,890.00","31,970.00","34,111.67","36,403.75",0,"34,205","39,728.20","27,992.00","20,577.07","17,180.07"
2020-03-17,"24,400","26,700","24,400","26,650","28,320.00","30,315.00","31,560.00","33,965.00","36,281.25",55,"41,953","39,951.40","29,151.80","20,858.68","17,453.33"
2020-03-18,"26,150","26,800","25,500","25,550","27,270.00","29,550.00","31,115.00","33,798.33","36,150.42",0,"43,595","42,352.80","30,606.85","21,216.27","17,747.53"
2020-03-19,"25,750","26,600","22,500","22,500","25,930.00","28,510.00","30,582.50","33,578.33","35,994.17",0,"72,914","48,279.80","33,275.65","22,118.37","18,281.55"
2020-03-20,"22,300","26,000","22,300","26,000","25,650.00","27,880.00","30,207.50","33,406.67","35,869.58",60,"56,794","49,892.20","35,031.80","22,889.32","18,667.76"
2020-03-23,"23,500","24,350","22,600","23,000","24,740.00","26,985.00","29,730.00","33,182.50","35,726.25",0,"48,915","52,834.20","35,984.85","23,539.02","19,005.92"
2020-03-24,"23,050","24,450","22,700","24,450","24,300.00","26,310.00","29,320.00","32,973.33","35,598.75",0,"40,210","52,485.60","36,994.35","24,025.47","19,293.98"
2020-03-25,"24,500","25,400","24,250","25,150","24,220.00","25,745.00","28,945.00","32,768.33","35,481.67",0,"79,299","59,626.40","39,309.90","25,143.48","19,890.22"
2020-03-26,"24,850","25,250","24,300","24,450","24,610.00","25,270.00","28,537.50","32,560.00","35,354.17",0,"73,396","59,722.80","41,774.50","26,141.90","20,439.40"
2020-03-27,"25,400","25,650","24,600","25,250","24,460.00","25,055.00","28,212.50","32,359.17","35,242.92",0,"46,942","57,752.40","42,234.30","26,773.32","20,742.55"
2020-03-30,"24,800","25,400","24,250","25,300","24,920.00","24,830.00","27,860.00","32,170.00","35,134.17",0,"31,116","54,192.60","42,889.65","27,092.42","20,931.58"
2020-03-31,"25,400","26,250","25,400","26,000","25,230.00","24,765.00","27,540.00","31,995.00","35,030.00",0,"41,253","54,401.20","43,763.90","27,459.58","21,207.16"
2020-04-01,"25,500","26,750","25,400","25,700","25,340.00","24,780.00","27,165.00","31,823.33","34,922.08",70,"73,152","53,171.80","46,464.20","28,457.65","21,730.51"
2020-04-02,"25,450","26,300","24,700","25,750","25,600.00","25,105.00","26,807.50","31,652.50","34,822.92",0,"46,978","47,888.20","47,587.00","29,046.52","21,973.01"
2020-04-03,"25,850","25,900","25,150","25,750","25,700.00","25,080.00","26,480.00","31,500.00","34,725.00",0,"44,002","47,300.20","48,763.60","29,453.20","22,259.04"
2020-04-06,"25,600","27,000","25,600","27,000","26,040.00","25,480.00","26,232.50","31,355.00","34,636.67",60,"53,056","51,688.20","49,610.80","30,026.57","22,642.53"
2020-04-07,"27,350","28,000","27,000","28,000","26,440.00","25,835.00","26,072.50","31,230.83","34,547.92",61,"63,357","56,109.00","50,736.80","30,803.12","22,965.02"
2020-04-08,"27,650","28,200","27,300","27,650","26,830.00","26,085.00","25,915.00","31,094.17","34,440.00",0,"44,708","50,420.20","51,392.80","31,344.08","23,170.49"
2020-04-09,"28,000","28,300","27,800","28,300","27,340.00","26,470.00","25,870.00","30,969.17","34,341.25",0,"45,880","50,200.60","51,522.85","31,884.12","23,467.17"
2020-04-10,"28,300","28,700","27,650","28,500","27,890.00","26,795.00","25,925.00","30,845.83","34,243.33",0,"34,699","48,340.00","50,821.20","32,319.27","23,659.35"
2020-04-13,"28,000","28,450","27,600","27,600","28,010.00","27,025.00","25,927.50","30,711.67","34,135.42",0,"40,722","45,873.20","51,147.05","32,858.32","23,924.41"
2020-04-14,"27,700","28,450","27,600","28,400","28,090.00","27,265.00","26,015.00","30,595.83","34,035.00",30,"27,463","38,694.40","50,422.55","33,080.63","24,076.50"
2020-04-16,"27,850","28,050","27,300","27,600","28,080.00","27,455.00","26,117.50","30,468.33","33,935.42",0,"51,860","40,124.80","50,835.80","33,716.83","24,441.87"
2020-04-17,"27,750","28,700","27,750","28,150","28,050.00","27,695.00","26,400.00","30,347.50","33,838.75",0,"38,313","38,611.40","49,105.75","34,156.12","24,662.91"
2020-04-20,"28,100","28,800","27,900","28,150","27,980.00","27,935.00","26,507.50","30,225.83","33,742.50",0,"42,356","40,142.80","48,383.85","34,616.32","24,969.72"
2020-04-21,"28,400","28,400","26,800","27,350","27,930.00","27,970.00","26,725.00","30,094.17","33,640.00",39,"62,847","44,567.80","49,080.45","35,397.95","25,429.48"
2020-04-22,"26,650","27,100","26,350","27,000","27,650.00","27,870.00","26,852.50","29,975.83","33,544.58",0,"33,642","45,803.60","48,752.05","35,527.45","25,616.22"
2020-04-23,"27,000","28,000","26,950","27,950","27,720.00","27,900.00","26,992.50","29,869.17","33,457.50",18,"32,192","41,870.00","46,396.70","35,689.25","25,809.88"
2020-04-24,"27,850","28,200","27,450","27,650","27,620.00","27,835.00","27,152.50","29,769.17","33,370.42",37,"42,157","42,638.80","44,834.75","36,144.77","26,001.15"
2020-04-27,"27,650","28,850","27,550","28,800","27,750.00","27,865.00","27,330.00","29,690.83","33,294.17",18,"33,804","40,928.40","44,177.85","36,479.23","26,212.80"
2020-04-28,"28,550","28,900","28,200","28,450","27,970.00","27,950.00","27,487.50","29,620.83","33,207.50",37,"40,807","36,520.40","44,662.40","36,868.30","26,472.81"
2020-04-29,"28,500","29,100","28,450","28,900","28,350.00","28,000.00","27,632.50","29,560.83","33,128.33",0,"34,728","36,737.60","44,336.15","36,967.47","26,689.27"
2020-05-04,"28,100","28,100","27,400","27,500","28,260.00","27,990.00","27,722.50","29,481.67","33,038.75",0,"66,798","43,658.80","44,018.45","37,342.85","27,140.13"
2020-05-06,"27,800","28,150","27,500","28,000","28,330.00","27,975.00","27,835.00","29,385.00","32,949.17",0,"51,776","45,582.60","44,258.35","37,806.17","27,502.17"
2020-05-07,"28,000","29,050","27,850","29,000","28,370.00","28,060.00","27,997.50","29,305.00","32,868.33",0,"38,774","46,576.60","43,996.95","38,157.60","27,721.32"
2020-05-08,"29,200","29,700","29,100","29,450","28,570.00","28,270.00","28,120.00","29,230.00","32,794.58",0,"31,149","44,645.00","42,901.60","38,477.23","27,873.81"
2020-05-11,"29,800","30,150","28,650","29,950","28,780.00","28,565.00","28,217.50","29,152.50","32,722.92",0,"52,357","48,170.80","42,351.60","38,987.47","28,216.99"
2020-05-12,"29,950","30,400","28,700","28,900","29,060.00","28,660.00","28,280.00","29,055.83","32,627.92",0,"55,505","45,912.20","42,891.45","39,680.93","28,459.79"
2020-05-13,"28,350","28,950","28,100","28,900","29,240.00","28,785.00","28,310.00","28,962.50","32,525.42",0,"40,449","43,646.80","42,619.90","40,036.65","28,632.33"
2020-05-14,"28,750","29,250","28,450","28,900","29,220.00","28,795.00","28,330.00","28,872.50","32,424.17",0,"36,064","43,104.80","42,688.15","40,367.45","28,737.80"
2020-05-15,"29,400","29,900","29,000","29,900","29,310.00","28,940.00","28,445.00","28,780.83","32,339.17",0,"35,724","44,019.80","42,438.25","40,525.77","28,932.22"
2020-05-18,"29,900","29,900","29,000","29,200","29,160.00","28,970.00","28,485.00","28,686.67","32,258.33",30,"32,761","40,100.60","42,703.15","40,759.17","29,068.11"
2020-05-19,"29,500","30,350","29,500","29,900","29,360.00","29,210.00","28,600.00","28,610.83","32,190.83",0,"40,008","37,001.20","42,110.55","41,184.40","29,170.28"
2020-05-20,"29,850","29,900","29,550","29,650","29,510.00","29,375.00","28,675.00","28,552.50","32,121.25",0,"22,069","33,325.20","41,298.35","41,226.58","29,213.81"
2020-05-21,"29,700","29,850","29,250","29,650","29,660.00","29,440.00","28,750.00","28,488.33","32,051.67",0,"26,333","31,379.00","40,497.20","41,304.28","29,353.62"
2020-05-22,"29,900","29,900","29,050","29,050","29,490.00","29,400.00","28,835.00","28,430.00","31,975.42",0,"27,271","29,688.40","38,718.40","41,261.23","29,468.17"
2020-05-25,"29,300","29,400","28,900","29,200","29,490.00","29,325.00","28,945.00","28,372.50","31,902.50",0,"19,242","26,984.60","37,998.40","41,248.27","29,425.28"
2020-05-26,"29,200","30,400","29,150","30,400","29,590.00","29,475.00","29,067.50","28,335.00","31,840.00",18,"63,498","31,682.60","39,563.70","41,756.77","29,827.36"
2020-05-27,"30,250","30,300","29,550","29,700","29,600.00","29,555.00","29,170.00","28,286.67","31,773.75",37,"51,864","37,641.60","40,049.05","42,219.43","30,152.21"
2020-05-28,"29,800","30,000","28,850","29,150","29,500.00","29,580.00","29,187.50","28,243.33","31,704.58",38,"56,677","43,710.40","41,192.70","42,534.95","30,404.67"
2020-05-29,"29,150","29,200","28,700","28,700","29,430.00","29,460.00","29,200.00","28,182.50","31,631.25",42,"57,546","49,765.40","42,029.65","43,193.90","30,826.11"
2020-06-01,"28,700","29,400","28,700","29,300","29,450.00","29,470.00","29,220.00","28,130.83","31,562.92",70,"27,531","51,423.20","41,669.80","43,256.62","30,971.15"
2020-06-02,"29,100","29,600","29,000","29,600","29,290.00","29,440.00","29,325.00","28,070.83","31,497.08",0,"29,749","44,673.40","39,817.35","43,433.33","31,127.75"
2020-06-03,"29,650","30,350","29,650","30,200","29,390.00","29,495.00","29,435.00","28,025.83","31,438.75",0,"59,015","46,103.60","40,179.30","44,008.22","31,492.88"
2020-06-04,"30,300","30,600","30,000","30,500","29,660.00","29,580.00","29,510.00","27,995.83","31,384.58",0,"51,858","45,139.80","40,833.50","44,531.35","31,840.22"
2020-06-05,"30,500","31,500","30,350","31,250","30,170.00","29,800.00","29,600.00","27,984.17","31,344.17",0,"53,175","44,265.60","41,934.80","44,815.73","32,095.97"
2020-06-08,"31,700","33,700","31,400","33,500","31,010.00","30,230.00","29,777.50","28,022.50","31,317.50",0,"112,190","61,197.40","44,926.45","46,004.95","32,915.17"
2020-06-09,"33,600","34,650","31,900","31,950","31,480.00","30,385.00","29,930.00","28,041.67","31,279.58",0,"79,881","71,223.80","46,145.25","46,809.83","33,452.94"
2020-06-10,"31,950","32,300","30,900","30,900","31,620.00","30,505.00","30,030.00","28,070.00","31,233.75",0,"130,324","85,485.60","50,639.00","48,260.58","34,250.44"
2020-06-11,"30,650","31,650","30,550","31,300","31,780.00","30,720.00","30,150.00","28,135.00","31,192.50",0,"53,170","85,748.00","51,494.30","48,334.55","34,385.44"
2020-06-12,"29,900","32,200","29,800","32,200","31,970.00","31,070.00","30,265.00","28,212.50","31,162.08",18,"56,890","86,491.00","52,552.60","48,712.63","34,644.85"
2020-06-15,"31,350","31,750","30,250","30,600","31,390.00","31,200.00","30,335.00","28,278.33","31,121.67",37,"67,608","77,574.60","54,294.95","49,140.22","34,999.45"
2020-06-16,"30,850","32,150","30,800","32,050","31,410.00","31,445.00","30,442.50","28,386.67","31,092.50",0,"81,670","77,932.40","56,378.05","49,774.80","35,495.53"
2020-06-17,"32,000","32,150","31,400","31,750","31,580.00","31,600.00","30,547.50","28,540.83","31,059.58",30,"44,468","60,761.20","57,498.00","49,300.70","35,709.53"
2020-06-18,"31,450","31,900","30,600","31,550","31,630.00","31,705.00","30,642.50","28,633.33","31,020.00",0,"41,665","58,460.20","58,264.60","49,048.55","35,968.93"
2020-06-19,"31,600","32,000","31,150","31,350","31,460.00","31,715.00","30,757.50","28,772.50","30,977.50",0,"40,880","55,258.20","58,945.05","48,914.63","36,226.82"
2020-06-22,"30,900","31,700","30,900","31,350","31,610.00","31,500.00","30,865.00","28,887.50","30,930.42",0,"30,639","47,864.40","59,514.90","48,755.12","36,390.29"
2020-06-23,"31,400","31,900","30,900","31,200","31,440.00","31,425.00","30,905.00","28,988.33","30,878.33",0,"21,923","35,915.00","57,436.15","47,798.85","36,471.17"
2020-06-24,"31,200","31,500","30,950","31,000","31,290.00","31,435.00","30,970.00","29,097.50","30,828.75",0,"17,602","30,541.80","55,723.05","46,868.95","36,505.43"
2020-06-25,"30,400","31,100","30,000","30,000","30,980.00","31,305.00","31,012.50","29,176.67","30,767.92",0,"32,372","28,683.20","54,507.80","46,626.12","36,699.72"
2020-06-26,"31,200","31,200","30,250","30,500","30,810.00","31,135.00","31,102.50","29,263.33","30,716.67",0,"40,452","28,597.60","53,653.10","46,781.72","36,937.07"
2020-06-29,"29,450","30,200","28,550","29,400","30,420.00","31,015.00","31,107.50","29,320.00","30,657.50",0,"28,568","28,183.40","53,704.95","46,570.30","37,014.94"
2020-06-30,"29,450","30,700","29,450","30,450","30,270.00","30,855.00","31,150.00","29,399.17","30,611.25",8,"28,601","29,519.00","53,647.55","45,827.78","37,142.72"
2020-07-01,"31,000","31,000","30,050","30,200","30,110.00","30,700.00","31,150.00","29,473.33","30,562.92",0,"19,478","29,894.20","51,670.70","45,369.45","37,207.98"
2020-07-02,"30,050","30,450","29,850","30,000","30,110.00","30,545.00","31,125.00","29,544.17","30,522.08",0,"11,563","25,732.40","49,655.95","44,828.80","37,141.00"
2020-07-03,"29,950","30,250","29,900","30,050","30,020.00","30,415.00","31,065.00","29,595.00","30,475.00",0,"12,257","20,093.40","47,610.05","44,148.82","37,087.69"
2020-07-06,"30,450","30,450","29,900","30,000","30,140.00","30,280.00","30,890.00","29,628.33","30,429.58",70,"17,745","17,928.80","42,887.80","43,388.62","37,095.87"
2020-07-07,"30,200","30,550","30,000","30,300","30,110.00","30,190.00","30,807.50","29,672.50","30,383.33",0,"18,764","15,961.40","39,831.95","42,956.22","37,150.15"
2020-07-08,"30,400","30,500","30,050","30,500","30,170.00","30,140.00","30,787.50","29,709.17","30,339.17",0,"14,615","14,988.80","34,046.50","42,435.13","37,159.63"
2020-07-09,"30,750","30,800","30,300","30,600","30,290.00","30,200.00","30,752.50","29,744.17","30,295.00",0,"22,945","17,265.20","32,535.25","42,239.23","37,279.25"
2020-07-10,"30,400","30,650","29,750","29,800","30,240.00","30,130.00","30,632.50","29,780.83","30,246.25",0,"24,873","19,788.40","30,934.40","41,975.08","37,416.70"
2020-07-13,"29,800","30,100","29,500","29,850","30,210.00","30,175.00","30,595.00","29,805.00","30,200.42",8,"18,523","19,944.00","28,480.15","41,826.08","37,453.36"
2020-07-14,"29,800","29,950","29,400","29,800","30,110.00","30,110.00","30,482.50","29,841.67","30,155.00",0,"23,793","20,949.80","25,586.30","41,358.30","37,537.57"
2020-07-15,"29,900","30,550","29,750","30,150","30,040.00","30,105.00","30,402.50","29,875.00","30,111.25",0,"31,239","24,274.60","24,924.85","41,240.40","37,698.26"
2020-07-16,"29,850","30,450","29,800","29,900","29,900.00","30,095.00","30,320.00","29,904.17","30,065.00",66,"17,142","23,114.00","23,698.70","40,820.17","37,718.24"
2020-07-17,"30,450","30,450","29,650","29,800","29,900.00","30,070.00","30,242.50","29,945.00","30,019.58",0,"18,643","21,868.00","22,586.85","40,083.43","37,740.69"
2020-07-20,"29,900","30,100","29,550","29,700","29,870.00","30,040.00","30,160.00","29,990.00","29,982.92",0,"14,023","20,968.00","21,756.05","39,756.45","37,641.95"
2020-07-21,"29,650","29,800","29,100","29,150","29,740.00","29,925.00","30,057.50","30,010.00","29,939.58",0,"53,608","26,931.00","23,340.30","40,113.38","37,901.32"
2020-07-22,"29,350","29,800","29,150","29,400","29,590.00","29,815.00","29,977.50","30,039.17","29,904.17",8,"19,962","24,675.60","23,458.30","39,743.47","37,944.12"
2020-07-23,"29,450","29,550","29,050","29,150","29,440.00","29,670.00","29,935.00","30,045.00","29,867.92",0,"28,152","26,877.60","23,247.30","39,649.27","38,064.25"
2020-07-24,"29,100","29,200","28,500","28,700","29,220.00","29,560.00","29,845.00","30,049.17","29,835.00",0,"41,169","31,382.80","23,283.15","39,655.30","38,261.80"
2020-07-27,"28,950","29,400","28,600","29,300","29,140.00","29,505.00","29,840.00","30,055.83","29,808.33",0,"16,146","31,807.40","22,662.05","39,345.60","38,156.53"
2020-07-28,"29,050","29,750","29,000","29,250","29,160.00","29,450.00","29,780.00","30,085.00","29,783.33",66,"25,370","26,159.80","22,500.50","38,655.13","37,998.99"
2020-07-29,"29,250","29,500","28,950","29,250","29,130.00","29,360.00","29,732.50","30,105.83","29,745.42",0,"17,499","25,667.20","22,401.55","38,083.85","37,945.01"
2020-07-30,"29,200","30,250","29,200","29,650","29,230.00","29,335.00","29,715.00","30,116.67","29,710.83",0,"35,445","27,125.80","23,595.65","38,028.37","38,092.98"
2020-07-31,"29,700","30,000","29,350","29,700","29,430.00","29,325.00","29,697.50","30,120.83","29,675.42",0,"34,780","25,848.00","24,721.80","38,088.88","38,283.06"
2020-08-03,"30,000","30,000","29,200","29,200","29,410.00","29,275.00","29,657.50","30,108.33","29,630.42",30,"31,264","28,871.60","25,397.75","37,737.33","38,362.40"
2020-08-04,"29,050","29,650","29,050","29,050","29,370.00","29,265.00","29,595.00","30,110.83","29,583.33",0,"37,830","31,363.60","26,351.05","37,442.75","38,561.84"
2020-08-05,"29,050","30,050","29,050","29,900","29,500.00","29,315.00","29,565.00","30,127.50","29,545.00",70,"46,192","37,102.20","27,929.90","37,538.47","38,787.56"
2020-08-06,"29,800","30,850","29,650","30,300","29,630.00","29,430.00","29,550.00","30,150.83","29,511.67",0,"58,650","41,743.20","29,715.15","37,914.90","39,141.18"
2020-08-07,"30,300","30,750","29,950","30,350","29,760.00","29,595.00","29,577.50","30,158.33","29,469.58",12,"38,488","42,484.80","30,395.90","37,960.97","39,243.37"
2020-08-10,"30,350","31,850","30,050","31,200","30,160.00","29,785.00","29,645.00","30,191.67","29,439.17",0,"93,894","55,010.80","34,164.45","38,979.85","39,869.51"
2020-08-11,"31,350","31,400","30,750","31,100","30,570.00","29,970.00","29,710.00","30,211.67","29,411.25",0,"48,191","57,083.00","35,384.35","39,116.23","40,150.32"
2020-08-12,"30,950","31,450","30,200","30,850","30,760.00","30,130.00","29,745.00","30,231.67","29,392.08",0,"49,735","57,791.60","36,309.15","39,577.33","40,401.96"
2020-08-13,"30,700","31,250","30,150","30,450","30,790.00","30,210.00","29,772.50","30,245.00","29,366.67",0,"55,188","57,099.20","38,211.45","40,058.25","40,681.27"
2020-08-14,"30,500","31,000","30,200","30,750","30,870.00","30,315.00","29,820.00","30,273.33","29,351.67",0,"60,958","61,593.20","40,327.20","40,619.70","40,940.47"
2020-08-18,"30,100","30,700","29,900","30,050","30,640.00","30,400.00","29,837.50","30,287.50","29,330.00",0,"54,067","53,627.80","42,329.40","41,200.12","41,224.19"
2020-08-19,"30,000","30,200","29,400","29,750","30,370.00","30,470.00","29,867.50","30,276.67","29,305.83",0,"50,996","54,188.80","42,198.80","40,991.75","41,374.26"
2020-08-20,"29,750","29,750","27,500","27,650","29,730.00","30,245.00","29,780.00","30,242.50","29,264.58",23,"76,149","59,471.60","45,008.15","41,396.50","41,807.97"
2020-08-21,"27,700","28,200","27,500","27,950","29,230.00","30,010.00","29,720.00","30,222.50","29,232.92",70,"29,168","54,267.60","45,058.95","40,938.02","41,736.48"
2020-08-24,"27,550","27,950","27,150","27,900","28,660.00","29,765.00","29,680.00","30,209.17","29,195.83",0,"25,533","47,182.60","44,277.15","40,404.47","41,799.18"
2020-08-25,"28,000","28,550","27,750","28,450","28,340.00","29,490.00","29,637.50","30,195.00","29,162.92",0,"26,749","41,719.00","44,807.30","40,391.43","41,824.03"
2020-08-26,"28,300","28,350","27,600","28,100","28,010.00","29,190.00","29,580.00","30,170.00","29,120.42",0,"53,059","42,131.60","46,191.75","40,779.93","42,106.63"
2020-08-27,"28,100","28,100","27,300","27,400","27,960.00","28,845.00","29,487.50","30,123.33","29,074.58",0,"51,909","37,283.60","47,912.25","40,661.50","42,334.86"
2020-08-28,"27,400","27,450","26,900","26,950","27,760.00","28,495.00","29,352.50","30,064.17","29,030.00",0,"70,154","45,480.80","49,647.70","40,966.43","42,748.89"
2020-08-31,"26,950","27,650","26,950","27,300","27,640.00","28,150.00","29,232.50","29,998.33","28,991.25",0,"38,235","48,021.20","49,820.45","40,717.43","42,766.58"
2020-09-01,"27,100","27,900","27,100","27,900","27,530.00","27,935.00","29,167.50","29,905.00","28,963.75",0,"33,901","49,451.60","49,952.30","39,412.62","42,708.78"
2020-09-02,"28,300","28,800","27,700","28,750","27,660.00","27,835.00","29,152.50","29,851.67","28,946.67",0,"52,732","49,386.20","50,697.40","38,960.13","42,884.98"
2020-09-03,"28,550","29,100","28,550","28,900","27,960.00","27,960.00","29,102.50","29,818.33","28,944.17",0,"30,273","45,059.00","49,901.45","37,292.62","42,776.60"
2020-09-04,"28,600","28,600","27,800","28,150","28,200.00","27,980.00","28,995.00","29,765.83","28,950.42",0,"36,288","38,285.80","48,783.35","37,011.25","42,672.90"
2020-09-07,"28,050","28,800","27,950","28,750","28,490.00","28,065.00","28,915.00","29,708.33","28,960.42",0,"27,916","36,222.00","48,254.75","36,528.35","42,620.49"
2020-09-08,"28,750","29,250","28,650","28,950","28,700.00","28,115.00","28,802.50","29,680.83","28,979.58",0,"28,131","35,068.00","44,966.60","35,870.40","42,505.31"
2020-09-09,"28,850","28,850","28,300","28,500","28,650.00","28,155.00","28,672.50","29,621.67","29,004.17",0,"17,906","28,102.80","43,452.35","34,807.67","42,291.23"
2020-09-10,"28,500","28,900","28,350","28,450","28,560.00","28,260.00","28,552.50","29,566.67","29,053.75",0,"34,805","29,009.20","42,705.85","34,646.62","41,973.66"
2020-09-11,"28,250","28,650","27,950","28,250","28,580.00","28,390.00","28,442.50","29,511.67","29,072.50",0,"26,652","27,082.00","41,279.05","34,396.40","41,722.47"
2020-09-14,"28,350","28,950","28,050","28,950","28,620.00","28,555.00","28,352.50","29,471.67","29,122.08",0,"26,060","26,710.80","39,534.15","34,149.40","41,532.02"
2020-09-15,"28,650","29,400","28,600","29,400","28,710.00","28,705.00","28,320.00","29,439.17","29,163.33",0,"31,965","27,477.60","38,429.05","34,171.50","41,463.31"
2020-09-16,"29,100","29,300","28,750","28,800","28,770.00","28,710.00","28,272.50","29,399.17","29,193.75",0,"17,103","27,317.00","36,734.40","34,091.17","40,945.01"
2020-09-17,"28,700","29,000","28,450","28,700","28,820.00","28,690.00","28,325.00","29,360.83","29,229.17",0,"22,671","24,890.20","34,060.50","34,175.65","40,522.30"
2020-09-18,"28,700","28,850","28,250","28,300","28,830.00","28,705.00","28,342.50","29,332.50","29,254.58",0,"25,033","24,566.40","33,853.75","34,053.33","40,339.72"
2020-09-21,"28,050","28,450","27,750","27,850","28,610.00","28,615.00","28,340.00","29,288.33","29,275.83",0,"25,892","24,532.80","33,871.70","33,810.67","40,296.19"
2020-09-22,"27,850","27,950","27,200","27,200","28,170.00","28,440.00","28,277.50","29,251.67","29,285.83",0,"36,386","25,417.00","34,353.55","33,940.97","40,255.63"
2020-09-23,"27,200","27,750","27,100","27,200","27,850.00","28,310.00","28,232.50","29,197.50","29,298.33",0,"26,886","27,373.60","33,044.90","33,912.38","39,870.08"
2020-09-24,"27,400","27,400","26,200","26,500","27,410.00","28,115.00","28,187.50","29,135.83","29,304.58",0,"38,520","30,543.40","32,375.45","34,229.75","39,799.60"
2020-09-25,"26,500","27,000","26,500","26,550","27,060.00","27,945.00","28,167.50","29,078.33","29,311.25",54,"20,903","29,717.40","29,912.90","34,385.42","39,607.11"
2020-09-28,"26,650","27,100","26,600","26,750","26,840.00","27,725.00","28,140.00","29,023.33","29,309.17",0,"19,202","28,379.40","28,961.25","34,501.17","39,324.99"
2020-09-29,"27,200","27,650","26,950","27,600","26,920.00","27,545.00","28,125.00","28,983.33","29,305.83",0,"22,672","25,636.60","28,399.80","34,583.28","38,985.95"
2020-10-05,"28,000","28,100","27,550","27,900","27,060.00","27,455.00","28,082.50","28,943.33","29,307.92",0,"42,610","28,781.40","27,893.70","34,980.72","38,968.47"
2020-10-06,"27,800","28,100","27,550","27,900","27,340.00","27,375.00","28,032.50","28,900.00","29,304.58",70,"23,579","25,793.20","27,559.00","35,130.12","38,782.63"
2020-10-07,"27,900","28,700","27,700","28,650","27,760.00","27,410.00","28,057.50","28,867.50","29,305.83",0,"43,150","30,242.60","27,902.10","35,466.87","38,853.05"
2020-10-08,"29,000","29,050","28,450","28,600","28,130.00","27,485.00","28,050.00","28,847.50","29,314.17",33,"26,545","31,711.20","27,833.55","35,494.73","38,734.91"
2020-10-12,"28,700","28,800","28,150","28,550","28,320.00","27,620.00","28,030.00","28,825.83","29,315.42",0,"17,658","30,708.40","27,309.90","35,480.32","38,653.20"
2020-10-13,"28,250","28,500","28,150","28,300","28,400.00","27,730.00","28,020.00","28,800.83","29,321.25",0,"19,738","26,134.00","27,401.50","35,412.73","38,385.52"
2020-10-14,"28,300","28,500","27,950","27,950","28,410.00","27,875.00","27,995.00","28,764.17","29,319.58",30,"26,651","26,748.40","26,993.80","35,336.27","38,288.33"
2020-10-15,"27,900","28,200","27,550","27,750","28,230.00","27,995.00","27,970.00","28,728.33","29,316.25",0,"12,405","20,599.40","26,281.45","35,257.32","38,038.74"
2020-10-16,"27,800","28,150","27,400","27,750","28,060.00","28,095.00","27,910.00","28,694.17","29,319.58",0,"19,100","19,110.40","25,933.45","35,264.93","37,674.18"
2020-10-19,"27,600","28,150","27,600","27,850","27,920.00","28,120.00","27,832.50","28,663.33","29,326.67",0,"18,655","19,309.80","25,267.95","35,342.13","37,549.29"
2020-10-20,"27,850","28,100","27,550","27,700","27,800.00","28,100.00","27,777.50","28,639.17","29,324.58",0,"20,637","19,489.60","25,444.65","34,792.62","37,453.00"
2020-10-21,"27,700","28,200","27,700","28,150","27,840.00","28,125.00","27,750.00","28,618.33","29,328.75",0,"17,793","17,718.00","25,200.75","34,756.47","37,249.97"
2020-10-22,"28,150","28,250","27,950","28,200","27,930.00","28,080.00","27,745.00","28,602.50","29,323.75",0,"11,087","17,454.40","24,503.45","34,472.05","37,060.66"
2020-10-23,"27,950","28,400","27,950","28,300","28,040.00","28,050.00","27,767.50","28,595.83","29,322.50",0,"11,182","15,870.80","23,767.95","33,972.27","36,813.78"
2020-10-26,"28,100","28,300","27,800","27,800","28,030.00","27,975.00","27,797.50","28,570.83","29,313.33",0,"11,226","14,385.00","22,509.95","33,890.27","36,617.93"
2020-10-27,"27,800","27,900","27,500","27,500","27,990.00","27,895.00","27,812.50","28,541.67","29,313.33",0,"17,890","13,835.60","22,060.15","33,765.60","36,210.37"
2020-10-28,"27,300","27,900","27,300","27,900","27,940.00","27,890.00","27,882.50","28,519.17","29,312.50",60,"14,109","13,098.80","20,839.60","33,709.10","35,896.47"
2020-10-29,"27,600","27,750","27,100","27,600","27,820.00","27,875.00","27,935.00","28,485.00","29,300.83",36,"25,596","16,000.60","21,074.25","33,544.95","35,786.66"
2020-10-30,"27,250","27,600","27,050","27,500","27,660.00","27,850.00","27,972.50","28,448.33","29,284.58",0,"19,033","17,570.80","21,065.80","33,282.50","35,685.69"
2020-11-02,"27,500","27,750","27,150","27,700","27,640.00","27,835.00","27,977.50","28,423.33","29,265.83",0,"16,190","18,563.60","20,741.70","33,031.27","35,384.30"
2020-11-03,"27,500","28,400","27,500","28,400","27,820.00","27,905.00","28,002.50","28,412.50","29,261.67",67,"20,156","19,016.80","19,619.00","32,736.70","35,089.72"
2020-11-04,"28,550","29,800","28,550","28,950","28,030.00","27,985.00","28,055.00","28,396.67","29,262.08",29,"56,926","27,580.20","21,286.35","32,915.60","35,227.03"
2020-11-05,"29,500","29,600","29,050","29,550","28,420.00","28,120.00","28,100.00","28,384.17","29,267.50",0,"60,797","34,620.40","22,168.70","32,951.38","35,433.14"
2020-11-06,"29,550","30,150","29,200","29,650","28,850.00","28,255.00","28,152.50","28,372.50","29,265.42",0,"42,817","39,377.20","22,982.30","33,023.53","35,492.25"
2020-11-09,"30,300","31,100","29,900","30,550","29,420.00","28,530.00","28,252.50","28,361.67","29,276.67",0,"76,745","51,488.20","25,936.65","32,737.72","35,858.78"
2020-11-10,"30,550","30,700","30,300","30,550","29,850.00","28,835.00","28,365.00","28,352.50","29,282.08",0,"39,969","55,450.80","26,948.20","32,600.68","35,858.46"
2020-11-11,"30,850","30,900","30,150","30,400","30,140.00","29,085.00","28,487.50","28,345.00","29,288.33",0,"39,205","51,906.60","27,575.90","32,425.18","36,001.26"
2020-11-12,"30,300","32,000","30,100","31,500","30,530.00","29,475.00","28,675.00","28,362.50","29,303.75",0,"87,382","57,223.60","31,324.75","32,961.75","36,510.00"
2020-11-13,"31,950","32,850","31,550","32,600","31,120.00","29,985.00","28,917.50","28,393.33","29,333.33",0,"116,345","71,929.20","36,187.00","33,884.87","37,252.28"
2020-11-16,"33,050","36,200","33,050","34,700","31,950.00","30,685.00","29,260.00","28,470.83","29,379.17",0,"248,678","106,315.80","47,688.15","37,128.38","39,164.25"
2020-11-17,"34,700","35,250","32,700","34,600","32,760.00","31,305.00","29,605.00","28,551.67","29,414.17",33,"122,461","122,814.20","52,779.35","38,319.47","39,655.61"
2020-11-18,"33,900","34,600","33,650","34,000","33,480.00","31,810.00","29,897.50","28,657.50","29,450.00",0,"34,563","121,885.80","53,617.85","37,626.37","39,511.43"
2020-11-19,"33,300","34,250","32,900","34,000","33,980.00","32,255.00","30,187.50","28,758.33","29,490.42",0,"59,700","116,349.40","56,048.50","38,135.23","39,536.63"
2020-11-20,"34,000","36,400","34,000","36,000","34,660.00","32,890.00","30,572.50","28,893.33","29,551.25",16,"142,696","121,619.60","62,624.20","40,087.95","40,246.21"
2020-11-23,"36,450","38,050","36,450","37,000","35,120.00","33,535.00","31,032.50","29,035.83","29,615.42",0,"167,903","105,464.60","70,458.05","42,440.52","41,415.97"
2020-11-24,"37,000","37,800","35,950","37,050","35,610.00","34,185.00","31,510.00","29,185.00","29,677.50",0,"104,395","101,851.40","74,783.30","43,296.12","42,038.03"
2020-11-25,"37,050","40,000","37,000","38,250","36,460.00","34,970.00","32,027.50","29,365.83","29,744.58",0,"211,465","137,231.80","84,651.10","45,955.38","43,308.44"
2020-11-26,"38,400","39,800","38,400","38,450","37,350.00","35,665.00","32,570.00","29,557.50","29,810.83",0,"118,070","148,905.80","89,274.80","46,753.98","43,860.21"
2020-11-27,"38,700","42,550","38,450","41,950","38,540.00","36,600.00","33,292.50","29,801.67","29,900.00",0,"153,936","151,153.80","96,019.95","48,682.33","44,699.88"
2020-11-30,"42,400","45,250","42,400","43,900","39,920.00","37,520.00","34,102.50","30,068.33","29,986.67",0,"209,194","159,412.00","105,670.15","51,603.88","45,508.25"
2020-12-01,"44,500","45,100","41,200","42,100","40,930.00","38,270.00","34,787.50","30,290.83","30,071.25",39,"212,922","181,117.40","115,308.45","54,273.72","46,616.93"
2020-12-02,"42,600","42,900","41,600","41,750","41,630.00","39,045.00","35,427.50","30,505.00","30,161.67",40,"126,291","164,082.60","118,776.70","55,874.02","46,583.32"
2020-12-03,"41,750","41,800","40,050","40,450","42,030.00","39,690.00","35,972.50","30,710.00","30,237.92",43,"111,298","162,728.20","121,301.75","57,124.18","47,067.72"
2020-12-04,"40,050","41,000","38,150","39,000","41,440.00","39,990.00","36,440.00","30,880.83","30,294.58",0,"215,211","174,983.20","129,921.45","60,245.77","48,387.06"
