2018-07-02,"3,210","3,210","3,070","3,125", , , , , ,0,"131,836", , , , 
2018-07-03,"3,110","3,180","3,055","3,125", , , , , ,0,"62,857", , , , 
2018-07-04,"3,130","3,175","3,070","3,125", , , , , ,0,"46,883", , , , 
2018-07-05,"3,125","3,160","2,965","3,040", , , , , ,0,"106,962", , , , 
2018-07-06,"3,040","3,140","2,955","3,140","3,111.00", , , , ,0,"56,797","81,067.00", , , 
2018-07-09,"3,140","3,145","3,055","3,125","3,111.00", , , , ,0,"54,042","65,508.20", , , 
2018-07-10,"3,140","3,250","3,090","3,225","3,131.00", , , , ,0,"55,831","64,103.00", , , 
2018-07-11,"3,230","3,240","3,175","3,185","3,143.00", , , , ,0,"28,685","60,463.40", , , 
2018-07-12,"3,185","3,270","3,180","3,230","3,181.00", , , , ,0,"36,202","46,311.40", , , 
2018-07-13,"3,270","3,400","3,235","3,345","3,222.00","3,166.50", , , ,0,"41,612","43,274.40", , , 
2018-07-16,"3,360","3,365","3,275","3,290","3,255.00","3,183.00", , , ,0,"33,541","39,174.20", , , 
2018-07-17,"3,280","3,360","3,280","3,320","3,274.00","3,202.50", , , ,0,"33,510","34,710.00", , , 
2018-07-18,"3,370","3,440","3,320","3,380","3,313.00","3,228.00", , , ,0,"60,229","41,018.80", , , 
2018-07-19,"3,385","3,520","3,370","3,440","3,355.00","3,268.00", , , ,0,"72,881","48,354.60", , , 
2018-07-20,"3,400","3,490","3,260","3,330","3,352.00","3,287.00", , , ,0,"59,705","51,973.20", , , 
2018-07-23,"3,330","3,390","3,305","3,315","3,357.00","3,306.00", , , ,0,"25,144","50,293.80", , , 
2018-07-24,"3,305","3,380","3,265","3,265","3,346.00","3,310.00", , , ,0,"17,066","47,005.00", , , 
2018-07-25,"3,300","3,310","3,230","3,250","3,320.00","3,316.50", , , ,0,"26,260","40,211.20", , , 
2018-07-26,"3,245","3,365","3,245","3,280","3,288.00","3,321.50", , , ,0,"6,498","26,934.60", , , 
2018-07-27,"3,280","3,400","3,280","3,400","3,302.00","3,327.00","3,246.75", , ,18,"21,631","19,319.80","48,908.60", , 
2018-07-30,"3,400","3,425","3,340","3,395","3,318.00","3,337.50","3,260.25", , ,33,"19,403","18,171.60","43,286.95", , 
2018-07-31,"3,470","3,470","3,310","3,320","3,329.00","3,337.50","3,270.00", , ,34,"49,893","24,737.00","42,638.75", , 
2018-08-01,"3,380","3,390","3,325","3,390","3,357.00","3,338.50","3,283.25", , ,0,"21,489","23,782.80","41,369.05", , 
2018-08-02,"3,390","3,850","3,370","3,540","3,409.00","3,348.50","3,308.25", , ,29,"798,272","182,137.60","75,934.55", , 
2018-08-03,"3,550","3,960","3,540","3,655","3,460.00","3,381.00","3,334.00", , ,29,"1,626,173","503,046.00","154,403.35", , 
2018-08-06,"3,665","3,800","3,585","3,610","3,503.00","3,410.50","3,358.25", , ,0,"143,775","527,920.40","158,890.00", , 
2018-08-07,"3,580","3,710","3,565","3,600","3,559.00","3,444.00","3,377.00", , ,0,"166,287","551,199.20","164,412.80", , 
2018-08-08,"4,025","4,245","3,800","3,895","3,660.00","3,508.50","3,412.50", , ,0,"2,807,583","1,108,418.00","303,357.70", , 
2018-08-09,"3,975","3,975","3,750","3,765","3,705.00","3,557.00","3,439.25", , ,34,"445,838","1,037,931.00","323,839.50", , 
2018-08-10,"3,740","3,750","3,630","3,665","3,707.00","3,583.50","3,455.25", , ,0,"220,792","756,855.00","332,798.50", , 
2018-08-13,"3,650","3,660","3,525","3,525","3,690.00","3,596.50","3,467.00", , ,0,"241,974","776,494.80","343,220.15", , 
2018-08-14,"3,535","3,645","3,535","3,640","3,698.00","3,628.50","3,483.00", , ,0,"159,492","775,135.80","349,519.25", , 
2018-08-16,"3,650","3,875","3,545","3,825","3,684.00","3,672.00","3,505.25", , ,0,"363,967","286,412.60","364,706.15", , 
2018-08-17,"3,865","3,920","3,775","3,820","3,695.00","3,700.00","3,524.25", , ,0,"135,655","224,376.00","367,844.85", , 
2018-08-20,"3,865","3,865","3,685","3,710","3,704.00","3,705.50","3,543.25", , ,0,"119,259","204,069.40","370,822.55", , 
2018-08-21,"3,700","3,770","3,700","3,745","3,748.00","3,719.00","3,564.75", , ,0,"103,290","176,332.60","374,729.85", , 
2018-08-22,"3,720","3,750","3,660","3,725","3,765.00","3,731.50","3,587.75", , ,0,"66,970","157,828.20","377,225.05", , 
2018-08-23,"3,725","3,775","3,670","3,725","3,745.00","3,714.50","3,611.50", , ,0,"61,855","97,405.80","379,004.80", , 
2018-08-24,"3,675","3,755","3,675","3,735","3,728.00","3,711.50","3,634.25", , ,0,"52,841","80,843.00","381,321.95", , 
2018-08-27,"3,800","3,800","3,650","3,710","3,728.00","3,716.00","3,649.75", , ,0,"106,681","78,327.40","385,574.45", , 
2018-08-28,"3,720","3,855","3,680","3,780","3,735.00","3,741.50","3,669.00", , ,0,"111,560","79,981.40","390,182.30", , 
2018-08-29,"3,775","3,870","3,775","3,845","3,759.00","3,762.00","3,695.25", , ,0,"73,293","81,246.00","391,352.30", , 
2018-08-30,"3,850","3,855","3,795","3,850","3,784.00","3,764.50","3,718.25", , ,0,"48,012","78,477.40","392,678.45", , 
2018-08-31,"3,855","4,000","3,585","3,860","3,809.00","3,768.50","3,734.25", , ,0,"245,405","116,990.20","365,035.10", , 
2018-09-03,"3,875","3,960","3,815","3,855","3,838.00","3,783.00","3,744.25", , ,0,"151,890","126,032.00","291,320.95", , 
2018-09-04,"3,865","3,990","3,865","3,980","3,878.00","3,806.50","3,762.75", , ,18,"205,192","144,758.40","294,391.80", , 
2018-09-05,"4,000","4,015","3,930","4,010","3,911.00","3,835.00","3,783.25", , ,0,"137,253","157,550.40","292,940.10", , 
2018-09-06,"4,020","4,145","4,010","4,050","3,951.00","3,867.50","3,791.00", , ,0,"340,075","215,963.00","169,564.70", , 
2018-09-07,"4,065","4,070","3,935","4,005","3,980.00","3,894.50","3,803.00", , ,0,"112,279","189,337.80","152,886.75", , 
2018-09-10,"4,005","4,095","3,925","4,050","4,019.00","3,928.50","3,822.25", , ,0,"195,776","198,115.00","151,635.95", , 
2018-09-11,"4,000","4,055","3,980","4,050","4,033.00","3,955.50","3,848.50", , ,0,"78,506","172,777.80","143,462.55", , 
2018-09-12,"4,040","4,120","4,025","4,100","4,051.00","3,981.00","3,871.50", , ,0,"125,668","170,460.80","141,771.35", , 
2018-09-13,"4,110","4,400","4,060","4,325","4,106.00","4,028.50","3,896.50", , ,0,"425,382","187,522.20","144,842.10", , 
2018-09-14,"4,330","4,375","4,150","4,190","4,143.00","4,061.50","3,915.00", , ,0,"299,117","224,889.80","153,015.20", , 
2018-09-17,"4,170","4,200","4,030","4,120","4,157.00","4,088.00","3,935.50", , ,0,"212,578","228,250.20","157,681.15", , 
2018-09-18,"4,115","4,195","4,060","4,135","4,174.00","4,103.50","3,955.00", , ,0,"104,509","233,450.80","157,742.10", , 
2018-09-19,"4,150","4,150","3,950","3,955","4,145.00","4,098.00","3,966.50", , ,39,"155,588","239,434.80","162,173.00", , 
2018-09-20,"3,955","4,005","3,930","3,960","4,072.00","4,089.00","3,978.25", , ,54,"72,014","168,761.20","162,680.95", , 
2018-09-21,"3,925","3,990","3,920","3,960","4,026.00","4,084.50","3,989.50", , ,0,"55,401","120,018.00","162,808.95", , 
2018-09-27,"3,960","4,000","3,850","3,940","3,990.00","4,073.50","4,001.00","3,632.50", ,0,"108,212","99,144.80","162,885.50","199,122.85", 
2018-09-28,"3,940","3,980","3,850","3,885","3,940.00","4,057.00","4,006.25","3,645.17", ,70,"28,807","84,004.40","158,747.85","197,405.70", 
2018-10-01,"3,885","3,900","3,770","3,770","3,903.00","4,024.00","4,002.50","3,655.92", ,0,"65,539","65,994.60","158,360.15","197,450.40", 
2018-10-02,"3,800","3,845","3,745","3,795","3,870.00","3,971.00","3,999.75","3,667.08", ,0,"48,344","61,260.60","158,376.75","197,474.75", 
2018-10-04,"3,790","3,795","3,690","3,700","3,818.00","3,922.00","3,991.75","3,678.08", ,0,"57,960","61,772.40","149,004.50","196,658.05", 
2018-10-05,"3,745","3,745","3,615","3,670","3,764.00","3,877.00","3,982.50","3,686.92", ,0,"50,410","50,212.00","143,930.50","196,551.60", 
2018-10-08,"3,695","3,780","3,690","3,740","3,735.00","3,837.50","3,970.50","3,697.17", ,0,"46,353","53,721.20","135,988.55","196,423.45", 
2018-10-10,"3,750","3,810","3,620","3,655","3,712.00","3,807.50","3,952.75","3,704.33", ,0,"75,438","55,701.00","132,897.80","196,750.23", 
2018-10-11,"3,560","3,650","3,310","3,400","3,633.00","3,751.50","3,920.25","3,707.92", ,0,"157,722","77,576.60","123,780.15","198,900.85", 
2018-10-12,"3,265","3,495","3,265","3,440","3,581.00","3,699.50","3,892.00","3,711.42", ,9,"85,167","83,018.00","122,424.55","199,716.93", 
2018-10-15,"3,440","3,485","3,370","3,435","3,534.00","3,649.00","3,861.25","3,712.92", ,0,"37,582","80,452.40","114,514.85","199,649.77", 
2018-10-16,"3,435","3,480","3,380","3,480","3,482.00","3,608.50","3,832.75","3,716.08", ,0,"19,383","75,058.40","111,558.70","199,413.80", 
2018-10-17,"3,500","3,525","3,470","3,500","3,451.00","3,581.50","3,802.75","3,719.08", ,0,"30,287","66,028.20","106,789.65","199,360.08", 
2018-10-18,"3,500","3,500","3,380","3,475","3,466.00","3,549.50","3,760.25","3,720.67", ,0,"37,144","41,912.60","87,377.75","198,975.33", 
2018-10-19,"3,460","3,500","3,395","3,500","3,478.00","3,529.50","3,725.75","3,721.67", ,0,"18,767","28,632.60","73,360.25","198,073.43", 
2018-10-22,"3,495","3,495","3,390","3,405","3,472.00","3,503.00","3,690.00","3,722.92", ,0,"36,126","28,341.40","64,537.65","197,680.45", 
2018-10-23,"3,410","3,425","3,280","3,385","3,453.00","3,467.50","3,652.50","3,724.08", ,0,"67,569","37,978.60","62,690.65","198,387.53", 
2018-10-24,"3,370","3,390","3,175","3,225","3,398.00","3,424.50","3,616.00","3,723.42", ,0,"87,193","49,359.80","59,270.90","199,556.32", 
2018-10-25,"3,175","3,175","2,930","3,095","3,322.00","3,394.00","3,572.75","3,720.83", ,71,"212,327","84,396.40","66,286.55","202,657.43", 
2018-10-26,"3,100","3,115","2,920","3,100","3,242.00","3,360.00","3,529.75","3,717.83", ,46,"133,151","107,273.20","70,174.05","204,768.32", 
2018-10-29,"3,100","3,180","2,910","2,925","3,146.00","3,309.00","3,479.00","3,709.92", ,0,"92,275","118,503.00","69,377.20","205,945.72", 
2018-10-30,"2,800","3,055","2,800","3,055","3,080.00","3,266.50","3,437.50","3,704.25", ,47,"79,649","120,919.00","71,919.30","206,949.82", 
2018-10-31,"3,065","3,130","3,045","3,130","3,061.00","3,229.50","3,405.50","3,701.08", ,0,"15,835","106,647.40","69,434.10","206,382.18", 
2018-11-01,"3,145","3,225","3,095","3,205","3,083.00","3,202.50","3,376.00","3,698.00", ,0,"55,206","75,223.20","69,777.20","206,944.13", 
2018-11-02,"3,220","3,335","3,215","3,315","3,126.00","3,184.00","3,356.75","3,694.25", ,0,"31,557","54,904.40","68,457.05","194,165.55", 
2018-11-05,"3,320","3,325","3,180","3,200","3,181.00","3,163.50","3,333.25","3,686.67", ,0,"39,434","44,336.20","67,908.25","167,719.90", 
2018-11-06,"3,240","3,330","3,195","3,275","3,225.00","3,152.50","3,310.00","3,681.08", ,0,"49,935","38,393.40","68,087.35","166,155.90", 
2018-11-07,"3,290","3,300","3,130","3,225","3,244.00","3,152.50","3,288.50","3,674.83", ,0,"34,017","42,029.80","66,016.30","163,951.40", 
2018-11-08,"3,255","3,290","3,215","3,245","3,252.00","3,167.50","3,280.75","3,664.00", ,0,"10,941","33,176.80","58,677.25","117,340.70", 
2018-11-09,"3,255","3,265","3,190","3,225","3,234.00","3,180.00","3,270.00","3,655.00", ,0,"26,820","32,229.40","55,759.90","110,357.07", 
2018-11-12,"3,230","3,275","3,160","3,245","3,243.00","3,212.00","3,260.50","3,648.00", ,0,"38,367","32,016.00","55,799.15","107,316.65", 
2018-11-13,"3,150","3,280","3,130","3,280","3,244.00","3,234.50","3,250.50","3,643.92", ,0,"30,136","28,056.20","56,336.80","103,786.02", 
2018-11-14,"3,250","3,660","3,250","3,250","3,249.00","3,246.50","3,238.00","3,637.42", ,36,"509,352","123,123.20","80,290.05","109,617.02", 
2018-11-15,"3,300","3,305","3,120","3,215","3,243.00","3,247.50","3,225.00","3,627.25", ,0,"131,766","147,288.20","85,021.15","105,747.00", 
2018-11-16,"3,215","3,235","3,150","3,235","3,245.00","3,239.50","3,211.75","3,617.50", ,0,"60,882","154,100.60","87,126.90","104,500.78", 
2018-11-19,"3,240","3,335","3,225","3,325","3,261.00","3,252.00","3,207.75","3,611.08", ,0,"75,165","161,460.20","89,078.85","103,765.88", 
2018-11-20,"3,280","3,390","3,275","3,375","3,280.00","3,262.00","3,207.25","3,604.92", ,0,"44,892","164,411.40","87,945.00","102,792.58", 
2018-11-21,"3,365","3,375","3,270","3,375","3,305.00","3,277.00","3,214.75","3,599.08", ,0,"78,622","78,265.40","87,516.45","102,986.78", 
2018-11-22,"3,380","3,500","3,375","3,430","3,348.00","3,295.50","3,231.50","3,594.17", ,0,"87,945","69,501.20","81,297.35","103,421.62", 
2018-11-23,"3,430","3,455","3,315","3,365","3,374.00","3,309.50","3,244.75","3,588.00", ,0,"30,961","63,517.00","76,187.85","103,056.95", 
2018-11-26,"3,395","3,395","3,320","3,370","3,383.00","3,322.00","3,267.00","3,582.33", ,0,"19,625","52,409.00","72,555.35","101,606.02", 
2018-11-27,"3,370","3,390","3,340","3,365","3,381.00","3,330.50","3,282.50","3,575.42", ,0,"38,304","51,091.40","70,488.10","100,385.08", 
2018-11-28,"3,365","3,370","3,290","3,310","3,368.00","3,336.50","3,291.50","3,566.50", ,42,"31,449","41,656.80","71,268.80","99,687.68", 
2018-11-29,"3,340","3,365","3,255","3,320","3,346.00","3,347.00","3,297.25","3,557.67", ,0,"20,006","28,069.00","69,508.80","99,220.92", 
2018-11-30,"3,320","3,375","3,260","3,310","3,335.00","3,354.50","3,297.00","3,548.50", ,0,"45,297","30,936.20","70,195.80","95,885.78", 
2018-12-03,"3,355","3,410","3,300","3,395","3,340.00","3,361.50","3,306.75","3,540.83", ,0,"35,728","34,156.80","70,010.50","93,949.75", 
2018-12-04,"3,395","3,420","3,380","3,395","3,346.00","3,363.50","3,312.75","3,531.08", ,0,"22,228","30,941.60","68,625.15","90,900.35", 
2018-12-05,"3,370","3,380","3,300","3,335","3,351.00","3,359.50","3,318.25","3,519.83", ,0,"22,671","29,186.00","68,057.85","88,990.65", 
2018-12-06,"3,310","3,335","3,230","3,280","3,343.00","3,344.50","3,320.00","3,507.00", ,0,"24,361","30,057.00","68,728.85","83,728.75", 
2018-12-07,"3,280","3,310","3,235","3,295","3,340.00","3,337.50","3,323.50","3,495.17", ,0,"21,821","25,361.80","68,478.90","82,221.12", 
2018-12-10,"3,275","3,285","3,225","3,240","3,309.00","3,324.50","3,323.25","3,481.67", ,0,"13,202","20,856.60","67,220.65","79,178.22", 
2018-12-11,"3,200","3,260","3,140","3,140","3,258.00","3,302.00","3,316.25","3,466.50", ,0,"37,414","23,893.80","67,584.55","78,493.35", 
2018-12-12,"3,095","3,175","3,085","3,130","3,217.00","3,284.00","3,310.25","3,450.33", ,0,"56,298","30,619.20","44,931.85","77,337.18", 
2018-12-13,"3,130","3,215","3,125","3,215","3,204.00","3,273.50","3,310.25","3,431.83", ,0,"15,405","28,828.00","39,113.80","70,504.23", 
2018-12-14,"3,225","3,255","3,200","3,255","3,196.00","3,268.00","3,311.25","3,416.25", ,0,"26,065","29,676.80","37,372.95","65,953.37", 
2018-12-17,"3,270","3,370","3,255","3,370","3,222.00","3,265.50","3,313.50","3,403.75", ,0,"43,307","35,697.80","35,780.05","63,132.18", 
2018-12-18,"3,300","3,430","3,300","3,410","3,276.00","3,267.00","3,315.25","3,391.67", ,0,"40,481","36,311.20","35,559.50","62,065.05", 
2018-12-19,"3,410","3,425","3,380","3,410","3,332.00","3,274.50","3,317.00","3,382.58", ,0,"24,442","29,940.00","32,850.50","59,879.28", 
2018-12-20,"3,380","3,415","3,355","3,405","3,370.00","3,287.00","3,315.75","3,373.33", ,0,"10,750","29,009.00","28,990.75","58,858.22", 
2018-12-21,"3,370","3,420","3,250","3,410","3,401.00","3,298.50","3,318.00","3,364.17", ,20,"86,559","41,107.80","31,770.65","59,377.52", 
2018-12-24,"3,410","3,410","3,315","3,365","3,400.00","3,311.00","3,317.75","3,354.58","3,493.54",0,"25,847","37,615.80","32,081.75","58,004.77","128,563.81"
2018-12-26,"3,330","3,360","3,265","3,325","3,383.00","3,329.50","3,315.75","3,345.25","3,495.21",0,"30,558","35,631.20","31,694.45","58,033.95","127,719.83"
2018-12-27,"3,325","3,345","3,245","3,330","3,367.00","3,349.50","3,316.75","3,337.92","3,496.92",0,"22,065","35,155.80","31,225.25","57,309.38","127,379.89"
2018-12-28,"3,310","3,410","3,265","3,400","3,366.00","3,368.00","3,320.75","3,331.33","3,499.21",0,"28,713","38,748.40","31,660.60","56,982.20","127,228.48"
2019-01-02,"3,405","3,405","3,135","3,255","3,335.00","3,368.00","3,318.00","3,323.92","3,501.00",39,"59,692","33,375.00","32,380.35","57,011.07","126,834.56"
2019-01-03,"3,200","3,255","3,190","3,190","3,300.00","3,350.00","3,307.75","3,315.92","3,501.42",40,"27,002","33,606.00","31,944.05","56,620.93","126,586.27"
2019-01-04,"3,180","3,220","3,130","3,210","3,277.00","3,330.00","3,298.50","3,307.08","3,502.13",0,"17,604","31,015.20","31,712.85","56,141.78","126,282.62"
2019-01-07,"3,240","3,290","3,200","3,290","3,269.00","3,318.00","3,296.25","3,301.00","3,502.67",0,"13,338","29,269.80","31,246.20","55,106.78","125,928.51"
2019-01-08,"3,290","3,325","3,285","3,325","3,254.00","3,310.00","3,298.50","3,299.75","3,503.83",0,"10,225","25,572.20","30,539.40","52,648.50","125,774.68"
2019-01-09,"3,320","3,335","3,290","3,335","3,270.00","3,302.50","3,300.50","3,298.00","3,504.71",67,"12,196","16,073.00","30,058.15","51,432.32","125,574.63"
2019-01-10,"3,335","3,350","3,290","3,315","3,295.00","3,297.50","3,304.25","3,296.00","3,504.46",0,"19,042","14,481.00","30,350.15","51,123.32","125,386.54"
2019-01-11,"3,315","3,390","3,300","3,370","3,327.00","3,302.00","3,315.75","3,294.17","3,505.13",0,"22,806","15,521.40","29,619.75","51,180.37","125,297.08"
2019-01-14,"3,390","3,405","3,330","3,405","3,350.00","3,309.50","3,329.50","3,292.58","3,505.83",0,"39,355","20,724.80","28,772.60","51,331.50","125,345.79"
2019-01-15,"3,365","3,400","3,320","3,340","3,353.00","3,303.50","3,335.75","3,290.33","3,505.50",0,"42,899","27,259.60","30,147.30","51,427.42","125,201.38"
2019-01-16,"3,375","3,440","3,345","3,385","3,363.00","3,316.50","3,342.25","3,288.42","3,505.04",0,"14,509","27,722.20","29,569.50","51,356.45","124,714.94"
2019-01-17,"3,405","3,415","3,345","3,395","3,379.00","3,337.00","3,343.50","3,288.25","3,505.58",0,"21,006","28,115.00","28,454.45","51,104.45","124,392.45"
2019-01-18,"3,415","3,455","3,365","3,435","3,392.00","3,359.50","3,344.75","3,289.08","3,506.58",0,"69,355","37,424.80","29,898.15","51,134.22","124,760.88"
2019-01-21,"3,460","3,570","3,400","3,570","3,425.00","3,387.50","3,352.75","3,294.83","3,509.13",0,"85,010","46,555.80","32,926.55","51,097.83","125,327.08"
2019-01-22,"3,575","3,580","3,530","3,575","3,472.00","3,412.50","3,361.25","3,302.83","3,511.83",0,"27,830","43,542.00","33,780.55","48,022.88","125,340.16"
2019-01-23,"3,575","3,605","3,550","3,600","3,515.00","3,439.00","3,370.75","3,311.17","3,514.50",0,"46,697","49,979.60","31,787.45","46,581.98","125,675.15"
2019-01-24,"3,600","3,690","3,555","3,655","3,567.00","3,473.00","3,385.25","3,323.33","3,516.63",0,"63,333","58,445.00","33,661.75","46,099.62","126,022.67"
2019-01-25,"3,695","3,695","3,650","3,690","3,618.00","3,505.00","3,403.50","3,333.92","3,519.08",0,"26,177","49,809.40","33,442.70","45,208.42","126,079.12"
2019-01-28,"3,710","3,900","3,535","3,550","3,614.00","3,519.50","3,414.50","3,340.92","3,521.00",0,"232,975","79,402.40","43,988.20","48,827.42","127,604.80"
2019-01-29,"3,550","3,560","3,420","3,550","3,609.00","3,540.50","3,422.00","3,346.67","3,522.33",28,"124,890","98,814.40","48,797.05","49,988.82","128,466.48"
2019-01-30,"3,550","3,565","3,475","3,545","3,598.00","3,556.50","3,436.50","3,350.50","3,522.38",0,"48,451","99,165.20","48,235.00","50,270.38","122,217.97"
2019-01-31,"3,575","3,575","3,470","3,560","3,579.00","3,573.00","3,455.00","3,356.50","3,521.58",0,"54,149","97,328.40","49,592.35","50,515.63","109,117.77"
2019-02-01,"3,560","3,635","3,540","3,625","3,566.00","3,592.00","3,475.75","3,362.33","3,521.71",0,"25,405","97,174.00","49,982.40","50,106.80","108,131.35"
2019-02-07,"3,630","3,640","3,570","3,600","3,576.00","3,595.00","3,491.25","3,368.58","3,521.71",0,"24,956","55,570.20","50,563.30","49,955.78","106,953.59"
2019-02-08,"3,600","3,625","3,500","3,615","3,589.00","3,599.00","3,505.75","3,374.75","3,519.38",20,"41,751","38,942.40","52,139.60","50,469.28","83,904.99"
2019-02-11,"3,615","3,645","3,535","3,615","3,603.00","3,600.50","3,519.75","3,381.25","3,518.13",0,"43,982","38,048.60","53,728.90","50,755.32","80,556.19"
2019-02-12,"3,630","3,670","3,545","3,585","3,608.00","3,593.50","3,533.25","3,386.92","3,517.46",0,"55,458","38,310.40","55,549.70","51,040.17","79,178.41"
2019-02-13,"3,590","3,845","3,520","3,540","3,591.00","3,578.50","3,541.75","3,391.25","3,517.58",66,"339,284","101,086.20","71,373.60","56,192.63","79,989.32"
2019-02-14,"3,580","3,580","3,525","3,575","3,586.00","3,581.00","3,550.25","3,396.67","3,517.04",0,"85,731","113,241.20","73,692.40","49,132.28","79,374.65"
2019-02-15,"3,570","3,585","3,465","3,565","3,576.00","3,582.50","3,561.50","3,402.50","3,514.88",0,"81,623","121,215.60","75,628.60","48,296.57","77,021.78"
2019-02-18,"3,575","3,590","3,535","3,580","3,569.00","3,586.00","3,571.25","3,408.25","3,512.88",0,"18,521","116,123.40","75,829.20","47,590.55","76,045.67"
2019-02-19,"3,590","3,600","3,515","3,580","3,568.00","3,588.00","3,580.50","3,412.50","3,511.79",0,"34,743","111,980.40","76,516.05","46,916.85","75,341.37"
2019-02-20,"3,580","3,745","3,560","3,680","3,596.00","3,593.50","3,592.75","3,417.58","3,511.25",0,"94,055","62,934.60","77,751.05","47,736.23","75,264.41"
2019-02-21,"3,680","3,725","3,430","3,575","3,596.00","3,591.00","3,593.00","3,420.92","3,510.00",0,"69,657","59,719.80","76,983.40","47,586.82","75,286.80"
2019-02-22,"3,575","3,630","3,550","3,595","3,602.00","3,589.00","3,594.00","3,423.67","3,508.92",0,"33,555","50,106.20","77,269.65","46,680.32","75,050.97"
2019-02-25,"3,610","3,750","3,595","3,710","3,628.00","3,598.50","3,599.50","3,429.42","3,508.71",0,"102,411","66,884.20","80,055.35","47,871.15","75,464.05"
2019-02-26,"3,725","3,790","3,670","3,715","3,655.00","3,611.50","3,602.50","3,435.17","3,508.75",33,"58,578","71,651.20","79,817.60","48,520.37","75,063.19"
2019-02-27,"3,780","3,780","3,665","3,710","3,661.00","3,628.50","3,603.50","3,440.92","3,508.17",0,"31,774","59,195.00","80,097.45","48,411.53","74,398.31"
2019-02-28,"3,660","3,720","3,485","3,535","3,653.00","3,624.50","3,602.75","3,444.67","3,505.58",0,"70,721","59,407.80","71,984.75","49,066.07","74,376.88"
2019-03-04,"3,540","3,670","3,540","3,645","3,663.00","3,632.50","3,607.50","3,450.08","3,503.88",58,"47,900","62,276.80","68,135.25","49,530.97","74,375.94"
2019-03-05,"3,655","3,655","3,590","3,630","3,647.00","3,637.50","3,611.75","3,455.42","3,501.96",0,"22,286","46,251.80","66,827.00","49,147.45","72,516.62"
2019-03-06,"3,670","3,730","3,630","3,675","3,639.00","3,647.00","3,617.50","3,460.08","3,500.46",0,"96,778","53,891.80","68,958.45","50,164.95","72,057.35"
2019-03-07,"3,675","3,730","3,520","3,545","3,606.00","3,633.50","3,613.50","3,462.58","3,496.83",30,"91,237","65,784.40","72,250.05","51,315.10","71,107.73"
2019-03-08,"3,500","3,560","3,480","3,500","3,599.00","3,626.00","3,608.50","3,465.33","3,492.58",0,"62,624","64,165.00","74,133.45","51,980.98","70,485.82"
2019-03-11,"3,500","3,570","3,425","3,570","3,584.00","3,623.50","3,606.25","3,470.17","3,488.58",0,"41,293","62,843.60","74,110.55","52,263.18","67,995.97"
2019-03-12,"3,570","3,605","3,520","3,550","3,568.00","3,607.50","3,603.00","3,474.42","3,484.79",0,"33,642","65,114.80","73,593.55","52,460.20","67,340.66"
2019-03-13,"3,590","3,620","3,520","3,560","3,545.00","3,592.00","3,601.75","3,479.75","3,480.71",70,"24,833","50,725.80","72,062.30","52,654.05","65,916.13"
2019-03-14,"3,560","3,680","3,560","3,680","3,572.00","3,589.00","3,608.75","3,488.75","3,477.63",0,"54,587","43,395.80","57,827.45","52,940.27","65,716.81"
2019-03-15,"3,700","3,820","3,665","3,745","3,621.00","3,610.00","3,617.25","3,499.00","3,474.67",0,"116,321","54,135.20","59,356.95","53,940.65","65,638.92"
2019-03-18,"3,790","3,845","3,700","3,750","3,657.00","3,620.50","3,626.50","3,507.92","3,469.88",0,"105,408","66,958.20","60,546.20","55,440.70","62,972.47"
2019-03-19,"3,825","3,825","3,680","3,750","3,697.00","3,632.50","3,635.00","3,516.17","3,466.21",0,"66,836","73,597.00","62,961.95","56,120.22","61,036.79"
2019-03-20,"3,740","3,740","3,580","3,710","3,727.00","3,636.00","3,641.50","3,521.83","3,462.79",20,"68,970","82,424.40","64,673.30","56,547.93","59,840.06"
2019-03-21,"3,710","3,715","3,455","3,515","3,694.00","3,633.00","3,633.25","3,523.58","3,457.63",23,"256,756","122,858.20","72,808.35","60,152.52","61,108.78"
2019-03-22,"3,535","3,560","3,470","3,560","3,657.00","3,639.00","3,632.50","3,526.08","3,454.33",58,"41,559","107,905.80","71,403.45","60,437.80","60,158.54"
2019-03-25,"3,540","3,540","3,450","3,485","3,604.00","3,630.50","3,627.00","3,527.42","3,450.38",0,"34,896","93,803.40","71,470.50","60,840.23","59,849.22"
2019-03-26,"3,500","3,570","3,485","3,495","3,553.00","3,625.00","3,616.25","3,528.83","3,446.50",0,"28,193","86,074.80","67,759.60","59,867.47","59,622.49"
2019-03-27,"3,535","3,545","3,490","3,535","3,518.00","3,622.50","3,607.25","3,531.67","3,443.13",0,"12,658","74,812.40","65,463.60","59,647.65","58,826.21"
2019-03-28,"3,525","3,625","3,460","3,570","3,529.00","3,611.50","3,600.25","3,535.75","3,440.50",0,"58,724","35,206.00","66,811.10","60,117.08","59,075.52"
2019-03-29,"3,610","3,665","3,535","3,630","3,543.00","3,600.00","3,605.00","3,540.75","3,439.33",0,"62,613","39,416.80","66,405.70","60,792.88","59,051.13"
2019-04-01,"3,680","3,770","3,635","3,640","3,574.00","3,589.00","3,604.75","3,544.75","3,438.04",29,"108,099","54,057.40","69,415.65","62,115.98","59,549.09"
2019-04-02,"3,650","3,660","3,555","3,580","3,591.00","3,572.00","3,602.25","3,550.17","3,437.04",0,"81,767","64,772.20","72,389.70","62,483.90","59,747.48"
2019-04-03,"3,560","3,610","3,540","3,560","3,596.00","3,557.00","3,596.50","3,556.33","3,436.13",0,"53,682","72,977.00","70,234.90","62,928.57","59,774.75"
2019-04-04,"3,565","3,740","3,540","3,735","3,629.00","3,579.00","3,606.00","3,565.08","3,436.08",70,"120,954","85,423.00","71,720.75","64,651.07","60,396.43"
2019-04-05,"3,750","3,750","3,640","3,645","3,632.00","3,587.50","3,613.25","3,571.00","3,436.00",44,"64,333","85,767.00","71,806.20","65,500.98","60,303.88"
2019-04-08,"3,645","3,680","3,620","3,675","3,639.00","3,606.50","3,618.50","3,576.83","3,438.29",0,"53,490","74,845.20","72,416.05","66,222.07","59,435.28"
2019-04-09,"3,675","3,700","3,610","3,640","3,651.00","3,621.00","3,623.00","3,581.92","3,439.96",0,"56,131","69,718.00","73,540.50","66,954.32","59,193.32"
2019-04-10,"3,620","3,645","3,585","3,645","3,668.00","3,632.00","3,627.25","3,587.42","3,441.71",0,"39,031","66,787.80","74,250.40","67,287.47","59,205.39"
2019-04-11,"3,670","3,675","3,600","3,625","3,646.00","3,637.50","3,624.50","3,591.67","3,442.92",0,"43,833","51,363.60","73,712.70","67,637.92","59,409.14"
2019-04-12,"3,640","3,680","3,600","3,650","3,647.00","3,639.50","3,619.75","3,595.75","3,444.17",0,"64,003","51,297.60","71,096.80","68,048.72","59,690.11"
2019-04-15,"3,665","3,825","3,625","3,800","3,672.00","3,655.50","3,622.25","3,603.42","3,446.88",0,"306,726","101,944.80","81,162.70","72,445.83","61,936.63"
2019-04-16,"3,815","3,935","3,755","3,815","3,707.00","3,679.00","3,625.50","3,610.58","3,449.50",0,"335,464","157,811.40","94,594.10","77,795.08","64,575.77"
2019-04-17,"3,880","3,990","3,850","3,970","3,772.00","3,720.00","3,638.50","3,620.17","3,454.21",0,"269,027","203,810.60","104,596.95","81,928.77","66,516.61"
2019-04-18,"3,995","4,020","3,695","3,710","3,789.00","3,717.50","3,648.25","3,624.75","3,456.92",39,"298,017","254,647.40","106,660.00","85,739.80","68,437.01"
2019-04-19,"3,750","3,845","3,720","3,790","3,817.00","3,732.00","3,659.75","3,628.42","3,461.63",0,"87,746","259,396.00","108,969.35","85,785.40","68,441.62"
2019-04-22,"3,790","3,865","3,750","3,795","3,816.00","3,744.00","3,675.25","3,632.08","3,467.46",0,"87,519","215,554.60","111,600.50","86,780.22","67,401.55"
2019-04-23,"3,805","3,840","3,755","3,830","3,819.00","3,763.00","3,692.00","3,635.92","3,473.54",0,"71,031","162,668.00","113,742.40","87,185.78","66,883.88"
2019-04-24,"3,825","3,860","3,745","3,795","3,784.00","3,778.00","3,705.00","3,638.25","3,480.79",0,"81,541","125,170.80","117,186.55","87,489.25","66,794.43"
2019-04-25,"3,790","3,840","3,725","3,730","3,788.00","3,788.50","3,713.00","3,638.92","3,486.42",0,"63,969","78,361.20","117,448.80","88,119.12","66,663.77"
2019-04-26,"3,735","3,810","3,675","3,780","3,786.00","3,801.50","3,720.50","3,642.75","3,491.83",0,"53,501","71,512.20","116,993.20","85,127.88","66,977.65"
2019-04-29,"3,800","3,800","3,695","3,760","3,779.00","3,797.50","3,726.50","3,646.25","3,496.46",0,"57,750","65,558.40","114,475.75","84,008.88","66,998.85"
2019-04-30,"3,710","3,770","3,690","3,760","3,765.00","3,792.00","3,735.50","3,649.83","3,500.17",0,"55,789","62,510.00","113,176.85","84,131.18","67,200.78"
2019-05-02,"3,775","3,775","3,690","3,715","3,749.00","3,766.50","3,743.25","3,652.42","3,504.46",0,"58,348","57,871.40","113,410.15","84,201.17","67,358.40"
2019-05-03,"3,685","3,750","3,585","3,625","3,728.00","3,758.00","3,737.75","3,652.42","3,507.38",0,"121,162","69,310.00","113,420.55","85,797.12","67,951.96"
2019-05-07,"3,600","3,730","3,580","3,710","3,714.00","3,750.00","3,741.00","3,654.25","3,511.42",60,"83,022","75,214.20","114,355.00","86,764.88","68,360.33"
2019-05-08,"3,710","3,875","3,695","3,870","3,736.00","3,757.50","3,750.75","3,658.50","3,516.63",61,"172,996","98,263.40","120,330.30","88,952.30","69,710.79"
2019-05-09,"3,875","3,920","3,700","3,710","3,726.00","3,745.50","3,754.25","3,660.08","3,520.67",0,"99,898","107,085.20","122,518.65","89,884.23","70,319.77"
2019-05-10,"3,675","3,900","3,600","3,850","3,753.00","3,751.00","3,764.50","3,664.50","3,525.71",0,"215,100","138,435.60","131,322.10","92,544.93","71,792.55"
2019-05-13,"3,825","3,920","3,800","3,900","3,808.00","3,768.00","3,778.25","3,670.50","3,530.88",0,"108,925","135,988.20","134,576.70","88,705.62","72,449.13"
2019-05-14,"3,865","3,960","3,800","3,920","3,850.00","3,782.00","3,791.75","3,676.25","3,536.46",12,"160,807","151,545.20","139,416.90","89,956.88","69,544.58"
2019-05-15,"3,940","3,955","3,855","3,855","3,847.00","3,791.50","3,794.50","3,681.08","3,541.79",0,"119,456","140,837.20","130,053.40","90,587.43","69,442.00"
2019-05-16,"3,720","3,805","3,540","3,600","3,825.00","3,775.50","3,783.75","3,681.42","3,544.83",0,"463,013","213,460.20","136,430.85","97,995.63","72,793.09"
2019-05-17,"3,610","3,710","3,610","3,630","3,781.00","3,767.00","3,766.75","3,682.25","3,547.38",0,"71,921","184,824.40","126,575.55","98,615.27","72,766.06"
2019-05-20,"3,630","3,730","3,595","3,615","3,724.00","3,766.00","3,762.00","3,681.17","3,549.38",0,"34,030","169,845.40","113,376.20","97,614.85","72,675.54"
2019-05-21,"3,615","3,665","3,605","3,630","3,666.00","3,758.00","3,754.00","3,682.08","3,551.50",0,"51,720","148,028.00","111,574.90","97,315.90","72,451.36"
2019-05-22,"3,635","3,700","3,570","3,675","3,630.00","3,738.50","3,748.00","3,683.42","3,553.54",0,"72,276","138,592.00","110,812.75","97,961.25","72,320.78"
2019-05-23,"3,680","3,700","3,590","3,610","3,632.00","3,728.50","3,737.00","3,681.75","3,555.58",0,"37,892","53,567.80","109,155.80","96,885.93","72,378.54"
2019-05-24,"3,610","3,615","3,500","3,530","3,612.00","3,696.50","3,723.75","3,678.67","3,556.92",0,"68,257","52,835.00","108,491.60","97,047.25","72,783.81"
2019-05-27,"3,540","3,550","3,450","3,530","3,595.00","3,659.50","3,713.75","3,675.67","3,558.29",0,"52,037","56,436.40","107,895.00","97,384.97","72,898.25"
2019-05-28,"3,525","3,625","3,500","3,620","3,593.00","3,629.50","3,705.75","3,677.08","3,560.88",0,"32,843","52,661.00","106,862.10","96,753.67","72,909.87"
2019-05-29,"3,600","3,635","3,550","3,620","3,582.00","3,606.00","3,698.75","3,676.67","3,563.38",0,"21,146","42,435.00","105,031.90","96,307.77","72,919.37"
2019-05-30,"3,620","3,630","3,535","3,535","3,567.00","3,599.50","3,687.50","3,675.08","3,565.25",0,"37,346","42,325.80","104,109.75","96,558.77","72,853.11"
2019-05-31,"3,530","3,595","3,450","3,460","3,553.00","3,582.50","3,674.75","3,671.50","3,565.79",0,"90,550","46,784.40","105,719.85","96,454.97","73,309.96"
2019-06-03,"3,490","3,490","3,390","3,450","3,537.00","3,566.00","3,666.00","3,669.92","3,566.25",0,"35,074","43,391.80","101,415.45","95,518.92","73,417.01"
2019-06-04,"3,415","3,455","3,400","3,450","3,503.00","3,548.00","3,653.00","3,669.08","3,567.21",0,"26,702","42,163.60","98,599.45","94,920.22","73,450.60"
2019-06-05,"3,450","3,495","3,450","3,480","3,475.00","3,528.50","3,633.50","3,667.58","3,568.88",0,"14,612","40,856.80","90,680.25","94,475.53","73,369.36"
2019-06-07,"3,470","3,505","3,445","3,460","3,460.00","3,513.50","3,621.00","3,666.08","3,570.25",0,"25,641","38,515.80","86,967.40","94,342.18","73,401.19"
2019-06-10,"3,475","3,545","3,460","3,510","3,470.00","3,511.50","3,604.00","3,665.25","3,572.50",0,"20,899","24,585.60","77,257.35","94,276.62","73,465.33"
2019-06-11,"3,515","3,700","3,510","3,615","3,503.00","3,520.00","3,589.75","3,664.17","3,576.46",0,"65,384","30,647.60","75,080.30","94,456.57","73,698.42"
2019-06-12,"3,625","3,675","3,570","3,600","3,533.00","3,518.00","3,573.75","3,661.75","3,580.38",0,"36,073","32,521.80","68,843.60","93,119.10","73,529.88"
2019-06-13,"3,595","3,630","3,535","3,565","3,550.00","3,512.50","3,559.25","3,658.67","3,583.29",0,"23,277","34,254.80","64,034.65","91,750.25","73,595.48"
2019-06-14,"3,565","3,565","3,455","3,480","3,554.00","3,507.00","3,553.25","3,654.17","3,585.17",23,"57,322","40,591.00","43,750.10","91,591.68","73,855.95"
2019-06-17,"3,515","3,515","3,455","3,490","3,550.00","3,510.00","3,546.25","3,650.50","3,586.17",70,"5,695","37,550.20","40,438.80","90,537.10","73,542.52"
2019-06-18,"3,485","3,490","3,435","3,485","3,524.00","3,513.50","3,539.75","3,650.00","3,586.79",0,"12,189","26,911.20","39,346.75","86,460.98","73,306.75"
2019-06-19,"3,485","3,560","3,475","3,535","3,511.00","3,522.00","3,535.00","3,649.58","3,587.83",0,"21,299","23,956.40","37,825.70","86,123.32","73,280.56"
2019-06-20,"3,535","3,550","3,495","3,525","3,503.00","3,526.50","3,527.50","3,650.25","3,588.83",0,"10,896","21,480.20","34,756.70","85,723.32","73,281.77"
2019-06-21,"3,540","3,550","3,455","3,500","3,507.00","3,530.50","3,522.00","3,650.33","3,589.58",0,"26,877","15,391.20","34,205.95","85,701.38","72,784.43"
2019-06-24,"3,540","3,540","3,480","3,500","3,509.00","3,529.50","3,520.50","3,649.75","3,590.71",0,"14,653","17,182.80","31,525.75","85,734.63","72,691.14"
2019-06-25,"3,615","3,620","3,525","3,540","3,520.00","3,522.00","3,521.00","3,649.25","3,592.50",0,"80,416","30,828.20","32,944.70","86,096.17","73,106.63"
2019-06-26,"3,545","3,580","3,430","3,435","3,500.00","3,505.50","3,511.75","3,646.00","3,593.38",0,"29,451","32,458.60","32,775.10","85,543.47","73,168.18"
2019-06-27,"3,430","3,470","3,375","3,435","3,482.00","3,492.50","3,502.50","3,642.58","3,593.67",54,"60,595","42,398.40","34,747.55","84,751.73","73,433.86"
2019-06-28,"3,435","3,450","3,380","3,435","3,469.00","3,488.00","3,497.50","3,640.17","3,595.17",0,"54,192","47,861.40","35,589.85","84,292.15","73,388.02"
2019-07-01,"3,380","3,450","3,380","3,430","3,455.00","3,482.00","3,496.00","3,638.00","3,597.17",70,"39,023","52,735.40","33,013.50","84,047.83","73,488.20"
2019-07-02,"3,430","3,435","3,365","3,430","3,433.00","3,476.50","3,495.00","3,632.92","3,599.00",0,"52,692","47,190.60","33,894.40","82,910.13","73,780.60"
2019-07-03,"3,430","3,450","3,395","3,450","3,436.00","3,468.00","3,495.00","3,629.67","3,600.33",0,"24,476","46,195.60","33,783.10","82,245.85","73,873.42"
2019-07-04,"3,450","3,480","3,385","3,425","3,434.00","3,458.00","3,492.25","3,625.50","3,601.17",0,"41,830","42,442.60","35,144.00","82,051.52","74,136.79"
2019-07-05,"3,450","3,460","3,400","3,455","3,438.00","3,453.50","3,492.00","3,622.42","3,602.17",0,"13,137","34,231.60","34,518.80","81,334.95","74,144.63"
2019-07-08,"3,455","3,455","3,355","3,360","3,424.00","3,439.50","3,484.50","3,617.67","3,602.54",2,"38,042","34,035.40","35,375.95","81,318.47","74,302.97"
2019-07-09,"3,365","3,420","3,345","3,345","3,407.00","3,420.00","3,471.00","3,613.00","3,602.33",0,"10,442","25,585.40","32,628.85","80,761.95","74,199.93"
2019-07-10,"3,345","3,415","3,340","3,385","3,394.00","3,415.00","3,460.25","3,608.58","3,602.17",0,"20,168","24,723.80","31,833.60","80,031.37","74,040.04"
2019-07-11,"3,385","3,440","3,360","3,430","3,395.00","3,414.50","3,453.50","3,602.42","3,602.92",0,"12,108","18,779.40","31,275.15","75,121.07","73,783.45"
2019-07-12,"3,445","3,445","3,375","3,395","3,383.00","3,410.50","3,449.25","3,595.42","3,603.00",0,"9,859","18,123.80","28,902.00","69,694.32","73,744.70"
2019-07-15,"3,395","3,395","3,265","3,280","3,367.00","3,395.50","3,438.75","3,583.92","3,602.04",0,"55,440","21,603.40","31,389.25","66,134.53","74,031.65"
2019-07-16,"3,285","3,345","3,220","3,230","3,344.00","3,375.50","3,426.00","3,575.92","3,600.33",0,"37,071","26,929.20","32,633.35","61,785.43","73,762.62"
2019-07-17,"3,230","3,260","3,150","3,190","3,305.00","3,349.50","3,408.75","3,565.92","3,597.17",0,"40,405","30,976.60","33,588.65","60,996.42","73,390.91"
2019-07-18,"3,190","3,235","3,150","3,235","3,266.00","3,330.50","3,394.25","3,556.58","3,594.33",70,"12,926","31,140.20","33,690.15","59,753.20","73,266.71"
2019-07-19,"3,235","3,285","3,175","3,280","3,243.00","3,313.00","3,383.25","3,547.42","3,591.67",0,"12,592","31,686.80","32,975.90","58,779.22","72,982.50"
2019-07-22,"3,280","3,280","3,235","3,245","3,236.00","3,301.50","3,370.50","3,538.25","3,588.25",0,"4,885","21,575.80","32,487.50","57,501.62","72,495.43"
2019-07-23,"3,290","3,290","3,200","3,210","3,232.00","3,288.00","3,354.00","3,529.58","3,584.25",0,"22,461","18,653.80","29,589.75","56,809.82","72,464.47"
2019-07-24,"3,210","3,225","3,155","3,190","3,232.00","3,268.50","3,341.75","3,519.75","3,581.25",0,"10,464","12,665.60","28,640.40","56,092.53","70,610.21"
2019-07-25,"3,150","3,185","3,085","3,165","3,218.00","3,242.00","3,328.25","3,509.83","3,578.04",0,"26,549","15,390.20","26,938.10","55,572.52","69,790.70"
2019-07-26,"3,190","3,190","3,000","3,120","3,186.00","3,214.50","3,312.50","3,499.17","3,574.50",0,"23,650","17,601.80","25,411.00","55,036.87","69,584.02"
2019-07-29,"3,025","3,090","2,930","2,955","3,128.00","3,182.00","3,288.75","3,486.50","3,569.46",0,"96,146","35,854.00","28,267.15","55,666.83","69,934.00"
2019-07-30,"2,960","3,050","2,945","3,020","3,090.00","3,161.00","3,268.25","3,476.42","3,564.42",8,"124,531","56,268.00","31,859.10","55,722.98","70,760.05"
2019-07-31,"3,045","3,055","2,970","3,025","3,057.00","3,144.50","3,247.00","3,465.00","3,559.63",0,"14,237","57,022.60","31,347.15","54,576.57","70,670.73"
2019-08-01,"3,050","3,065","3,020","3,045","3,033.00","3,125.50","3,228.00","3,451.25","3,554.88",0,"5,955","52,903.80","29,553.40","51,792.55","70,372.43"
2019-08-02,"2,995","3,080","2,980","3,080","3,025.00","3,105.50","3,209.25","3,440.75","3,550.42",0,"11,714","50,516.60","29,482.25","50,322.82","70,103.52"
2019-08-05,"3,095","3,095","2,930","2,945","3,023.00","3,075.50","3,188.50","3,425.67","3,545.08",2,"28,149","36,917.20","28,987.60","47,206.97","69,875.95"
2019-08-06,"2,930","2,985","2,790","2,900","2,999.00","3,044.50","3,166.25","3,409.00","3,539.75",0,"36,009","19,212.80","30,265.95","45,991.70","67,348.66"
2019-08-07,"2,870","2,940","2,845","2,915","2,977.00","3,017.00","3,142.75","3,392.25","3,534.25",0,"23,884","21,142.20","30,451.75","43,709.65","66,833.27"
2019-08-08,"2,870","2,975","2,840","2,970","2,962.00","2,997.50","3,119.75","3,377.50","3,529.29",0,"65,366","33,024.40","33,114.65","42,808.15","66,697.79"
2019-08-09,"2,975","3,020","2,965","3,005","2,947.00","2,986.00","3,100.25","3,367.58","3,524.50",0,"6,430","31,967.60","32,943.20","35,198.43","66,597.03"
2019-08-12,"2,975","3,035","2,975","3,020","2,962.00","2,992.50","3,087.25","3,357.42","3,519.83",0,"35,177","33,373.20","31,930.05","34,586.03","66,600.65"
2019-08-13,"3,035","3,035","2,980","3,000","2,982.00","2,990.50","3,075.75","3,347.17","3,514.17",0,"16,613","29,494.00","30,907.15","34,295.75","65,955.30"
2019-08-14,"3,030","3,235","3,030","3,190","3,037.00","3,007.00","3,075.75","3,339.83","3,510.96",0,"58,319","36,381.00","31,802.85","34,405.73","65,860.82"
2019-08-16,"3,235","3,235","3,015","3,090","3,061.00","3,011.50","3,068.50","3,330.08","3,506.75",30,"24,429","28,193.60","32,378.00","33,608.28","65,784.77"
2019-08-19,"3,090","3,105","3,020","3,090","3,078.00","3,012.50","3,059.00","3,321.42","3,501.58",0,"26,986","32,304.80","33,097.70","33,426.52","65,156.22"
2019-08-20,"3,085","3,100","3,040","3,095","3,093.00","3,027.50","3,051.50","3,314.17","3,496.42",0,"5,126","26,294.60","33,109.75","32,374.33","64,710.79"
2019-08-21,"3,095","3,110","3,035","3,090","3,111.00","3,046.50","3,045.50","3,306.83","3,491.25",0,"22,593","27,490.60","33,116.35","31,883.60","64,634.28"
2019-08-22,"3,125","3,190","3,055","3,105","3,094.00","3,065.50","3,041.25","3,298.25","3,487.67",0,"18,162","19,459.20","33,501.25","31,638.92","64,196.29"
2019-08-23,"3,105","3,105","3,025","3,065","3,089.00","3,075.00","3,036.25","3,289.00","3,482.83",0,"21,745","18,922.40","33,261.05","31,648.90","63,978.33"
2019-08-26,"3,055","3,055","2,860","2,895","3,050.00","3,064.00","3,025.00","3,278.33","3,476.71",23,"66,906","26,906.40","35,423.85","32,141.57","64,350.17"
2019-08-27,"2,900","3,005","2,900","2,960","3,023.00","3,058.00","3,025.25","3,270.00","3,470.75",58,"11,980","28,277.20","31,215.55","30,832.07","63,643.52"
2019-08-28,"2,955","3,005","2,940","2,990","3,003.00","3,057.00","3,023.75","3,262.33","3,466.13",59,"15,453","26,849.20","25,761.65","30,505.05","63,011.98"
2019-08-29,"2,960","3,005","2,930","2,930","2,968.00","3,031.00","3,019.00","3,253.67","3,461.38",0,"26,564","28,529.60","26,378.00","30,502.75","62,711.48"
2019-08-30,"2,920","3,025","2,920","3,000","2,955.00","3,022.00","3,016.75","3,245.67","3,456.63",0,"25,113","29,203.20","27,335.90","30,677.77","62,576.65"
2019-09-02,"3,000","3,085","2,950","3,055","2,987.00","3,018.50","3,015.50","3,238.92","3,452.50",0,"25,489","20,919.80","28,024.65","30,675.23","62,508.71"
2019-09-03,"3,025","3,075","3,025","3,040","3,003.00","3,013.00","3,020.25","3,231.08","3,448.17",0,"12,579","21,039.60","27,246.15","30,536.57","62,406.59"
2019-09-04,"3,040","3,065","3,000","3,060","3,017.00","3,010.00","3,028.25","3,221.83","3,443.00",0,"18,667","21,682.40","26,379.05","29,757.95","62,107.26"
2019-09-05,"3,060","3,085","2,995","2,995","3,030.00","2,999.00","3,032.25","3,211.75","3,436.75",0,"22,842","20,938.00","26,326.95","29,537.43","61,328.27"
2019-09-06,"3,000","3,010","2,910","2,955","3,021.00","2,988.00","3,031.50","3,201.58","3,430.13",0,"60,605","28,036.40","26,088.90","30,159.57","60,954.91"
2019-09-09,"2,980","2,980","2,925","2,935","2,997.00","2,992.00","3,028.00","3,192.50","3,423.33",0,"21,554","27,249.40","26,845.10","29,563.43","60,577.56"
2019-09-10,"2,960","2,975","2,940","2,965","2,982.00","2,992.50","3,025.25","3,183.75","3,417.13",0,"13,366","27,406.80","25,754.55","29,691.28","60,114.19"
2019-09-11,"2,970","3,095","2,970","2,995","2,969.00","2,993.00","3,025.00","3,175.58","3,412.79",66,"22,922","28,257.80","26,070.00","29,870.17","58,165.57"
2019-09-16,"2,995","3,060","2,995","3,025","2,975.00","3,002.50","3,016.75","3,167.08","3,408.33",0,"8,090","25,307.40","23,558.55","29,650.02","57,886.67"
2019-09-17,"3,030","3,060","3,015","3,040","2,992.00","3,006.50","3,014.25","3,159.00","3,404.63",30,"5,654","14,317.20","22,619.80","29,562.65","57,642.98"
2019-09-18,"3,065","3,090","3,015","3,015","3,008.00","3,002.50","3,010.50","3,150.92","3,400.63",0,"19,533","13,913.00","22,247.15","29,440.25","57,570.82"
2019-09-19,"3,010","3,040","3,000","3,015","3,018.00","3,000.00","3,006.50","3,142.83","3,396.29",0,"23,761","15,992.00","23,178.90","29,592.05","57,663.34"
2019-09-20,"3,015","3,035","3,000","3,030","3,025.00","2,997.00","3,003.50","3,134.33","3,391.79",0,"18,248","15,057.20","22,961.65","28,555.92","57,326.04"
2019-09-23,"3,035","3,085","3,015","3,075","3,035.00","3,005.00","3,002.00","3,128.33","3,387.17",0,"38,252","21,089.60","23,966.15","28,702.60","57,123.03"
2019-09-24,"3,090","3,090","3,030","3,055","3,038.00","3,015.00","3,001.50","3,122.00","3,382.29",0,"8,627","21,684.20","23,310.25","27,836.47","56,294.10"
2019-09-25,"3,055","3,080","2,975","2,995","3,034.00","3,021.00","3,006.50","3,114.67","3,377.42",0,"24,566","22,690.80","21,193.25","27,342.70","55,817.43"
2019-09-26,"2,995","3,020","2,985","2,990","3,029.00","3,023.50","3,008.00","3,107.33","3,372.67",42,"6,422","19,223.00","20,915.35","26,799.35","55,423.59"
2019-09-27,"2,995","3,000","2,965","2,985","3,020.00","3,022.50","3,007.75","3,099.92","3,366.42",0,"4,643","16,502.00","20,374.85","25,998.53","54,454.33"
2019-09-30,"2,990","3,020","2,975","3,015","3,008.00","3,021.50","3,012.00","3,092.67","3,361.17",0,"25,763","14,004.20","20,334.80","26,019.98","54,132.92"
2019-10-01,"3,025","3,040","2,960","3,040","3,005.00","3,021.50","3,014.00","3,086.25","3,355.88",20,"12,831","14,845.00","19,720.70","25,536.67","53,794.09"
2019-10-02,"3,040","3,040","2,980","3,015","3,009.00","3,021.50","3,012.00","3,078.92","3,350.67",30,"20,209","13,973.60","19,456.70","25,654.53","53,494.74"
2019-10-04,"3,015","3,030","2,960","3,020","3,015.00","3,022.00","3,011.00","3,073.25","3,345.46",0,"24,687","17,626.60","20,062.10","25,431.95","53,375.21"
2019-10-07,"3,020","3,020","2,955","2,990","3,016.00","3,018.00","3,007.50","3,067.33","3,340.17",0,"12,737","19,245.40","19,765.60","25,470.20","53,116.07"
2019-10-08,"3,015","3,030","2,965","3,015","3,016.00","3,012.00","3,008.50","3,061.17","3,334.88",0,"8,655","15,823.80","19,056.25","25,278.32","52,654.84"
2019-10-10,"3,035","3,035","2,945","3,010","3,010.00","3,007.50","3,011.25","3,054.17","3,328.29",71,"7,428","14,743.20","16,397.40","25,200.32","50,160.69"
2019-10-11,"2,930","3,005","2,930","3,005","3,008.00","3,008.50","3,014.75","3,047.67","3,321.54",0,"6,223","11,946.00","15,630.85","25,139.72","47,417.02"
2019-10-14,"2,975","3,040","2,960","3,000","3,004.00","3,009.50","3,016.50","3,043.00","3,313.46",0,"24,230","11,854.60","16,174.05","24,619.55","45,377.04"
2019-10-15,"3,000","3,040","2,990","3,040","3,014.00","3,015.00","3,018.75","3,039.83","3,307.88",0,"10,269","11,361.00","15,541.40","24,172.85","42,979.14"
2019-10-16,"3,050","3,050","2,990","3,015","3,014.00","3,015.00","3,018.25","3,036.92","3,301.42",0,"9,787","11,587.40","15,626.25","23,662.55","42,329.48"
2019-10-17,"3,035","3,035","2,980","2,985","3,009.00","3,009.50","3,015.50","3,032.75","3,294.67",0,"5,981","11,298.00","15,642.60","23,546.80","41,650.00"
2019-10-18,"3,030","3,030","2,970","3,020","3,012.00","3,010.00","3,015.75","3,028.42","3,287.92",0,"5,057","11,064.80","14,918.80","23,421.22","41,100.22"
2019-10-21,"3,020","3,020","2,955","3,000","3,012.00","3,008.00","3,015.00","3,024.33","3,281.29",0,"24,876","11,194.00","14,974.55","23,754.40","40,628.01"
2019-10-22,"3,030","3,030","2,970","2,975","2,999.00","3,006.50","3,012.25","3,020.42","3,275.00",0,"15,852","12,310.60","14,854.75","23,644.25","40,227.03"
2019-10-23,"3,000","3,000","2,935","2,945","2,985.00","2,999.50","3,005.75","3,016.33","3,268.04",0,"27,464","15,846.00","14,315.35","23,927.58","40,010.06"
2019-10-24,"2,955","2,970","2,800","2,950","2,978.00","2,993.50","3,000.50","3,012.75","3,261.29",71,"32,817","21,213.20","15,524.85","24,032.05","39,802.28"
2019-10-25,"2,885","2,970","2,885","2,920","2,958.00","2,985.00","2,996.75","3,009.42","3,254.29",0,"10,753","22,352.40","14,834.20","23,817.10","39,426.98"
2019-10-28,"2,970","2,975","2,920","2,945","2,947.00","2,979.50","2,994.50","3,009.25","3,247.88",0,"16,559","20,689.00","15,341.05","22,490.65","39,078.74"
2019-10-29,"2,980","2,995","2,945","2,980","2,948.00","2,973.50","2,994.25","3,008.58","3,242.50",0,"10,746","19,667.80","15,646.20","20,594.23","38,158.61"
2019-10-30,"3,000","3,000","2,960","2,995","2,958.00","2,971.50","2,993.25","3,008.08","3,236.54",0,"33,735","20,922.00","16,044.80","20,919.20","37,747.88"
2019-10-31,"3,005","3,035","2,935","2,995","2,967.00","2,972.50","2,991.00","3,007.25","3,229.25",0,"19,976","18,353.80","16,402.05","21,152.88","36,472.72"
2019-11-01,"3,010","3,010","2,970","3,005","2,984.00","2,971.00","2,990.50","3,006.00","3,223.38",0,"5,801","17,363.40","15,681.65","21,054.33","35,688.57"
2019-11-04,"2,985","3,030","2,985","3,005","2,996.00","2,971.50","2,989.75","3,007.00","3,216.33",0,"16,580","17,367.60","15,276.30","20,861.52","34,034.24"
2019-11-05,"3,005","3,025","2,985","3,015","3,003.00","2,975.50","2,991.00","3,008.92","3,208.96",0,"7,703","16,759.00","15,024.60","20,389.75","33,190.72"
2019-11-06,"3,015","3,045","2,985","3,010","3,006.00","2,982.00","2,990.75","3,010.50","3,201.38",0,"17,771","13,566.20","15,480.40","20,287.87","31,998.76"
2019-11-07,"3,010","3,030","2,985","3,020","3,011.00","2,989.00","2,991.25","3,011.33","3,194.42",0,"8,630","11,297.00","15,540.50","19,342.27","31,075.21"
2019-11-08,"3,045","3,045","2,995","3,045","3,019.00","3,001.50","2,993.25","3,012.00","3,189.79",0,"21,145","14,365.80","16,286.60","19,587.52","27,392.97"
2019-11-11,"3,045","3,045","3,020","3,045","3,027.00","3,011.50","2,995.50","3,012.42","3,184.92",30,"14,845","14,018.80","15,817.35","19,248.65","26,917.34"
2019-11-12,"3,000","3,055","3,000","3,045","3,033.00","3,018.00","2,995.75","3,013.17","3,180.17",0,"21,751","16,828.40","16,391.45","19,334.28","26,815.02"
2019-11-13,"3,055","3,085","3,030","3,050","3,041.00","3,023.50","2,997.50","3,010.83","3,175.33",33,"7,955","14,865.20","16,299.85","18,494.88","26,450.31"
2019-11-14,"3,085","3,085","3,040","3,060","3,049.00","3,030.00","3,001.25","3,010.33","3,170.21",30,"11,242","15,387.60","16,562.90","18,275.10","25,941.69"
2019-11-15,"3,075","3,075","3,005","3,005","3,041.00","3,030.00","3,000.50","3,008.92","3,165.17",0,"18,825","14,923.60","17,251.30","18,139.08","25,782.80"
2019-11-18,"3,010","3,040","3,000","3,005","3,033.00","3,030.00","3,000.75","3,007.42","3,160.79",0,"21,241","16,202.80","17,069.55","18,407.67","25,391.00"
2019-11-19,"3,035","3,035","2,985","3,000","3,024.00","3,028.50","3,002.00","3,005.92","3,156.38",0,"13,873","14,627.20","16,970.60","18,262.33","25,072.97"
2019-11-20,"3,020","3,020","2,970","2,990","3,012.00","3,026.50","3,004.25","3,004.00","3,151.13",0,"9,257","14,887.60","16,060.25","18,113.92","24,876.42"
2019-11-21,"3,015","3,020","2,960","2,985","2,997.00","3,023.00","3,006.00","3,002.67","3,145.83",0,"15,338","15,706.80","15,186.30","18,007.13","24,828.02"
2019-11-22,"3,025","3,025","2,965","2,980","2,992.00","3,016.50","3,009.00","3,004.08","3,141.21",0,"9,134","13,768.60","15,105.35","17,044.27","24,592.92"
2019-11-25,"3,000","3,000","2,965","2,995","2,990.00","3,011.50","3,011.50","3,004.67","3,137.33",70,"7,852","11,090.80","14,670.00","16,975.47","23,903.77"
2019-11-26,"2,995","3,010","2,980","2,980","2,986.00","3,005.00","3,011.50","3,004.50","3,133.42",0,"9,076","10,131.40","14,586.50","16,869.18","23,687.12"
2019-11-27,"3,025","3,025","2,975","2,995","2,987.00","2,999.50","3,011.50","3,005.58","3,129.63",0,"13,385","10,957.00","13,569.00","16,649.53","23,576.14"
2019-11-28,"2,995","3,035","2,985","2,985","2,987.00","2,992.00","3,011.00","3,005.33","3,125.50",66,"9,631","9,815.60","13,051.75","16,391.50","23,534.63"
2019-11-29,"2,985","3,015","2,985","3,010","2,993.00","2,992.50","3,011.25","3,004.58","3,121.75",70,"20,852","12,159.20","13,804.30","16,314.22","23,494.72"
2019-12-02,"3,010","3,010","2,950","2,950","2,984.00","2,987.00","3,008.50","3,003.08","3,117.08",2,"50,330","20,654.80","15,491.80","16,943.40","23,739.98"
2019-12-03,"2,920","2,930","2,800","2,925","2,973.00","2,979.50","3,004.00","3,000.83","3,111.33",71,"85,844","36,008.40","19,398.85","18,063.02","23,910.48"
2019-12-04,"2,925","2,970","2,900","2,925","2,959.00","2,973.00","2,999.75","2,999.67","3,105.71",0,"6,279","34,587.20","18,824.25","17,786.97","23,662.20"
2019-12-05,"2,950","2,950","2,855","2,915","2,945.00","2,966.00","2,994.50","2,999.00","3,100.29",0,"17,605","36,182.00","19,273.00","17,070.30","23,614.93"
2019-12-06,"2,915","2,960","2,900","2,900","2,923.00","2,958.00","2,987.25","2,998.42","3,095.46",0,"23,016","36,614.80","19,366.55","17,094.67","23,329.05"
2019-12-09,"2,900","2,915","2,805","2,845","2,902.00","2,943.00","2,977.25","2,996.42","3,090.08",0,"64,897","39,528.20","21,869.15","17,953.52","23,822.40"
2019-12-10,"2,800","2,860","2,800","2,840","2,885.00","2,929.00","2,967.00","2,993.83","3,084.71",54,"16,211","25,601.60","21,592.15","17,841.67","23,855.92"
2019-12-11,"2,840","2,875","2,825","2,870","2,874.00","2,916.50","2,958.00","2,991.25","3,079.17",0,"13,291","27,004.00","21,858.95","17,928.35","23,789.18"
2019-12-12,"2,870","2,900","2,870","2,880","2,867.00","2,906.00","2,949.00","2,988.58","3,073.79",68,"28,533","29,189.60","22,723.50","18,309.67","23,936.16"
2019-12-13,"2,915","2,940","2,875","2,880","2,863.00","2,893.00","2,942.75","2,986.33","3,068.63",0,"16,514","27,889.20","22,607.95","18,259.35","23,849.80"
2019-12-16,"2,900","2,950","2,885","2,945","2,883.00","2,892.50","2,939.75","2,985.17","3,064.00",0,"40,882","23,086.20","23,590.00","18,544.70","24,068.38"
2019-12-17,"2,975","3,095","2,965","3,085","2,932.00","2,908.50","2,944.00","2,986.08","3,060.21",18,"92,565","38,357.00","27,524.60","19,783.32","24,169.62"
2019-12-18,"3,100","3,165","3,035","3,140","2,986.00","2,930.00","2,951.50","2,987.17","3,057.75",0,"63,935","48,485.80","30,258.50","20,211.37","24,456.98"
2019-12-19,"3,145","3,200","3,105","3,115","3,033.00","2,950.00","2,958.00","2,988.17","3,055.08",0,"36,179","50,015.00","31,300.55","20,670.57","24,253.52"
2019-12-20,"3,115","4,045","3,115","4,045","3,266.00","3,064.50","3,011.25","3,005.67","3,060.17",18,"6,207,664","1,288,245.00","341,227.05","123,722.20","75,532.45"
2019-12-23,"3,525","3,565","3,235","3,265","3,330.00","3,106.50","3,024.75","3,010.25","3,058.79",37,"2,985,866","1,877,242.00","490,127.75","173,379.60","100,089.48"
2019-12-24,"3,240","3,240","3,070","3,105","3,334.00","3,133.00","3,031.00","3,012.25","3,056.08",38,"815,770","2,021,883.00","530,462.45","186,898.38","106,448.46"
2019-12-26,"3,080","3,145","3,055","3,110","3,328.00","3,157.00","3,036.75","3,013.83","3,053.25",0,"441,286","2,097,353.00","551,857.50","193,823.77","109,921.88"
2019-12-27,"3,120","3,125","3,070","3,115","3,328.00","3,180.50","3,043.25","3,015.08","3,050.67",0,"251,150","2,140,347.00","563,933.45","197,795.75","111,666.21"
2019-12-30,"3,140","3,150","3,095","3,115","3,142.00","3,204.00","3,048.50","3,016.75","3,047.83",0,"183,628","935,540.00","572,072.25","200,519.40","113,086.97"
2020-01-02,"3,130","3,250","3,105","3,250","3,139.00","3,234.50","3,063.50","3,020.58","3,046.92",0,"402,165","418,799.80","589,664.00","206,810.70","116,121.33"
2020-01-03,"3,245","3,280","3,185","3,235","3,165.00","3,249.50","3,079.00","3,024.67","3,046.00",0,"308,232","317,292.20","600,783.40","211,735.62","118,602.91"
2020-01-06,"3,205","3,300","3,185","3,220","3,187.00","3,257.50","3,093.75","3,028.08","3,044.63",0,"274,398","283,914.60","614,189.35","216,164.67","120,721.49"
2020-01-07,"3,230","3,310","3,210","3,245","3,213.00","3,270.50","3,110.25","3,032.00","3,043.08",0,"274,331","288,550.80","627,025.65","220,613.05","122,906.68"
2020-01-08,"3,295","3,295","3,080","3,100","3,210.00","3,176.00","3,120.25","3,033.58","3,040.63",39,"307,026","313,230.40","641,226.15","225,626.43","125,383.08"
2020-01-09,"3,185","3,290","3,170","3,290","3,218.00","3,178.50","3,142.50","3,038.42","3,040.71",58,"249,415","282,680.40","650,452.05","229,379.52","126,999.53"
2020-01-10,"3,335","3,395","3,260","3,390","3,249.00","3,207.00","3,170.00","3,044.25","3,042.04",59,"337,726","288,579.20","666,527.80","234,837.13","129,504.99"
2020-01-13,"3,390","3,390","3,325","3,355","3,276.00","3,231.50","3,194.25","3,049.92","3,043.42",17,"122,480","258,195.60","671,987.25","236,715.35","130,188.95"
2020-01-14,"3,385","3,385","3,310","3,340","3,295.00","3,254.00","3,217.25","3,055.83","3,044.29",0,"72,783","217,886.00","674,199.75","237,828.72","130,687.76"
2020-01-15,"3,345","3,495","3,340","3,475","3,370.00","3,290.00","3,247.00","3,063.42","3,045.92",0,"327,294","221,939.60","689,738.75","243,199.33","133,310.27"
2020-01-16,"3,480","3,485","3,415","3,435","3,399.00","3,308.50","3,271.50","3,070.67","3,047.50",0,"81,358","188,328.20","691,762.55","244,140.70","133,947.55"
2020-01-17,"3,440","3,485","3,415","3,435","3,408.00","3,328.50","3,289.00","3,078.33","3,049.38",30,"69,547","134,692.40","690,611.65","245,035.62","134,339.93"
2020-01-20,"3,405","3,440","3,315","3,335","3,404.00","3,340.00","3,298.75","3,084.83","3,050.58",0,"99,168","130,030.00","692,373.30","246,230.68","135,079.13"
2020-01-21,"3,335","3,450","3,330","3,390","3,414.00","3,354.50","3,312.50","3,092.17","3,052.46",0,"64,091","128,291.60","693,768.90","246,751.92","135,391.98"
2020-01-22,"3,390","3,670","3,345","3,490","3,417.00","3,393.50","3,284.75","3,101.67","3,055.54",0,"436,969","150,226.60","405,234.15","253,855.52","138,836.31"
2020-01-23,"3,450","3,450","3,350","3,380","3,406.00","3,402.50","3,290.50","3,108.92","3,059.08",0,"119,142","157,783.40","261,897.95","255,565.23","139,027.94"
2020-01-28,"3,235","3,340","3,220","3,320","3,383.00","3,395.50","3,301.25","3,114.58","3,061.58",0,"73,946","158,663.20","224,806.75","256,618.57","138,606.40"
2020-01-29,"3,305","3,435","3,295","3,410","3,398.00","3,401.00","3,316.25","3,121.50","3,064.79",0,"86,962","156,222.00","207,090.55","257,505.68","139,212.44"
2020-01-30,"3,410","3,460","3,315","3,370","3,394.00","3,404.00","3,329.00","3,127.75","3,067.50",0,"52,819","153,967.60","197,174.00","258,053.07","139,602.98"
2020-01-31,"3,340","3,590","3,330","3,350","3,366.00","3,391.50","3,340.75","3,133.50","3,069.75",29,"182,984","103,170.60","197,141.80","261,006.12","141,030.23"
2020-02-03,"3,345","3,780","3,345","3,535","3,397.00","3,401.50","3,355.00","3,142.33","3,074.67",0,"1,035,521","286,446.40","228,809.60","277,988.47","149,424.99"
2020-02-04,"3,530","3,625","3,470","3,555","3,444.00","3,413.50","3,371.00","3,151.33","3,080.13",0,"140,493","299,755.80","220,422.65","280,201.63","150,295.69"
2020-02-05,"3,520","3,635","3,515","3,555","3,473.00","3,435.50","3,387.75","3,160.42","3,085.46",0,"112,473","304,858.00","212,326.40","281,780.00","151,033.93"
2020-02-06,"3,590","3,625","3,500","3,540","3,507.00","3,450.50","3,402.50","3,169.08","3,090.21",0,"62,580","306,810.20","201,738.85","282,679.17","151,010.72"
2020-02-07,"3,540","3,620","3,410","3,565","3,550.00","3,458.00","3,425.75","3,177.75","3,094.88",0,"75,980","285,409.40","190,186.55","283,593.08","151,590.30"
2020-02-10,"3,540","3,585","3,485","3,555","3,554.00","3,475.50","3,439.00","3,186.25","3,099.33",0,"65,149","91,335.00","180,973.25","284,431.48","151,840.07"
2020-02-11,"3,555","3,555","3,495","3,535","3,550.00","3,497.00","3,446.25","3,194.42","3,103.79",0,"43,705","71,977.40","166,272.20","284,797.38","152,065.83"
2020-02-12,"3,535","3,650","3,530","3,535","3,546.00","3,509.50","3,455.25","3,202.50","3,106.67",0,"135,481","76,579.00","166,922.25","286,922.82","152,708.85"
2020-02-13,"3,510","3,615","3,500","3,535","3,545.00","3,526.00","3,465.00","3,210.42","3,110.38",0,"69,460","77,955.00","166,756.10","287,893.12","153,084.11"
2020-02-14,"3,570","3,570","3,420","3,490","3,530.00","3,540.00","3,465.75","3,218.50","3,113.71",0,"86,337","80,026.40","154,708.25","289,018.32","153,578.70"
2020-02-17,"3,465","3,495","3,400","3,400","3,499.00","3,526.50","3,464.00","3,225.08","3,116.25",0,"61,819","79,360.40","153,731.30","289,694.62","154,051.14"
2020-02-18,"3,430","3,455","3,260","3,450","3,482.00","3,516.00","3,464.75","3,232.58","3,119.25",71,"61,146","82,848.60","153,311.25","290,482.50","154,372.42"
2020-02-19,"3,430","3,480","3,370","3,460","3,467.00","3,506.50","3,471.00","3,240.42","3,122.21",0,"49,377","65,627.80","150,821.70","291,151.17","154,632.54"
2020-02-20,"3,465","3,640","3,400","3,525","3,465.00","3,505.00","3,477.75","3,249.42","3,126.04",0,"314,414","114,618.60","163,337.85","296,135.77","157,071.45"
2020-02-21,"3,525","3,590","3,400","3,430","3,453.00","3,491.50","3,474.75","3,256.92","3,130.50",0,"184,551","134,261.40","150,716.95","299,059.38","158,051.83"
2020-02-24,"3,470","3,720","3,430","3,440","3,461.00","3,480.00","3,477.75","3,264.33","3,134.50",69,"454,665","212,830.60","167,493.10","306,506.27","161,740.87"
2020-02-25,"3,410","3,470","3,315","3,460","3,463.00","3,472.50","3,484.75","3,272.33","3,138.42",0,"95,754","219,752.20","168,583.50","307,950.90","162,410.04"
2020-02-26,"3,385","3,495","3,385","3,455","3,462.00","3,464.50","3,487.00","3,280.00","3,142.79",0,"85,930","227,062.80","168,531.90","309,159.98","162,904.76"
2020-02-27,"3,455","3,495","3,330","3,370","3,431.00","3,448.00","3,487.00","3,286.42","3,145.88",0,"92,416","182,663.20","170,511.75","310,539.73","163,465.62"
2020-02-28,"3,340","3,340","3,115","3,160","3,377.00","3,415.00","3,477.50","3,288.92","3,146.75",0,"142,834","174,319.80","168,504.25","312,572.77","164,443.49"
2020-03-02,"3,065","3,250","3,050","3,200","3,329.00","3,395.00","3,460.75","3,293.08","3,148.08",9,"76,746","98,736.00","120,565.50","313,013.03","164,978.22"
2020-03-03,"3,210","3,315","3,210","3,290","3,295.00","3,379.00","3,447.50","3,299.17","3,150.00",0,"28,320","85,249.20","114,956.85","312,054.30","165,058.66"
2020-03-04,"3,280","3,365","3,270","3,320","3,268.00","3,365.00","3,435.75","3,305.75","3,152.71",0,"24,341","72,931.40","110,550.25","312,355.33","165,071.15"
2020-03-05,"3,320","3,385","3,300","3,325","3,259.00","3,345.00","3,425.00","3,312.58","3,155.79",68,"17,005","57,849.20","108,271.50","312,345.33","164,707.82"
2020-03-06,"3,320","3,650","3,240","3,270","3,281.00","3,329.00","3,410.25","3,318.75","3,158.58",66,"302,696","89,821.60","119,607.30","317,006.67","167,050.67"
2020-03-09,"3,225","3,335","3,070","3,155","3,272.00","3,300.50","3,390.25","3,323.92","3,160.17",0,"66,244","87,721.20","119,662.05","317,029.12","167,491.32"
2020-03-10,"3,070","3,195","3,035","3,140","3,242.00","3,268.50","3,370.50","3,328.92","3,161.38",0,"113,696","104,796.40","123,161.60","318,653.87","168,247.77"
2020-03-11,"3,145","3,150","2,980","3,075","3,193.00","3,230.50","3,347.50","3,332.33","3,161.79",0,"58,628","111,653.80","119,318.95","319,409.48","168,668.92"
2020-03-12,"2,855","3,045","2,850","2,970","3,122.00","3,190.50","3,319.25","3,333.83","3,161.21",0,"95,974","127,447.60","120,644.65","320,533.50","169,421.58"
2020-03-13,"2,675","2,775","2,400","2,580","2,984.00","3,132.50","3,273.75","3,328.83","3,157.58",0,"274,895","121,887.40","130,072.55","324,839.85","171,549.60"
2020-03-16,"2,500","2,780","2,500","2,515","2,856.00","3,064.00","3,229.50","3,321.67","3,153.42",66,"135,813","135,801.20","133,772.25","326,422.03","172,483.37"
2020-03-17,"2,330","2,575","2,330","2,560","2,740.00","2,991.00","3,185.00","3,312.92","3,149.50",55,"93,502","131,762.40","135,390.05","326,437.65","173,110.48"
2020-03-18,"2,500","2,650","2,410","2,410","2,607.00","2,900.00","3,132.50","3,300.75","3,143.96",0,"48,378","129,712.40","135,340.10","326,178.37","173,194.87"
2020-03-19,"2,410","2,505","1,820","2,250","2,463.00","2,792.50","3,068.75","3,286.33","3,137.25",0,"171,091","144,735.80","128,173.95","328,426.90","174,548.73"
2020-03-20,"2,150","2,585","2,150","2,585","2,464.00","2,724.00","3,026.50","3,262.00","3,133.83",60,"180,859","125,928.60","127,989.35","227,980.15","175,851.17"
2020-03-23,"2,400","2,485","2,350","2,370","2,435.00","2,645.50","2,973.00","3,247.08","3,128.67",0,"93,836","117,533.20","109,947.90","179,779.65","176,579.63"
2020-03-24,"2,375","2,600","2,375","2,540","2,431.00","2,585.50","2,927.00","3,237.67","3,124.96",0,"46,196","108,072.00","107,470.00","166,953.42","176,925.90"
2020-03-25,"2,600","2,670","2,505","2,650","2,479.00","2,543.00","2,886.75","3,230.00","3,121.92",0,"93,979","117,192.20","107,872.45","161,164.97","177,494.37"
2020-03-26,"2,645","2,740","2,600","2,640","2,557.00","2,510.00","2,850.25","3,222.08","3,118.58",0,"157,485","114,471.00","111,125.90","159,603.88","178,699.82"
2020-03-27,"2,690","2,720","2,525","2,540","2,548.00","2,506.00","2,819.25","3,212.50","3,114.63",0,"132,207","104,740.60","110,594.55","158,746.87","179,633.13"
2020-03-30,"2,490","2,640","2,470","2,640","2,602.00","2,518.50","2,791.25","3,202.33","3,111.46",0,"63,585","98,690.40","109,936.50","153,103.87","179,957.28"
2020-03-31,"2,640","2,745","2,620","2,710","2,636.00","2,533.50","2,762.25","3,193.58","3,109.13",0,"120,910","113,633.20","114,566.00","149,981.83","180,858.73"
2020-04-01,"2,740","2,950","2,710","2,820","2,670.00","2,574.50","2,737.25","3,186.92","3,107.50",0,"165,303","127,898.00","121,614.10","148,163.58","182,164.13"
2020-04-02,"2,825","2,905","2,785","2,900","2,722.00","2,639.50","2,716.00","3,181.17","3,106.58",0,"107,803","117,961.60","126,154.00","145,388.12","183,000.58"
2020-04-03,"2,990","2,990","2,875","2,915","2,797.00","2,672.50","2,698.25","3,178.08","3,105.83",0,"98,526","111,225.40","115,945.50","141,913.12","183,769.77"
2020-04-06,"2,950","3,025","2,945","3,000","2,869.00","2,735.50","2,690.50","3,173.25","3,105.83",0,"74,643","113,437.00","116,365.45","139,000.25","184,189.88"
2020-04-07,"3,050","3,060","2,985","3,040","2,935.00","2,785.50","2,685.50","3,167.42","3,105.83",0,"93,976","108,050.20","115,379.45","134,937.75","184,887.44"
2020-04-08,"3,055","3,260","3,030","3,230","3,017.00","2,843.50","2,693.25","3,165.33","3,107.63",0,"212,803","117,550.20","123,088.20","136,443.13","186,579.24"
2020-04-09,"3,290","3,310","3,150","3,260","3,089.00","2,905.50","2,707.75","3,164.00","3,109.92",0,"128,525","121,694.60","124,715.75","137,372.17","187,600.44"
2020-04-10,"3,220","3,280","3,060","3,185","3,143.00","2,970.00","2,738.00","3,159.17","3,111.29",24,"76,660","117,321.40","114,804.00","133,194.93","188,197.13"
2020-04-13,"3,155","3,240","3,020","3,075","3,158.00","3,013.50","2,766.00","3,153.17","3,111.92",0,"75,540","117,500.80","111,790.35","133,097.97","188,619.33"
2020-04-14,"3,085","3,175","3,085","3,150","3,180.00","3,057.50","2,795.50","3,148.42","3,113.38",0,"61,013","110,908.20","110,165.90","132,955.73","188,995.67"
2020-04-16,"3,150","3,150","3,050","3,135","3,161.00","3,089.00","2,831.75","3,145.08","3,114.96",0,"48,919","78,131.40","110,192.95","132,118.25","189,174.47"
2020-04-17,"3,170","3,190","3,125","3,165","3,142.00","3,115.50","2,877.50","3,141.33","3,116.75",0,"59,504","64,327.20","104,613.60","132,041.80","189,396.86"
2020-04-20,"3,185","3,245","3,185","3,200","3,145.00","3,144.00","2,908.25","3,136.50","3,119.08",0,"49,184","58,832.00","98,029.85","125,578.72","189,717.12"
2020-04-21,"3,205","3,240","3,040","3,190","3,168.00","3,163.00","2,949.25","3,133.33","3,121.13",0,"65,698","56,863.60","96,622.95","124,687.98","190,126.61"
2020-04-22,"3,130","3,205","3,075","3,200","3,178.00","3,179.00","2,982.25","3,131.33","3,122.96",0,"54,087","55,478.40","97,017.50","124,357.00","190,487.78"
2020-04-23,"3,210","3,290","3,195","3,225","3,196.00","3,178.50","3,011.00","3,128.25","3,124.88",0,"78,367","61,368.00","96,236.90","124,213.75","190,859.72"
2020-04-24,"3,250","3,250","3,130","3,225","3,208.00","3,175.00","3,040.25","3,125.83","3,126.79",0,"87,985","67,064.20","92,761.90","124,799.85","191,426.46"
2020-04-27,"3,295","3,295","3,235","3,285","3,225.00","3,185.00","3,077.50","3,124.75","3,129.13",0,"92,349","75,697.20","90,769.00","123,289.27","192,147.69"
2020-04-28,"3,290","3,290","3,230","3,260","3,239.00","3,203.50","3,108.50","3,120.17","3,131.25",0,"35,239","69,605.40","89,351.70","106,617.90","192,303.18"
2020-04-29,"3,270","3,275","3,240","3,260","3,251.00","3,214.50","3,136.00","3,115.25","3,133.29",0,"74,209","73,629.80","87,016.65","105,513.17","192,857.40"
2020-05-04,"3,265","3,370","3,225","3,330","3,272.00","3,234.00","3,161.50","3,111.50","3,135.96",0,"83,534","74,663.20","82,928.20","105,030.85","193,405.42"
2020-05-06,"3,330","3,435","3,315","3,405","3,308.00","3,258.00","3,186.75","3,109.25","3,139.17",0,"84,811","74,028.40","81,778.60","105,401.37","194,040.27"
2020-05-07,"3,415","3,600","3,400","3,465","3,344.00","3,284.50","3,214.25","3,107.58","3,142.67",29,"203,426","96,243.80","87,023.60","107,525.47","195,559.27"
2020-05-08,"3,500","3,500","3,425","3,425","3,377.00","3,308.00","3,235.50","3,105.42","3,145.83",0,"42,452","97,686.40","85,414.05","107,147.18","195,789.33"
2020-05-11,"3,425","3,425","3,300","3,360","3,397.00","3,324.00","3,251.50","3,102.50","3,148.46",0,"67,433","96,331.20","84,086.90","107,542.65","196,170.02"
2020-05-12,"3,365","3,365","3,255","3,290","3,389.00","3,330.50","3,254.50","3,098.42","3,150.46",42,"50,812","89,786.80","75,987.35","106,131.50","196,527.16"
2020-05-13,"3,250","3,425","3,240","3,415","3,391.00","3,349.50","3,262.25","3,096.42","3,153.42",18,"121,561","97,136.80","75,639.15","106,999.85","197,446.48"
2020-05-14,"3,415","3,470","3,345","3,455","3,389.00","3,366.50","3,275.75","3,095.83","3,157.17",0,"58,412","68,134.00","74,726.75","106,534.43","197,776.38"
2020-05-15,"3,455","3,535","3,440","3,480","3,400.00","3,388.50","3,296.00","3,097.17","3,161.13",12,"65,481","72,739.80","74,223.80","106,595.47","198,145.04"
2020-05-18,"3,480","3,510","3,325","3,480","3,424.00","3,410.50","3,312.50","3,097.67","3,165.13",0,"117,109","82,675.00","77,028.60","107,528.18","199,005.34"
2020-05-19,"3,480","3,570","3,430","3,490","3,464.00","3,426.50","3,330.25","3,098.17","3,169.29",0,"70,431","86,598.80","78,104.20","107,879.08","199,515.13"
2020-05-20,"3,490","3,625","3,490","3,535","3,488.00","3,439.50","3,348.75","3,098.33","3,173.88",0,"131,982","88,683.00","81,728.10","104,838.55","200,487.16"
2020-05-21,"3,540","3,595","3,500","3,515","3,500.00","3,444.50","3,364.50","3,099.75","3,178.33",0,"37,669","84,534.40","81,152.35","102,390.52","200,724.95"
2020-05-22,"3,515","3,515","3,415","3,420","3,488.00","3,444.00","3,376.00","3,099.42","3,181.88",0,"93,362","90,110.60","82,535.55","96,368.80","201,437.53"
2020-05-25,"3,420","3,490","3,390","3,435","3,479.00","3,451.50","3,387.75","3,099.00","3,185.67",0,"57,205","78,129.80","82,691.45","95,726.32","201,838.61"
2020-05-26,"3,440","3,515","3,440","3,500","3,481.00","3,472.50","3,401.50","3,099.75","3,189.88",0,"73,177","78,679.00","82,431.95","95,513.77","202,336.88"
2020-05-27,"3,540","3,540","3,460","3,495","3,473.00","3,480.50","3,415.00","3,101.83","3,194.13",0,"33,680","59,018.60","79,716.70","94,534.83","202,537.28"
2020-05-28,"3,540","3,580","3,400","3,485","3,467.00","3,483.50","3,425.00","3,107.25","3,198.08",0,"97,611","71,007.00","79,979.80","93,781.12","203,176.94"
2020-05-29,"3,455","3,490","3,410","3,485","3,480.00","3,484.00","3,436.25","3,112.00","3,202.54",0,"36,742","59,683.00","80,054.95","93,114.38","203,063.71"
2020-06-01,"3,495","3,500","3,430","3,475","3,488.00","3,483.50","3,447.00","3,115.08","3,207.13",0,"42,929","56,827.80","78,490.95","93,357.87","202,706.08"
2020-06-02,"3,435","3,480","3,435","3,475","3,483.00","3,482.00","3,454.25","3,117.67","3,211.71",0,"24,092","47,010.80","75,518.85","93,353.72","202,854.52"
2020-06-03,"3,495","3,495","3,350","3,410","3,466.00","3,469.50","3,454.50","3,119.08","3,215.83",0,"67,521","53,779.00","74,654.35","94,195.65","203,270.49"
2020-06-04,"3,405","3,470","3,360","3,435","3,456.00","3,461.50","3,453.00","3,121.83","3,220.29",0,"43,710","42,998.80","66,668.55","89,879.22","203,442.94"
2020-06-05,"3,440","3,475","3,400","3,420","3,443.00","3,461.50","3,452.75","3,126.25","3,225.08",0,"18,813","39,413.00","65,486.60","89,088.70","203,058.91"
2020-06-08,"3,400","3,430","3,385","3,400","3,428.00","3,458.00","3,454.75","3,130.58","3,229.75",0,"34,263","37,679.80","63,828.10","87,764.82","203,209.34"
2020-06-09,"3,405","3,465","3,385","3,410","3,415.00","3,449.00","3,460.75","3,136.17","3,234.25",70,"24,422","37,745.80","62,508.60","87,194.72","203,302.10"
2020-06-10,"3,380","3,420","3,375","3,405","3,414.00","3,440.00","3,460.25","3,143.42","3,238.63",0,"41,844","32,610.40","58,522.75","86,292.55","203,413.02"
2020-06-11,"3,380","3,400","3,260","3,300","3,387.00","3,421.50","3,452.50","3,155.42","3,242.13",0,"79,357","39,739.80","59,570.00","83,033.58","203,936.72"
2020-06-12,"3,280","3,315","3,210","3,310","3,365.00","3,404.00","3,444.00","3,168.67","3,245.17",71,"41,449","44,267.00","58,368.40","81,460.85","203,941.44"
2020-06-15,"3,310","3,420","3,110","3,200","3,325.00","3,376.50","3,430.00","3,179.33","3,246.13",0,"33,562","44,126.80","54,191.05","80,461.85","203,449.75"
2020-06-16,"3,225","3,415","3,210","3,275","3,298.00","3,356.50","3,419.25","3,193.75","3,247.25",66,"34,266","46,095.60","52,382.80","80,226.65","203,202.51"
2020-06-17,"3,275","3,355","3,200","3,240","3,265.00","3,339.50","3,404.50","3,210.25","3,248.29",0,"19,358","41,598.40","46,751.60","77,697.77","203,062.33"
2020-06-18,"3,210","3,290","3,180","3,285","3,262.00","3,324.50","3,393.00","3,221.92","3,241.96",0,"14,981","28,723.20","45,617.20","74,933.13","151,456.64"
2020-06-19,"3,255","3,360","3,255","3,360","3,272.00","3,318.50","3,390.00","3,238.42","3,242.75",0,"14,523","23,338.00","41,675.25","73,611.25","126,695.45"
2020-06-22,"3,320","3,390","3,320","3,370","3,306.00","3,315.50","3,386.75","3,252.25","3,244.96",67,"7,603","18,146.20","39,195.15","72,968.03","119,960.73"
2020-06-23,"3,370","3,385","3,275","3,305","3,312.00","3,305.00","3,377.00","3,263.17","3,246.58",0,"26,755","16,644.00","36,874.05","71,847.63","116,506.30"
2020-06-24,"3,305","3,350","3,275","3,290","3,322.00","3,293.50","3,366.75","3,274.00","3,248.04",70,"12,304","15,233.20","35,805.25","69,427.95","114,515.92"
2020-06-25,"3,250","3,280","3,135","3,135","3,292.00","3,277.00","3,349.25","3,283.92","3,248.21",0,"41,779","20,592.80","33,013.65","67,920.82","113,333.84"
2020-06-26,"3,140","3,175","3,090","3,155","3,251.00","3,261.50","3,332.75","3,292.50","3,247.42",8,"53,096","28,307.40","33,831.35","67,746.00","110,424.93"
2020-06-29,"3,175","3,185","3,095","3,100","3,197.00","3,251.50","3,314.00","3,299.00","3,246.29",0,"20,830","30,952.80","32,726.40","66,078.00","108,029.92"
2020-06-30,"3,105","3,175","3,095","3,165","3,169.00","3,240.50","3,298.50","3,304.75","3,245.83",70,"14,758","28,553.40","32,259.70","63,568.92","105,866.25"
2020-07-01,"3,130","3,195","3,065","3,180","3,147.00","3,234.50","3,287.00","3,309.42","3,245.29",0,"26,588","31,410.20","30,213.05","62,215.33","103,801.73"
2020-07-02,"3,105","3,165","3,105","3,115","3,143.00","3,217.50","3,271.00","3,312.75","3,245.42",0,"6,928","24,440.00","28,373.95","60,688.70","101,300.91"
2020-07-03,"3,125","3,155","3,080","3,155","3,143.00","3,197.00","3,257.75","3,315.33","3,244.29",0,"7,711","15,363.00","27,818.85","59,573.17","99,286.71"
2020-07-06,"3,160","3,160","3,100","3,150","3,153.00","3,175.00","3,245.25","3,317.17","3,242.29",0,"15,001","14,197.20","26,855.75","58,256.92","96,597.33"
2020-07-07,"3,155","3,155","3,105","3,115","3,143.00","3,156.00","3,230.50","3,315.25","3,240.29",0,"10,728","13,391.20","26,171.05","54,889.00","95,666.07"
2020-07-08,"3,145","3,145","3,100","3,135","3,134.00","3,140.50","3,217.00","3,313.17","3,238.58",0,"13,973","10,868.20","24,777.50","52,979.80","95,175.98"
2020-07-09,"3,100","3,165","3,100","3,155","3,142.00","3,142.50","3,209.75","3,312.67","3,235.92",70,"15,573","12,597.20","21,588.30","51,961.68","92,578.31"
2020-07-10,"3,175","3,190","3,135","3,160","3,143.00","3,143.00","3,202.25","3,314.08","3,233.63",0,"22,525","15,560.00","20,642.10","51,078.10","92,088.03"
2020-07-13,"3,140","3,790","3,140","3,495","3,212.00","3,182.50","3,217.00","3,319.83","3,234.13",60,"1,206,021","253,764.00","79,265.05","70,161.57","101,558.65"
2020-07-14,"3,515","3,565","3,405","3,405","3,270.00","3,206.50","3,223.50","3,324.33","3,234.71",0,"171,467","285,911.80","86,125.10","72,204.03","102,161.14"
2020-07-15,"3,410","3,510","3,350","3,470","3,337.00","3,235.50","3,235.00","3,329.42","3,235.38",0,"84,502","300,017.60","89,382.30","72,620.67","102,331.23"
2020-07-16,"3,410","3,500","3,380","3,405","3,387.00","3,264.50","3,241.00","3,332.83","3,234.67",0,"53,901","307,683.20","91,328.30","72,699.28","99,139.00"
2020-07-17,"3,405","3,535","3,405","3,455","3,446.00","3,294.50","3,245.75","3,337.25","3,235.29",0,"59,298","315,037.80","93,567.05","72,592.62","98,640.30"
2020-07-20,"3,475","3,490","3,425","3,490","3,445.00","3,328.50","3,251.75","3,342.08","3,236.71",0,"96,907","93,215.00","98,032.25","73,306.28","98,831.64"
2020-07-21,"4,070","4,100","3,565","3,610","3,486.00","3,378.00","3,267.00","3,348.50","3,238.38",0,"1,474,903","353,902.20","170,439.65","96,581.88","110,397.82"
2020-07-22,"3,630","3,670","3,500","3,605","3,513.00","3,425.00","3,282.75","3,354.83","3,240.33",0,"240,535","385,108.80","181,851.20","99,124.38","111,962.12"
2020-07-23,"3,595","3,595","3,370","3,405","3,513.00","3,450.00","3,296.25","3,356.83","3,240.79",23,"145,142","403,357.00","187,019.35","100,004.27","111,646.77"
2020-07-24,"3,405","3,495","3,325","3,410","3,504.00","3,475.00","3,309.00","3,359.33","3,239.75",0,"132,200","417,937.40","190,974.55","101,620.28","104,119.09"
2020-07-27,"3,350","3,540","3,340","3,450","3,496.00","3,470.50","3,326.50","3,362.50","3,238.88",0,"110,336","420,623.20","195,449.85","102,222.40","103,867.78"
2020-07-28,"3,450","3,490","3,370","3,410","3,456.00","3,471.00","3,338.75","3,363.83","3,237.67",0,"58,744","137,391.40","197,649.15","101,809.23","103,420.04"
2020-07-29,"3,410","3,445","3,350","3,410","3,417.00","3,465.00","3,350.25","3,363.92","3,236.58",0,"53,394","99,963.20","198,989.45","101,285.62","103,343.49"
2020-07-30,"3,415","3,450","3,350","3,370","3,410.00","3,461.50","3,363.00","3,362.33","3,234.96",0,"44,737","79,882.20","200,879.90","98,640.80","103,083.13"
2020-07-31,"3,420","3,450","3,360","3,375","3,403.00","3,453.50","3,374.00","3,361.50","3,233.46",30,"38,587","61,159.60","202,423.70","98,576.38","102,861.78"
2020-08-03,"3,375","3,495","3,360","3,465","3,406.00","3,451.00","3,389.75","3,363.25","3,232.88",0,"65,321","52,156.60","204,939.70","98,541.18","103,041.92"
2020-08-04,"3,460","3,475","3,305","3,410","3,406.00","3,431.00","3,404.50","3,365.25","3,231.83",20,"109,869","62,381.60","209,896.75","99,525.47","102,828.48"
2020-08-05,"3,410","3,445","3,370","3,425","3,409.00","3,413.00","3,419.00","3,365.42","3,230.92",0,"53,415","62,385.80","211,868.85","98,389.70","102,694.77"
2020-08-06,"3,440","3,440","3,380","3,390","3,413.00","3,411.50","3,430.75","3,364.33","3,230.08",0,"43,228","62,084.00","213,251.60","98,136.63","102,335.53"
2020-08-07,"3,390","3,505","3,385","3,430","3,424.00","3,413.50","3,444.25","3,363.50","3,230.33",0,"108,689","76,104.40","217,559.80","98,856.77","102,726.12"
2020-08-10,"3,435","3,500","3,425","3,445","3,420.00","3,413.00","3,441.75","3,362.92","3,230.29",0,"37,882","70,616.60","159,152.85","97,536.32","102,532.25"
2020-08-11,"3,420","3,460","3,400","3,405","3,419.00","3,412.50","3,441.75","3,361.50","3,229.83",0,"45,931","57,829.00","152,876.05","97,127.98","102,503.53"
2020-08-12,"3,420","3,435","3,215","3,395","3,413.00","3,411.00","3,438.00","3,359.17","3,228.75",71,"49,455","57,037.00","151,123.70","95,752.53","100,295.54"
2020-08-13,"3,410","3,445","3,390","3,415","3,418.00","3,415.50","3,438.50","3,357.50","3,228.63",0,"52,482","58,887.80","151,052.75","95,999.42","99,194.97"
2020-08-14,"3,420","3,465","3,375","3,420","3,416.00","3,420.00","3,436.75","3,357.50","3,228.46",0,"66,144","50,378.80","151,395.05","95,545.78","95,957.29"
2020-08-18,"3,420","3,425","3,280","3,300","3,387.00","3,403.50","3,427.25","3,355.25","3,227.13",0,"73,451","57,492.60","150,222.25","95,816.55","95,771.43"
2020-08-19,"3,385","3,385","3,270","3,275","3,361.00","3,390.00","3,410.50","3,351.50","3,225.63",2,"31,929","54,692.20","78,073.55","95,129.08","95,321.43"
2020-08-20,"3,300","3,300","3,080","3,095","3,301.00","3,357.00","3,385.00","3,344.83","3,223.33",2,"90,070","62,815.20","70,550.30","96,068.92","95,301.88"
2020-08-21,"3,120","3,255","3,100","3,250","3,268.00","3,343.00","3,377.25","3,340.92","3,224.08",58,"45,422","61,403.20","65,564.30","95,199.10","94,490.11"
2020-08-24,"3,255","3,280","3,190","3,220","3,228.00","3,322.00","3,367.75","3,336.50","3,224.25",0,"15,668","51,308.00","59,737.70","94,847.87","93,981.13"
2020-08-25,"3,190","3,300","3,190","3,265","3,221.00","3,304.00","3,358.50","3,333.00","3,224.04",70,"21,092","40,836.20","55,275.50","94,483.92","93,920.89"
2020-08-26,"3,270","3,285","3,130","3,220","3,210.00","3,285.50","3,349.00","3,328.75","3,223.21",0,"39,827","42,415.80","54,329.65","94,746.17","94,049.94"
2020-08-27,"3,160","3,990","3,160","3,390","3,269.00","3,285.00","3,348.00","3,328.42","3,223.75",60,"753,629","175,127.60","89,341.40","106,181.30","100,188.48"
2020-08-28,"3,465","3,800","3,400","3,540","3,327.00","3,297.50","3,356.50","3,330.17","3,226.00",61,"823,906","330,824.40","128,299.85","119,184.57","104,531.89"
2020-08-31,"3,575","3,590","3,505","3,555","3,394.00","3,311.00","3,365.50","3,332.42","3,229.33",0,"143,016","356,294.00","133,521.30","121,254.62","105,171.66"
2020-09-01,"3,560","3,750","3,560","3,615","3,464.00","3,342.50","3,373.00","3,336.00","3,233.29",0,"193,657","390,807.00","139,938.10","123,911.18","105,838.00"
2020-09-02,"3,615","3,790","3,560","3,655","3,551.00","3,380.50","3,385.25","3,340.08","3,238.13",0,"231,319","429,105.40","146,010.60","127,359.47","107,277.09"
2020-09-03,"3,670","3,740","3,615","3,680","3,609.00","3,439.00","3,398.00","3,344.67","3,244.04",0,"137,477","305,875.00","150,213.70","128,953.35","107,622.95"
2020-09-04,"3,590","3,670","3,400","3,610","3,623.00","3,475.00","3,409.00","3,349.83","3,252.63",0,"102,513","161,596.40","153,177.95","129,339.28","106,186.43"
2020-09-07,"3,610","3,850","3,530","3,850","3,682.00","3,538.00","3,430.00","3,358.83","3,263.75",0,"327,296","198,452.40","164,108.30","134,103.40","107,782.13"
2020-09-08,"3,950","3,950","3,730","3,730","3,705.00","3,584.50","3,444.25","3,367.67","3,273.50",44,"205,381","200,797.20","172,483.25","136,967.05","108,714.45"
2020-09-09,"3,690","3,780","3,620","3,670","3,708.00","3,629.50","3,457.50","3,374.25","3,284.00",0,"54,156","165,364.60","172,894.50","137,298.55","108,762.60"
2020-09-10,"3,670","3,715","3,605","3,660","3,704.00","3,656.50","3,470.75","3,381.25","3,295.75",0,"52,962","148,461.60","173,069.85","137,858.62","107,778.19"
2020-09-11,"3,665","3,680","3,570","3,605","3,703.00","3,663.00","3,480.25","3,386.58","3,304.25",42,"53,861","138,731.20","173,138.80","138,506.62","106,719.88"
2020-09-14,"3,610","3,635","3,550","3,630","3,659.00","3,670.50","3,490.75","3,391.08","3,314.75",0,"27,150","78,702.00","171,189.10","138,717.07","106,164.16"
2020-09-15,"3,630","3,635","3,550","3,575","3,628.00","3,666.50","3,504.50","3,394.50","3,323.38",30,"42,592","46,144.20","169,646.15","139,300.22","106,134.13"
2020-09-16,"3,580","3,675","3,580","3,675","3,629.00","3,668.50","3,524.50","3,400.67","3,331.92",0,"25,442","40,401.40","169,321.80","139,278.33","105,562.98"
2020-09-17,"3,675","3,675","3,515","3,560","3,609.00","3,656.50","3,547.75","3,405.17","3,339.58",30,"81,049","46,018.80","168,870.75","140,424.08","104,926.02"
2020-09-18,"3,560","3,610","3,470","3,470","3,582.00","3,642.50","3,558.75","3,410.75","3,347.33",0,"71,609","49,568.40","170,180.10","140,921.25","104,421.03"
2020-09-21,"3,470","3,490","3,350","3,370","3,530.00","3,594.50","3,566.25","3,414.33","3,353.42",42,"111,596","66,457.60","174,976.50","141,896.25","104,821.13"
2020-09-22,"3,405","3,465","3,350","3,450","3,505.00","3,566.50","3,575.50","3,420.17","3,359.58",70,"44,937","66,926.60","176,168.75","142,298.03","104,188.02"
2020-09-23,"3,455","3,600","3,350","3,535","3,477.00","3,553.00","3,591.25","3,426.33","3,365.54",70,"37,928","69,423.80","176,073.80","142,684.20","103,126.56"
2020-09-24,"3,520","3,530","3,380","3,440","3,453.00","3,531.00","3,593.75","3,430.67","3,370.04",0,"53,756","63,965.20","141,080.15","143,137.00","102,676.17"
2020-09-25,"3,440","3,470","3,345","3,455","3,450.00","3,516.00","3,589.50","3,436.33","3,374.54",0,"38,018","57,247.00","101,785.75","143,655.17","102,171.93"
2020-09-28,"3,495","3,560","3,460","3,555","3,487.00","3,508.50","3,589.50","3,443.00","3,379.17",0,"41,588","43,245.40","96,714.35","144,219.78","101,896.48"
2020-09-29,"3,560","3,605","3,525","3,570","3,511.00","3,508.00","3,587.25","3,450.00","3,383.58",0,"21,376","38,533.20","88,100.30","144,326.03","101,291.48"
2020-10-05,"3,565","3,600","3,500","3,515","3,507.00","3,492.00","3,580.25","3,456.67","3,385.96",0,"15,871","34,121.80","77,327.90","144,411.75","99,650.38"
2020-10-06,"3,590","3,590","3,435","3,455","3,510.00","3,481.50","3,569.00","3,462.00","3,387.58",0,"77,947","38,960.00","74,351.40","145,477.98","99,228.89"
2020-10-07,"3,455","3,495","3,415","3,465","3,512.00","3,481.00","3,561.75","3,467.17","3,389.92",54,"28,740","37,104.40","70,662.75","145,697.43","98,829.56"
2020-10-08,"3,480","3,490","3,440","3,465","3,494.00","3,490.50","3,542.50","3,472.25","3,393.17",0,"30,599","34,906.60","55,827.90","145,832.00","98,455.05"
2020-10-12,"3,455","3,470","3,395","3,425","3,465.00","3,488.00","3,527.25","3,471.08","3,395.46",0,"58,552","42,341.80","48,486.45","126,707.52","98,434.54"
2020-10-13,"3,425","3,465","3,400","3,400","3,442.00","3,474.50","3,513.75","3,471.00","3,397.67",0,"21,396","43,446.80","46,848.45","124,206.33","98,205.18"
2020-10-14,"3,425","3,430","3,315","3,400","3,431.00","3,470.50","3,500.75","3,469.83","3,399.63",71,"84,512","44,759.80","48,425.95","124,206.50","98,413.58"
2020-10-15,"3,425","3,660","3,410","3,440","3,426.00","3,469.00","3,492.50","3,470.42","3,401.63",66,"236,101","86,232.00","57,537.95","127,243.17","99,971.23"
2020-10-16,"3,445","3,495","3,395","3,470","3,427.00","3,460.50","3,484.50","3,470.67","3,403.96",0,"54,249","90,962.00","58,892.90","127,159.02","99,875.82"
2020-10-19,"3,470","3,505","3,395","3,405","3,423.00","3,444.00","3,476.00","3,469.25","3,405.67",70,"69,782","93,208.00","60,252.40","126,706.93","100,006.61"
2020-10-20,"3,405","3,450","3,360","3,400","3,423.00","3,432.50","3,462.25","3,465.75","3,407.13",0,"34,790","95,886.80","60,719.80","102,705.05","99,643.47"
2020-10-21,"3,400","3,555","3,400","3,535","3,450.00","3,440.50","3,461.00","3,464.58","3,409.71",0,"59,366","90,857.60","59,635.65","99,685.57","99,404.98"
2020-10-22,"3,570","3,570","3,420","3,420","3,446.00","3,436.00","3,458.50","3,464.83","3,410.83",44,"31,174","49,872.20","57,613.90","97,786.10","98,895.18"
2020-10-23,"3,425","3,640","3,425","3,595","3,471.00","3,449.00","3,469.75","3,467.92","3,413.63",0,"97,464","58,515.20","56,907.30","97,207.17","99,413.73"
2020-10-26,"3,660","3,660","3,400","3,400","3,470.00","3,446.50","3,467.25","3,467.08","3,414.79",44,"84,562","61,471.20","58,888.55","96,777.60","99,500.00"
2020-10-27,"3,360","3,480","3,355","3,400","3,470.00","3,446.50","3,460.50","3,466.92","3,415.38",54,"35,500","61,613.20","58,767.15","96,390.20","99,099.72"
2020-10-28,"3,340","3,455","3,280","3,450","3,453.00","3,451.50","3,461.00","3,467.58","3,415.75",0,"66,589","63,057.80","59,408.80","96,610.12","98,947.87"
2020-10-29,"3,450","3,710","3,340","3,690","3,507.00","3,476.50","3,472.75","3,472.92","3,417.63",0,"298,431","116,509.20","72,429.45","100,838.35","99,739.57"
2020-10-30,"3,690","3,690","3,425","3,500","3,488.00","3,479.50","3,470.00","3,475.00","3,418.25",0,"130,813","123,179.00","76,890.70","102,375.45","100,475.92"
2020-11-02,"3,495","3,840","3,365","3,725","3,553.00","3,511.50","3,477.75","3,479.33","3,421.29",0,"297,931","165,852.80","90,718.45","106,252.28","102,396.73"
2020-11-03,"3,695","3,970","3,640","3,880","3,649.00","3,559.50","3,496.00","3,487.17","3,426.21",0,"477,006","254,154.00","113,775.20","112,371.23","105,948.35"
2020-11-04,"3,870","3,875","3,675","3,760","3,711.00","3,582.00","3,511.25","3,492.75","3,429.08",0,"60,013","252,838.80","112,878.50","112,481.20","105,435.45"
2020-11-05,"3,750","4,015","3,745","3,990","3,771.00","3,639.00","3,537.50","3,502.75","3,433.54",0,"200,008","233,154.20","121,441.90","115,094.20","106,615.42"
2020-11-06,"4,030","4,030","3,820","3,870","3,845.00","3,666.50","3,557.75","3,510.08","3,436.79",0,"88,300","224,651.60","124,326.95","114,754.38","106,805.58"
2020-11-09,"3,910","3,970","3,845","3,875","3,875.00","3,714.00","3,580.25","3,517.25","3,440.08",0,"50,259","175,117.20","123,912.30","114,960.67","106,248.49"
2020-11-10,"3,875","3,910","3,690","3,760","3,851.00","3,750.00","3,598.25","3,523.17","3,442.33",0,"100,209","99,757.80","127,852.95","115,865.30","106,496.64"
2020-11-11,"3,745","3,850","3,745","3,775","3,854.00","3,782.50","3,617.00","3,529.50","3,444.33",0,"40,641","95,883.40","125,659.40","115,718.40","105,735.47"
2020-11-12,"3,770","3,845","3,740","3,740","3,804.00","3,787.50","3,632.00","3,534.92","3,446.21",0,"30,906","62,063.00","115,399.65","115,358.80","105,679.11"
2020-11-13,"3,775","4,860","3,720","4,235","3,877.00","3,861.00","3,670.25","3,548.50","3,453.00",0,"6,628,329","1,370,069.00","444,103.65","224,728.55","160,137.17"
2020-11-16,"4,200","4,460","4,190","4,380","3,978.00","3,926.50","3,719.00","3,566.50","3,460.88",0,"1,022,659","1,564,549.00","491,747.50","240,548.68","168,182.62"
2020-11-17,"4,315","4,550","4,230","4,330","4,092.00","3,971.50","3,765.50","3,584.08","3,467.79",0,"377,137","1,619,934.00","508,864.85","246,302.15","170,715.62"
2020-11-18,"4,370","5,420","4,340","4,800","4,297.00","4,075.50","3,828.75","3,612.50","3,478.67",0,"2,560,304","2,123,867.00","633,911.75","287,472.72","191,770.82"
2020-11-19,"4,800","4,865","4,385","4,385","4,426.00","4,115.00","3,877.00","3,631.42","3,486.17",17,"619,992","2,241,684.00","663,352.65","297,048.88","196,123.99"
2020-11-20,"4,380","4,610","4,350","4,350","4,449.00","4,163.00","3,914.75","3,650.25","3,493.38",0,"380,670","992,152.40","677,512.95","303,132.25","198,990.06"
2020-11-23,"4,370","4,845","4,370","4,410","4,455.00","4,216.50","3,965.25","3,669.33","3,501.17",29,"664,312","920,483.00","706,500.45","313,852.58","204,168.25"
2020-11-24,"4,410","4,620","4,410","4,610","4,511.00","4,301.50","4,025.75","3,692.50","3,510.63",0,"233,209","891,697.40","716,385.90","317,075.62","205,910.89"
2020-11-25,"4,610","4,745","4,465","4,615","4,474.00","4,385.50","4,084.00","3,712.92","3,520.67",0,"220,499","423,736.40","724,081.40","308,190.12","207,185.71"
2020-11-26,"4,630","4,840","4,580","4,580","4,513.00","4,469.50","4,128.50","3,730.25","3,530.21",0,"309,255","361,589.00","724,622.60","299,612.60","209,398.58"
2020-11-27,"4,600","5,930","4,575","5,550","4,753.00","4,601.00","4,231.00","3,763.50","3,547.96",0,"6,497,189","1,584,893.00","1,042,941.00","405,515.48","263,385.05"
2020-11-30,"5,580","6,960","5,560","6,260","5,123.00","4,789.00","4,357.75","3,807.58","3,571.79",0,"7,903,395","3,032,709.00","1,423,215.00","534,011.12","328,961.15"
2020-12-01,"6,300","6,370","5,960","6,030","5,407.00","4,959.00","4,465.25","3,847.17","3,593.63",0,"957,828","3,177,633.00","1,447,256.00","546,119.60","336,739.53"
2020-12-02,"5,970","6,010","5,810","5,910","5,666.00","5,070.00","4,572.75","3,884.33","3,614.50",0,"287,659","3,191,065.00","1,458,638.00","548,622.63","338,787.99"
2020-12-03,"5,750","5,800","5,560","5,650","5,880.00","5,196.50","4,655.75","3,918.33","3,634.08",0,"501,422","3,229,499.00","1,473,709.00","555,271.12","342,305.20"
2020-12-04,"5,620","7,050","5,590","6,150","6,000.00","5,376.50","4,769.75","3,956.67","3,657.75",0,"11,800,444","4,290,150.00","2,059,316.00","746,490.25","440,296.83"
