2018-07-02,"8,150","8,220","8,080","8,150", , , , , ,0,"69,247", , , , 
2018-07-03,"8,090","8,220","8,090","8,150", , , , , ,0,"4,613", , , , 
2018-07-04,"8,150","8,220","8,140","8,150", , , , , ,0,"1,259", , , , 
2018-07-05,"8,200","8,200","8,150","8,150", , , , , ,0,"12,061", , , , 
2018-07-06,"8,200","8,210","8,170","8,190","8,158.00", , , , ,0,"1,244","17,684.80", , , 
2018-07-09,"8,200","8,240","8,180","8,220","8,172.00", , , , ,0,"1,375","4,110.40", , , 
2018-07-10,"8,240","8,270","8,200","8,270","8,196.00", , , , ,0,"4,742","4,136.20", , , 
2018-07-11,"8,270","8,280","8,190","8,240","8,214.00", , , , ,0,"7,434","5,371.20", , , 
2018-07-12,"8,280","8,280","8,240","8,240","8,232.00", , , , ,0,"3,206","3,600.20", , , 
2018-07-13,"8,250","8,340","8,240","8,330","8,260.00","8,209.00", , , ,0,"12,543","5,860.00", , , 
2018-07-16,"8,350","8,360","8,300","8,340","8,284.00","8,228.00", , , ,0,"8,787","7,342.40", , , 
2018-07-17,"8,300","8,400","8,300","8,370","8,304.00","8,250.00", , , ,0,"7,312","7,856.40", , , 
2018-07-18,"8,410","8,420","8,370","8,420","8,340.00","8,277.00", , , ,0,"7,751","7,919.80", , , 
2018-07-19,"8,410","8,430","8,350","8,410","8,374.00","8,303.00", , , ,0,"7,118","8,702.20", , , 
2018-07-20,"8,450","8,450","8,210","8,330","8,374.00","8,317.00", , , ,0,"5,094","7,212.40", , , 
2018-07-23,"8,400","8,400","8,330","8,350","8,376.00","8,330.00", , , ,0,642,"5,583.40", , , 
2018-07-24,"8,390","8,390","8,240","8,330","8,368.00","8,336.00", , , ,0,"1,463","4,413.60", , , 
2018-07-25,"8,350","8,390","8,300","8,340","8,352.00","8,346.00", , , ,0,"1,049","3,073.20", , , 
2018-07-26,"8,350","8,370","8,250","8,340","8,338.00","8,356.00", , , ,0,"1,481","1,945.80", , , 
2018-07-27,"8,390","8,390","8,300","8,330","8,338.00","8,356.00","8,282.50", , ,0,286,984.20,"7,935.35", , 
2018-07-30,"8,300","8,310","8,270","8,280","8,324.00","8,350.00","8,289.00", , ,0,"2,622","1,380.20","4,604.10", , 
2018-07-31,"8,320","8,390","8,260","8,300","8,318.00","8,343.00","8,296.50", , ,0,"5,015","2,090.60","4,624.20", , 
2018-08-01,"8,300","8,390","8,300","8,390","8,328.00","8,340.00","8,308.50", , ,30,"1,438","2,168.40","4,633.15", , 
2018-08-02,"8,450","8,450","8,320","8,400","8,340.00","8,339.00","8,321.00", , ,33,218,"1,915.80","4,041.00", , 
2018-08-03,"8,320","8,440","8,280","8,390","8,352.00","8,345.00","8,331.00", , ,0,"1,743","2,207.20","4,065.95", , 
2018-08-06,"8,440","8,440","8,340","8,400","8,376.00","8,350.00","8,340.00", , ,30,937,"1,870.20","4,044.05", , 
2018-08-07,"8,440","8,440","8,350","8,400","8,396.00","8,357.00","8,346.50", , ,30,"7,567","2,380.60","4,185.30", , 
2018-08-08,"8,390","8,420","8,360","8,410","8,400.00","8,364.00","8,355.00", , ,0,943,"2,281.60","3,860.75", , 
2018-08-09,"8,370","8,430","8,330","8,330","8,386.00","8,363.00","8,359.50", , ,0,"2,699","2,777.80","3,835.40", , 
2018-08-10,"8,380","8,380","8,350","8,350","8,378.00","8,365.00","8,360.50", , ,0,766,"2,582.40","3,246.55", , 
2018-08-13,"8,340","8,400","8,260","8,260","8,350.00","8,363.00","8,356.50", , ,0,"2,632","2,921.40","2,938.80", , 
2018-08-14,"8,260","8,370","8,260","8,280","8,326.00","8,361.00","8,352.00", , ,70,"1,887","1,785.40","2,667.55", , 
2018-08-16,"8,380","8,380","8,230","8,310","8,306.00","8,353.00","8,346.50", , ,0,"13,595","4,315.80","2,959.75", , 
2018-08-17,"8,350","8,440","8,310","8,380","8,316.00","8,351.00","8,345.00", , ,0,"4,885","4,753.00","2,848.10", , 
2018-08-20,"8,420","8,420","8,360","8,410","8,328.00","8,353.00","8,349.00", , ,0,"2,865","5,172.80","2,736.65", , 
2018-08-21,"8,430","8,530","8,360","8,500","8,376.00","8,363.00","8,356.50", , ,0,"12,846","7,215.60","3,346.85", , 
2018-08-22,"8,480","8,590","8,480","8,530","8,426.00","8,376.00","8,366.50", , ,0,"13,559","9,550.00","3,951.65", , 
2018-08-23,"8,540","8,560","8,490","8,530","8,470.00","8,388.00","8,376.00", , ,0,"1,588","7,148.60","3,978.60", , 
2018-08-24,"8,530","8,600","8,530","8,570","8,508.00","8,412.00","8,387.50", , ,0,"3,390","6,849.60","4,074.05", , 
2018-08-27,"8,570","8,610","8,570","8,570","8,540.00","8,434.00","8,399.50", , ,0,"2,987","6,874.00","4,209.10", , 
2018-08-28,"8,590","8,630","8,560","8,590","8,558.00","8,467.00","8,415.00", , ,0,"3,572","5,019.20","4,256.60", , 
2018-08-29,"8,660","8,660","8,590","8,620","8,576.00","8,501.00","8,431.00", , ,0,"2,328","2,773.00","4,122.25", , 
2018-08-30,"8,620","8,630","8,600","8,620","8,594.00","8,532.00","8,442.50", , ,0,"1,611","2,777.60","4,130.90", , 
2018-08-31,"8,620","8,660","8,600","8,640","8,608.00","8,558.00","8,454.50", , ,0,"3,773","2,854.20","4,308.65", , 
2018-09-03,"8,610","8,690","8,600","8,640","8,622.00","8,581.00","8,467.00", , ,0,"2,987","2,854.20","4,370.85", , 
2018-09-04,"8,650","8,690","8,600","8,680","8,640.00","8,599.00","8,481.00", , ,30,"9,014","3,942.60","4,774.70", , 
2018-09-05,"8,680","8,690","8,640","8,680","8,652.00","8,614.00","8,495.00", , ,30,"4,263","4,329.60","4,609.50", , 
2018-09-06,"8,710","8,720","8,620","8,720","8,672.00","8,633.00","8,510.50", , ,20,"27,247","9,456.80","5,924.70", , 
2018-09-07,"8,680","8,730","8,670","8,720","8,688.00","8,648.00","8,530.00", , ,0,"7,726","10,247.40","6,176.05", , 
2018-09-10,"8,720","8,720","8,680","8,720","8,704.00","8,663.00","8,548.50", , ,0,"2,557","10,161.40","6,265.60", , 
2018-09-11,"8,700","8,740","8,690","8,740","8,716.00","8,678.00","8,572.50", , ,0,"6,886","9,735.80","6,478.30", , 
2018-09-12,"8,740","8,770","8,700","8,740","8,728.00","8,690.00","8,595.50", , ,0,"6,768","10,236.80","6,722.35", , 
2018-09-13,"8,780","8,780","8,730","8,740","8,732.00","8,702.00","8,617.00", , ,0,"7,645","6,316.40","6,424.85", , 
2018-09-14,"8,770","8,810","8,770","8,790","8,746.00","8,717.00","8,637.50", , ,0,"13,661","7,503.40","6,863.65", , 
2018-09-17,"8,840","8,840","8,730","8,780","8,758.00","8,731.00","8,656.00", , ,0,"3,440","7,680.00","6,892.40", , 
2018-09-18,"8,750","8,780","8,740","8,770","8,764.00","8,740.00","8,669.50", , ,0,"4,992","7,301.20","6,499.70", , 
2018-09-19,"8,770","8,790","8,700","8,780","8,772.00","8,750.00","8,682.00", , ,0,"8,574","7,662.40","6,250.45", , 
2018-09-20,"8,800","8,800","8,740","8,790","8,782.00","8,757.00","8,695.00", , ,0,"1,502","6,433.80","6,246.15", , 
2018-09-21,"8,830","8,830","8,760","8,770","8,778.00","8,762.00","8,705.00", , ,0,"1,885","4,078.60","6,170.90", , 
2018-09-27,"8,770","8,830","8,770","8,830","8,788.00","8,773.00","8,718.00","8,466.67", ,30,"8,110","5,012.60","6,427.05","6,190.50", 
2018-09-28,"8,860","8,860","8,780","8,820","8,798.00","8,781.00","8,729.50","8,477.83", ,0,"1,707","4,355.60","6,333.80","5,064.83", 
2018-10-01,"8,790","8,870","8,790","8,830","8,808.00","8,790.00","8,740.00","8,489.17", ,0,"6,318","3,904.40","6,533.30","5,093.25", 
2018-10-02,"8,850","8,850","8,730","8,800","8,810.00","8,796.00","8,749.00","8,500.00", ,0,"21,838","7,971.60","7,544.65","5,436.23", 
2018-10-04,"8,810","8,820","8,710","8,720","8,800.00","8,789.00","8,753.00","8,509.50", ,2,"10,357","9,666.00","7,873.85","5,407.83", 
2018-10-05,"8,750","8,760","8,650","8,740","8,782.00","8,785.00","8,758.00","8,518.67", ,71,"5,787","9,201.40","8,013.85","5,483.55", 
2018-10-08,"8,820","8,820","8,700","8,760","8,770.00","8,784.00","8,762.00","8,527.67", ,0,"6,444","10,148.80","7,885.35","5,568.03", 
2018-10-10,"8,780","8,780","8,630","8,650","8,734.00","8,771.00","8,760.50","8,534.00", ,0,"5,407","9,966.60","7,942.55","5,579.12", 
2018-10-11,"8,540","8,580","8,400","8,500","8,674.00","8,742.00","8,749.50","8,538.33", ,0,"14,524","8,503.80","7,306.40","5,697.28", 
2018-10-12,"8,250","8,550","8,250","8,500","8,630.00","8,715.00","8,738.50","8,542.67", ,0,"7,640","7,960.40","7,302.10","5,771.18", 
2018-10-15,"8,500","8,540","8,400","8,490","8,580.00","8,681.00","8,727.00","8,545.33", ,0,"2,564","7,315.80","7,302.45","5,604.87", 
2018-10-16,"8,490","8,500","8,450","8,480","8,524.00","8,647.00","8,714.00","8,547.67", ,0,"2,077","6,442.40","7,062.00","5,493.03", 
2018-10-17,"8,580","8,580","8,480","8,530","8,500.00","8,617.00","8,703.50","8,550.33", ,0,516,"5,464.20","6,749.40","5,379.77", 
2018-10-18,"8,560","8,560","8,500","8,510","8,502.00","8,588.00","8,692.00","8,551.83", ,0,685,"2,696.40","6,401.40","5,262.00", 
2018-10-19,"8,510","8,510","8,420","8,490","8,500.00","8,565.00","8,677.00","8,553.17", ,0,"4,397","2,047.80","5,938.20","5,216.65", 
2018-10-22,"8,490","8,550","8,470","8,530","8,508.00","8,544.00","8,664.50","8,556.50", ,0,"8,792","3,293.40","6,205.80","5,278.28", 
2018-10-23,"8,530","8,540","8,430","8,480","8,508.00","8,516.00","8,650.00","8,558.67", ,0,"8,407","4,559.40","6,376.55","5,407.70", 
2018-10-24,"8,480","8,500","8,440","8,490","8,500.00","8,500.00","8,635.50","8,561.33", ,0,"3,932","5,242.60","6,144.45","5,448.85", 
2018-10-25,"8,440","8,450","8,310","8,430","8,484.00","8,493.00","8,617.50","8,562.83", ,71,"7,297","6,565.00","6,434.20","5,552.98", 
2018-10-26,"8,440","8,480","8,300","8,370","8,460.00","8,480.00","8,597.50","8,563.33", ,0,"14,411","8,567.80","7,060.50","5,768.48", 
2018-10-29,"8,370","8,370","8,120","8,160","8,386.00","8,447.00","8,564.00","8,560.50", ,0,"11,600","9,129.40","7,235.00","5,957.05", 
2018-10-30,"8,300","8,300","8,120","8,240","8,338.00","8,423.00","8,535.00","8,559.83", ,70,"6,031","8,654.20","7,451.20","6,013.87", 
2018-10-31,"8,240","8,400","8,240","8,390","8,318.00","8,409.00","8,513.00","8,561.33", ,55,"6,095","9,086.80","7,440.05","6,031.87", 
2018-11-01,"8,460","8,480","8,390","8,430","8,318.00","8,401.00","8,494.50","8,562.00", ,0,"3,092","8,245.80","6,502.75","6,059.43", 
2018-11-02,"8,490","8,530","8,450","8,530","8,350.00","8,405.00","8,485.00","8,564.17", ,0,"8,442","7,052.00","6,407.00","6,196.50", 
2018-11-05,"8,530","8,580","8,410","8,510","8,420.00","8,403.00","8,473.50","8,566.17", ,0,"1,715","5,075.00","6,203.40","6,196.03", 
2018-11-06,"8,530","8,590","8,500","8,530","8,478.00","8,408.00","8,462.00","8,568.33", ,0,"14,068","6,682.40","6,584.60","6,414.88", 
2018-11-07,"8,550","8,610","8,530","8,530","8,506.00","8,412.00","8,456.00","8,570.50", ,0,"8,295","7,122.40","6,729.00","6,427.02", 
2018-11-08,"8,610","8,620","8,590","8,590","8,538.00","8,428.00","8,460.50","8,573.50", ,0,"6,145","7,733.00","6,310.05","6,513.72", 
2018-11-09,"8,520","8,640","8,520","8,610","8,554.00","8,452.00","8,466.00","8,578.17", ,0,"8,465","7,737.60","6,351.30","6,609.82", 
2018-11-12,"8,580","8,630","8,550","8,610","8,574.00","8,497.00","8,472.00","8,582.50", ,0,"5,937","8,582.00","6,519.95","6,696.00", 
2018-11-13,"8,560","8,620","8,530","8,620","8,592.00","8,535.00","8,479.00","8,588.50", ,0,"5,036","6,775.60","6,667.90","6,736.07", 
2018-11-14,"8,620","8,650","8,600","8,630","8,612.00","8,559.00","8,484.00","8,594.33", ,0,"4,474","6,011.40","6,865.80","6,779.18", 
2018-11-15,"8,660","8,660","8,560","8,600","8,614.00","8,576.00","8,488.50","8,599.17", ,0,"13,079","7,398.20","7,485.50","6,770.58", 
2018-11-16,"8,600","8,650","8,590","8,650","8,622.00","8,588.00","8,496.50","8,603.67", ,0,"82,941","22,293.40","11,412.70","8,071.52", 
2018-11-19,"8,690","8,730","8,580","8,640","8,628.00","8,601.00","8,502.00","8,607.50", ,0,"77,966","36,699.20","14,871.40","9,323.20", 
2018-11-20,"8,660","8,660","8,600","8,640","8,632.00","8,612.00","8,510.00","8,609.83", ,0,"4,050","36,502.00","14,653.55","9,176.60", 
2018-11-21,"8,660","8,670","8,550","8,670","8,640.00","8,626.00","8,519.00","8,612.17", ,20,"6,364","36,880.00","14,775.15","9,056.68", 
2018-11-22,"8,700","8,700","8,620","8,670","8,654.00","8,634.00","8,531.00","8,614.50", ,0,"4,134","35,091.00","14,617.00","9,099.12", 
2018-11-23,"8,710","8,710","8,630","8,670","8,658.00","8,640.00","8,546.00","8,616.17", ,0,"3,424","19,187.60","14,067.65","9,099.68", 
2018-11-26,"8,650","8,650","8,620","8,640","8,658.00","8,643.00","8,570.00","8,617.33", ,0,"6,263","4,847.00","13,800.80","9,154.28", 
2018-11-27,"8,650","8,650","8,610","8,620","8,654.00","8,643.00","8,589.00","8,617.83", ,30,"15,984","7,233.80","14,298.45","9,361.15", 
2018-11-28,"8,620","8,630","8,600","8,620","8,644.00","8,642.00","8,600.50","8,617.83", ,0,"6,109","7,182.80","14,299.15","9,424.17", 
2018-11-29,"8,650","8,650","8,600","8,650","8,640.00","8,647.00","8,611.50","8,618.33", ,0,"19,803","10,316.60","15,134.70","9,727.37", 
2018-11-30,"8,650","8,690","8,620","8,660","8,638.00","8,648.00","8,618.00","8,618.67", ,0,"7,342","11,100.20","15,079.70","9,786.85", 
2018-12-03,"8,700","8,720","8,650","8,690","8,648.00","8,653.00","8,627.00","8,619.50", ,0,"4,400","10,727.60","15,213.95","9,810.40", 
2018-12-04,"8,700","8,710","8,600","8,690","8,662.00","8,658.00","8,635.00","8,619.67", ,20,"6,622","8,855.20","14,841.65","9,770.53", 
2018-12-05,"8,630","8,700","8,620","8,660","8,670.00","8,657.00","8,641.50","8,619.33", ,0,"8,537","9,340.80","14,853.75","9,841.77", 
2018-12-06,"8,720","8,720","8,630","8,660","8,672.00","8,656.00","8,645.00","8,618.33", ,0,"3,896","6,159.40","14,741.30","9,452.58", 
2018-12-07,"8,680","8,680","8,620","8,650","8,670.00","8,654.00","8,647.00","8,617.17", ,0,"7,031","6,097.20","14,669.60","9,441.00", 
2018-12-10,"8,650","8,650","8,520","8,570","8,646.00","8,647.00","8,645.00","8,614.67", ,42,"5,997","6,416.60","14,672.60","9,498.33", 
2018-12-11,"8,580","8,580","8,510","8,570","8,622.00","8,642.00","8,642.50","8,611.83", ,49,"2,218","5,535.80","14,531.70","9,420.53", 
2018-12-12,"8,580","8,630","8,530","8,630","8,616.00","8,643.00","8,642.50","8,610.00", ,0,"7,844","5,397.20","14,700.20","9,438.47", 
2018-12-13,"8,630","8,680","8,530","8,660","8,616.00","8,644.00","8,645.50","8,608.67", ,70,"3,488","5,315.60","14,220.65","9,369.18", 
2018-12-14,"8,590","8,680","8,570","8,600","8,606.00","8,638.00","8,643.00","8,605.50", ,30,"2,324","4,374.20","10,189.80","9,180.23", 
2018-12-17,"8,610","8,620","8,570","8,610","8,614.00","8,630.00","8,641.50","8,602.67", ,70,"5,023","4,179.40","6,542.65","9,206.62", 
2018-12-18,"8,560","8,610","8,480","8,610","8,622.00","8,622.00","8,640.00","8,600.00", ,0,"29,476","9,631.00","7,813.95","9,614.68", 
2018-12-19,"8,630","8,630","8,530","8,610","8,618.00","8,617.00","8,637.00","8,597.17", ,71,"17,279","11,518.00","8,359.70","9,759.77", 
2018-12-20,"8,610","8,610","8,550","8,600","8,606.00","8,611.00","8,633.50","8,594.00", ,0,"9,295","12,679.40","8,617.75","9,889.65", 
2018-12-21,"8,600","8,610","8,530","8,610","8,608.00","8,607.00","8,630.50","8,591.33", ,0,"17,430","15,700.60","9,318.05","10,148.73", 
2018-12-24,"8,600","8,610","8,560","8,610","8,608.00","8,611.00","8,629.00","8,587.67","8,527.17",0,"17,893","18,274.60","9,899.55","10,311.78","8,251.14"
2018-12-26,"8,600","8,610","8,560","8,610","8,608.00","8,615.00","8,628.50","8,584.17","8,531.00",70,"35,555","19,490.40","10,878.10","10,875.92","7,970.38"
2018-12-27,"8,250","8,280","8,150","8,190","8,524.00","8,571.00","8,607.00","8,573.50","8,531.33",0,"16,471","19,328.80","11,396.20","11,045.13","8,069.19"
2018-12-28,"8,280","8,280","8,140","8,210","8,446.00","8,526.00","8,585.00","8,563.67","8,531.83",0,"18,615","21,192.80","11,336.80","10,991.42","8,213.83"
2019-01-02,"8,200","8,250","8,050","8,060","8,336.00","8,472.00","8,555.00","8,552.67","8,531.08",0,"10,618","19,830.40","11,500.60","10,995.77","8,201.80"
2019-01-03,"8,080","8,110","7,950","8,000","8,214.00","8,411.00","8,520.50","8,540.33","8,529.50",0,"4,643","17,180.40","11,512.75","10,976.70","8,230.13"
2019-01-04,"7,950","8,010","7,900","8,000","8,092.00","8,350.00","8,486.00","8,527.67","8,527.67",0,"9,436","11,956.60","11,653.45","11,026.57","8,297.30"
2019-01-07,"8,140","8,140","8,000","8,060","8,066.00","8,295.00","8,456.00","8,517.83","8,525.92",0,"5,014","9,665.20","11,477.30","11,020.02","8,299.57"
2019-01-08,"8,120","8,120","8,000","8,040","8,032.00","8,239.00","8,425.00","8,510.17","8,524.25",70,"2,315","6,405.20","11,398.25","10,816.53","8,256.91"
2019-01-09,"7,970","8,060","7,970","8,040","8,028.00","8,182.00","8,394.50","8,502.50","8,522.58",0,"3,598","5,001.20","11,226.60","10,749.17","8,260.17"
2019-01-10,"8,030","8,030","7,950","8,000","8,028.00","8,121.00","8,366.00","8,494.33","8,519.83",0,"1,742","4,421.00","11,013.85","10,735.47","8,170.17"
2019-01-11,"8,000","8,030","7,990","8,000","8,028.00","8,060.00","8,337.50","8,486.33","8,517.00",0,"4,895","3,512.80","11,147.70","10,782.43","8,137.73"
2019-01-14,"8,000","8,040","7,990","7,990","8,014.00","8,040.00","8,305.50","8,477.33","8,513.83",70,"4,640","3,438.00","10,987.50","10,851.17","8,115.47"
2019-01-15,"8,030","8,060","7,940","8,050","8,016.00","8,024.00","8,275.00","8,469.67","8,510.75",71,"8,186","4,612.20","11,222.40","10,976.18","8,119.09"
2019-01-16,"8,050","8,180","8,040","8,100","8,028.00","8,028.00","8,250.00","8,463.17","8,508.17",0,"8,412","5,575.00","11,526.80","11,043.10","8,129.88"
2019-01-17,"8,130","8,130","8,060","8,110","8,050.00","8,039.00","8,225.00","8,456.17","8,506.33",0,"4,096","6,045.80","11,480.45","10,964.83","8,121.56"
2019-01-18,"8,190","8,190","8,100","8,130","8,076.00","8,052.00","8,201.00","8,450.33","8,504.50",0,"4,527","5,972.20","10,233.00","10,900.17","8,153.93"
2019-01-21,"8,180","8,180","8,140","8,160","8,110.00","8,062.00","8,178.50","8,444.83","8,503.08",0,"8,683","6,780.80","9,803.20","10,979.35","8,214.10"
2019-01-22,"8,070","8,220","8,070","8,170","8,134.00","8,075.00","8,157.00","8,440.50","8,501.67",0,"6,949","6,533.40","9,685.90","10,973.55","8,263.27"
2019-01-23,"8,100","8,200","8,100","8,170","8,148.00","8,088.00","8,135.00","8,437.17","8,500.25",0,"11,357","7,122.40","9,382.25","10,922.65","8,345.57"
2019-01-24,"8,150","8,250","8,150","8,250","8,176.00","8,113.00","8,117.00","8,438.67","8,499.58",18,"13,091","8,921.40","9,142.15","10,947.50","8,452.27"
2019-01-25,"8,300","8,300","8,230","8,250","8,200.00","8,138.00","8,099.00","8,438.83","8,499.33",33,"1,262","8,268.40","7,427.50","10,868.02","8,440.94"
2019-01-28,"8,160","8,290","8,160","8,230","8,214.00","8,162.00","8,101.00","8,436.17","8,498.75",0,"3,179","7,167.60","6,762.90","10,819.42","8,425.64"
2019-01-29,"8,300","8,300","8,190","8,220","8,224.00","8,179.00","8,101.50","8,432.67","8,497.33",0,"3,849","6,547.60","6,024.60","10,832.03","8,445.73"
2019-01-30,"8,280","8,280","8,150","8,220","8,234.00","8,191.00","8,109.50","8,427.50","8,495.83",0,"4,203","5,116.80","5,703.85","10,761.38","8,478.94"
2019-01-31,"8,300","8,300","8,190","8,230","8,230.00","8,203.00","8,121.00","8,422.83","8,494.50",0,"11,316","4,761.80","6,037.50","10,921.40","8,558.72"
2019-02-01,"8,290","8,290","8,230","8,250","8,230.00","8,215.00","8,133.50","8,418.17","8,493.25",0,"3,202","5,149.80","5,725.80","10,740.30","8,577.59"
2019-02-07,"8,250","8,310","8,250","8,270","8,238.00","8,226.00","8,144.00","8,413.83","8,492.17",0,"1,717","4,857.40","5,560.95","10,630.67","8,528.84"
2019-02-08,"8,320","8,320","8,240","8,240","8,242.00","8,233.00","8,154.00","8,408.00","8,490.75",0,"2,850","4,657.60","5,587.70","10,575.75","8,544.73"
2019-02-11,"8,220","8,280","8,180","8,240","8,246.00","8,240.00","8,164.00","8,401.83","8,490.00",0,"4,058","4,628.60","5,610.70","10,502.30","8,556.06"
2019-02-12,"8,240","8,240","8,190","8,240","8,248.00","8,239.00","8,176.00","8,395.67","8,489.08",0,"2,783","2,922.00","5,662.75","10,449.73","8,572.87"
2019-02-13,"8,300","8,300","8,180","8,210","8,240.00","8,235.00","8,186.50","8,388.83","8,488.67",0,"8,069","3,895.40","5,821.45","10,500.28","8,618.17"
2019-02-14,"8,260","8,260","8,190","8,190","8,224.00","8,231.00","8,196.50","8,381.50","8,487.92",0,727,"3,697.40","5,625.80","10,437.83","8,608.51"
2019-02-15,"8,170","8,230","8,150","8,210","8,218.00","8,230.00","8,204.50","8,375.00","8,487.08",0,"10,890","5,305.40","5,761.00","10,401.35","8,585.97"
2019-02-18,"8,250","8,250","8,190","8,220","8,214.00","8,230.00","8,210.50","8,367.83","8,485.75",0,"2,946","5,083.00","5,487.70","9,068.10","8,569.81"
2019-02-19,"8,210","8,210","8,150","8,190","8,204.00","8,226.00","8,214.50","8,360.33","8,483.92",0,"10,574","6,641.20","5,811.60","7,944.90","8,634.05"
2019-02-20,"8,190","8,220","8,170","8,190","8,200.00","8,220.00","8,217.50","8,352.83","8,481.33",0,908,"5,209.00","5,630.65","7,892.53","8,534.57"
2019-02-21,"8,230","8,230","8,180","8,200","8,202.00","8,213.00","8,219.50","8,345.00","8,478.58",0,"1,508","5,365.20","5,271.90","7,811.60","8,434.14"
2019-02-22,"8,240","8,240","8,190","8,230","8,206.00","8,212.00","8,222.50","8,337.67","8,476.08",0,"5,280","4,243.20","5,188.45","7,830.70","8,464.91"
2019-02-25,"8,250","8,250","8,190","8,200","8,202.00","8,208.00","8,224.00","8,329.83","8,473.00",0,"1,617","3,977.40","4,701.45","7,800.58","8,450.13"
2019-02-26,"8,180","8,240","8,160","8,200","8,204.00","8,204.00","8,221.50","8,322.50","8,469.92",0,"2,800","2,422.60","4,186.90","7,742.87","8,448.58"
2019-02-27,"8,200","8,230","8,180","8,200","8,206.00","8,203.00","8,219.00","8,315.50","8,466.67",0,"1,027","2,446.40","4,175.15","7,493.58","8,427.37"
2019-02-28,"8,200","8,220","8,190","8,210","8,208.00","8,205.00","8,218.00","8,308.67","8,463.25",0,"3,760","2,896.80","4,204.20","7,454.43","8,439.30"
2019-03-04,"8,210","8,240","8,210","8,220","8,206.00","8,206.00","8,218.00","8,301.50","8,459.92",0,"5,192","2,879.20","4,271.35","7,210.92","8,469.14"
2019-03-05,"8,330","8,330","8,190","8,230","8,212.00","8,207.00","8,218.50","8,294.33","8,456.50",0,"5,752","3,706.20","4,348.80","7,184.42","8,485.63"
2019-03-06,"8,270","8,270","8,200","8,230","8,218.00","8,211.00","8,218.50","8,286.67","8,453.08",0,"8,210","4,788.20","4,193.50","7,247.92","8,529.16"
2019-03-07,"8,250","8,250","8,210","8,240","8,226.00","8,216.00","8,218.00","8,279.17","8,449.42",0,"1,334","4,849.60","4,100.10","7,159.78","8,465.16"
2019-03-08,"8,240","8,240","8,160","8,230","8,230.00","8,219.00","8,216.00","8,272.00","8,445.67",20,"2,062","4,510.00","4,117.35","7,051.87","8,446.82"
2019-03-11,"8,240","8,250","8,180","8,180","8,222.00","8,214.00","8,213.00","8,264.00","8,441.17",42,"5,431","4,557.80","4,246.40","7,077.45","8,265.02"
2019-03-12,"8,190","8,200","8,140","8,180","8,212.00","8,212.00","8,210.00","8,256.17","8,436.67",0,"10,762","5,559.80","4,581.60","7,139.63","8,290.32"
2019-03-13,"8,150","8,180","8,140","8,180","8,202.00","8,210.00","8,207.00","8,249.67","8,432.17",70,"3,452","4,608.20","4,615.05","7,097.22","8,297.77"
2019-03-14,"8,180","8,190","8,160","8,190","8,192.00","8,209.00","8,206.00","8,243.33","8,427.58",0,"2,662","4,873.80","4,344.70","7,104.62","8,262.58"
2019-03-15,"8,200","8,210","8,170","8,200","8,186.00","8,208.00","8,206.50","8,236.17","8,423.08",0,"18,314","8,124.20","5,224.05","7,279.12","8,358.79"
2019-03-18,"8,210","8,210","8,180","8,190","8,188.00","8,205.00","8,205.50","8,228.33","8,418.50",0,"2,815","7,601.00","4,820.30","7,267.90","8,318.54"
2019-03-19,"8,170","8,210","8,170","8,200","8,192.00","8,202.00","8,204.50","8,221.67","8,413.58",0,"1,571","5,762.80","4,751.55","7,255.35","8,217.79"
2019-03-20,"8,160","8,210","8,160","8,190","8,194.00","8,198.00","8,204.50","8,214.67","8,408.67",0,"2,818","5,636.00","4,363.75","7,218.60","8,212.61"
2019-03-21,"8,200","8,200","8,170","8,190","8,194.00","8,193.00","8,204.50","8,207.67","8,403.83",0,"3,737","5,851.00","4,505.20","6,789.62","8,202.15"
2019-03-22,"8,190","8,200","8,160","8,200","8,194.00","8,190.00","8,204.50","8,200.83","8,399.00",0,"7,432","3,674.60","4,801.40","6,625.50","8,192.63"
2019-03-25,"8,200","8,200","8,120","8,120","8,180.00","8,184.00","8,199.00","8,192.83","8,393.42",2,"11,983","5,508.20","5,136.55","6,670.30","8,279.98"
2019-03-26,"8,130","8,160","8,100","8,130","8,166.00","8,179.00","8,195.50","8,184.83","8,388.08",57,"2,284","5,650.80","5,169.90","6,417.87","8,283.30"
2019-03-27,"8,150","8,150","8,110","8,150","8,158.00","8,176.00","8,193.00","8,177.17","8,382.42",0,"301,415","65,370.20","20,100.65","11,143.23","10,727.51"
2019-03-28,"8,150","8,150","8,130","8,150","8,150.00","8,172.00","8,190.50","8,169.50","8,376.83",0,"1,571","64,937.00","20,127.85","10,576.83","10,726.38"
2019-03-29,"8,150","8,160","8,130","8,160","8,142.00","8,168.00","8,188.00","8,169.00","8,371.25",70,"3,846","64,219.80","20,132.15","10,366.42","10,705.78"
2019-04-01,"8,160","8,230","8,140","8,230","8,164.00","8,172.00","8,188.50","8,169.33","8,366.50",0,"19,211","65,665.40","20,833.10","10,376.35","10,683.88"
2019-04-02,"8,190","8,250","8,190","8,240","8,186.00","8,176.00","8,189.00","8,172.33","8,362.50",67,"2,918","65,792.20","20,691.40","10,248.02","10,621.89"
2019-04-03,"8,240","8,270","8,220","8,260","8,208.00","8,183.00","8,190.50","8,176.67","8,358.50",12,"13,832","8,275.60","20,972.50","10,401.17","10,688.93"
2019-04-04,"8,290","8,290","8,230","8,280","8,234.00","8,192.00","8,192.50","8,181.33","8,354.50",20,"10,667","10,094.80","21,439.15","10,421.68","10,724.13"
2019-04-05,"8,310","8,320","8,260","8,310","8,264.00","8,203.00","8,196.50","8,185.50","8,351.67",0,"6,120","10,549.60","21,642.05","10,440.12","10,730.07"
2019-04-08,"8,280","8,300","8,250","8,300","8,278.00","8,221.00","8,202.50","8,189.83","8,350.00",0,"18,714","10,450.20","22,306.20","10,713.43","10,764.98"
2019-04-09,"8,300","8,300","8,270","8,300","8,290.00","8,238.00","8,208.50","8,194.17","8,348.33",30,"2,127","10,292.00","21,874.45","10,688.92","10,719.04"
2019-04-10,"8,300","8,320","8,290","8,310","8,300.00","8,254.00","8,215.00","8,199.33","8,346.83",0,"1,533","7,832.20","21,778.50","10,685.43","10,710.45"
2019-04-11,"8,280","8,320","8,270","8,310","8,306.00","8,270.00","8,221.00","8,204.50","8,345.42",30,"3,807","6,460.20","21,835.75","10,667.30","10,724.87"
2019-04-12,"8,350","8,350","8,290","8,300","8,304.00","8,284.00","8,226.00","8,209.67","8,343.50",0,"6,402","6,516.60","21,240.15","10,696.67","10,773.92"
2019-04-15,"8,320","8,390","8,300","8,370","8,318.00","8,298.00","8,235.00","8,215.00","8,342.33",0,"14,203","5,614.40","21,809.55","10,796.95","10,886.57"
2019-04-16,"8,390","8,390","8,340","8,380","8,334.00","8,312.00","8,244.00","8,219.67","8,341.42",30,"6,257","6,440.40","22,043.85","10,761.03","10,902.07"
2019-04-17,"8,370","8,420","8,370","8,400","8,352.00","8,326.00","8,254.50","8,224.50","8,340.33",0,"30,470","12,227.80","23,426.45","11,200.60","11,082.72"
2019-04-18,"8,380","8,420","8,380","8,380","8,366.00","8,336.00","8,264.00","8,228.67","8,339.50",30,"8,226","13,111.60","23,650.90","11,262.25","11,081.21"
2019-04-19,"8,430","8,430","8,390","8,430","8,392.00","8,348.00","8,275.50","8,233.17","8,339.00",0,"11,100","14,051.20","23,834.30","11,302.53","11,140.94"
2019-04-22,"8,450","8,470","8,430","8,460","8,410.00","8,364.00","8,292.50","8,238.00","8,339.25",0,"14,563","14,123.20","23,963.30","11,429.43","11,201.49"
2019-04-23,"8,540","8,540","8,470","8,510","8,436.00","8,385.00","8,311.50","8,243.67","8,340.42",0,"18,656","16,603.00","24,781.90","11,551.08","11,236.87"
2019-04-24,"8,510","8,550","8,480","8,510","8,458.00","8,405.00","8,329.50","8,248.00","8,343.33",0,"8,256","12,160.20","10,123.95","11,470.50","11,209.00"
2019-04-25,"8,510","8,510","8,470","8,490","8,480.00","8,423.00","8,346.50","8,252.00","8,345.42",0,"5,752","11,665.40","10,333.00","11,545.33","11,206.67"
2019-04-26,"8,480","8,510","8,450","8,480","8,490.00","8,441.00","8,362.50","8,256.17","8,346.17",30,"18,191","13,083.60","11,050.25","11,795.53","11,307.48"
2019-04-29,"8,480","8,560","8,480","8,540","8,506.00","8,458.00","8,378.00","8,261.50","8,347.08",0,"8,426","11,856.20","10,511.00","11,871.82","11,351.92"
2019-04-30,"8,530","8,560","8,520","8,550","8,514.00","8,475.00","8,393.50","8,267.00","8,347.25",30,"6,353","9,395.60","10,682.75","11,907.65","11,334.52"
2019-05-02,"8,550","8,630","8,530","8,620","8,536.00","8,497.00","8,411.50","8,273.50","8,348.17",0,"21,829","12,110.20","11,082.60","12,082.87","11,502.13"
2019-05-03,"8,660","8,750","8,600","8,700","8,578.00","8,529.00","8,432.50","8,281.00","8,349.58",0,"46,839","20,327.60","12,891.20","12,810.15","11,775.23"
2019-05-07,"8,690","8,690","8,590","8,620","8,606.00","8,548.00","8,448.00","8,286.83","8,350.33",0,"14,298","19,549.00","13,300.10","13,019.83","11,825.25"
2019-05-08,"8,600","8,670","8,530","8,640","8,626.00","8,566.00","8,465.00","8,293.50","8,350.75",0,"24,939","22,851.60","13,611.35","13,387.98","11,981.87"
2019-05-09,"8,680","8,680","8,570","8,610","8,638.00","8,576.00","8,480.50","8,299.67","8,350.75",0,"8,057","23,192.40","13,907.85","13,454.63","11,978.47"
2019-05-10,"8,640","8,640","8,510","8,600","8,634.00","8,585.00","8,495.00","8,305.67","8,350.67",20,"11,495","21,125.60","14,405.95","13,599.83","12,024.78"
2019-05-13,"8,570","8,600","8,430","8,430","8,580.00","8,579.00","8,501.00","8,309.33","8,349.08",0,"28,361","17,430.00","15,633.65","13,938.03","12,219.16"
2019-05-14,"8,400","8,490","8,300","8,490","8,554.00","8,580.00","8,510.50","8,314.33","8,347.92",9,"20,131","18,596.60","16,320.10","14,261.43","12,349.63"
2019-05-15,"8,500","8,520","8,430","8,470","8,520.00","8,573.00","8,515.50","8,318.67","8,346.83",0,"15,759","16,760.60","16,397.90","14,342.58","12,371.97"
2019-05-16,"8,450","8,480","8,390","8,460","8,490.00","8,564.00","8,519.50","8,322.67","8,345.25",0,"17,007","18,550.60","16,935.40","14,576.93","11,822.52"
2019-05-17,"8,470","8,480","8,430","8,470","8,464.00","8,549.00","8,523.00","8,327.33","8,343.83",0,"6,258","17,503.20","15,724.80","14,505.00","11,224.95"
2019-05-20,"8,470","8,510","8,410","8,490","8,476.00","8,528.00","8,528.50","8,332.33","8,342.58",0,"25,939","17,018.80","16,610.45","14,922.18","11,407.36"
2019-05-21,"8,490","8,510","8,460","8,500","8,478.00","8,516.00","8,532.00","8,337.33","8,341.17",0,"29,353","18,863.20","17,523.10","15,386.27","11,598.93"
2019-05-22,"8,510","8,520","8,460","8,490","8,482.00","8,501.00","8,533.50","8,341.67","8,339.67",70,"2,770","16,265.40","16,933.45","15,344.43","11,587.57"
2019-05-23,"8,520","8,520","8,430","8,450","8,480.00","8,485.00","8,530.50","8,345.83","8,337.83",0,"29,593","18,782.60","17,480.30","15,810.70","11,805.64"
2019-05-24,"8,450","8,510","8,420","8,460","8,478.00","8,471.00","8,528.00","8,350.17","8,336.33",0,"8,743","19,279.60","17,504.65","15,909.75","11,826.31"
2019-05-27,"8,460","8,490","8,440","8,470","8,474.00","8,475.00","8,527.00","8,354.67","8,335.08",0,"3,179","14,727.60","17,376.00","15,945.62","11,719.60"
2019-05-28,"8,440","8,520","8,440","8,500","8,474.00","8,476.00","8,528.00","8,359.50","8,334.08",70,"43,096","17,476.20","18,621.25","16,601.22","12,027.83"
2019-05-29,"8,490","8,490","8,430","8,490","8,474.00","8,478.00","8,525.50","8,364.00","8,332.75",0,"5,806","18,083.40","18,490.25","16,611.45","11,911.18"
2019-05-30,"8,530","8,530","8,430","8,520","8,488.00","8,484.00","8,524.00","8,368.83","8,331.58",71,"4,753","13,115.40","18,410.25","16,594.80","11,889.61"
2019-05-31,"8,540","8,540","8,440","8,520","8,500.00","8,489.00","8,519.00","8,373.67","8,330.17",20,"4,482","12,263.20","17,542.90","16,532.67","11,890.29"
2019-06-03,"8,500","8,530","8,450","8,510","8,508.00","8,491.00","8,509.50","8,378.17","8,328.67",0,"45,617","20,750.80","17,481.80","17,270.72","12,215.25"
2019-06-04,"8,510","8,510","8,470","8,500","8,508.00","8,491.00","8,503.50","8,382.67","8,327.33",0,"9,221","13,975.80","17,227.95","17,390.03","12,220.95"
2019-06-05,"8,500","8,540","8,480","8,530","8,516.00","8,495.00","8,498.00","8,388.50","8,326.25",0,"30,646","18,943.80","17,513.30","17,810.28","12,443.87"
2019-06-07,"8,540","8,640","8,500","8,610","8,534.00","8,511.00","8,498.00","8,395.67","8,325.92",0,"28,400","23,673.20","18,530.45","18,104.25","12,621.94"
2019-06-10,"8,610","8,670","8,610","8,630","8,556.00","8,528.00","8,499.50","8,403.17","8,326.42",0,"9,716","24,720.00","18,441.50","18,208.65","12,652.93"
2019-06-11,"8,550","8,680","8,550","8,670","8,588.00","8,548.00","8,511.50","8,411.17","8,327.25",18,"37,216","23,039.80","18,884.25","18,784.55","12,944.58"
2019-06-12,"8,670","8,670","8,630","8,640","8,616.00","8,562.00","8,519.00","8,418.50","8,327.33",0,"1,177","21,431.00","17,936.55","18,498.93","12,889.03"
2019-06-13,"8,640","8,680","8,600","8,650","8,640.00","8,578.00","8,528.00","8,426.17","8,327.25",0,"8,108","16,923.40","17,554.00","18,587.15","12,927.53"
2019-06-14,"8,610","8,660","8,510","8,650","8,648.00","8,591.00","8,537.50","8,433.67","8,327.67",20,"32,834","17,810.20","18,345.35","19,108.20","13,181.78"
2019-06-17,"8,650","8,720","8,610","8,670","8,656.00","8,606.00","8,547.50","8,441.67","8,328.17",0,"10,127","17,892.40","18,538.80","19,230.02","13,224.31"
2019-06-18,"8,670","8,690","8,630","8,670","8,656.00","8,622.00","8,556.50","8,449.67","8,328.67",0,"4,970","11,443.20","17,490.35","19,250.57","13,020.09"
2019-06-19,"8,700","8,720","8,650","8,660","8,660.00","8,638.00","8,564.50","8,457.33","8,329.08",0,"23,493","15,906.40","17,197.35","19,518.25","13,071.88"
2019-06-20,"8,700","8,700","8,650","8,660","8,662.00","8,651.00","8,573.00","8,466.33","8,329.58",0,"7,232","15,731.20","17,420.45","19,439.07","13,054.68"
2019-06-21,"8,700","8,720","8,630","8,720","8,676.00","8,662.00","8,586.50","8,476.17","8,330.50",20,"29,131","14,990.60","17,397.35","19,886.52","13,152.19"
2019-06-24,"8,700","8,810","8,690","8,800","8,702.00","8,679.00","8,603.50","8,487.00","8,332.08",18,"77,172","28,399.60","20,818.80","16,149.13","13,646.18"
2019-06-25,"8,780","8,880","8,770","8,800","8,728.00","8,692.00","8,620.00","8,497.83","8,333.67",29,"58,359","39,077.40","23,577.80","17,095.60","13,836.22"
2019-06-26,"8,770","8,840","8,760","8,820","8,760.00","8,710.00","8,636.00","8,508.83","8,338.92",0,"17,142","37,807.20","22,280.10","17,317.20","13,841.81"
2019-06-27,"8,810","8,860","8,800","8,830","8,794.00","8,728.00","8,653.00","8,518.83","8,344.08",0,"13,607","39,082.20","22,670.15","17,223.80","13,800.08"
2019-06-28,"8,810","8,840","8,730","8,800","8,810.00","8,743.00","8,667.00","8,528.17","8,350.25",0,"12,783","35,812.60","23,071.65","17,388.22","13,818.12"
2019-07-01,"8,770","8,840","8,770","8,810","8,812.00","8,757.00","8,681.50","8,537.33","8,357.00",30,"16,529","23,684.00","23,674.00","17,433.17","13,917.17"
2019-07-02,"8,810","8,840","8,760","8,800","8,812.00","8,770.00","8,696.00","8,546.00","8,363.67",30,"12,715","14,555.20","22,028.90","17,467.30","13,944.49"
2019-07-03,"8,780","8,830","8,570","8,640","8,776.00","8,768.00","8,703.00","8,551.50","8,368.50",0,"42,566","19,640.00","23,696.15","18,074.73","14,257.42"
2019-07-04,"8,630","8,700","8,580","8,680","8,746.00","8,770.00","8,710.50","8,557.83","8,373.83",0,"15,334","19,985.40","22,930.55","18,018.40","14,365.92"
2019-07-05,"8,690","8,690","8,600","8,650","8,716.00","8,763.00","8,712.50","8,563.67","8,378.92",0,"20,025","21,433.80","22,511.80","18,316.70","14,502.81"
2019-07-08,"8,620","8,620","8,480","8,490","8,652.00","8,732.00","8,705.50","8,566.67","8,383.00",2,"28,460","23,820.00","23,449.00","18,765.48","14,725.46"
2019-07-09,"8,510","8,520","8,380","8,470","8,586.00","8,699.00","8,695.50","8,569.33","8,386.92",71,"24,843","26,245.60","22,830.35","19,116.08","14,891.69"
2019-07-10,"8,470","8,550","8,440","8,500","8,558.00","8,667.00","8,688.50","8,572.67","8,391.17",0,"13,070","20,346.40","23,425.00","19,227.22","14,961.94"
2019-07-11,"8,510","8,550","8,490","8,550","8,532.00","8,639.00","8,683.50","8,575.67","8,395.33",0,"15,254","20,330.40","23,782.30","19,244.73","15,020.84"
2019-07-12,"8,500","8,560","8,500","8,540","8,510.00","8,613.00","8,678.00","8,578.33","8,399.00",0,"50,697","26,464.80","24,675.45","19,985.40","15,373.22"
2019-07-15,"8,540","8,560","8,490","8,510","8,514.00","8,583.00","8,670.00","8,580.17","8,402.33",0,"42,209","29,214.60","26,279.55","20,181.05","15,690.83"
2019-07-16,"8,510","8,550","8,510","8,540","8,528.00","8,557.00","8,663.50","8,582.83","8,405.75",0,"14,683","27,182.60","26,765.20","20,288.67","15,775.46"
2019-07-17,"8,540","8,540","8,460","8,490","8,526.00","8,542.00","8,655.00","8,583.83","8,408.50",0,"30,341","30,636.80","27,107.60","20,609.35","15,955.94"
2019-07-18,"8,490","8,520","8,400","8,410","8,498.00","8,515.00","8,642.50","8,583.00","8,410.50",0,"28,373","33,260.60","28,164.65","20,839.52","16,134.48"
2019-07-19,"8,480","8,530","8,380","8,520","8,494.00","8,502.00","8,632.50","8,583.17","8,413.42",71,"12,767","25,674.60","27,346.45","20,741.37","16,146.23"
2019-07-22,"8,510","8,550","8,450","8,540","8,500.00","8,507.00","8,619.50","8,583.67","8,415.83",0,"18,170","20,866.80","24,396.35","20,906.60","16,188.55"
2019-07-23,"8,570","8,570","8,500","8,560","8,504.00","8,516.00","8,607.50","8,584.83","8,418.42",0,"11,414","20,213.00","22,049.10","21,000.97","16,273.15"
2019-07-24,"8,560","8,580","8,420","8,430","8,492.00","8,509.00","8,588.00","8,584.00","8,420.08",0,"52,345","24,613.80","23,809.25","21,570.20","16,682.87"
2019-07-25,"8,450","8,460","8,390","8,430","8,496.00","8,497.00","8,568.00","8,582.17","8,421.83",49,"16,424","22,224.00","23,950.10","21,703.50","16,787.66"
2019-07-26,"8,410","8,450","8,350","8,440","8,480.00","8,487.00","8,550.00","8,580.33","8,423.67",0,"25,552","24,781.00","24,588.55","22,023.48","16,965.57"
2019-07-29,"8,450","8,450","8,250","8,320","8,436.00","8,468.00","8,525.50","8,575.33","8,424.42",0,"36,156","28,378.20","25,569.90","22,262.27","17,172.57"
2019-07-30,"8,320","8,370","8,280","8,330","8,390.00","8,447.00","8,502.00","8,569.17","8,425.08",54,"16,216","29,338.60","25,744.95","21,751.88","17,281.02"
2019-07-31,"8,360","8,440","8,300","8,380","8,380.00","8,436.00","8,489.00","8,565.17","8,426.00",0,"22,902","23,450.00","24,761.75","21,895.28","17,457.56"
2019-08-01,"8,380","8,380","8,260","8,320","8,358.00","8,427.00","8,471.00","8,559.83","8,426.67",0,"12,552","22,675.60","24,622.65","21,688.83","17,538.41"
2019-08-02,"8,300","8,310","8,180","8,200","8,310.00","8,395.00","8,448.50","8,553.00","8,426.33",0,"49,748","27,514.80","26,108.80","22,383.68","17,919.16"
2019-08-05,"8,290","8,290","7,970","8,020","8,250.00","8,343.00","8,425.00","8,543.33","8,424.50",0,"67,865","33,856.60","28,079.05","23,323.18","18,461.51"
2019-08-06,"8,000","8,140","7,770","8,010","8,186.00","8,288.00","8,402.00","8,536.33","8,422.83",54,"60,156","42,644.60","29,844.70","23,853.10","18,895.57"
2019-08-07,"8,120","8,120","7,950","7,950","8,100.00","8,240.00","8,374.50","8,527.33","8,420.83",2,"30,333","44,130.80","30,707.85","24,023.13","19,142.28"
2019-08-08,"7,960","8,060","7,960","8,050","8,046.00","8,202.00","8,349.50","8,520.33","8,419.50",58,"24,071","46,434.60","31,148.70","24,161.67","19,252.13"
2019-08-09,"8,100","8,200","8,100","8,180","8,042.00","8,176.00","8,331.50","8,515.67","8,419.17",59,"19,627","40,410.40","29,595.20","24,205.33","19,391.13"
2019-08-12,"8,190","8,240","8,150","8,220","8,082.00","8,166.00","8,317.00","8,511.50","8,419.42",0,"12,989","29,435.20","28,134.20","24,317.52","19,411.26"
2019-08-13,"8,200","8,200","8,110","8,170","8,114.00","8,150.00","8,298.50","8,506.17","8,419.25",0,"6,846","18,773.20","27,742.35","23,999.30","19,460.74"
2019-08-14,"8,170","8,210","8,090","8,170","8,158.00","8,129.00","8,282.50","8,500.67","8,419.00",0,"24,150","17,536.60","27,432.80","23,912.58","19,649.42"
2019-08-16,"8,170","8,170","8,010","8,050","8,158.00","8,102.00","8,264.50","8,493.33","8,417.50",0,"30,495","18,821.40","27,538.90","24,374.67","19,859.55"
2019-08-19,"8,070","8,110","8,040","8,080","8,138.00","8,090.00","8,242.50","8,487.17","8,416.50",0,"10,717","17,039.40","27,436.40","24,060.07","19,935.38"
2019-08-20,"8,090","8,200","8,090","8,180","8,130.00","8,106.00","8,224.50","8,482.50","8,416.33",0,"16,034","17,648.40","27,329.60","24,181.58","20,045.67"
2019-08-21,"8,230","8,240","8,160","8,210","8,138.00","8,126.00","8,207.00","8,478.17","8,416.42",0,"11,617","18,602.60","27,339.75","24,322.22","20,133.92"
2019-08-22,"8,160","8,220","8,150","8,190","8,142.00","8,150.00","8,195.00","8,473.00","8,416.25",0,"19,860","17,744.60","25,715.50","23,934.95","20,268.08"
2019-08-23,"8,190","8,220","8,130","8,220","8,176.00","8,167.00","8,184.50","8,468.50","8,416.25",0,"10,111","13,667.80","25,399.85","24,006.70","20,309.08"
2019-08-26,"8,120","8,140","8,030","8,140","8,188.00","8,163.00","8,169.50","8,462.17","8,415.50",71,"27,507","17,025.80","25,497.60","24,385.93","20,490.37"
2019-08-27,"8,200","8,200","8,080","8,120","8,176.00","8,153.00","8,159.50","8,455.50","8,414.58",0,"23,485","18,516.00","24,864.05","24,702.65","20,617.66"
2019-08-28,"8,120","8,150","8,110","8,140","8,162.00","8,150.00","8,150.00","8,449.33","8,413.75",0,"7,579","17,708.40","24,432.20","24,068.68","20,669.70"
2019-08-29,"8,200","8,200","8,120","8,180","8,160.00","8,151.00","8,140.00","8,444.00","8,413.33",0,"7,866","15,309.60","23,680.40","24,046.10","20,718.07"
2019-08-30,"8,180","8,330","8,180","8,300","8,176.00","8,176.00","8,139.00","8,440.17","8,414.33",0,"25,203","18,328.00","24,312.95","23,955.38","20,882.83"
2019-09-02,"8,300","8,390","8,280","8,360","8,220.00","8,204.00","8,147.00","8,436.00","8,415.83",0,"6,773","14,181.20","22,164.20","23,594.93","20,849.59"
2019-09-03,"8,360","8,360","8,270","8,350","8,266.00","8,221.00","8,163.50","8,431.33","8,417.25",0,"12,745","12,033.20","19,408.20","23,645.42","20,927.03"
2019-09-04,"8,350","8,370","8,310","8,370","8,312.00","8,237.00","8,181.50","8,426.33","8,418.75",0,"6,432","11,803.80","16,722.00","23,132.35","20,958.45"
2019-09-05,"8,320","8,400","8,320","8,380","8,352.00","8,256.00","8,203.00","8,422.00","8,420.25",0,"5,791","11,388.80","15,494.90","23,209.25","20,854.09"
2019-09-06,"8,400","8,470","8,380","8,420","8,376.00","8,276.00","8,221.50","8,418.17","8,422.17",0,"8,153","7,978.80","14,699.00","23,210.00","20,898.58"
2019-09-09,"8,420","8,470","8,400","8,410","8,386.00","8,303.00","8,233.00","8,414.17","8,423.92",30,"8,020","8,228.20","14,118.65","22,796.43","20,952.32"
2019-09-10,"8,520","8,650","8,520","8,630","8,442.00","8,354.00","8,253.50","8,413.50","8,427.58",0,"57,684","17,216.00","16,353.40","23,589.05","21,409.53"
2019-09-11,"8,630","8,680","8,620","8,680","8,504.00","8,408.00","8,279.00","8,413.67","8,431.67",0,"35,437","23,017.00","17,782.95","24,096.83","21,673.70"
2019-09-16,"8,690","8,730","8,650","8,730","8,574.00","8,463.00","8,307.00","8,414.83","8,436.08",0,"22,428","26,344.40","17,696.85","24,079.08","21,798.67"
2019-09-17,"8,730","8,740","8,690","8,720","8,634.00","8,505.00","8,340.50","8,415.83","8,441.08",17,"19,877","28,689.20","17,165.95","24,289.83","21,864.45"
2019-09-18,"8,670","8,740","8,670","8,720","8,696.00","8,541.00","8,372.50","8,415.83","8,446.00",30,"23,162","31,717.60","17,788.20","24,190.35","22,038.43"
2019-09-19,"8,720","8,740","8,670","8,700","8,710.00","8,576.00","8,398.50","8,414.17","8,450.58",30,"11,503","22,481.40","17,561.65","23,095.87","19,622.50"
2019-09-20,"8,700","8,710","8,650","8,700","8,714.00","8,609.00","8,423.00","8,412.50","8,455.17",0,"8,274","17,048.80","17,394.50","22,261.12","19,678.36"
2019-09-23,"8,680","8,720","8,660","8,690","8,706.00","8,640.00","8,448.00","8,410.33","8,459.58",0,"6,251","13,813.40","16,714.05","22,079.60","19,698.40"
2019-09-24,"8,670","8,710","8,610","8,680","8,698.00","8,666.00","8,471.00","8,407.83","8,463.33",0,"7,688","11,375.60","16,592.90","21,980.95","19,602.38"
2019-09-25,"8,660","8,690","8,630","8,650","8,684.00","8,690.00","8,496.50","8,405.33","8,466.75",0,"63,156","19,374.40","18,375.35","22,820.50","20,104.36"
2019-09-26,"8,670","8,690","8,630","8,660","8,676.00","8,693.00","8,523.50","8,402.83","8,470.08",30,"9,613","18,996.40","17,681.75","22,705.23","20,069.20"
2019-09-27,"8,660","8,660","8,590","8,610","8,658.00","8,686.00","8,547.00","8,399.67","8,472.83",0,"15,476","20,436.80","18,076.60","22,751.25","20,109.28"
2019-09-30,"8,610","8,680","8,610","8,670","8,654.00","8,680.00","8,571.50","8,400.17","8,475.83",0,"13,234","21,833.40","18,345.00","22,262.38","20,168.56"
2019-10-01,"8,680","8,680","8,620","8,680","8,654.00","8,676.00","8,590.50","8,400.17","8,479.00",30,"20,103","24,316.40","18,090.00","22,341.87","20,180.13"
2019-10-02,"8,630","8,670","8,610","8,630","8,650.00","8,667.00","8,604.00","8,399.83","8,481.75",0,"13,490","14,383.20","18,425.85","22,232.95","20,274.83"
2019-10-04,"8,610","8,640","8,580","8,600","8,638.00","8,657.00","8,616.50","8,401.67","8,484.17",0,"8,999","14,260.40","18,238.55","21,908.60","20,337.04"
2019-10-07,"8,600","8,630","8,580","8,610","8,638.00","8,648.00","8,628.50","8,404.00","8,486.67",70,"5,020","12,169.20","18,167.95","21,578.22","20,347.15"
2019-10-08,"8,610","8,680","8,580","8,620","8,628.00","8,641.00","8,640.50","8,406.00","8,489.33",70,"26,251","14,772.60","19,190.95","21,797.90","20,512.56"
2019-10-10,"8,620","8,620","8,550","8,590","8,610.00","8,632.00","8,649.00","8,406.67","8,491.17",0,"12,008","13,153.60","19,383.70","21,743.80","20,494.27"
2019-10-11,"8,600","8,610","8,580","8,610","8,606.00","8,628.00","8,659.00","8,407.83","8,493.08",0,"6,571","11,769.80","19,311.25","21,008.37","20,496.88"
2019-10-14,"8,620","8,650","8,610","8,630","8,612.00","8,625.00","8,659.00","8,409.83","8,495.00",0,"12,107","12,391.40","17,032.40","20,506.67","20,343.86"
2019-10-15,"8,630","8,640","8,610","8,640","8,618.00","8,628.00","8,657.00","8,411.50","8,497.17",70,"4,817","12,350.80","15,501.40","20,342.23","20,315.45"
2019-10-16,"8,650","8,670","8,630","8,630","8,620.00","8,624.00","8,652.00","8,413.83","8,498.83",0,"8,328","8,766.20","14,796.40","19,975.35","20,292.35"
2019-10-17,"8,600","8,670","8,600","8,650","8,632.00","8,621.00","8,648.50","8,417.83","8,500.42",0,"5,606","7,485.80","14,082.85","19,595.90","20,217.71"
2019-10-18,"8,650","8,660","8,620","8,640","8,638.00","8,622.00","8,644.50","8,419.83","8,501.50",0,"10,358","8,243.20","13,442.65","19,555.75","20,148.56"
2019-10-21,"8,640","8,640","8,600","8,640","8,640.00","8,626.00","8,641.50","8,421.50","8,502.58",0,"9,173","7,656.40","13,326.15","19,405.80","20,156.20"
2019-10-22,"8,670","8,670","8,600","8,640","8,640.00","8,629.00","8,638.50","8,422.83","8,503.83",70,"9,266","8,546.20","13,375.75","19,370.00","20,185.48"
2019-10-23,"8,610","8,650","8,550","8,620","8,638.00","8,629.00","8,635.00","8,426.00","8,505.00",0,"9,563","8,793.20","13,541.35","18,656.97","20,113.58"
2019-10-24,"8,660","8,660","8,560","8,630","8,634.00","8,633.00","8,632.50","8,429.33","8,505.75",71,"5,769","8,825.80","13,445.40","18,479.38","20,091.44"
2019-10-25,"8,630","8,650","8,600","8,630","8,632.00","8,635.00","8,631.50","8,432.50","8,506.42",0,"5,465","7,847.20","10,560.85","18,144.60","20,084.04"
2019-10-28,"8,630","8,650","8,600","8,630","8,630.00","8,635.00","8,630.00","8,437.67","8,506.50",70,"4,552","6,923.00","10,307.80","17,617.87","19,940.07"
2019-10-29,"8,600","8,650","8,600","8,630","8,628.00","8,634.00","8,631.00","8,442.67","8,505.92",30,"9,189","6,907.60","9,993.45","17,500.75","19,626.32"
2019-10-30,"8,660","8,660","8,570","8,610","8,626.00","8,632.00","8,628.00","8,446.50","8,505.83",0,"4,033","5,801.60","9,533.40","17,186.27","19,540.78"
2019-10-31,"8,610","8,630","8,550","8,600","8,620.00","8,627.00","8,624.00","8,451.17","8,505.50",0,"9,381","6,524.00","8,997.30","17,133.42","19,411.13"
2019-11-01,"8,630","8,630","8,580","8,630","8,620.00","8,626.00","8,624.00","8,458.33","8,505.67",0,"3,308","6,092.60","8,488.20","16,359.42","19,371.55"
2019-11-04,"8,630","8,660","8,600","8,660","8,626.00","8,628.00","8,627.00","8,469.00","8,506.17",0,"14,894","8,161.00","8,782.95","15,476.57","19,399.88"
2019-11-05,"8,670","8,680","8,660","8,670","8,634.00","8,631.00","8,630.00","8,480.00","8,508.17",0,"10,329","8,389.00","9,048.40","14,646.12","19,249.61"
2019-11-06,"8,670","8,700","8,660","8,700","8,652.00","8,639.00","8,634.00","8,492.50","8,509.92",0,"13,434","10,269.20","8,407.55","14,364.47","19,193.80"
2019-11-07,"8,700","8,710","8,680","8,700","8,672.00","8,646.00","8,639.50","8,503.33","8,511.83",0,"33,202","15,033.40","9,467.25","14,516.65","19,339.16"
2019-11-08,"8,710","8,710","8,680","8,680","8,682.00","8,651.00","8,643.00","8,511.67","8,513.67",30,"5,670","15,505.80","9,422.20","14,284.03","19,244.68"
2019-11-11,"8,700","8,760","8,680","8,760","8,702.00","8,664.00","8,649.50","8,520.67","8,516.08",0,"11,714","14,869.80","9,402.55","14,262.78","19,290.15"
2019-11-12,"8,760","8,760","8,710","8,760","8,720.00","8,677.00","8,655.50","8,530.50","8,518.33",30,"3,817","13,567.40","9,352.55","14,212.30","19,105.80"
2019-11-13,"8,760","8,760","8,650","8,740","8,728.00","8,690.00","8,661.00","8,540.00","8,520.33",30,"15,867","14,054.00","9,729.50","14,074.25","18,993.42"
2019-11-14,"8,740","8,740","8,670","8,730","8,734.00","8,703.00","8,665.00","8,551.33","8,522.33",20,"12,765","9,966.60","10,087.45","13,778.75","19,076.71"
2019-11-15,"8,720","8,750","8,660","8,750","8,748.00","8,715.00","8,670.50","8,562.50","8,524.83",0,"33,391","15,510.80","11,239.10","14,156.65","19,108.36"
2019-11-18,"8,760","8,770","8,700","8,720","8,740.00","8,721.00","8,674.50","8,571.50","8,527.00",0,"6,332","14,434.40","11,097.05","13,994.95","19,088.27"
2019-11-19,"8,760","8,770","8,650","8,750","8,738.00","8,729.00","8,680.00","8,580.50","8,529.33",30,"14,046","16,480.20","11,336.05","14,035.43","19,178.83"
2019-11-20,"8,750","8,750","8,670","8,740","8,738.00","8,733.00","8,686.00","8,589.67","8,531.33",20,"12,680","15,842.80","11,491.90","13,915.77","18,925.36"
2019-11-21,"8,740","8,740","8,630","8,730","8,738.00","8,736.00","8,691.00","8,598.17","8,533.33",43,"9,793","15,248.40","11,693.10","13,910.47","18,958.58"
2019-11-22,"8,640","8,710","8,620","8,670","8,722.00","8,735.00","8,693.00","8,607.00","8,534.58",0,"11,511","10,872.40","11,995.40","13,643.87","19,014.90"
2019-11-25,"8,640","8,720","8,640","8,690","8,716.00","8,728.00","8,696.00","8,616.50","8,536.00",0,"3,241","10,254.20","11,929.85","13,306.47","19,004.56"
2019-11-26,"8,690","8,720","8,640","8,720","8,710.00","8,724.00","8,700.50","8,626.17","8,537.75",70,"11,806","9,806.20","12,060.70","13,376.92","18,722.80"
2019-11-27,"8,730","8,730","8,640","8,700","8,702.00","8,720.00","8,705.00","8,634.83","8,539.42",0,"9,414","9,153.00","12,329.75","13,402.72","18,724.41"
2019-11-28,"8,700","8,750","8,620","8,700","8,696.00","8,717.00","8,710.00","8,641.50","8,540.83",0,"27,352","12,664.80","13,228.30","13,438.53","18,696.96"
2019-11-29,"8,700","8,800","8,600","8,680","8,698.00","8,710.00","8,712.50","8,646.83","8,541.42",0,"13,559","13,074.40","13,740.85","13,551.63","18,573.28"
2019-12-02,"8,680","8,690","8,640","8,670","8,694.00","8,705.00","8,713.00","8,652.17","8,541.75",0,"6,624","13,751.00","13,327.35","13,449.62","18,547.52"
2019-12-03,"8,630","8,740","8,510","8,580","8,666.00","8,688.00","8,708.50","8,655.67","8,541.00",0,"380,809","87,551.60","31,851.35","19,689.23","21,410.79"
2019-12-04,"8,640","8,640","8,530","8,570","8,640.00","8,671.00","8,702.00","8,658.83","8,540.42",0,"7,619","87,192.60","31,560.60","19,719.70","21,464.47"
2019-12-05,"8,530","8,640","8,530","8,560","8,612.00","8,654.00","8,695.00","8,661.17","8,539.67",70,"8,660","83,454.20","30,333.50","19,728.15","21,469.08"
2019-12-06,"8,570","8,580","8,500","8,500","8,576.00","8,637.00","8,686.00","8,662.67","8,538.42",0,"19,172","84,576.80","31,008.60","19,914.02","21,355.22"
2019-12-09,"8,520","8,650","8,510","8,580","8,558.00","8,626.00","8,677.00","8,661.83","8,537.67",0,"4,912","84,234.40","30,668.50","19,034.48","21,311.77"
2019-12-10,"8,590","8,630","8,580","8,620","8,566.00","8,616.00","8,670.00","8,660.83","8,537.25",0,"3,998","8,872.20","30,677.55","18,510.50","21,303.67"
2019-12-11,"8,640","8,640","8,600","8,630","8,578.00","8,609.00","8,664.50","8,659.17","8,537.00",0,"4,217","8,191.80","30,095.05","18,206.98","21,143.03"
2019-12-12,"8,630","8,670","8,610","8,670","8,600.00","8,606.00","8,661.50","8,658.33","8,537.08",0,"17,008","9,861.40","30,307.20","18,159.17","21,224.50"
2019-12-13,"8,680","8,730","8,650","8,720","8,644.00","8,610.00","8,660.00","8,658.33","8,537.08",0,"27,077","11,442.40","29,991.50","18,224.42","21,207.38"
2019-12-16,"8,710","8,720","8,680","8,710","8,670.00","8,614.00","8,659.50","8,658.50","8,536.33",0,"9,994","12,458.80","30,174.60","18,199.27","20,647.57"
2019-12-17,"8,710","8,720","8,690","8,710","8,688.00","8,627.00","8,657.50","8,658.67","8,535.58",30,"13,430","14,345.20","30,143.80","18,285.20","20,273.16"
2019-12-18,"8,710","8,730","8,700","8,730","8,708.00","8,643.00","8,657.00","8,659.33","8,534.83",0,"5,542","14,610.20","29,786.90","18,273.38","20,176.49"
2019-12-19,"8,720","8,780","8,720","8,770","8,728.00","8,664.00","8,659.00","8,660.83","8,534.33",0,"10,533","13,315.20","29,823.90","18,320.80","20,150.88"
2019-12-20,"8,790","8,790","8,680","8,770","8,738.00","8,691.00","8,664.00","8,662.83","8,534.08",20,"7,331","9,366.00","29,614.90","17,390.38","20,105.44"
2019-12-23,"8,780","8,820","8,750","8,800","8,756.00","8,713.00","8,669.50","8,665.17","8,534.00",0,"23,908","12,148.80","30,648.25","17,628.63","20,166.93"
2019-12-24,"8,820","8,860","8,700","8,800","8,774.00","8,731.00","8,673.50","8,668.33","8,534.00",0,"24,669","14,396.60","31,291.40","17,781.85","20,266.55"
2019-12-26,"8,800","8,810","8,760","8,810","8,790.00","8,749.00","8,679.00","8,670.67","8,535.42",0,"85,171","30,322.40","35,079.25","18,980.80","20,621.59"
2019-12-27,"8,500","8,500","8,260","8,280","8,692.00","8,710.00","8,658.00","8,664.00","8,532.08",2,"40,055","36,226.80","35,714.40","19,313.33","20,827.60"
2019-12-30,"8,280","8,310","8,250","8,290","8,596.00","8,667.00","8,638.50","8,658.33","8,529.08",0,"6,789","36,118.40","35,375.90","19,201.65","20,717.30"
2020-01-02,"8,330","8,330","8,190","8,230","8,482.00","8,619.00","8,616.50","8,652.17","8,526.92",0,"11,784","33,693.60","35,633.90","19,248.07","20,578.33"
2020-01-03,"8,200","8,340","8,160","8,230","8,368.00","8,571.00","8,599.00","8,645.83","8,524.92",54,"10,781","30,916.00","17,132.50","19,344.08","20,461.15"
2020-01-06,"8,190","8,250","8,120","8,140","8,234.00","8,512.00","8,577.50","8,637.83","8,521.92",0,"12,678","16,417.40","17,385.45","19,117.87","20,457.88"
2020-01-07,"8,140","8,210","8,130","8,160","8,210.00","8,451.00","8,557.50","8,630.67","8,518.67",0,"4,634","9,333.20","17,184.15","18,994.97","20,369.38"
2020-01-08,"8,190","8,190","8,060","8,120","8,176.00","8,386.00","8,538.50","8,622.50","8,515.17",0,"14,957","10,966.80","16,973.40","19,134.73","20,071.55"
2020-01-09,"8,180","8,220","8,120","8,160","8,162.00","8,322.00","8,517.50","8,614.67","8,512.25",0,"3,124","9,234.80","16,884.00","18,985.02","19,745.84"
2020-01-10,"8,160","8,210","8,120","8,160","8,148.00","8,258.00","8,494.50","8,606.67","8,509.08",70,"3,947","7,868.00","16,881.45","18,970.52","19,656.38"
2020-01-13,"8,160","8,160","8,090","8,150","8,150.00","8,192.00","8,470.50","8,598.67","8,506.25",0,"6,734","6,679.20","17,007.30","18,943.95","19,459.65"
2020-01-14,"8,150","8,180","8,150","8,160","8,150.00","8,180.00","8,445.00","8,590.50","8,504.17",0,"2,279","6,208.20","16,270.85","18,888.50","19,242.20"
2020-01-15,"8,160","8,170","8,130","8,160","8,158.00","8,167.00","8,417.00","8,582.50","8,501.17",0,"5,489","4,314.60","15,191.45","18,807.35","19,181.55"
2020-01-16,"8,190","8,190","8,150","8,170","8,160.00","8,161.00","8,390.00","8,574.67","8,498.08",0,"1,662","4,022.20","14,774.85","18,682.17","19,043.98"
2020-01-17,"8,150","8,180","8,150","8,160","8,160.00","8,154.00","8,362.50","8,566.67","8,494.75",70,"4,374","4,107.60","14,322.05","18,600.63","18,985.32"
2020-01-20,"8,140","8,170","8,110","8,160","8,162.00","8,156.00","8,334.00","8,559.00","8,492.50",0,"4,069","3,574.60","14,248.40","18,509.07","18,583.02"
2020-01-21,"8,130","8,130","7,990","8,050","8,140.00","8,145.00","8,298.00","8,549.33","8,489.33",0,"57,598","14,638.40","16,601.65","19,372.88","18,926.13"
2020-01-22,"8,050","8,070","7,980","8,010","8,110.00","8,134.00","8,260.00","8,539.00","8,485.75",0,"13,734","16,287.40","16,921.80","19,510.70","18,827.65"
2020-01-23,"8,010","8,020","7,960","7,960","8,068.00","8,114.00","8,218.00","8,527.83","8,482.75",0,"13,772","18,709.40","16,415.00","19,664.37","18,641.12"
2020-01-28,"7,900","7,990","7,810","7,870","8,010.00","8,085.00","8,171.50","8,515.17","8,478.92",0,"14,875","20,809.60","15,925.30","19,759.13","18,629.94"
2020-01-29,"7,860","7,950","7,860","7,950","7,968.00","8,065.00","8,128.50","8,504.17","8,475.33",60,"6,055","21,206.80","11,969.50","19,792.83","18,489.55"
2020-01-30,"7,860","7,940","7,850","7,900","7,938.00","8,039.00","8,109.50","8,492.50","8,471.83",0,"12,704","12,228.00","10,601.95","19,848.22","18,490.82"
2020-01-31,"7,900","7,940","7,820","7,850","7,906.00","8,008.00","8,087.50","8,479.50","8,468.92",0,"10,092","11,499.60","10,767.10","19,961.28","18,160.35"
2020-02-03,"7,820","7,820","7,760","7,800","7,874.00","7,971.00","8,066.00","8,465.17","8,467.08",0,"11,426","11,030.40","10,749.20","19,903.48","17,690.03"
2020-02-04,"7,830","7,840","7,790","7,840","7,868.00","7,939.00","8,046.50","8,451.33","8,465.67",0,"12,545","10,564.40","10,837.40","19,940.42","17,293.27"
2020-02-05,"7,850","7,960","7,830","7,860","7,850.00","7,909.00","8,032.50","8,437.33","8,464.92",0,"9,910","11,335.40","10,699.00","19,881.68","17,123.08"
2020-02-06,"7,900","8,010","7,890","8,000","7,870.00","7,904.00","8,024.50","8,425.67","8,464.50",0,"20,232","12,841.00","11,478.90","19,665.52","17,091.08"
2020-02-07,"8,000","8,000","7,910","7,930","7,886.00","7,896.00","8,015.00","8,413.17","8,462.42",0,"3,726","11,567.80","10,917.35","19,633.12","16,958.58"
2020-02-10,"7,930","7,930","7,860","7,880","7,902.00","7,888.00","8,001.00","8,398.50","8,459.58",0,"6,173","10,517.20","11,069.80","19,540.77","16,901.78"
2020-02-11,"7,880","7,890","7,840","7,880","7,910.00","7,889.00","7,987.00","8,383.83","8,457.17",0,"5,069","9,022.00","11,125.90","19,561.63","16,886.97"
2020-02-12,"7,880","7,880","7,840","7,870","7,912.00","7,881.00","7,973.00","8,369.33","8,454.67",70,"6,122","8,264.40","11,095.30","19,399.22","16,736.73"
2020-02-13,"7,880","7,900","7,840","7,850","7,882.00","7,876.00","7,957.50","8,354.67","8,453.00",70,"6,854","5,588.80","11,324.05","19,300.70","16,539.72"
2020-02-14,"7,850","7,860","7,770","7,800","7,856.00","7,871.00","7,939.50","8,338.83","8,450.67",0,"13,481","7,539.80","11,723.65","18,968.87","16,562.76"
2020-02-17,"7,780","7,780","7,360","7,420","7,764.00","7,833.00","7,902.00","8,317.17","8,444.33",0,"68,797","20,064.60","15,080.40","20,009.95","17,002.45"
2020-02-18,"7,420","7,420","7,310","7,350","7,658.00","7,784.00","7,861.50","8,293.83","8,437.17",0,"23,887","23,828.20","16,056.05","20,173.97","17,104.70"
2020-02-19,"7,350","7,350","7,270","7,340","7,552.00","7,732.00","7,820.50","8,270.50","8,430.08",0,"9,236","24,451.00","16,314.40","20,116.57","17,016.17"
2020-02-20,"7,340","7,410","7,290","7,370","7,456.00","7,669.00","7,786.50","8,247.83","8,423.00",0,"38,276","30,735.40","15,348.30","20,591.28","17,250.88"
2020-02-21,"7,310","7,310","7,200","7,240","7,344.00","7,600.00","7,748.00","8,224.00","8,415.50",0,"59,389","39,917.00","17,631.05","21,389.25","17,516.56"
2020-02-24,"7,090","7,220","7,010","7,080","7,276.00","7,520.00","7,704.00","8,197.17","8,406.83",0,"17,620","29,681.60","17,823.45","21,628.90","17,467.68"
2020-02-25,"7,080","7,230","7,080","7,230","7,252.00","7,455.00","7,672.00","8,172.33","8,399.25",8,"7,400","26,384.20","17,449.70","21,555.47","17,466.19"
2020-02-26,"7,230","7,230","7,050","7,100","7,204.00","7,378.00","7,629.50","8,145.67","8,390.25",0,"22,609","29,058.80","18,277.40","21,775.38","17,589.05"
2020-02-27,"7,100","7,200","7,050","7,100","7,150.00","7,303.00","7,589.50","8,119.00","8,380.25",70,"12,506","23,904.80","18,267.50","21,527.95","17,483.24"
2020-02-28,"7,080","7,080","6,930","7,030","7,108.00","7,226.00","7,548.50","8,091.50","8,369.17",0,"13,441","14,715.20","18,434.95","21,525.98","17,538.81"
2020-03-02,"7,030","7,370","6,990","7,080","7,108.00","7,192.00","7,512.50","8,065.00","8,358.58",0,"17,894","14,770.00","18,758.35","21,713.82","17,581.72"
2020-03-03,"7,380","7,510","7,300","7,510","7,164.00","7,208.00","7,496.00","8,047.17","8,351.42",0,"38,860","21,062.00","20,074.10","16,014.67","17,851.95"
2020-03-04,"7,510","7,750","7,510","7,690","7,282.00","7,243.00","7,487.50","8,032.50","8,345.67",0,"22,753","21,090.80","20,716.25","16,266.90","17,993.30"
2020-03-05,"7,800","7,800","7,690","7,770","7,416.00","7,283.00","7,476.00","8,019.33","8,340.25",0,"54,192","29,428.00","22,414.25","17,025.77","18,376.96"
2020-03-06,"7,770","7,770","7,590","7,650","7,540.00","7,324.00","7,462.00","8,005.17","8,333.92",26,"55,015","37,742.80","24,978.70","17,623.15","18,768.58"
2020-03-09,"7,540","7,550","7,310","7,430","7,610.00","7,359.00","7,439.50","7,986.00","8,323.92",0,"42,966","42,757.20","26,818.35","18,257.38","18,645.93"
2020-03-10,"7,230","7,460","7,210","7,440","7,596.00","7,380.00","7,417.50","7,966.33","8,313.58",18,"19,880","38,961.20","27,558.90","18,522.08","18,516.29"
2020-03-11,"7,500","7,540","7,380","7,470","7,552.00","7,417.00","7,397.50","7,947.00","8,303.08",0,"37,276","41,865.80","29,116.60","19,073.07","18,640.03"
2020-03-12,"7,470","7,470","7,100","7,240","7,446.00","7,431.00","7,367.00","7,923.17","8,290.75",26,"40,140","39,055.40","30,780.90","19,458.60","18,808.88"
2020-03-13,"6,990","7,490","6,620","6,950","7,306.00","7,423.00","7,324.50","7,893.67","8,276.00",0,"87,464","45,545.20","34,480.05","20,465.05","19,344.73"
2020-03-16,"7,200","7,200","6,790","6,900","7,200.00","7,405.00","7,298.50","7,863.50","8,261.00",0,"39,161","44,784.20","32,998.25","20,951.17","19,575.22"
2020-03-17,"6,900","6,900","6,650","6,760","7,064.00","7,330.00","7,269.00","7,831.00","8,244.83",0,"32,642","47,336.60","33,436.00","21,271.37","19,778.28"
2020-03-18,"6,650","6,920","6,650","6,660","6,902.00","7,227.00","7,235.00","7,796.50","8,227.92",70,"40,427","47,966.80","34,995.55","21,852.78","20,063.08"
2020-03-19,"6,630","6,690","6,000","6,080","6,670.00","7,058.00","7,170.50","7,751.67","8,206.25",0,"75,459","55,030.60","36,854.70","22,934.88","20,627.84"
2020-03-20,"6,000","6,250","6,000","6,210","6,522.00","6,914.00","7,119.00","7,709.00","8,185.92",70,"77,044","52,946.60","37,737.45","24,096.77","20,743.58"
2020-03-23,"6,000","6,000","5,710","5,850","6,312.00","6,756.00","7,057.50","7,659.83","8,162.50",0,"45,086","54,131.60","39,110.75","24,449.73","21,039.18"
2020-03-24,"5,850","6,280","5,850","6,270","6,214.00","6,639.00","7,009.50","7,617.67","8,143.00",55,"37,831","55,169.40","40,632.30","24,669.10","21,225.47"
2020-03-25,"6,680","6,680","6,310","6,650","6,212.00","6,557.00","6,987.00","7,581.67","8,126.17",0,"65,000","60,084.00","42,751.85","24,332.92","21,656.86"
2020-03-26,"6,660","6,800","6,600","6,680","6,332.00","6,501.00","6,966.00","7,555.00","8,109.50",0,"49,423","54,876.80","44,597.70","24,489.05","21,901.19"
2020-03-27,"6,820","7,090","6,750","6,900","6,470.00","6,496.00","6,959.50","7,531.83","8,095.08",0,"36,055","46,679.00","45,728.40","24,976.82","22,089.23"
2020-03-30,"6,720","7,250","6,700","7,190","6,738.00","6,525.00","6,965.00","7,514.50","8,083.33",0,"51,747","48,011.20","47,421.05","25,642.87","22,445.47"
2020-03-31,"7,370","7,380","7,210","7,380","6,960.00","6,587.00","6,958.50","7,500.33","8,073.08",0,"25,536","45,552.20","46,754.85","25,888.78","22,616.43"
2020-04-01,"7,370","7,460","7,250","7,370","7,104.00","6,658.00","6,942.50","7,487.50","8,062.67",0,"20,605","36,673.20","46,647.45","26,020.90","22,569.38"
2020-04-02,"7,270","7,390","7,230","7,360","7,240.00","6,786.00","6,922.00","7,474.17","8,052.42",0,"26,448","32,078.20","45,260.25","26,384.47","22,689.72"
2020-04-03,"7,400","7,400","7,230","7,340","7,328.00","6,899.00","6,906.50","7,461.17","8,041.83",0,"35,878","32,042.80","44,303.40","26,733.15","22,933.94"
2020-04-06,"7,300","7,570","7,300","7,530","7,396.00","7,067.00","6,911.50","7,450.67","8,032.67",0,"45,075","30,708.40","44,408.85","27,432.33","23,208.67"
2020-04-07,"7,630","7,660","7,510","7,600","7,440.00","7,200.00","6,919.50","7,441.33","8,024.00",0,"20,857","29,772.60","44,457.70","27,714.17","23,342.34"
2020-04-08,"7,630","7,630","7,520","7,580","7,482.00","7,293.00","6,925.00","7,431.83","8,015.25",0,"12,540","28,159.60","43,220.90","27,810.93","23,377.44"
2020-04-09,"7,600","7,630","7,500","7,580","7,526.00","7,383.00","6,942.00","7,422.17","8,006.33",30,"13,602","25,590.40","41,894.00","27,999.65","23,444.08"
2020-04-10,"7,590","7,750","7,530","7,750","7,608.00","7,468.00","6,982.00","7,415.33","7,998.92",0,"23,620","23,138.80","38,701.80","28,301.83","23,554.59"
2020-04-13,"7,750","7,750","7,580","7,580","7,618.00","7,507.00","7,016.00","7,405.50","7,990.08",30,"33,859","20,895.60","38,436.70","28,838.45","23,760.31"
2020-04-14,"7,640","7,690","7,530","7,690","7,636.00","7,538.00","7,062.50","7,397.67","7,982.17",0,"23,843","21,492.80","37,996.75","29,162.93","23,881.78"
2020-04-16,"7,660","7,690","7,570","7,690","7,658.00","7,570.00","7,114.00","7,389.83","7,974.42",30,"23,425","23,669.80","37,146.65","29,485.53","23,997.30"
2020-04-17,"7,690","7,780","7,660","7,710","7,684.00","7,605.00","7,195.50","7,384.17","7,966.75",0,"39,823","28,914.00","35,364.85","29,189.28","24,281.08"
2020-04-20,"7,760","7,760","7,610","7,650","7,664.00","7,636.00","7,267.50","7,378.17","7,958.58",0,"33,251","30,840.20","33,175.20","29,514.57","24,512.63"
2020-04-21,"7,630","7,630","7,490","7,560","7,660.00","7,639.00","7,353.00","7,371.50","7,949.67",0,"33,946","30,857.60","32,618.20","29,850.80","24,757.58"
2020-04-22,"7,500","7,580","7,420","7,580","7,638.00","7,637.00","7,418.50","7,366.67","7,940.92",0,"29,425","31,974.00","32,197.90","30,093.30","24,926.22"
2020-04-23,"7,550","7,650","7,540","7,580","7,616.00","7,637.00","7,465.00","7,360.50","7,932.33",0,"14,759","30,240.80","29,685.85","30,238.37","25,015.60"
2020-04-24,"7,560","7,570","7,520","7,530","7,580.00","7,632.00","7,507.50","7,354.33","7,923.42",0,"9,806","24,237.40","27,705.00","30,190.07","25,019.14"
2020-04-27,"7,510","7,760","7,510","7,750","7,600.00","7,632.00","7,550.00","7,352.67","7,916.08",18,"52,390","28,065.20","28,521.75","30,895.03","25,428.16"
2020-04-28,"7,750","7,860","7,740","7,800","7,648.00","7,654.00","7,580.50","7,352.67","7,908.92",0,"39,611","29,198.20","27,914.95","31,364.78","25,634.13"
2020-04-29,"7,710","8,020","7,710","7,970","7,726.00","7,682.00","7,610.00","7,354.83","7,903.08",0,"46,740","32,661.20","28,975.15","31,934.70","25,937.56"
2020-05-04,"7,960","7,960","7,530","7,890","7,788.00","7,702.00","7,636.00","7,355.33","7,896.33",37,"26,963","35,102.00","29,293.05","32,218.92","26,050.30"
2020-05-06,"7,830","8,000","7,830","7,970","7,876.00","7,728.00","7,666.50","7,354.83","7,890.25",0,"20,808","37,302.40","29,011.05","32,228.52","25,947.02"
2020-05-07,"8,010","8,010","7,950","7,990","7,924.00","7,762.00","7,699.00","7,355.83","7,884.50",0,"6,931","28,210.60","27,563.70","32,281.93","25,957.53"
2020-05-08,"7,960","8,060","7,900","8,020","7,968.00","7,808.00","7,723.50","7,358.17","7,878.33",0,"27,223","25,733.00","26,671.10","32,632.77","26,086.77"
2020-05-11,"8,070","8,070","7,910","8,030","7,980.00","7,853.00","7,745.00","7,360.67","7,872.25",0,"34,317","23,248.40","27,344.10","33,120.23","26,340.93"
2020-05-12,"8,050","8,050","7,940","7,980","7,998.00","7,893.00","7,765.00","7,362.50","7,865.92",0,"8,392","19,534.20","27,136.70","33,158.07","26,278.64"
2020-05-13,"7,940","7,960","7,910","7,940","7,992.00","7,934.00","7,783.00","7,364.00","7,859.33",0,"13,542","18,081.00","27,133.70","33,269.53","26,285.12"
2020-05-14,"8,000","8,000","7,770","7,780","7,950.00","7,937.00","7,784.50","7,363.67","7,851.25",2,"18,949","20,484.60","26,900.15","33,360.67","26,164.77"
2020-05-15,"7,860","7,860","7,780","7,820","7,910.00","7,939.00","7,796.50","7,370.33","7,843.75",69,"7,344","16,508.80","25,574.40","32,336.45","26,173.20"
2020-05-18,"8,000","8,000","7,830","7,930","7,890.00","7,935.00","7,808.50","7,380.00","7,836.92",0,"14,961","12,637.60","25,130.30","32,187.68","26,180.83"
2020-05-19,"7,940","8,180","7,940","8,000","7,894.00","7,946.00","7,824.00","7,391.00","7,830.75",29,"22,221","15,403.40","25,070.10","32,404.10","26,260.33"
2020-05-20,"7,980","8,060","7,940","7,990","7,904.00","7,948.00","7,838.00","7,401.33","7,824.58",0,"27,193","18,133.60","24,438.60","32,219.38","26,405.33"
2020-05-21,"8,080","8,080","7,940","7,970","7,942.00","7,946.00","7,854.00","7,413.50","7,818.75",0,"14,668","17,277.40","23,509.45","31,474.03","26,431.64"
2020-05-22,"8,050","8,050","7,820","7,840","7,946.00","7,928.00","7,868.00","7,426.17","7,811.67",2,"44,209","24,650.40","24,022.60","31,917.18","26,773.04"
2020-05-25,"7,840","7,910","7,840","7,880","7,936.00","7,913.00","7,883.00","7,437.00","7,804.67",0,"12,005","24,059.20","23,151.60","31,993.93","26,774.70"
2020-05-26,"7,900","7,960","7,890","7,920","7,920.00","7,907.00","7,900.00","7,450.67","7,798.17",0,"66,847","32,984.40","25,756.00","32,731.23","27,253.31"
2020-05-27,"7,930","7,970","7,900","7,970","7,916.00","7,910.00","7,922.00","7,465.17","7,792.08",0,"13,133","30,172.40","25,922.35","32,741.68","27,134.82"
2020-05-28,"8,000","8,040","7,930","7,990","7,920.00","7,931.00","7,934.00","7,481.17","7,786.33",0,"33,349","33,908.60","24,970.30","33,073.48","27,299.73"
2020-05-29,"8,000","8,010","7,970","7,990","7,950.00","7,948.00","7,943.50","7,496.33","7,780.67",0,"9,508","26,968.40","23,465.15","32,933.72","27,323.77"
2020-06-01,"7,990","8,050","7,990","8,020","7,978.00","7,957.00","7,946.00","7,504.83","7,776.00",0,"29,784","30,524.20","22,617.35","32,782.45","24,398.56"
2020-06-02,"8,060","8,060","8,010","8,040","8,002.00","7,961.00","7,953.50","7,510.67","7,771.58",0,"27,229","22,600.60","22,630.65","32,857.05","24,561.97"
2020-06-03,"8,080","8,150","8,060","8,120","8,032.00","7,974.00","7,961.00","7,516.50","7,767.92",0,"63,436","32,661.20","24,762.05","33,011.12","25,018.44"
2020-06-04,"8,130","8,180","8,030","8,050","8,044.00","7,982.00","7,964.00","7,523.17","7,764.17",0,"51,019","36,195.20","26,966.45","32,944.52","25,283.83"
2020-06-05,"8,050","8,120","8,030","8,090","8,064.00","8,007.00","7,967.50","7,534.17","7,760.08",0,"24,733","39,240.20","26,841.95","32,640.63","25,449.01"
2020-06-08,"8,110","8,170","8,100","8,150","8,090.00","8,034.00","7,973.50","7,546.00","7,756.17",0,"39,800","41,243.40","27,116.10","32,972.63","25,747.36"
2020-06-09,"8,170","8,240","8,110","8,140","8,110.00","8,056.00","7,981.50","7,557.17","7,752.08",0,"25,075","40,812.60","27,950.25","32,769.28","25,921.17"
2020-06-10,"8,180","8,180","7,640","8,120","8,110.00","8,071.00","7,990.50","7,571.83","7,747.50",20,"28,874","33,900.20","28,716.85","32,581.52","26,020.06"
2020-06-11,"8,120","8,120","8,000","8,050","8,110.00","8,077.00","8,004.00","7,590.17","7,741.92",0,"29,560","29,608.40","29,247.40","31,616.45","26,040.75"
2020-06-12,"7,800","8,080","7,780","8,050","8,102.00","8,083.00","8,015.50","7,609.33","7,736.42",0,"49,018","34,465.40","31,331.10","31,780.73","26,365.95"
2020-06-15,"8,050","8,090","7,870","7,880","8,048.00","8,069.00","8,013.00","7,628.00","7,729.50",0,"42,883","35,082.00","32,727.20","31,951.42","26,611.39"
2020-06-16,"8,090","8,120","7,930","8,120","8,044.00","8,077.00","8,019.00","7,652.33","7,724.42",0,"42,306","38,528.20","33,731.45","31,982.73","26,917.76"
2020-06-17,"8,050","8,330","8,050","8,270","8,074.00","8,092.00","8,033.00","7,688.83","7,720.25",0,"95,555","51,864.40","37,149.55","32,317.67","27,626.28"
2020-06-18,"8,270","8,700","8,270","8,490","8,162.00","8,136.00","8,059.00","7,726.83","7,717.92",0,"314,825","108,917.40","52,157.40","36,280.68","30,188.72"
2020-06-19,"8,670","8,950","8,270","8,480","8,248.00","8,175.00","8,091.00","7,770.67","7,715.25",0,"213,827","141,879.20","60,638.30","39,093.03","31,771.38"
2020-06-22,"8,480","8,570","8,310","8,380","8,348.00","8,198.00","8,116.00","7,805.83","7,711.75",0,"49,364","143,175.40","62,506.25","39,285.25","31,977.17"
2020-06-23,"8,380","8,450","8,260","8,300","8,384.00","8,214.00","8,135.00","7,833.33","7,707.50",42,"28,025","140,319.20","60,565.15","38,669.00","31,500.96"
2020-06-24,"8,300","8,390","8,180","8,330","8,396.00","8,235.00","8,153.00","7,860.83","7,707.92",0,"35,266","128,261.40","61,671.80","38,433.05","31,461.05"
2020-06-25,"8,210","8,310","8,180","8,300","8,358.00","8,260.00","8,168.50","7,884.17","7,708.00",0,"27,134","70,723.20","61,361.05","38,284.37","31,630.59"
2020-06-26,"8,250","8,370","8,250","8,360","8,334.00","8,291.00","8,187.00","7,903.67","7,709.08",0,"18,729","31,703.60","61,822.10","37,734.07","31,688.47"
2020-06-29,"8,350","8,350","8,170","8,220","8,302.00","8,325.00","8,197.00","7,917.67","7,709.00",0,"22,530","26,336.80","61,459.40","37,683.97","31,786.38"
2020-06-30,"8,230","8,380","8,230","8,290","8,300.00","8,342.00","8,209.50","7,933.00","7,710.25",0,"20,183","24,768.40","61,107.10","37,676.93","31,848.92"
2020-07-01,"8,350","8,350","8,290","8,290","8,292.00","8,344.00","8,218.00","7,948.50","7,711.33",0,"27,244","23,164.00","59,297.50","37,690.20","32,037.33"
2020-07-02,"8,290","8,330","8,280","8,320","8,296.00","8,327.00","8,231.50","7,964.83","7,713.00",0,"21,667","22,070.60","57,829.90","37,453.35","32,093.25"
2020-07-03,"8,340","8,370","8,290","8,320","8,288.00","8,311.00","8,243.00","7,978.00","7,714.33",0,"12,213","20,767.40","57,203.90","36,905.65","32,168.99"
2020-07-06,"8,300","8,370","8,270","8,350","8,314.00","8,308.00","8,253.00","7,990.50","7,715.92",30,"16,395","19,540.40","56,033.65","36,831.28","32,272.72"
2020-07-07,"8,330","8,400","8,310","8,350","8,326.00","8,313.00","8,263.50","8,003.33","7,717.58",0,"15,411","18,586.00","55,550.45","36,879.13","32,345.03"
2020-07-08,"8,400","8,520","8,330","8,430","8,354.00","8,323.00","8,279.00","8,017.50","7,719.83",0,"23,291","17,795.40","55,271.30","37,040.62","32,520.13"
2020-07-09,"8,480","8,490","8,410","8,470","8,384.00","8,340.00","8,300.00","8,029.50","7,722.42",0,"13,415","16,145.00","54,464.05","36,870.53","32,586.18"
2020-07-10,"8,470","8,490","8,350","8,420","8,404.00","8,346.00","8,318.50","8,043.50","7,724.50",30,"17,114","17,125.20","52,868.85","36,591.45","32,714.95"
2020-07-13,"8,390","8,500","8,270","8,480","8,430.00","8,372.00","8,348.50","8,056.67","7,727.17",0,"27,334","19,313.00","52,091.40","36,649.63","32,906.28"
2020-07-14,"8,490","8,490","8,330","8,460","8,452.00","8,389.00","8,365.50","8,069.50","7,729.67",20,"11,215","18,473.80","50,536.85","36,446.13","32,965.83"
2020-07-15,"8,500","8,590","8,460","8,510","8,468.00","8,411.00","8,377.50","8,082.83","7,733.50",0,"30,722","19,960.00","47,295.20","36,294.45","32,741.87"
2020-07-16,"8,500","8,620","8,500","8,570","8,488.00","8,436.00","8,381.50","8,098.17","7,738.17",0,"82,200","33,717.00","35,663.95","37,110.27","33,312.42"
2020-07-17,"8,520","8,650","8,500","8,610","8,526.00","8,465.00","8,388.00","8,115.67","7,743.58",0,"26,170","35,528.20","26,281.10","36,980.67","33,415.73"
2020-07-20,"8,700","8,740","8,600","8,670","8,564.00","8,497.00","8,402.50","8,133.83","7,750.25",0,"29,362","35,933.80","25,281.00","36,979.62","33,536.46"
2020-07-21,"8,670","8,890","8,670","8,890","8,650.00","8,551.00","8,432.00","8,155.67","7,758.08",18,"78,415","49,373.80","27,800.50","38,040.55","34,139.46"
2020-07-22,"8,900","9,060","8,870","9,010","8,750.00","8,609.00","8,466.00","8,180.33","7,767.33",0,"108,029","64,835.20","31,438.65","39,677.60","34,933.83"
2020-07-23,"9,030","9,060","8,850","8,990","8,834.00","8,661.00","8,500.50","8,201.00","7,776.83",30,"100,087","68,412.60","35,086.30","40,472.55","35,683.79"
2020-07-24,"9,000","9,500","8,980","9,310","8,974.00","8,750.00","8,548.00","8,226.17","7,789.42",0,"339,978","131,174.20","51,148.75","45,478.67","38,421.72"
2020-07-27,"9,320","9,360","9,280","9,330","9,106.00","8,835.00","8,603.50","8,248.83","7,801.83",0,"69,480","139,197.80","53,496.25","45,857.67","38,896.18"
2020-07-28,"9,330","9,370","9,240","9,270","9,182.00","8,916.00","8,652.50","8,271.83","7,813.58",24,"38,821","131,279.00","54,428.15","46,055.30","39,137.11"
2020-07-29,"9,330","9,330","9,140","9,190","9,218.00","8,984.00","8,697.50","8,292.17","7,823.50",0,"27,910","115,255.20","54,461.45","46,173.67","39,201.09"
2020-07-30,"9,320","9,320","9,000","9,110","9,242.00","9,038.00","8,737.00","8,310.83","7,833.33",43,"22,825","99,802.80","54,519.35","46,438.57","39,360.25"
2020-07-31,"9,110","9,120","8,990","9,020","9,184.00","9,079.00","8,772.00","8,327.50","7,842.83",42,"31,693","38,145.80","55,493.35","46,513.07","39,572.92"
2020-08-03,"9,050","9,150","9,010","9,100","9,138.00","9,122.00","8,809.50","8,345.33","7,853.00",0,"25,198","29,289.40","55,933.50","46,361.08","39,740.66"
2020-08-04,"9,140","9,280","9,000","9,240","9,132.00","9,157.00","8,854.00","8,366.33","7,864.42",0,"32,590","28,043.20","56,792.45","46,764.38","39,961.22"
2020-08-05,"9,350","9,480","9,280","9,350","9,164.00","9,191.00","8,900.00","8,389.83","7,876.92",0,"38,701","30,201.40","57,562.95","47,183.70","40,226.62"
2020-08-06,"9,360","9,470","9,350","9,440","9,230.00","9,236.00","8,948.50","8,417.50","7,890.58",0,"42,668","34,170.00","59,025.60","47,579.02","40,469.84"
2020-08-07,"9,480","9,570","9,350","9,440","9,314.00","9,249.00","8,999.50","8,444.50","7,907.42",0,"40,123","35,856.00","60,176.05","48,125.33","40,230.89"
2020-08-10,"9,440","9,750","9,440","9,680","9,430.00","9,284.00","9,059.50","8,473.67","7,926.83",0,"83,834","47,583.20","63,001.05","49,273.22","40,730.45"
2020-08-11,"9,800","9,870","9,580","9,580","9,498.00","9,315.00","9,115.50","8,500.00","7,945.50",0,"50,276","51,120.40","64,954.10","49,740.80","41,072.45"
2020-08-12,"9,580","9,630","9,340","9,580","9,544.00","9,354.00","9,169.00","8,526.50","7,963.92",0,"52,758","53,931.80","66,055.90","50,166.88","41,193.13"
2020-08-13,"9,790","9,790","9,480","9,600","9,576.00","9,403.00","9,220.50","8,553.67","7,983.58",0,"29,661","51,330.40","63,428.95","50,416.77","40,945.40"
2020-08-14,"9,680","9,680","9,360","9,540","9,596.00","9,455.00","9,267.00","8,582.00","8,004.08",0,"47,482","52,802.20","64,494.55","50,471.32","41,194.25"
2020-08-18,"9,400","9,500","9,160","9,190","9,498.00","9,464.00","9,293.00","8,603.83","8,020.42",0,"72,735","50,582.40","66,663.20","51,483.48","41,738.71"
2020-08-19,"9,100","9,340","9,100","9,290","9,440.00","9,469.00","9,313.00","8,626.67","8,038.67",0,"20,198","44,566.80","63,752.35","50,706.00","41,718.62"
2020-08-20,"9,290","9,410","8,900","9,020","9,328.00","9,436.00","9,313.50","8,644.17","8,054.67",0,"49,852","43,985.60","60,843.50","51,317.98","42,029.83"
2020-08-21,"9,100","9,250","9,010","9,150","9,238.00","9,407.00","9,321.50","8,663.50","8,072.33",0,"29,794","44,012.20","57,328.85","51,258.73","42,166.11"
2020-08-24,"9,150","9,200","8,910","9,150","9,160.00","9,378.00","9,313.50","8,682.83","8,089.58",0,"22,204","38,956.60","41,440.15","51,470.33","42,202.03"
2020-08-25,"9,150","9,240","9,110","9,230","9,168.00","9,333.00","9,308.50","8,703.00","8,103.92",0,"24,342","29,278.00","39,183.25","51,379.63","42,081.04"
2020-08-26,"9,250","9,250","9,130","9,180","9,146.00","9,293.00","9,304.00","8,722.00","8,116.33",0,"17,160","28,670.40","38,100.20","51,211.82","42,034.43"
2020-08-27,"9,180","9,250","9,110","9,190","9,180.00","9,254.00","9,304.00","8,739.83","8,128.17",0,"25,863","23,872.60","37,997.85","50,585.60","41,798.36"
2020-08-28,"9,190","9,260","9,170","9,190","9,188.00","9,213.00","9,308.00","8,758.83","8,141.00",0,"28,157","23,545.20","38,264.45","50,204.57","41,574.54"
2020-08-31,"9,320","9,500","9,240","9,310","9,220.00","9,190.00","9,322.50","8,779.17","8,156.67",0,"59,382","30,980.80","39,648.90","50,782.05","41,711.34"
2020-09-01,"9,440","9,440","9,240","9,290","9,232.00","9,200.00","9,332.00","8,798.17","8,172.08",70,"46,627","35,437.80","40,720.35","50,895.83","41,934.23"
2020-09-02,"9,490","9,490","9,280","9,330","9,262.00","9,204.00","9,336.50","8,818.00","8,187.58",0,"26,627","37,331.20","40,422.20","50,921.70","41,845.49"
2020-09-03,"9,330","9,390","9,280","9,300","9,284.00","9,232.00","9,334.00","8,837.67","8,204.75",70,"28,414","37,841.40","39,907.85","50,914.03","41,747.78"
2020-09-04,"9,120","9,280","9,080","9,260","9,298.00","9,243.00","9,325.00","8,857.83","8,224.00",0,"35,059","39,221.80","39,527.40","51,005.68","41,311.07"
2020-09-07,"9,270","9,330","9,150","9,280","9,292.00","9,256.00","9,317.00","8,878.33","8,243.83",0,"33,721","34,089.60","39,207.30","50,750.73","41,265.73"
2020-09-08,"9,280","9,390","9,150","9,260","9,286.00","9,259.00","9,296.00","8,901.33","8,264.67",70,"73,501","39,464.40","38,690.65","51,261.03","41,606.22"
2020-09-09,"9,180","9,300","9,180","9,190","9,258.00","9,260.00","9,276.50","8,919.17","8,285.75",0,"25,577","39,254.40","37,455.70","50,982.22","41,482.47"
2020-09-10,"9,300","9,300","9,170","9,220","9,242.00","9,263.00","9,258.50","8,935.00","8,311.92",0,"33,154","40,202.40","36,475.50","49,942.20","41,129.93"
2020-09-11,"9,220","9,270","9,140","9,210","9,232.00","9,265.00","9,239.00","8,947.00","8,336.92",0,"29,558","39,102.20","36,470.35","45,187.75","40,734.22"
2020-09-14,"9,210","9,300","9,150","9,250","9,226.00","9,259.00","9,224.50","8,959.83","8,365.25",0,"29,876","38,333.20","35,590.05","42,121.90","40,607.47"
2020-09-15,"9,290","9,290","9,180","9,230","9,220.00","9,253.00","9,226.50","8,974.00","8,389.92",0,"27,078","29,048.60","33,307.20","41,750.47","40,517.86"
2020-09-16,"9,300","9,300","9,190","9,220","9,226.00","9,242.00","9,223.00","8,989.33","8,411.33",0,"22,654","28,464.00","33,430.00","41,660.95","40,164.97"
2020-09-17,"9,230","9,300","9,170","9,230","9,228.00","9,235.00","9,233.50","9,004.33","8,432.58",0,"35,902","29,013.60","32,732.50","41,671.55","40,052.30"
2020-09-18,"9,230","9,280","9,210","9,270","9,240.00","9,236.00","9,239.50","9,020.50","8,452.33",0,"10,323","25,166.60","31,758.95","41,391.37","39,837.87"
2020-09-21,"9,320","9,320","9,230","9,280","9,246.00","9,236.00","9,246.00","9,035.83","8,469.75",0,"14,997","22,190.80","31,398.60","41,329.17","39,531.62"
2020-09-22,"9,300","9,300","9,000","9,200","9,240.00","9,230.00","9,244.50","9,052.17","8,484.92",0,"60,714","28,918.00","33,217.20","41,965.57","39,824.77"
2020-09-23,"9,330","9,380","9,140","9,290","9,254.00","9,240.00","9,250.00","9,068.83","8,500.92",0,"43,396","33,066.40","34,529.00","42,352.45","40,014.69"
2020-09-24,"9,200","9,290","9,180","9,200","9,248.00","9,238.00","9,250.50","9,084.00","8,516.25",0,"25,393","30,964.60","34,505.50","42,321.60","40,005.90"
2020-09-25,"9,170","9,340","9,170","9,320","9,258.00","9,249.00","9,257.00","9,100.67","8,532.75",0,"45,348","37,969.60","35,365.05","42,716.28","40,084.82"
2020-09-28,"9,350","9,360","9,300","9,340","9,270.00","9,258.00","9,258.50","9,117.67","8,547.83",0,"28,380","40,646.20","33,814.95","42,985.73","39,945.69"
2020-09-29,"9,350","9,370","9,320","9,360","9,302.00","9,271.00","9,262.00","9,134.50","8,562.50",0,"26,589","33,821.20","32,813.05","43,155.63","39,993.46"
2020-10-05,"9,360","9,450","9,320","9,420","9,328.00","9,291.00","9,266.50","9,152.33","8,577.83",0,"32,470","31,636.00","33,105.20","43,439.95","40,159.54"
2020-10-06,"9,450","9,450","9,330","9,450","9,378.00","9,313.00","9,274.00","9,169.33","8,593.42",30,"30,450","32,647.40","33,207.00","43,559.27","40,299.94"
2020-10-07,"9,450","9,460","9,400","9,440","9,402.00","9,330.00","9,283.00","9,185.50","8,607.50",0,"12,525","26,082.80","32,080.30","43,544.43","40,207.48"
2020-10-08,"9,460","9,480","9,410","9,470","9,428.00","9,349.00","9,292.50","9,203.00","8,623.25",0,"22,291","24,865.00","31,508.80","43,630.72","40,111.08"
2020-10-12,"9,480","9,580","9,460","9,580","9,472.00","9,387.00","9,308.50","9,221.33","8,639.00",0,"38,956","27,338.40","29,781.55","43,824.42","40,237.03"
2020-10-13,"9,590","9,630","9,480","9,590","9,506.00","9,417.00","9,328.50","9,240.17","8,654.83",0,"22,792","25,402.80","29,642.30","44,017.37","40,231.75"
2020-10-14,"9,600","9,640","9,570","9,600","9,536.00","9,457.00","9,347.50","9,258.33","8,670.58",0,"29,669","25,246.60","29,468.05","43,999.82","40,147.13"
2020-10-15,"9,580","9,630","9,480","9,540","9,556.00","9,479.00","9,364.00","9,274.50","8,686.33",0,"33,915","29,524.60","29,685.90","43,195.07","40,152.67"
2020-10-16,"9,540","9,640","9,300","9,500","9,562.00","9,495.00","9,376.50","9,289.33","8,702.50",0,"40,712","33,208.80","30,227.70","43,437.43","40,209.05"
2020-10-19,"9,520","9,560","9,470","9,520","9,550.00","9,511.00","9,391.00","9,303.50","8,718.67",0,"20,483","29,514.20","29,897.95","43,289.45","40,134.53"
2020-10-20,"9,520","9,520","9,450","9,500","9,532.00","9,519.00","9,405.00","9,313.67","8,734.67",0,"21,436","29,243.00","29,837.05","42,339.80","40,190.18"
2020-10-21,"9,590","9,590","9,460","9,590","9,530.00","9,533.00","9,423.00","9,323.33","8,751.83",28,"23,514","28,012.00","29,217.65","40,931.22","40,304.41"
2020-10-22,"9,620","9,700","9,490","9,650","9,552.00","9,554.00","9,442.00","9,334.33","8,767.67",0,"52,820","31,793.00","31,342.50","40,143.43","40,307.99"
2020-10-23,"9,710","9,980","9,620","9,960","9,644.00","9,603.00","9,476.00","9,345.17","8,785.67",0,"80,670","39,784.60","34,626.15","35,821.63","40,650.15"
2020-10-26,"9,960","10,500","9,750","9,750","9,690.00","9,620.00","9,503.50","9,352.17","8,800.50",29,"277,294","91,146.80","45,455.15","39,285.20","42,571.43"
2020-10-27,"9,630","9,850","9,610","9,740","9,738.00","9,635.00","9,526.00","9,360.00","8,815.92",0,"35,601","93,979.80","45,065.40","39,231.53","42,643.42"
2020-10-28,"9,750","9,800","9,700","9,720","9,764.00","9,647.00","9,552.00","9,368.83","8,830.50",0,"22,767","93,830.40","44,934.10","39,145.82","42,659.74"
2020-10-29,"9,670","9,720","9,600","9,710","9,776.00","9,664.00","9,571.50","9,378.83","8,844.83",0,"57,902","94,846.80","45,561.80","39,730.43","43,084.50"
2020-10-30,"9,790","9,850","9,550","9,550","9,694.00","9,669.00","9,582.00","9,387.67","8,857.58",39,"16,418","81,996.40","44,963.70","39,475.85","42,994.46"
2020-11-02,"9,540","9,790","9,540","9,700","9,684.00","9,687.00","9,599.00","9,397.67","8,871.50",0,"33,254","33,188.40","45,296.95","39,610.12","42,985.60"
2020-11-03,"9,770","9,830","9,700","9,790","9,694.00","9,716.00","9,617.50","9,406.83","8,886.58",0,"29,741","32,016.40","45,160.50","39,562.63","43,163.51"
2020-11-04,"9,790","9,820","9,740","9,740","9,698.00","9,731.00","9,632.00","9,413.33","8,901.58",17,"12,517","29,966.40","44,263.85","39,126.23","43,154.97"
2020-11-05,"9,850","9,850","9,740","9,830","9,722.00","9,749.00","9,651.50","9,419.83","8,918.67",0,"21,949","22,775.80","44,735.05","38,780.92","43,179.97"
2020-11-06,"9,830","9,870","9,750","9,830","9,778.00","9,736.00","9,669.50","9,426.33","8,935.42",0,"23,662","24,224.60","44,803.60","38,506.57","43,315.95"
2020-11-09,"9,820","9,930","9,760","9,910","9,820.00","9,752.00","9,686.00","9,430.17","8,951.92",0,"21,121","21,798.00","43,911.85","37,461.35","43,367.28"
2020-11-10,"9,990","9,990","9,900","9,950","9,852.00","9,773.00","9,704.00","9,436.33","8,968.17",0,"24,181","20,686.00","43,981.30","37,026.43","43,383.62"
2020-11-11,"9,920","10,550","9,500","10,050","9,914.00","9,806.00","9,726.50","9,444.17","8,985.33",0,"106,193","39,421.20","47,807.50","37,917.02","44,041.95"
2020-11-12,"10,000","10,200","10,000","10,100","9,968.00","9,845.00","9,754.50","9,452.50","9,003.08",0,"13,566","37,744.60","46,790.05","37,648.77","44,032.77"
2020-11-13,"10,100","10,150","10,000","10,150","10,032.00","9,905.00","9,787.00","9,462.67","9,022.33",12,"18,757","36,763.60","45,692.30","37,170.02","43,820.67"
2020-11-16,"10,150","10,350","10,100","10,300","10,110.00","9,965.00","9,826.00","9,481.17","9,042.50",0,"33,183","39,176.00","46,327.30","36,510.82","43,997.15"
2020-11-17,"10,300","10,400","10,000","10,300","10,180.00","10,016.00","9,866.00","9,498.00","9,062.33",0,"65,329","47,405.60","48,521.95","37,263.00","43,984.50"
2020-11-18,"10,300","10,450","10,100","10,150","10,200.00","10,057.00","9,894.00","9,516.83","9,080.50",0,"36,993","33,565.60","49,195.90","37,048.68","44,183.33"
2020-11-19,"10,200","10,250","10,150","10,150","10,210.00","10,089.00","9,919.00","9,533.50","9,098.50",0,"21,741","35,200.60","47,641.95","36,914.47","44,086.60"
2020-11-20,"10,200","10,400","10,000","10,250","10,230.00","10,131.00","9,933.50","9,551.83","9,117.33",0,"37,216","38,892.40","45,469.25","37,164.67","44,317.50"
2020-11-23,"10,250","10,350","10,150","10,250","10,220.00","10,165.00","9,958.50","9,568.83","9,135.92",0,"36,132","39,482.20","33,411.15","37,361.17","44,370.40"
2020-11-24,"10,300","10,450","10,300","10,400","10,240.00","10,210.00","9,991.50","9,589.17","9,155.58",0,"34,932","33,402.80","33,377.70","37,657.37","44,434.59"
2020-11-25,"10,500","10,850","10,300","10,600","10,330.00","10,265.00","10,035.50","9,612.67","9,176.25",0,"105,469","47,098.00","37,512.80","38,984.13","44,784.87"
2020-11-26,"10,600","10,700","10,500","10,650","10,430.00","10,320.00","10,082.50","9,637.00","9,197.92",0,"10,703","44,890.40","35,152.85","38,693.23","44,448.90"
2020-11-27,"10,650","10,700","10,500","10,650","10,510.00","10,370.00","10,137.50","9,659.33","9,219.25",30,"60,287","49,504.60","37,346.30","38,708.32","44,745.18"
2020-11-30,"10,700","10,700","10,600","10,650","10,590.00","10,405.00","10,185.00","9,682.00","9,240.08",30,"18,825","46,043.20","36,624.85","38,244.95","44,570.39"
2020-12-01,"10,650","10,800","10,650","10,750","10,660.00","10,450.00","10,233.00","9,705.67","9,261.83",0,"15,689","42,194.60","35,922.25","38,062.65","44,492.18"
2020-12-02,"10,800","10,900","10,700","10,800","10,700.00","10,515.00","10,286.00","9,730.67","9,284.17",0,"39,729","29,046.60","37,282.85","38,251.23","44,582.63"
2020-12-03,"10,750","10,850","10,650","10,750","10,720.00","10,575.00","10,332.00","9,755.50","9,306.67",0,"27,158","32,337.60","37,543.30","38,119.55","44,562.62"
2020-12-04,"10,750","10,900","10,700","10,850","10,760.00","10,635.00","10,383.00","9,781.67","9,330.00",0,"35,415","27,363.20","38,130.95","38,147.78","44,449.26"
