2018-06-26,"67,500","68,100","66,700","67,500", , , , , ,0,"3,697", , , , 
2018-06-27,"68,300","68,300","66,700","66,800", , , , , ,0,548, , , , 
2018-06-28,"67,200","67,300","66,300","66,300", , , , , ,0,"1,782", , , , 
2018-06-29,"66,900","67,800","66,200","66,900", , , , , ,0,"3,190", , , , 
2018-07-02,"66,400","66,900","65,500","66,000","66,700.00", , , , ,0,"3,645","2,572.40", , , 
2018-07-03,"65,500","66,400","65,200","66,200","66,440.00", , , , ,0,"4,646","2,762.20", , , 
2018-07-04,"66,500","66,500","63,900","64,200","65,920.00", , , , ,0,"7,517","4,156.00", , , 
2018-07-05,"63,600","64,700","61,000","63,200","65,300.00", , , , ,0,"8,655","5,530.60", , , 
2018-07-06,"63,200","63,900","61,400","62,900","64,500.00", , , , ,0,"5,711","6,034.80", , , 
2018-07-09,"62,900","64,000","62,300","63,300","63,960.00","65,330.00", , , ,0,"6,028","6,511.40", , , 
2018-07-10,"64,000","65,400","63,400","65,300","63,780.00","65,110.00", , , ,0,"4,537","6,489.60", , , 
2018-07-11,"64,800","66,100","64,700","66,100","64,160.00","65,040.00", , , ,0,"2,601","5,506.40", , , 
2018-07-12,"66,100","66,100","64,800","66,000","64,720.00","65,010.00", , , ,0,"3,183","4,412.00", , , 
2018-07-13,"65,900","66,500","65,800","66,200","65,380.00","64,940.00", , , ,0,"3,474","3,964.60", , , 
2018-07-16,"66,200","66,900","65,800","66,000","65,920.00","64,940.00", , , ,0,709,"2,900.80", , , 
2018-07-17,"66,100","66,200","65,200","65,800","66,020.00","64,900.00", , , ,0,"2,198","2,433.00", , , 
2018-07-18,"66,100","66,100","64,900","65,600","65,920.00","65,040.00", , , ,0,860,"2,084.80", , , 
2018-07-19,"65,000","65,000","63,500","64,200","65,560.00","65,140.00", , , ,0,"1,363","1,720.80", , , 
2018-07-20,"63,500","65,500","63,000","63,600","65,040.00","65,210.00", , , ,0,"2,290","1,484.00", , , 
2018-07-23,"63,000","64,900","62,100","62,800","64,400.00","65,160.00","65,245.00", , ,0,"3,334","2,009.00","3,498.40", , 
2018-07-24,"61,600","62,800","60,900","62,300","63,700.00","64,860.00","64,985.00", , ,0,"1,870","1,943.40","3,407.05", , 
2018-07-25,"61,900","62,300","61,300","61,600","62,900.00","64,410.00","64,725.00", , ,0,"1,884","2,148.20","3,473.85", , 
2018-07-26,"61,700","63,600","61,700","63,600","62,780.00","64,170.00","64,590.00", , ,0,"1,273","2,130.20","3,448.40", , 
2018-07-27,"64,000","66,300","63,700","64,900","63,040.00","64,040.00","64,490.00", , ,0,239,"1,720.00","3,300.85", , 
2018-07-30,"65,500","65,800","63,500","65,000","63,480.00","63,940.00","64,440.00", , ,0,614,"1,176.00","3,149.30", , 
2018-07-31,"64,800","65,400","63,800","64,500","63,920.00","63,810.00","64,355.00", , ,0,639,929.80,"2,948.95", , 
2018-08-01,"65,900","66,000","63,600","64,100","64,420.00","63,660.00","64,350.00", , ,0,"1,680",889.00,"2,657.10", , 
2018-08-02,"64,900","64,900","63,100","64,100","64,520.00","63,650.00","64,395.00", , ,49,"2,091","1,052.60","2,328.90", , 
2018-08-03,"64,000","65,100","63,600","64,000","64,340.00","63,690.00","64,450.00", , ,0,"1,917","1,388.20","2,139.20", , 
2018-08-06,"64,000","65,400","64,000","64,600","64,260.00","63,870.00","64,515.00", , ,0,"1,588","1,583.00","1,917.20", , 
2018-08-07,"65,300","65,300","63,900","64,500","64,260.00","64,090.00","64,475.00", , ,0,813,"1,617.80","1,731.00", , 
2018-08-08,"64,500","65,200","63,900","64,000","64,240.00","64,330.00","64,370.00", , ,0,"1,032","1,488.20","1,652.55", , 
2018-08-09,"63,600","65,000","63,600","64,800","64,380.00","64,450.00","64,310.00", , ,0,"1,134","1,296.80","1,550.10", , 
2018-08-10,"65,500","65,900","64,800","65,500","64,680.00","64,510.00","64,275.00", , ,0,"2,155","1,344.40","1,484.15", , 
2018-08-13,"65,500","65,900","65,200","65,600","64,880.00","64,570.00","64,255.00", , ,30,"6,387","2,304.20","1,768.05", , 
2018-08-14,"65,800","66,200","65,500","65,600","65,100.00","64,680.00","64,245.00", , ,0,"7,953","3,732.20","2,055.80", , 
2018-08-16,"65,600","67,800","65,100","66,200","65,540.00","64,890.00","64,275.00", , ,0,"17,011","6,928.00","2,863.35", , 
2018-08-17,"66,200","68,400","66,200","67,900","66,160.00","65,270.00","64,460.00", , ,0,"4,801","7,661.40","3,035.25", , 
2018-08-20,"67,900","68,300","66,600","67,000","66,460.00","65,570.00","64,630.00", , ,0,"1,896","7,609.60","3,015.55", , 
2018-08-21,"67,000","67,300","66,200","66,700","66,680.00","65,780.00","64,825.00", , ,0,"1,928","6,717.80","2,945.25", , 
2018-08-22,"66,000","66,800","65,700","66,800","66,920.00","66,010.00","65,050.00", , ,0,"3,372","5,801.60","3,020.35", , 
2018-08-23,"66,800","67,300","66,300","66,600","67,000.00","66,270.00","65,300.00", , ,0,819,"2,563.20","2,967.10", , 
2018-08-24,"66,700","67,500","65,500","67,300","66,880.00","66,520.00","65,485.00", , ,0,"5,815","2,766.00","3,194.20", , 
2018-08-27,"68,900","68,900","67,600","68,200","67,120.00","66,790.00","65,650.00", , ,0,"1,669","2,720.60","3,265.70", , 
2018-08-28,"68,200","69,200","68,200","69,100","67,600.00","67,140.00","65,855.00", , ,0,"1,734","2,681.80","3,321.70", , 
2018-08-29,"69,100","69,800","68,700","69,500","68,140.00","67,530.00","66,105.00", , ,0,"4,111","2,829.60","3,495.30", , 
2018-08-30,"69,800","69,800","68,700","69,100","68,640.00","67,820.00","66,355.00", , ,30,"1,719","3,009.60","3,497.25", , 
2018-08-31,"67,900","69,200","67,800","68,500","68,880.00","67,880.00","66,575.00", , ,0,"2,074","2,261.40","3,496.40", , 
2018-09-03,"68,500","68,500","66,200","67,300","68,700.00","67,910.00","66,740.00", , ,0,"4,033","2,734.20","3,602.20", , 
2018-09-04,"66,400","67,900","65,400","67,900","68,460.00","68,030.00","66,905.00", , ,0,"4,096","3,206.60","3,727.60", , 
2018-09-05,"68,600","68,600","67,300","68,500","68,260.00","68,200.00","67,105.00", , ,0,"2,727","2,929.80","3,823.30", , 
2018-09-06,"68,500","68,500","67,600","68,400","68,120.00","68,380.00","67,325.00", , ,0,"2,688","3,123.60","3,906.10", , 
2018-09-07,"69,000","69,000","65,100","68,000","68,020.00","68,450.00","67,485.00", , ,20,"2,468","3,202.40","3,972.80", , 
2018-09-10,"67,700","68,000","66,000","66,500","67,860.00","68,280.00","67,535.00", , ,0,"1,163","2,628.40","3,923.20", , 
2018-09-11,"66,500","67,500","66,500","67,500","67,780.00","68,120.00","67,630.00", , ,0,"1,900","2,189.20","3,698.85", , 
2018-09-12,"67,800","67,800","66,000","66,000","67,280.00","67,770.00","67,650.00", , ,0,913,"1,826.40","3,346.85", , 
2018-09-13,"66,700","67,800","65,900","67,600","67,120.00","67,620.00","67,720.00", , ,0,"2,801","1,849.00","2,636.35", , 
2018-09-14,"68,500","68,500","66,500","68,000","67,120.00","67,570.00","67,725.00", , ,20,"2,215","1,798.40","2,507.05", , 
2018-09-17,"68,000","68,400","67,000","68,100","67,440.00","67,650.00","67,780.00", , ,0,789,"1,723.60","2,451.70", , 
2018-09-18,"68,400","68,400","67,700","68,200","67,580.00","67,680.00","67,855.00","65,975.00", ,30,"1,236","1,590.80","2,417.10","2,953.58", 
2018-09-19,"68,500","68,500","66,700","67,000","67,780.00","67,530.00","67,865.00","65,966.67", ,0,"2,109","1,830.00","2,353.95","2,927.12", 
2018-09-20,"67,000","67,400","66,500","67,400","67,740.00","67,430.00","67,905.00","65,976.67", ,0,795,"1,428.80","2,352.75","2,931.23", 
2018-09-21,"67,800","67,800","66,100","67,300","67,600.00","67,360.00","67,905.00","65,993.33", ,71,478,"1,081.40","2,085.90","2,909.50", 
2018-09-27,"66,500","68,100","66,500","67,500","67,480.00","67,460.00","67,870.00","66,003.33", ,0,"2,214","1,366.40","2,113.15","2,893.23", 
2018-09-28,"66,500","68,500","66,500","68,000","67,440.00","67,510.00","67,815.00","66,036.67", ,70,520,"1,223.20","2,052.45","2,841.15", 
2018-10-01,"68,000","68,400","64,700","67,900","67,620.00","67,700.00","67,735.00","66,065.00", ,0,741,949.60,"1,883.95","2,776.07", 
2018-10-02,"67,900","68,000","66,900","68,000","67,740.00","67,740.00","67,680.00","66,128.33", ,0,303,851.20,"1,813.15","2,655.83", 
2018-10-04,"68,000","68,400","66,300","68,200","67,920.00","67,760.00","67,665.00","66,211.67", ,20,800,915.60,"1,749.45","2,524.92", 
2018-10-05,"68,200","68,200","65,300","65,400","67,500.00","67,490.00","67,570.00","66,253.33", ,2,"2,589",990.60,"1,677.25","2,472.88", 
2018-10-08,"65,700","65,800","64,900","65,400","66,980.00","67,210.00","67,445.00","66,288.33", ,49,638,"1,014.20","1,504.35","2,383.05", 
2018-10-10,"65,400","65,400","64,200","64,700","66,340.00","66,980.00","67,255.00","66,278.33", ,0,"1,167","1,099.40","1,426.35","2,326.88", 
2018-10-11,"64,200","64,700","62,100","64,300","65,600.00","66,670.00","67,050.00","66,248.33", ,0,"1,639","1,366.60","1,373.90","2,310.85", 
2018-10-12,"64,300","65,500","62,300","65,500","65,060.00","66,490.00","66,925.00","66,240.00", ,0,734,"1,353.40","1,287.20","2,270.03", 
2018-10-15,"65,400","65,700","64,600","65,400","65,060.00","66,280.00","66,870.00","66,226.67", ,0,659,967.40,"1,262.00","2,223.12", 
2018-10-16,"66,200","66,200","63,800","64,500","64,880.00","65,930.00","66,720.00","66,201.67", ,0,450,929.80,"1,189.50","2,218.80", 
2018-10-17,"65,400","65,400","63,700","64,000","64,740.00","65,540.00","66,620.00","66,171.67", ,0,"1,662","1,028.80","1,226.95","2,209.87", 
2018-10-18,"64,000","64,100","62,200","63,000","64,480.00","65,040.00","66,390.00","66,128.33", ,0,"3,522","1,405.40","1,263.00","2,254.23", 
2018-10-19,"62,000","63,000","61,900","62,900","63,960.00","64,510.00","66,135.00","66,106.67", ,0,940,"1,446.60","1,199.25","2,247.18", 
2018-10-22,"62,900","62,900","61,300","62,900","63,460.00","64,260.00","65,875.00","66,095.00", ,0,910,"1,496.80","1,205.30","2,224.18", 
2018-10-23,"62,900","63,000","61,300","62,500","63,060.00","63,970.00","65,590.00","66,090.00", ,70,"2,209","1,848.60","1,253.95","2,205.43", 
2018-10-24,"61,500","62,400","60,800","62,400","62,740.00","63,740.00","65,360.00","66,091.67", ,0,"1,432","1,802.60","1,220.10","2,198.13", 
2018-10-25,"62,200","62,200","59,000","61,000","62,340.00","63,410.00","65,040.00","66,081.67", ,0,"8,177","2,733.60","1,589.20","2,303.02", 
2018-10-26,"61,000","61,300","59,100","61,300","62,020.00","62,990.00","64,740.00","66,043.33", ,71,"2,253","2,996.20","1,677.95","2,319.35", 
2018-10-29,"60,900","60,900","58,000","59,000","61,240.00","62,350.00","64,315.00","65,945.00", ,0,"6,227","4,059.60","1,878.60","2,419.15", 
2018-10-30,"59,000","60,200","58,000","60,000","60,740.00","61,900.00","63,915.00","65,861.67", ,70,"4,379","4,493.60","2,071.55","2,481.90", 
2018-10-31,"60,400","60,400","59,100","60,000","60,260.00","61,500.00","63,520.00","65,786.67", ,0,"1,286","4,464.40","2,098.80","2,492.68", 
2018-11-01,"59,500","60,000","59,000","59,600","59,980.00","61,160.00","63,100.00","65,711.67", ,0,"2,591","3,347.20","2,213.20","2,507.87", 
2018-11-02,"59,900","60,500","59,500","60,200","59,760.00","60,890.00","62,700.00","65,646.67", ,0,"1,883","3,273.20","2,267.35","2,504.40", 
2018-11-05,"59,800","60,400","59,200","60,300","60,020.00","60,630.00","62,445.00","65,585.00", ,0,"2,139","2,455.60","2,244.85","2,508.10", 
2018-11-06,"60,300","60,300","59,200","60,200","60,060.00","60,400.00","62,185.00","65,511.67", ,70,"1,099","1,799.60","2,267.90","2,499.95", 
2018-11-07,"60,200","60,700","59,300","60,000","60,060.00","60,160.00","61,950.00","65,436.67", ,0,"1,420","1,826.40","2,280.55","2,510.07", 
2018-11-08,"60,400","60,500","59,000","59,700","60,080.00","60,030.00","61,720.00","65,365.00", ,0,"12,846","3,877.40","2,840.90","2,706.97", 
2018-11-09,"59,200","60,200","59,200","60,100","60,060.00","59,910.00","61,450.00","65,286.67", ,0,767,"3,654.20","2,842.55","2,700.85", 
2018-11-12,"60,100","60,100","58,500","59,700","59,940.00","59,980.00","61,165.00","65,190.00", ,71,"1,866","3,599.60","2,902.90","2,696.03", 
2018-11-13,"59,900","59,900","58,600","59,400","59,780.00","59,920.00","60,910.00","65,086.67", ,0,967,"3,573.20","2,928.75","2,605.70", 
2018-11-14,"60,000","61,100","59,400","61,100","60,000.00","60,030.00","60,765.00","65,011.67", ,0,"1,923","3,673.80","2,941.80","2,505.20", 
2018-11-15,"61,600","61,600","59,000","60,600","60,180.00","60,130.00","60,645.00","64,918.33", ,0,"2,205","1,545.60","2,875.95","2,258.43", 
2018-11-16,"60,500","60,800","59,200","59,400","60,040.00","60,050.00","60,470.00","64,776.67", ,0,"5,743","2,540.80","3,116.10","2,274.13", 
2018-11-19,"60,500","60,600","59,300","60,400","60,180.00","60,060.00","60,345.00","64,666.67", ,0,"2,862","2,740.00","3,213.70","2,290.23", 
2018-11-20,"60,300","60,400","59,300","60,100","60,320.00","60,050.00","60,225.00","64,556.67", ,0,"1,562","2,859.00","3,181.35","2,284.13", 
2018-11-21,"59,500","60,500","59,500","60,300","60,160.00","60,080.00","60,120.00","64,448.33", ,0,"7,335","3,941.40","3,476.50","2,350.18", 
2018-11-22,"60,800","60,800","59,300","60,000","60,040.00","60,110.00","60,070.00","64,338.33", ,0,958,"3,692.00","3,115.55","2,352.50", 
2018-11-23,"60,400","60,400","58,900","59,500","60,060.00","60,050.00","59,980.00","64,208.33", ,0,"1,444","2,832.20","3,075.10","2,279.65", 
2018-11-26,"59,400","59,800","58,600","59,400","59,860.00","60,020.00","60,000.00","64,061.67", ,0,"1,541","2,568.00","2,840.80","2,277.52", 
2018-11-27,"59,500","59,700","58,500","59,700","59,780.00","60,050.00","59,985.00","63,905.00", ,0,"2,676","2,790.80","2,755.65","2,293.22", 
2018-11-28,"59,700","60,000","59,000","59,800","59,680.00","59,920.00","59,975.00","63,743.33", ,0,"2,571","1,838.00","2,819.90","2,267.55", 
2018-11-29,"60,700","60,700","59,100","60,500","59,780.00","59,910.00","60,020.00","63,600.00", ,20,"2,320","2,110.40","2,806.35","2,277.57", 
2018-11-30,"60,200","60,600","59,400","60,400","59,960.00","60,010.00","60,030.00","63,465.00", ,0,"1,418","2,105.20","2,783.10","2,266.63", 
2018-12-03,"60,300","60,300","59,400","59,800","60,040.00","59,950.00","60,005.00","63,340.00", ,0,"2,953","2,387.60","2,823.80","2,248.63", 
2018-12-04,"59,400","60,100","59,400","60,100","60,120.00","59,950.00","60,000.00","63,210.00", ,70,"1,005","2,053.40","2,819.10","2,197.12", 
2018-12-05,"59,300","60,000","58,800","59,100","59,980.00","59,830.00","59,955.00","63,053.33", ,0,"1,790","1,897.20","2,837.60","2,181.50", 
2018-12-06,"58,800","59,600","58,500","59,000","59,680.00","59,730.00","59,920.00","62,896.67", ,0,"5,701","2,573.40","2,480.35","2,231.72", 
2018-12-07,"59,100","59,400","58,100","58,300","59,260.00","59,610.00","59,830.00","62,735.00", ,0,"2,754","2,840.60","2,579.70","2,236.48", 
2018-12-10,"58,300","58,400","57,800","58,300","58,960.00","59,500.00","59,760.00","62,598.33", ,0,"3,062","2,862.40","2,639.50","2,268.13", 
2018-12-11,"58,800","58,800","57,500","58,000","58,540.00","59,330.00","59,690.00","62,440.00", ,0,"2,590","3,179.40","2,720.65","2,279.63", 
2018-12-12,"57,700","58,800","57,700","58,300","58,380.00","59,180.00","59,550.00","62,311.67", ,0,"2,289","3,279.20","2,738.95","2,302.57", 
2018-12-13,"57,800","58,600","57,800","58,100","58,200.00","58,940.00","59,425.00","62,153.33", ,0,"2,224","2,583.80","2,739.90","2,292.95", 
2018-12-14,"58,100","58,300","57,600","58,000","58,140.00","58,700.00","59,355.00","61,986.67", ,0,"3,027","2,638.40","2,604.10","2,306.48", 
2018-12-17,"58,000","58,600","57,800","58,400","58,160.00","58,560.00","59,255.00","61,825.00", ,0,"2,930","2,612.00","2,607.50","2,342.17", 
2018-12-18,"58,700","58,700","58,000","58,200","58,200.00","58,370.00","59,160.00","61,658.33","63,816.67",0,"1,479","2,389.80","2,603.35","2,346.22","2,649.90"
2018-12-19,"58,800","58,800","58,100","58,100","58,160.00","58,270.00","59,050.00","61,510.00","63,738.33",0,329,"1,997.80","2,253.05","2,316.55","2,621.83"
2018-12-20,"58,500","58,500","57,900","58,100","58,160.00","58,180.00","58,955.00","61,355.00","63,665.83",0,"1,382","1,829.40","2,274.25","2,326.33","2,628.78"
2018-12-21,"58,200","58,300","57,600","58,300","58,220.00","58,180.00","58,895.00","61,205.00","63,599.17",0,"1,181","1,460.20","2,261.10","2,338.05","2,623.78"
2018-12-24,"58,000","58,500","58,000","58,500","58,240.00","58,200.00","58,850.00","61,055.00","63,529.17",0,965,"1,067.20","2,232.30","2,317.23","2,605.23"
2018-12-26,"57,900","58,600","57,900","58,300","58,260.00","58,230.00","58,780.00","60,893.33","63,465.00",0,"2,694","1,310.20","2,233.20","2,353.47","2,597.31"
2018-12-27,"58,000","58,500","57,000","57,600","58,160.00","58,160.00","58,670.00","60,721.67","63,393.33",0,"3,302","1,904.80","2,269.75","2,396.15","2,586.11"
2018-12-28,"57,400","58,300","57,000","58,100","58,160.00","58,160.00","58,550.00","60,556.67","63,342.50",70,"1,147","1,857.80","2,211.10","2,410.22","2,533.03"
2019-01-02,"58,600","58,600","57,500","57,700","58,040.00","58,130.00","58,415.00","60,381.67","63,296.67",0,311,"1,683.80","2,155.75","2,402.07","2,463.49"
2019-01-03,"57,600","57,700","56,500","57,700","57,880.00","58,060.00","58,310.00","60,253.33","63,253.33",71,"1,650","1,820.80","2,090.60","2,386.42","2,429.65"
2019-01-04,"57,600","57,700","56,900","56,900","57,600.00","57,930.00","58,150.00","60,111.67","63,200.00",0,563,"1,394.60","2,068.50","2,385.17","2,384.11"
2019-01-07,"56,900","57,800","56,600","57,400","57,560.00","57,860.00","58,065.00","59,990.00","63,134.17",0,974,929.00,"2,027.70","2,381.95","2,354.42"
2019-01-08,"57,600","57,600","56,700","57,500","57,440.00","57,800.00","57,990.00","59,876.67","63,062.50",0,332,766.00,"1,759.25","2,360.17","2,335.51"
2019-01-09,"57,500","57,600","56,700","57,200","57,340.00","57,690.00","57,935.00","59,738.33","62,989.17",70,"4,079","1,519.60","1,825.50","2,415.92","2,342.97"
2019-01-10,"57,500","57,500","56,400","56,600","57,120.00","57,500.00","57,850.00","59,591.67","62,909.17",0,"2,059","1,601.40","1,775.35","2,439.25","2,331.18"
2019-01-11,"57,200","57,900","56,400","57,200","57,180.00","57,390.00","57,810.00","59,470.00","62,835.83",70,"2,296","1,948.00","1,760.65","2,470.02","2,344.41"
2019-01-14,"57,300","57,300","56,500","56,600","57,020.00","57,290.00","57,725.00","59,346.67","62,759.17",0,826,"1,918.40","1,687.50","2,456.08","2,332.97"
2019-01-15,"57,000","58,500","56,400","58,200","57,160.00","57,300.00","57,730.00","59,266.67","62,697.50",0,"2,490","2,350.00","1,700.80","2,438.88","2,346.56"
2019-01-16,"58,500","58,500","57,100","57,900","57,300.00","57,320.00","57,725.00","59,183.33","62,645.00",30,"1,310","1,796.20","1,614.95","2,445.05","2,346.12"
2019-01-17,"57,800","57,900","57,200","57,500","57,480.00","57,300.00","57,680.00","59,093.33","62,594.17",0,691,"1,522.60","1,503.00","2,441.40","2,332.79"
2019-01-18,"56,500","58,000","56,500","58,000","57,640.00","57,410.00","57,670.00","59,018.33","62,554.17",60,"1,319","1,327.20","1,495.00","2,426.57","2,316.00"
2019-01-21,"57,700","58,600","57,600","58,400","58,000.00","57,510.00","57,685.00","58,951.67","62,521.67",61,"1,265","1,415.00","1,541.80","2,423.78","2,310.96"
2019-01-22,"58,600","58,700","57,600","58,300","58,020.00","57,590.00","57,695.00","58,906.67","62,494.17",0,988,"1,114.60","1,522.10","2,303.97","2,303.49"
2019-01-23,"58,300","58,500","57,900","58,200","58,080.00","57,690.00","57,690.00","58,855.00","62,449.17",0,543,961.20,"1,490.20","2,275.47","2,297.41"
2019-01-24,"58,200","58,600","58,000","58,200","58,220.00","57,850.00","57,675.00","58,841.67","62,393.33",0,"2,575","1,338.00","1,570.70","2,214.60","2,316.88"
2019-01-25,"58,600","58,700","58,200","58,700","58,360.00","58,000.00","57,695.00","58,820.00","62,340.83",0,"4,209","1,916.00","1,646.45","2,211.77","2,346.83"
2019-01-28,"59,200","59,200","58,300","58,700","58,420.00","58,210.00","57,750.00","58,798.33","62,292.50",0,"3,465","2,356.00","1,654.60","2,248.08","2,370.38"
2019-01-29,"59,000","59,000","58,200","58,600","58,480.00","58,250.00","57,775.00","58,781.67","62,246.67",0,"1,491","2,456.60","1,671.80","2,229.75","2,368.81"
2019-01-30,"58,300","59,100","58,200","59,000","58,640.00","58,360.00","57,840.00","58,761.67","62,204.17",0,"1,721","2,692.20","1,742.30","2,227.05","2,365.72"
2019-01-31,"59,200","59,200","58,500","58,800","58,760.00","58,490.00","57,895.00","58,736.67","62,160.83",0,"1,647","2,506.60","1,742.15","2,218.85","2,363.47"
2019-02-01,"59,000","59,200","58,600","59,200","58,860.00","58,610.00","58,010.00","58,720.00","62,115.83",30,"1,199","1,904.60","1,773.95","2,220.52","2,360.23"
2019-02-07,"59,600","59,800","59,100","59,800","59,080.00","58,750.00","58,130.00","58,716.67","62,076.67",0,"1,505","1,512.60","1,800.50","2,221.93","2,366.00"
2019-02-08,"59,700","59,800","59,000","59,300","59,220.00","58,850.00","58,220.00","58,710.00","62,037.50",30,"1,867","1,587.80","1,877.25","2,038.95","2,372.96"
2019-02-11,"59,800","59,800","59,000","59,100","59,240.00","58,940.00","58,315.00","58,693.33","61,990.00",30,"1,061","1,455.80","1,726.35","2,043.85","2,372.35"
2019-02-12,"59,400","59,400","59,000","59,100","59,300.00","59,030.00","58,440.00","58,683.33","61,936.67",0,"1,234","1,373.20","1,685.10","2,033.32","2,364.68"
2019-02-13,"59,400","59,400","58,500","59,000","59,260.00","59,060.00","58,530.00","58,676.67","61,881.67",30,"1,687","1,470.80","1,654.65","2,045.32","2,325.51"
2019-02-14,"59,400","59,400","58,500","59,100","59,120.00","59,100.00","58,655.00","58,643.33","61,827.50",30,"2,018","1,573.40","1,714.25","2,046.90","2,276.05"
2019-02-15,"59,100","59,200","58,500","58,900","59,040.00","59,130.00","58,690.00","58,615.00","61,766.67",0,"1,697","1,539.40","1,674.60","2,038.43","2,148.43"
2019-02-18,"58,900","59,500","58,700","59,300","59,080.00","59,160.00","58,760.00","58,613.33","61,695.00",0,"1,660","1,659.20","1,692.10","1,970.38","2,122.26"
2019-02-19,"59,200","59,300","58,800","59,000","59,060.00","59,180.00","58,835.00","58,590.00","61,628.33",0,"1,973","1,807.00","1,756.20","1,955.57","2,122.90"
2019-02-20,"59,300","59,400","58,900","59,400","59,140.00","59,200.00","58,905.00","58,578.33","61,567.50",0,833,"1,636.20","1,731.90","1,943.42","2,113.78"
2019-02-21,"59,400","59,800","59,000","59,200","59,160.00","59,140.00","58,945.00","58,560.00","61,504.17",0,932,"1,419.00","1,715.25","1,836.70","2,093.44"
2019-02-22,"59,200","59,300","58,700","58,900","59,160.00","59,100.00","58,975.00","58,541.67","61,440.00",0,"1,199","1,319.40","1,725.80","1,840.72","2,096.61"
2019-02-25,"59,100","59,200","58,700","59,000","59,100.00","59,090.00","59,015.00","58,533.33","61,370.83",70,"2,147","1,416.80","1,806.00","1,852.43","2,066.04"
2019-02-26,"59,200","60,500","59,000","59,400","59,180.00","59,120.00","59,075.00","58,533.33","61,297.50",0,"12,467","3,515.60","2,300.60","2,034.53","2,156.03"
2019-02-27,"59,900","60,300","59,800","59,900","59,280.00","59,210.00","59,135.00","58,536.67","61,220.83",0,"2,150","3,779.00","2,197.65","2,025.77","2,159.49"
2019-02-28,"59,900","60,200","59,500","59,700","59,380.00","59,270.00","59,185.00","58,535.00","61,139.17",0,"1,311","3,854.80","2,089.95","2,004.77","2,136.16"
2019-03-04,"60,000","60,000","59,600","60,000","59,600.00","59,380.00","59,255.00","58,526.67","61,063.33",0,812,"3,777.40","2,056.00","1,979.63","2,128.60"
2019-03-05,"60,000","60,000","58,800","58,800","59,560.00","59,330.00","59,245.00","58,500.00","60,982.50",30,"1,466","3,641.20","2,043.25","1,980.43","2,123.53"
2019-03-06,"58,800","58,900","58,500","58,800","59,440.00","59,310.00","59,245.00","58,483.33","60,911.67",0,738,"1,295.40","1,997.80","1,943.52","2,096.07"
2019-03-07,"58,800","58,800","58,200","58,500","59,160.00","59,220.00","59,210.00","58,456.67","60,833.33",0,"1,916","1,248.60","2,033.65","1,958.70","2,077.91"
2019-03-08,"58,500","58,800","58,300","58,400","58,900.00","59,140.00","59,140.00","58,445.00","60,749.17",0,"1,453","1,277.00","2,031.05","1,953.08","2,067.29"
2019-03-11,"58,400","59,100","58,400","58,900","58,680.00","59,140.00","59,120.00","58,443.33","60,670.00",0,"1,324","1,379.40","2,003.90","1,880.13","2,055.93"
2019-03-12,"59,300","59,300","57,900","58,900","58,700.00","59,130.00","59,110.00","58,453.33","60,594.17",71,"1,056","1,297.40","2,003.65","1,851.83","2,044.16"
2019-03-13,"58,900","59,400","58,800","58,900","58,720.00","59,080.00","59,100.00","58,463.33","60,530.83",0,903,"1,330.40","1,987.10","1,815.85","2,041.99"
2019-03-14,"58,900","59,200","58,600","59,000","58,820.00","58,990.00","59,100.00","58,480.00","60,460.00",0,"1,832","1,313.60","1,994.35","1,803.22","2,041.43"
2019-03-15,"59,500","59,500","58,900","59,100","58,960.00","58,930.00","59,100.00","58,493.33","60,402.50",0,"2,025","1,428.00","1,994.70","1,798.82","2,050.69"
2019-03-18,"59,200","59,400","59,000","59,200","59,020.00","58,850.00","59,115.00","58,511.67","60,332.50",0,885,"1,340.20","1,954.10","1,776.50","2,034.72"
2019-03-19,"59,200","59,200","58,400","59,200","59,080.00","58,890.00","59,110.00","58,531.67","60,259.17",28,"2,686","1,666.20","2,005.40","1,770.82","2,038.65"
2019-03-20,"58,700","59,000","57,900","58,700","59,040.00","58,880.00","59,095.00","58,536.67","60,180.83",0,"4,211","2,327.80","2,117.30","1,792.17","2,067.17"
2019-03-21,"58,600","58,600","58,000","58,200","58,880.00","58,850.00","59,035.00","58,536.67","60,097.50",0,664,"2,094.20","2,108.85","1,778.58","2,062.40"
2019-03-22,"58,200","59,000","58,100","59,000","58,860.00","58,910.00","59,025.00","58,551.67","60,030.83",0,"1,578","2,004.80","2,141.15","1,799.40","2,057.97"
2019-03-25,"58,900","58,900","57,500","57,500","58,520.00","58,770.00","58,955.00","58,541.67","59,948.33",2,"1,347","2,097.20","2,148.55","1,798.82","2,062.57"
2019-03-26,"57,200","58,600","57,200","57,600","58,200.00","58,640.00","58,885.00","58,530.00","59,867.50",66,389,"1,637.80","2,060.65","1,785.62","2,061.83"
2019-03-27,"57,500","58,400","57,300","57,900","58,040.00","58,540.00","58,810.00","58,520.00","59,787.50",0,489,893.40,"1,461.75","1,777.68","2,047.46"
2019-03-28,"57,900","58,000","56,900","57,100","57,820.00","58,350.00","58,670.00","58,500.00","59,696.67",0,"1,378","1,036.20","1,423.15","1,755.75","2,054.61"
2019-03-29,"56,400","57,500","56,400","56,600","57,340.00","58,100.00","58,515.00","58,483.33","59,602.50",66,"2,007","1,122.00","1,457.95","1,734.17","2,065.16"
2019-04-01,"56,600","57,400","56,400","57,400","57,320.00","57,920.00","58,385.00","58,471.67","59,514.17",70,"1,034","1,059.40","1,469.05","1,732.28","2,071.25"
2019-04-02,"57,900","57,900","57,000","57,800","57,360.00","57,780.00","58,335.00","58,473.33","59,427.50",0,"1,422","1,266.00","1,466.85","1,750.80","2,076.43"
2019-04-03,"57,800","57,800","56,900","57,400","57,260.00","57,650.00","58,265.00","58,468.33","59,360.83",0,"2,298","1,627.80","1,544.85","1,761.60","2,074.01"
2019-04-04,"57,500","57,500","56,800","57,400","57,320.00","57,570.00","58,210.00","58,476.67","59,294.17",0,"1,655","1,683.20","1,531.80","1,779.80","2,082.48"
2019-04-05,"57,900","57,900","56,700","57,200","57,440.00","57,390.00","58,150.00","58,473.33","59,231.67",0,"2,386","1,759.00","1,578.45","1,803.33","2,092.64"
2019-04-08,"56,900","57,300","56,600","57,200","57,400.00","57,360.00","58,065.00","58,468.33","59,172.50",0,"3,237","2,199.60","1,674.10","1,851.75","2,105.96"
2019-04-09,"57,300","57,300","56,700","56,900","57,220.00","57,290.00","57,965.00","58,463.33","59,100.83",0,"3,147","2,544.60","1,778.65","1,836.22","2,126.07"
2019-04-10,"57,100","57,100","56,400","56,800","57,100.00","57,180.00","57,860.00","58,466.67","59,029.17",0,"5,240","3,133.00","1,995.50","1,889.23","2,164.24"
2019-04-11,"56,500","57,200","56,500","57,200","57,060.00","57,190.00","57,770.00","58,466.67","58,968.33",0,"7,546","4,311.20","2,281.20","1,976.73","2,223.38"
2019-04-12,"57,100","57,500","56,900","57,400","57,100.00","57,270.00","57,685.00","58,480.00","58,913.33",0,"3,281","4,490.20","2,344.00","2,017.65","2,236.87"
2019-04-15,"57,400","57,800","57,200","57,500","57,160.00","57,280.00","57,600.00","58,468.33","58,867.50",67,"14,720","6,786.80","3,035.75","2,221.48","2,330.18"
2019-04-16,"57,300","58,500","57,300","58,300","57,440.00","57,330.00","57,555.00","58,475.00","58,829.17",0,"4,522","7,061.80","3,127.55","2,275.02","2,360.03"
2019-04-17,"58,300","60,100","58,300","60,100","58,100.00","57,600.00","57,625.00","58,518.33","58,805.83",18,"8,238","7,661.40","3,328.90","2,400.80","2,421.10"
2019-04-18,"60,100","61,500","59,900","61,500","58,960.00","58,010.00","57,790.00","58,576.67","58,797.50",0,"15,432","9,238.60","4,067.30","2,636.02","2,531.29"
2019-04-19,"61,600","63,100","61,100","62,300","59,940.00","58,520.00","57,955.00","58,641.67","58,796.67",0,"8,276","10,237.60","4,402.20","2,752.87","2,588.32"
2019-04-22,"62,100","63,000","61,400","61,700","60,780.00","58,970.00","58,165.00","58,698.33","58,802.50",17,"7,389","8,771.40","4,704.30","2,859.55","2,581.76"
2019-04-23,"61,700","61,900","61,000","61,800","61,480.00","59,460.00","58,375.00","58,758.33","58,806.67",0,"6,339","9,134.80","5,001.80","2,956.15","2,615.81"
2019-04-24,"61,300","62,300","61,300","62,000","61,860.00","59,980.00","58,580.00","58,821.67","58,831.67",0,"3,814","8,250.00","5,168.05","2,976.80","2,595.70"
2019-04-25,"61,900","62,500","61,900","62,000","61,960.00","60,460.00","58,825.00","58,876.67","58,848.33",0,"4,001","5,963.80","5,299.20","2,973.33","2,592.55"
2019-04-26,"62,000","62,600","61,600","62,600","62,020.00","60,980.00","59,125.00","58,941.67","58,870.00",0,"3,541","5,016.80","5,375.90","2,974.60","2,611.34"
2019-04-29,"62,600","62,600","61,800","62,300","62,140.00","61,460.00","59,370.00","59,003.33","58,892.50",30,"2,441","4,027.20","5,446.25","2,990.43","2,610.09"
2019-04-30,"62,300","62,300","61,000","61,600","62,100.00","61,790.00","59,560.00","59,046.67","58,904.17",0,"6,289","4,017.20","5,689.60","3,066.57","2,646.81"
2019-05-02,"62,100","62,100","60,600","61,600","62,020.00","61,940.00","59,770.00","59,093.33","58,915.00",0,"2,188","3,692.00","5,684.10","3,075.58","2,647.22"
2019-05-03,"61,500","62,000","60,400","61,000","61,820.00","61,890.00","59,950.00","59,123.33","58,921.67",0,"5,017","3,895.20","5,852.20","3,139.22","2,679.87"
2019-05-07,"60,600","60,600","59,200","59,600","61,220.00","61,620.00","60,070.00","59,120.00","58,918.33",0,"2,798","3,746.60","5,872.80","3,160.77","2,691.35"
2019-05-08,"59,000","60,100","59,000","60,100","60,780.00","61,460.00","60,215.00","59,133.33","58,921.67",0,"1,999","3,658.20","5,810.90","3,162.97","2,600.96"
2019-05-09,"60,100","60,500","59,300","59,800","60,420.00","61,260.00","60,360.00","59,145.00","58,919.17",0,"2,883","2,977.00","5,797.70","3,193.33","2,618.59"
2019-05-10,"60,300","60,600","59,000","59,400","59,980.00","61,000.00","60,490.00","59,150.00","58,916.67",0,"2,369","3,013.20","5,654.15","3,212.25","2,622.78"
2019-05-13,"59,200","59,800","58,200","58,800","59,540.00","60,680.00","60,570.00","59,146.67","58,911.67",0,"2,561","2,522.00","5,404.90","3,226.82","2,636.07"
2019-05-14,"58,300","59,600","58,200","59,100","59,440.00","60,330.00","60,655.00","59,146.67","58,895.00",70,"1,897","2,341.80","5,335.70","3,224.80","2,635.85"
2019-05-15,"59,700","59,900","59,300","59,700","59,360.00","60,070.00","60,765.00","59,160.00","58,887.50",0,"2,213","2,384.60","4,710.35","3,233.40","2,635.92"
2019-05-16,"59,700","59,700","58,400","58,800","59,160.00","59,790.00","60,790.00","59,151.67","58,882.50",0,"1,851","2,178.20","4,576.80","3,236.58","2,603.48"
2019-05-17,"58,700","59,200","58,400","58,600","59,000.00","59,490.00","60,715.00","59,145.00","58,867.50",70,"1,660","2,036.40","4,247.90","3,231.37","2,593.47"
2019-05-20,"58,600","59,200","58,200","59,200","59,080.00","59,310.00","60,600.00","59,141.67","58,860.00",0,"3,083","2,140.80","3,630.45","3,268.87","2,606.14"
2019-05-21,"59,000","59,600","58,700","58,900","59,040.00","59,240.00","60,430.00","59,136.67","58,848.33",0,"2,793","2,320.00","3,356.30","3,299.88","2,568.29"
2019-05-22,"60,200","63,000","60,200","61,200","59,340.00","59,350.00","60,405.00","59,175.00","58,858.33",0,"30,135","7,904.40","4,493.60","3,782.15","2,811.43"
2019-05-23,"61,000","62,300","60,300","61,600","59,900.00","59,530.00","60,395.00","59,218.33","58,875.83",0,"17,634","11,061.00","5,058.35","4,040.27","2,946.35"
2019-05-24,"61,000","61,400","59,200","59,600","60,100.00","59,550.00","60,275.00","59,221.67","58,877.50",0,"29,935","16,716.00","6,364.40","4,331.40","3,182.97"
2019-05-27,"59,700","61,100","59,700","60,400","60,340.00","59,710.00","60,195.00","59,230.00","58,883.33",58,"7,113","17,522.00","6,520.00","4,414.12","3,219.94"
2019-05-28,"60,400","62,300","60,400","61,400","60,840.00","59,940.00","60,135.00","59,258.33","58,896.67",59,"6,301","18,223.60","6,658.00","4,497.28","3,251.03"
2019-05-29,"61,000","61,100","60,200","61,000","60,800.00","60,070.00","60,070.00","59,275.00","58,900.83",0,"6,756","13,547.80","6,873.75","4,596.35","3,287.99"
2019-05-30,"61,000","61,000","59,900","60,300","60,540.00","60,220.00","60,005.00","59,300.00","58,900.00",0,"7,674","11,555.80","6,943.00","4,699.82","3,340.13"
2019-05-31,"60,300","61,000","59,900","60,700","60,760.00","60,430.00","59,960.00","59,331.67","58,907.50",30,"7,377","7,044.20","7,202.45","4,810.47","3,376.99"
2019-06-03,"60,700","60,800","60,200","60,800","60,840.00","60,590.00","59,950.00","59,370.00","58,913.33",0,"5,037","6,629.00","7,203.45","4,862.48","3,410.59"
2019-06-04,"60,800","61,500","60,800","61,500","60,860.00","60,850.00","60,045.00","59,421.67","58,933.33",0,"4,581","6,285.00","7,292.60","4,914.62","3,433.85"
2019-06-05,"61,000","61,800","61,000","61,600","60,980.00","60,890.00","60,120.00","59,466.67","58,955.00",0,"7,288","6,391.40","7,557.05","5,014.02","3,447.07"
2019-06-07,"61,600","64,500","61,000","64,200","61,760.00","61,150.00","60,340.00","59,555.00","59,004.17",0,"7,930","6,442.60","7,809.40","5,128.58","3,490.21"
2019-06-10,"64,700","65,900","64,200","65,500","62,720.00","61,740.00","60,645.00","59,665.00","59,064.17",0,"7,610","6,489.20","8,071.45","5,240.37","3,528.11"
2019-06-11,"65,900","66,000","65,100","65,400","63,640.00","62,240.00","60,975.00","59,771.67","59,125.83",0,"4,330","6,347.80","8,159.90","5,282.00","3,542.61"
2019-06-12,"65,900","66,100","65,000","65,400","64,420.00","62,640.00","61,290.00","59,876.67","59,185.00",0,"1,600","5,751.60","8,145.05","5,274.92","3,536.87"
2019-06-13,"65,700","66,100","65,100","65,700","65,240.00","63,110.00","61,590.00","59,985.00","59,248.33",30,"2,848","4,863.60","8,176.80","5,307.63","3,542.07"
2019-06-14,"65,500","66,000","64,600","65,000","65,400.00","63,580.00","61,900.00","60,081.67","59,306.67",0,419,"3,361.40","8,105.20","5,269.85","3,520.33"
2019-06-17,"65,000","66,000","62,800","62,800","64,860.00","63,790.00","62,110.00","60,150.00","59,343.33",30,"3,160","2,471.40","8,180.20","5,252.33","3,522.25"
2019-06-18,"63,800","63,800","61,400","62,000","64,180.00","63,910.00","62,250.00","60,213.33","59,375.00",42,"4,816","2,568.60","8,266.85","5,321.53","3,550.06"
2019-06-19,"63,400","63,400","61,300","62,200","63,540.00","63,980.00","62,415.00","60,266.67","59,409.17",0,"3,575","2,963.60","8,305.95","5,354.82","3,577.11"
2019-06-20,"62,200","62,600","61,400","62,000","62,800.00","64,020.00","62,455.00","60,341.67","59,441.67",0,"2,370","2,868.00","6,917.70","5,371.87","3,585.34"
2019-06-21,"61,500","63,000","61,300","62,000","62,200.00","63,800.00","62,475.00","60,415.00","59,472.50",0,"1,287","3,041.60","6,100.35","5,386.83","3,586.22"
2019-06-24,"62,300","62,300","61,400","61,800","62,000.00","63,430.00","62,585.00","60,480.00","59,500.00",0,"1,323","2,674.20","4,669.75","5,400.73","3,589.21"
2019-06-25,"61,800","62,400","61,500","62,000","62,000.00","63,090.00","62,665.00","60,561.67","59,530.83",0,"4,290","2,569.00","4,528.60","5,449.27","3,602.51"
2019-06-26,"63,200","63,200","61,700","61,800","61,920.00","62,730.00","62,685.00","60,648.33","59,565.83",0,758,"2,005.60","4,251.45","5,428.45","3,581.31"
2019-06-27,"62,800","62,800","61,500","61,500","61,820.00","62,310.00","62,710.00","60,716.67","59,594.17",0,"2,287","1,989.00","4,028.00","5,449.33","3,590.81"
2019-06-28,"61,300","62,500","61,100","61,200","61,660.00","61,930.00","62,755.00","60,773.33","59,623.33",0,"2,265","2,184.60","3,757.55","5,463.38","3,607.09"
2019-07-01,"62,500","62,500","61,100","61,500","61,600.00","61,800.00","62,795.00","60,841.67","59,655.00",70,"1,334","2,186.80","3,455.40","5,447.32","3,604.46"
2019-07-02,"61,500","62,100","61,300","61,700","61,540.00","61,770.00","62,840.00","60,913.33","59,695.00",0,"1,691","1,667.00","3,288.10","5,447.92","3,613.86"
2019-07-03,"62,000","62,000","61,000","61,700","61,520.00","61,720.00","62,850.00","60,988.33","59,730.83",0,"2,248","1,965.00","3,171.45","5,445.62","3,624.47"
2019-07-04,"61,600","62,500","61,000","61,000","61,420.00","61,620.00","62,820.00","61,051.67","59,760.00",70,"2,813","2,070.20","2,947.70","5,438.55","3,645.15"
2019-07-05,"61,000","62,100","60,900","62,000","61,580.00","61,620.00","62,710.00","61,136.67","59,800.00",0,"3,751","2,367.40","2,738.75","5,448.62","3,642.42"
2019-07-08,"61,900","61,900","60,700","61,300","61,540.00","61,570.00","62,500.00","61,211.67","59,839.17",0,"3,073","2,715.20","2,511.90","5,412.50","3,650.87"
2019-07-09,"61,200","61,200","60,200","60,600","61,320.00","61,430.00","62,260.00","61,268.33","59,867.50",0,"2,126","2,802.20","2,401.70","5,322.17","3,649.45"
2019-07-10,"60,600","61,500","59,800","60,800","61,140.00","61,330.00","62,030.00","61,325.00","59,902.50",8,"3,390","3,030.60","2,491.20","5,323.98","3,670.82"
2019-07-11,"61,000","61,200","60,000","60,800","61,100.00","61,260.00","61,785.00","61,380.00","59,924.17",0,"5,049","3,477.80","2,601.25","5,162.80","3,692.14"
2019-07-12,"61,200","61,200","60,000","60,400","60,780.00","61,180.00","61,555.00","61,415.00","59,945.00",70,"4,826","3,692.80","2,821.60","5,167.87","3,721.44"
2019-07-15,"60,800","60,800","59,800","60,300","60,580.00","61,060.00","61,430.00","61,418.33","59,968.33",0,"1,424","3,363.00","2,734.80","5,054.30","3,727.55"
2019-07-16,"60,300","60,500","59,900","60,300","60,520.00","60,920.00","61,345.00","61,398.33","59,987.50",0,"2,180","3,373.80","2,603.00","4,833.43","3,734.72"
2019-07-17,"60,300","60,700","60,000","60,300","60,420.00","60,780.00","61,250.00","61,365.00","60,003.33",0,"1,251","2,946.00","2,486.80","4,716.35","3,734.61"
2019-07-18,"60,500","60,500","59,900","60,500","60,360.00","60,730.00","61,175.00","61,345.00","60,021.67",0,"1,122","2,160.60","2,424.40","4,611.90","3,735.72"
2019-07-19,"61,000","61,000","60,200","60,800","60,440.00","60,610.00","61,115.00","61,328.33","60,043.33",0,291,"1,253.60","2,374.60","4,511.10","3,733.63"
2019-07-22,"60,100","60,400","60,000","60,300","60,440.00","60,510.00","61,040.00","61,300.00","60,060.83",0,562,"1,081.20","2,336.55","4,456.90","3,716.85"
2019-07-23,"60,000","60,100","59,200","59,300","60,240.00","60,380.00","60,905.00","61,255.00","60,065.83",0,"6,359","1,917.00","2,440.00","4,496.20","3,734.77"
2019-07-24,"59,100","60,000","59,100","59,800","60,140.00","60,280.00","60,805.00","61,208.33","60,075.00",47,"4,081","2,483.00","2,606.15","4,505.20","3,739.90"
2019-07-25,"59,200","60,000","59,100","60,000","60,040.00","60,200.00","60,730.00","61,170.00","60,086.67",70,"2,812","2,821.00","2,632.40","4,511.38","3,750.91"
2019-07-26,"60,300","60,300","59,200","60,000","59,880.00","60,160.00","60,670.00","61,143.33","60,095.00",71,"1,429","3,048.60","2,590.60","4,430.38","3,748.47"
2019-07-29,"59,100","60,000","58,200","59,100","59,640.00","60,040.00","60,550.00","61,101.67","60,097.50",0,"4,899","3,916.00","2,768.85","4,475.57","3,775.57"
2019-07-30,"59,100","59,300","58,100","58,600","59,500.00","59,870.00","60,395.00","61,061.67","60,092.50",0,"1,672","2,978.60","2,767.90","4,419.82","3,779.52"
2019-07-31,"58,200","59,900","58,200","58,800","59,300.00","59,720.00","60,250.00","61,048.33","60,084.17",0,"1,058","2,374.00","2,708.40","4,390.82","3,775.79"
2019-08-01,"59,500","59,500","57,800","58,400","58,980.00","59,510.00","60,120.00","61,020.00","60,076.67",0,"2,919","2,395.40","2,713.70","4,406.15","3,784.56"
2019-08-02,"59,000","59,000","58,000","58,400","58,660.00","59,270.00","59,940.00","60,996.67","60,070.83",49,"1,236","2,356.80","2,587.95","4,378.70","3,786.02"
2019-08-05,"59,300","59,300","57,500","58,100","58,460.00","59,050.00","59,780.00","60,975.00","60,062.50",0,"2,049","1,786.80","2,536.75","4,373.37","3,792.81"
2019-08-06,"57,100","58,100","56,000","57,200","58,180.00","58,840.00","59,610.00","60,948.33","60,047.50",0,"6,634","2,779.20","2,762.15","4,441.25","3,834.03"
2019-08-07,"58,000","58,000","56,900","57,600","57,940.00","58,620.00","59,450.00","60,923.33","60,035.00",0,"4,265","3,420.60","2,805.90","4,480.72","3,852.76"
2019-08-08,"58,200","58,200","57,100","57,900","57,840.00","58,410.00","59,305.00","60,893.33","60,026.67",0,"3,653","3,567.40","2,736.10","4,504.72","3,869.06"
2019-08-09,"57,900","58,200","57,700","58,200","57,800.00","58,230.00","59,195.00","60,883.33","60,017.50",0,"2,070","3,734.20","2,598.30","4,508.37","3,872.47"
2019-08-12,"58,800","58,800","57,300","58,000","57,780.00","58,120.00","59,080.00","60,873.33","60,009.17",0,706,"3,465.60","2,562.40","4,492.47","3,861.92"
2019-08-13,"57,000","58,500","57,000","57,700","57,880.00","58,030.00","58,950.00","60,848.33","59,995.00",0,371,"2,213.00","2,471.95","4,447.27","3,858.07"
2019-08-14,"57,000","58,700","57,000","57,700","57,900.00","57,920.00","58,820.00","60,828.33","59,982.50",70,594,"1,478.80","2,439.10","4,410.62","3,855.25"
2019-08-16,"57,000","58,100","57,000","57,900","57,900.00","57,870.00","58,690.00","60,773.33","59,974.17",70,563,860.80,"2,411.15","3,917.75","3,849.95"
2019-08-19,"58,800","58,800","57,300","57,700","57,800.00","57,800.00","58,535.00","60,708.33","59,963.33",0,982,643.20,"2,445.70","3,640.22","3,840.24"
2019-08-20,"59,100","59,100","57,600","57,800","57,760.00","57,770.00","58,410.00","60,678.33","59,950.00",0,112,524.40,"2,423.20","3,143.17","3,737.28"
2019-08-21,"58,500","58,500","56,700","57,700","57,760.00","57,820.00","58,330.00","60,633.33","59,931.67",0,"3,074","1,065.00","2,258.95","3,075.85","3,744.98"
2019-08-22,"58,400","58,400","57,400","57,800","57,780.00","57,840.00","58,230.00","60,573.33","59,915.83",0,539,"1,054.00","2,081.85","2,979.82","3,738.55"
2019-08-23,"57,100","57,800","57,100","57,700","57,740.00","57,820.00","58,115.00","60,518.33","59,896.67",0,"1,822","1,305.80","2,032.35","2,897.58","3,746.97"
2019-08-26,"57,100","57,600","56,600","57,200","57,640.00","57,720.00","57,975.00","60,466.67","59,883.33",0,"1,987","1,506.80","2,060.25","2,802.80","3,751.31"
2019-08-27,"56,500","57,600","56,500","57,200","57,520.00","57,640.00","57,880.00","60,408.33","59,870.00",0,"1,470","1,778.40","1,888.80","2,704.35","3,757.41"
2019-08-28,"58,200","58,200","56,900","57,200","57,420.00","57,590.00","57,810.00","60,348.33","59,859.17",0,872,"1,338.00","1,848.80","2,634.93","3,748.71"
2019-08-29,"57,800","57,800","56,900","57,200","57,300.00","57,540.00","57,730.00","60,276.67","59,849.17",70,682,"1,366.60","1,830.00","2,569.95","3,742.28"
2019-08-30,"57,200","57,700","57,000","57,500","57,260.00","57,500.00","57,685.00","60,208.33","59,837.50",0,609,"1,124.00","1,714.50","2,458.63","3,736.32"
2019-09-02,"57,000","57,500","57,000","57,400","57,300.00","57,470.00","57,635.00","60,095.00","59,825.00",70,362,799.00,"1,670.80","2,332.50","3,730.54"
2019-09-03,"57,900","57,900","57,000","57,500","57,360.00","57,440.00","57,605.00","59,961.67","59,813.33",70,890,683.00,"1,612.85","2,220.50","3,730.43"
2019-09-04,"57,000","57,700","56,700","57,300","57,380.00","57,400.00","57,610.00","59,826.67","59,799.17",0,"1,077",724.00,"1,335.00","2,166.28","3,724.14"
2019-09-05,"57,200","57,600","56,800","57,300","57,400.00","57,350.00","57,595.00","59,691.67","59,784.17",0,"1,111",809.80,"1,177.30","2,158.13","3,716.53"
2019-09-06,"57,500","57,500","56,900","57,000","57,300.00","57,280.00","57,550.00","59,546.67","59,765.83",0,379,763.80,"1,013.60","2,116.98","3,712.31"
2019-09-09,"57,000","57,600","56,800","56,900","57,200.00","57,250.00","57,485.00","59,411.67","59,746.67",0,352,761.80,927.70,"2,115.87","3,692.86"
2019-09-10,"57,500","57,500","56,900","57,400","57,180.00","57,270.00","57,455.00","59,321.67","59,735.83",0,725,728.80,928.65,"2,075.28","3,663.81"
2019-09-11,"58,100","58,100","56,700","56,700","57,060.00","57,220.00","57,405.00","59,233.33","59,723.33",2,"2,669","1,047.20","1,043.55","2,039.50","3,680.52"
2019-09-16,"56,700","57,700","56,600","57,700","57,140.00","57,270.00","57,405.00","59,158.33","59,712.50",18,"2,830","1,391.00","1,155.35","2,027.08","3,690.95"
2019-09-17,"57,700","58,300","57,600","58,300","57,400.00","57,350.00","57,425.00","59,096.67","59,719.17",0,615,"1,438.20","1,157.95","1,997.83","3,684.85"
2019-09-18,"58,500","58,700","57,400","58,300","57,680.00","57,440.00","57,455.00","59,035.00","59,725.00",0,304,"1,428.60","1,124.05","1,981.45","3,684.14"
2019-09-19,"58,500","58,600","57,900","58,200","57,840.00","57,510.00","57,475.00","58,975.00","59,727.50",0,277,"1,339.00","1,132.30","1,964.02","3,682.38"
2019-09-20,"58,600","58,600","57,900","58,200","58,140.00","57,600.00","57,500.00","58,911.67","59,736.67",30,409,887.00,999.05,"1,899.33","3,674.30"
2019-09-23,"58,400","58,400","57,700","57,800","58,160.00","57,650.00","57,500.00","58,845.00","59,746.67",0,182,357.40,981.20,"1,889.73","3,659.09"
2019-09-24,"58,400","58,400","56,900","57,600","58,020.00","57,710.00","57,495.00","58,780.00","59,748.33",42,611,356.60,920.65,"1,861.80","3,655.57"
2019-09-25,"57,800","57,800","56,900","57,400","57,840.00","57,760.00","57,505.00","58,716.67","59,745.00",42,334,362.60,838.00,"1,829.62","3,646.50"
2019-09-26,"57,400","57,500","57,000","57,400","57,680.00","57,760.00","57,515.00","58,648.33","59,745.00",0,495,406.20,789.25,"1,815.63","3,631.47"
2019-09-27,"57,000","58,000","56,000","56,500","57,340.00","57,740.00","57,480.00","58,561.67","59,737.50",0,"3,591","1,042.60",925.20,"1,847.30","3,647.61"
2019-09-30,"56,000","56,500","56,000","56,400","57,060.00","57,610.00","57,440.00","58,473.33","59,730.83",70,978,"1,201.80",940.00,"1,826.13","3,635.88"
2019-10-01,"56,500","56,900","56,100","56,600","56,860.00","57,440.00","57,395.00","58,400.00","59,725.83",0,952,"1,270.00",957.15,"1,795.12","3,616.83"
2019-10-02,"57,000","57,000","56,100","56,300","56,640.00","57,240.00","57,340.00","58,305.00","59,720.83",70,420,"1,287.20",960.05,"1,739.60","3,594.11"
2019-10-04,"56,500","56,500","56,000","56,200","56,400.00","57,040.00","57,275.00","58,220.00","59,715.83",0,637,"1,315.60",947.40,"1,699.00","3,555.75"
2019-10-07,"56,400","56,400","55,900","56,300","56,360.00","56,850.00","57,225.00","58,148.33","59,708.33",0,845,766.40,935.80,"1,677.65","3,499.91"
2019-10-08,"56,900","56,900","56,000","56,300","56,340.00","56,700.00","57,175.00","58,073.33","59,699.17",0,130,596.80,886.75,"1,623.32","3,473.65"
2019-10-10,"56,800","56,800","55,900","56,200","56,260.00","56,560.00","57,135.00","57,996.67","59,688.33",0,709,548.20,903.25,"1,550.98","3,356.89"
2019-10-11,"57,000","57,000","55,900","56,100","56,220.00","56,430.00","57,095.00","57,925.00","59,670.00",70,"1,259",716.00,948.60,"1,491.53","3,329.70"
2019-10-14,"57,000","57,000","56,000","56,200","56,220.00","56,310.00","57,035.00","57,856.67","59,637.50",0,767,742.00,950.70,"1,480.58","3,267.44"
2019-10-15,"57,000","57,000","56,000","56,000","56,160.00","56,260.00","57,000.00","57,785.00","59,591.67",70,609,694.80,847.70,"1,454.40","3,143.92"
2019-10-16,"56,900","56,900","56,100","56,600","56,220.00","56,280.00","56,945.00","57,723.33","59,544.17",0,842,837.20,748.30,"1,447.58","3,081.97"
2019-10-17,"56,600","56,700","56,200","56,700","56,320.00","56,290.00","56,865.00","57,660.00","59,502.50",0,662,827.80,750.65,"1,439.92","3,025.91"
2019-10-18,"56,600","57,100","56,500","56,800","56,460.00","56,340.00","56,790.00","57,593.33","59,460.83",0,"1,254",826.80,798.15,"1,455.97","2,983.53"
2019-10-21,"57,000","57,000","56,300","56,600","56,540.00","56,380.00","56,710.00","57,531.67","59,415.83",0,560,785.40,812.30,"1,455.93","2,956.42"
2019-10-22,"56,800","56,800","56,300","56,800","56,700.00","56,430.00","56,640.00","57,490.00","59,372.50",70,817,827.00,832.70,"1,363.57","2,929.88"
2019-10-23,"56,700","56,800","56,400","56,700","56,720.00","56,470.00","56,585.00","57,438.33","59,323.33",30,197,698.00,833.45,"1,298.83","2,902.02"
2019-10-24,"57,000","57,000","56,400","56,700","56,720.00","56,520.00","56,540.00","57,383.33","59,276.67",0,249,615.40,815.35,"1,256.12","2,883.75"
2019-10-25,"57,300","57,300","56,400","57,100","56,780.00","56,620.00","56,525.00","57,335.00","59,239.17",20,"8,144","1,993.40","1,205.85","1,368.03","2,899.21"
2019-10-28,"57,700","57,700","56,900","57,600","56,980.00","56,760.00","56,535.00","57,310.00","59,205.83",20,992,"2,079.80","1,230.70","1,302.92","2,889.24"
2019-10-29,"58,000","58,000","57,100","57,700","57,160.00","56,930.00","56,595.00","57,295.00","59,178.33",0,"1,388","2,194.00","1,120.55","1,298.18","2,859.00"
2019-10-30,"57,600","58,000","57,200","57,800","57,380.00","57,050.00","56,665.00","57,278.33","59,163.33",30,943,"2,343.20","1,118.80","1,296.27","2,843.54"
2019-10-31,"57,900","57,900","57,100","57,100","57,460.00","57,090.00","56,690.00","57,256.67","59,138.33",39,874,"2,468.20","1,114.90","1,262.18","2,834.17"
2019-11-01,"57,500","57,600","56,800","57,500","57,540.00","57,160.00","56,750.00","57,241.67","59,119.17",0,"2,132","1,265.80","1,200.50","1,277.12","2,827.91"
2019-11-04,"58,100","58,100","56,800","57,300","57,480.00","57,230.00","56,805.00","57,228.33","59,101.67",0,"2,819","1,631.20","1,309.60","1,289.95","2,831.66"
2019-11-05,"57,500","57,500","56,800","57,200","57,380.00","57,270.00","56,850.00","57,228.33","59,088.33",0,923,"1,538.20","1,313.50","1,194.77","2,818.01"
2019-11-06,"57,400","58,300","57,000","57,600","57,340.00","57,360.00","56,915.00","57,228.33","59,075.83",0,"1,097","1,569.00","1,361.85","1,141.97","2,811.34"
2019-11-07,"57,600","57,800","57,000","57,200","57,360.00","57,410.00","56,965.00","57,216.67","59,055.00",0,"4,524","2,299.00","1,552.60","1,156.48","2,830.60"
2019-11-08,"58,100","58,100","57,000","57,500","57,360.00","57,450.00","57,035.00","57,205.00","59,044.17",0,682,"2,009.00","1,523.75","1,133.35","2,820.86"
2019-11-11,"57,400","57,900","57,000","57,600","57,420.00","57,450.00","57,105.00","57,198.33","59,035.83",0,742,"1,593.60","1,522.50","1,133.95","2,813.21"
2019-11-12,"57,500","57,900","57,300","57,500","57,480.00","57,430.00","57,180.00","57,195.00","59,021.67",30,289,"1,466.80","1,506.50","1,132.58","2,789.93"
2019-11-13,"57,600","57,700","57,100","57,400","57,440.00","57,390.00","57,220.00","57,190.00","59,009.17",0,440,"1,335.40","1,486.40","1,130.02","2,770.32"
2019-11-14,"57,600","57,600","57,000","57,000","57,400.00","57,380.00","57,235.00","57,175.00","58,974.17",0,"1,065",643.60,"1,506.55","1,138.38","2,528.07"
2019-11-15,"57,400","57,400","56,900","57,100","57,320.00","57,340.00","57,250.00","57,165.00","58,936.67",0,"1,478",802.80,"1,517.75","1,146.65","2,393.43"
2019-11-18,"57,600","58,000","57,000","57,400","57,280.00","57,350.00","57,290.00","57,158.33","58,918.33",0,601,774.60,"1,519.80","1,154.80","2,148.98"
2019-11-19,"58,000","58,000","57,000","57,300","57,240.00","57,360.00","57,315.00","57,151.67","58,892.50",30,"4,730","1,662.80","1,715.45","1,182.40","2,129.13"
2019-11-20,"57,000","57,500","57,000","57,200","57,200.00","57,320.00","57,340.00","57,141.67","58,857.50",70,349,"1,644.60","1,723.05","1,179.23","2,079.53"
2019-11-21,"57,600","57,700","56,900","57,300","57,260.00","57,330.00","57,370.00","57,135.00","58,826.67",0,"1,115","1,654.60","1,766.35","1,167.45","2,032.52"
2019-11-22,"57,100","57,600","57,100","57,500","57,340.00","57,330.00","57,390.00","57,140.00","58,803.33",0,724,"1,503.80","1,395.35","1,146.40","1,974.60"
2019-11-25,"57,900","58,700","57,200","58,300","57,520.00","57,400.00","57,425.00","57,158.33","58,783.33",0,"2,583","1,900.20","1,474.90","1,164.95","1,934.65"
2019-11-26,"58,400","58,700","58,100","58,300","57,720.00","57,480.00","57,455.00","57,176.67","58,762.50",30,"34,201","7,794.40","3,115.55","1,720.43","2,177.68"
2019-11-27,"58,600","58,800","58,100","58,800","58,040.00","57,620.00","57,505.00","57,203.33","58,740.00",0,"4,674","8,659.40","3,302.10","1,786.97","2,178.46"
2019-11-28,"58,900","58,900","58,200","58,500","58,280.00","57,770.00","57,575.00","57,220.00","58,714.17",0,913,"8,619.00","3,304.05","1,792.03","2,125.33"
2019-11-29,"58,800","58,800","57,600","58,400","58,460.00","57,900.00","57,620.00","57,236.67","58,665.83",0,"10,632","10,600.60","3,729.05","1,963.20","2,147.85"
2019-12-02,"58,400","58,800","58,300","58,600","58,520.00","58,020.00","57,685.00","57,255.00","58,608.33",30,435,"10,171.00","3,609.85","1,955.62","2,088.06"
2019-12-03,"58,400","58,600","58,000","58,300","58,520.00","58,120.00","57,740.00","57,271.67","58,549.17",0,653,"3,461.40","3,596.35","1,948.55","2,057.42"
2019-12-04,"58,000","58,300","57,700","58,000","58,360.00","58,200.00","57,760.00","57,283.33","58,487.50",0,520,"2,630.60","3,567.50","1,938.70","2,048.42"
2019-12-05,"58,000","58,300","57,900","58,000","58,260.00","58,270.00","57,800.00","57,300.00","58,423.33",30,257,"2,499.40","3,354.15","1,936.67","2,026.83"
2019-12-06,"58,000","58,300","57,600","58,000","58,180.00","58,320.00","57,825.00","57,318.33","58,365.00",30,509,474.80,"3,345.50","1,939.28","2,027.58"
2019-12-09,"57,900","58,100","57,500","58,000","58,060.00","58,290.00","57,845.00","57,328.33","58,325.00",0,615,510.80,"3,339.15","1,937.45","2,006.37"
2019-12-10,"58,000","58,000","57,400","57,700","57,940.00","58,230.00","57,855.00","57,345.00","58,289.17",0,586,497.40,"3,354.00","1,902.73","1,971.12"
2019-12-11,"57,600","57,600","57,200","57,600","57,860.00","58,110.00","57,865.00","57,343.33","58,250.83",0,612,515.80,"3,362.60","1,865.77","1,946.43"
2019-12-12,"57,500","57,500","56,800","56,900","57,640.00","57,950.00","57,860.00","57,320.00","58,208.33",0,"2,647",993.80,"3,441.70","1,899.63","1,948.73"
2019-12-13,"57,000","57,000","56,600","56,800","57,400.00","57,790.00","57,845.00","57,295.00","58,165.00",0,"1,296","1,151.20","3,432.60","1,916.17","1,948.81"
2019-12-16,"57,100","58,500","56,900","57,400","57,280.00","57,670.00","57,845.00","57,281.67","58,128.33",0,"2,519","1,532.00","3,528.50","1,953.53","1,958.78"
2019-12-17,"57,100","57,500","57,100","57,300","57,200.00","57,570.00","57,845.00","57,266.67","58,089.17",0,"1,237","1,662.20","3,353.85","1,967.33","1,933.33"
2019-12-18,"57,900","57,900","57,300","57,600","57,200.00","57,530.00","57,865.00","57,263.33","58,054.17",0,174,"1,574.60","3,345.10","1,967.20","1,928.47"
2019-12-19,"58,000","59,000","57,200","57,700","57,360.00","57,500.00","57,885.00","57,265.00","58,022.50",0,652,"1,175.60","3,321.95","1,967.88","1,914.84"
2019-12-20,"58,000","58,000","57,200","57,900","57,580.00","57,490.00","57,905.00","57,273.33","57,995.00",71,397,995.80,"3,305.60","1,968.93","1,899.28"
2019-12-23,"57,900","58,400","57,800","58,000","57,700.00","57,490.00","57,890.00","57,283.33","57,965.83",0,183,528.60,"3,185.60","1,963.73","1,889.68"
2019-12-24,"58,000","58,000","57,500","57,600","57,760.00","57,480.00","57,855.00","57,301.67","57,931.67",0,"8,830","2,047.20","1,917.05","2,051.05","1,949.18"
2019-12-26,"58,000","58,000","57,700","57,800","57,800.00","57,500.00","57,805.00","57,325.00","57,899.17",0,891,"2,190.60","1,727.90","2,049.60","1,937.87"
2019-12-27,"58,000","58,000","57,200","57,800","57,820.00","57,590.00","57,770.00","57,345.00","57,872.50",20,"6,648","3,389.80","2,014.65","2,144.53","1,969.83"
2019-12-30,"58,100","58,400","57,200","57,900","57,820.00","57,700.00","57,745.00","57,371.67","57,838.33",0,"1,651","3,640.60","1,565.60","2,165.05","1,952.33"
2020-01-02,"57,800","58,400","57,200","57,600","57,740.00","57,720.00","57,695.00","57,395.00","57,807.50",30,"7,241","5,052.20","1,905.90","2,275.12","1,987.06"
2020-01-03,"57,900","57,900","56,800","57,800","57,780.00","57,770.00","57,670.00","57,420.00","57,784.17",20,"1,493","3,584.80","1,947.90","2,285.92","1,981.78"
2020-01-06,"57,300","57,700","57,200","57,400","57,700.00","57,750.00","57,640.00","57,438.33","57,755.83",0,"1,130","3,632.60","1,978.40","2,302.58","1,962.95"
2020-01-07,"57,100","57,900","57,100","57,200","57,580.00","57,700.00","57,600.00","57,455.00","57,725.83",66,908,"2,484.60","2,010.95","2,305.90","1,928.44"
2020-01-08,"56,600","57,700","56,200","56,400","57,280.00","57,550.00","57,520.00","57,460.00","57,692.50",0,"3,630","2,880.40","2,167.00","2,345.42","1,918.47"
2020-01-09,"56,400","56,400","56,200","56,300","57,020.00","57,380.00","57,435.00","57,461.67","57,659.17",70,"1,735","1,779.20","2,223.00","2,361.55","1,921.07"
2020-01-10,"56,900","57,500","56,000","56,300","56,720.00","57,250.00","57,365.00","57,466.67","57,625.83",0,971,"1,674.80","2,242.25","2,367.58","1,910.99"
2020-01-13,"56,300","56,300","55,800","56,100","56,460.00","57,080.00","57,290.00","57,458.33","57,590.83",0,327,"1,514.20","2,228.00","2,359.00","1,903.29"
2020-01-14,"56,300","56,300","55,700","56,200","56,260.00","56,920.00","57,255.00","57,450.00","57,555.00",0,401,"1,412.80","2,115.70","2,354.65","1,897.28"
2020-01-15,"56,200","56,200","55,700","56,200","56,220.00","56,750.00","57,225.00","57,440.00","57,516.67",70,741,835.00,"2,087.95","2,346.10","1,901.03"
2020-01-16,"56,200","56,700","56,000","56,200","56,200.00","56,610.00","57,165.00","57,433.33","57,482.50",0,"1,299",747.80,"2,026.95","2,358.42","1,907.18"
2020-01-17,"55,900","56,200","55,300","55,800","56,100.00","56,410.00","57,090.00","57,416.67","57,453.33",0,"1,503",854.20,"2,040.25","2,369.85","1,866.71"
2020-01-20,"55,600","55,700","55,400","55,600","56,000.00","56,230.00","56,990.00","57,398.33","57,418.33",0,426,874.00,"2,052.85","2,373.67","1,836.25"
2020-01-21,"55,700","55,700","54,800","55,500","55,860.00","56,060.00","56,880.00","57,378.33","57,380.83",71,987,991.20,"2,069.60","2,385.97","1,821.04"
2020-01-22,"56,000","56,000","54,900","55,200","55,660.00","55,940.00","56,745.00","57,346.67","57,340.83",0,458,934.60,"2,072.65","2,257.87","1,812.95"
2020-01-23,"54,900","55,900","54,300","54,700","55,360.00","55,780.00","56,580.00","57,298.33","57,304.17",0,"1,314",937.60,"2,129.20","2,263.23","1,783.08"
2020-01-28,"54,300","54,300","52,700","53,300","54,860.00","55,480.00","56,365.00","57,225.00","57,260.00",0,"2,285","1,094.00","1,801.95","2,278.18","1,788.18"
2020-01-29,"54,300","54,300","53,000","53,200","54,380.00","55,190.00","56,135.00","57,148.33","57,213.33",0,"1,189","1,246.60","1,816.85","2,282.28","1,789.28"
2020-01-30,"53,500","53,900","52,700","53,200","53,920.00","54,890.00","55,905.00","57,083.33","57,170.00",49,"1,325","1,314.20","1,550.70","2,289.80","1,775.99"
2020-01-31,"52,600","53,700","52,600","53,200","53,520.00","54,590.00","55,670.00","57,011.67","57,126.67",0,172,"1,257.00","1,476.75","2,257.13","1,767.13"
2020-02-03,"53,500","53,500","52,000","53,000","53,180.00","54,270.00","55,440.00","56,940.00","57,084.17",0,"1,160","1,226.20","1,172.70","2,229.48","1,759.72"
2020-02-04,"52,800","52,800","52,100","52,300","52,980.00","53,920.00","55,165.00","56,858.33","57,043.33",0,786,926.40,"1,137.35","2,227.20","1,710.98"
2020-02-05,"53,000","53,000","51,700","52,700","52,880.00","53,630.00","54,930.00","56,776.67","57,002.50",71,"2,053","1,099.20","1,183.50","2,243.13","1,692.55"
2020-02-06,"53,000","53,200","52,400","53,000","52,840.00","53,380.00","54,720.00","56,706.67","56,961.67",0,"1,326","1,099.40","1,204.40","2,189.83","1,673.16"
2020-02-07,"53,700","53,700","53,000","53,400","52,880.00","53,200.00","54,570.00","56,638.33","56,921.67",0,174,"1,099.80","1,031.60","2,181.37","1,657.36"
2020-02-10,"53,900","53,900","53,300","53,400","52,960.00","53,070.00","54,425.00","56,568.33","56,883.33",0,347,937.20,962.20,"2,174.78","1,654.37"
2020-02-11,"53,800","53,800","52,900","53,400","53,180.00","53,080.00","54,280.00","56,500.00","56,847.50",0,526,885.20,939.95,"2,178.73","1,655.66"
2020-02-12,"52,700","54,000","52,600","53,000","53,240.00","53,060.00","54,125.00","56,426.67","56,808.33",66,"1,517",778.00,999.45,"2,196.68","1,663.35"
2020-02-13,"53,000","53,700","52,600","52,900","53,220.00","53,030.00","53,960.00","56,358.33","56,766.67",70,990,710.80,"1,028.90","2,195.43","1,666.91"
2020-02-14,"52,300","53,900","52,000","52,700","53,080.00","52,980.00","53,785.00","56,285.00","56,725.00",0,971,870.20,"1,040.40","2,186.98","1,666.82"
2020-02-17,"52,700","52,700","51,800","52,500","52,900.00","52,930.00","53,600.00","56,203.33","56,680.83",0,"1,034","1,007.60","1,027.15","2,194.20","1,674.50"
2020-02-18,"52,000","52,400","51,900","52,200","52,660.00","52,920.00","53,420.00","56,118.33","56,635.00",0,"1,235","1,149.40","1,013.75","2,135.95","1,659.18"
2020-02-19,"52,000","52,500","52,000","52,500","52,560.00","52,900.00","53,265.00","56,040.00","56,590.83",0,"1,656","1,177.20","1,075.25","2,157.73","1,668.48"
2020-02-20,"52,100","52,800","51,900","52,700","52,520.00","52,870.00","53,125.00","55,963.33","56,549.17",67,"6,179","2,215.00","1,334.85","2,242.13","1,704.79"
2020-02-21,"52,200","52,900","52,000","52,800","52,540.00","52,810.00","53,005.00","55,885.00","56,512.50",67,"1,728","2,366.40","1,398.35","2,258.87","1,702.63"
2020-02-24,"52,100","52,800","52,000","52,100","52,460.00","52,680.00","52,875.00","55,781.67","56,470.00",70,"3,900","2,939.60","1,527.65","2,280.82","1,722.88"
2020-02-25,"51,900","53,000","51,600","52,600","52,540.00","52,600.00","52,840.00","55,686.67","56,431.67",0,695,"2,831.60","1,448.15","1,722.38","1,721.41"
2020-02-26,"52,000","52,700","51,800","52,600","52,560.00","52,560.00","52,810.00","55,583.33","56,393.33",0,"1,373","2,775.00","1,457.35","1,667.37","1,727.17"
2020-02-27,"52,100","52,400","51,900","52,300","52,480.00","52,500.00","52,765.00","55,480.00","56,350.00",0,"2,270","1,993.20","1,504.60","1,689.98","1,741.01"
2020-02-28,"52,000","52,000","50,600","50,600","52,040.00","52,290.00","52,635.00","55,350.00","56,293.33",2,"6,098","2,867.20","1,800.90","1,614.42","1,788.81"
2020-03-02,"50,000","52,000","50,000","51,300","51,880.00","52,170.00","52,550.00","55,228.33","56,241.67",47,"22,019","6,491.00","2,843.85","1,974.15","1,964.88"
2020-03-03,"52,000","52,000","50,900","51,500","51,660.00","52,100.00","52,510.00","55,115.00","56,193.33",0,"1,406","6,633.20","2,874.85","1,986.70","1,967.63"
2020-03-04,"50,400","52,500","50,400","52,200","51,580.00","52,070.00","52,485.00","55,018.33","56,150.83",60,"1,256","6,609.80","2,835.00","1,998.97","1,968.83"
2020-03-05,"52,500","52,500","52,100","52,400","51,600.00","52,040.00","52,455.00","54,925.00","56,112.50",0,360,"6,227.80","2,786.70","2,000.68","1,968.68"
2020-03-06,"50,900","53,000","50,700","52,200","51,920.00","51,980.00","52,395.00","54,828.33","56,073.33",0,884,"5,185.00","2,822.20","2,006.93","1,973.11"
2020-03-09,"52,200","52,200","50,800","51,200","51,900.00","51,890.00","52,285.00","54,715.00","56,021.67",0,857,952.60,"2,847.70","2,010.97","1,974.21"
2020-03-10,"50,500","51,000","50,000","50,800","51,760.00","51,710.00","52,155.00","54,600.00","55,972.50",0,"2,581","1,187.60","2,950.45","2,044.22","1,973.47"
2020-03-11,"50,600","52,700","50,300","51,200","51,560.00","51,570.00","52,065.00","54,493.33","55,918.33",0,"2,297","1,395.80","2,989.45","2,072.30","1,969.03"
2020-03-12,"50,000","51,000","49,300","50,000","51,080.00","51,340.00","51,920.00","54,378.33","55,849.17",0,"4,508","2,225.40","3,165.35","2,103.32","2,001.47"
2020-03-13,"47,000","49,000","40,450","44,950","49,630.00","50,775.00","51,532.50","54,180.83","55,737.92",0,"15,800","5,208.60","3,906.80","2,345.05","2,130.61"
2020-03-16,"43,700","46,950","43,150","44,650","48,320.00","50,110.00","51,140.00","53,968.33","55,625.00",0,"6,488","6,334.80","4,179.50","2,411.20","2,182.37"
2020-03-17,"43,000","45,000","43,000","44,850","47,130.00","49,445.00","50,772.50","53,760.83","55,513.75",0,"2,822","6,383.00","4,258.85","2,437.62","2,202.47"
2020-03-18,"45,000","49,000","44,400","44,950","45,880.00","48,720.00","50,395.00","53,550.00","55,406.67",0,"9,374","7,798.40","4,644.75","2,590.95","2,279.07"
2020-03-19,"46,600","46,600","39,500","40,000","43,880.00","47,480.00","49,760.00","53,255.00","55,260.00",2,"33,157","13,528.20","5,993.65","3,132.70","2,550.29"
2020-03-20,"40,000","41,000","38,400","40,750","43,040.00","46,335.00","49,157.50","52,969.17","55,121.25",0,"7,743","11,916.80","6,294.40","3,255.13","2,612.03"
2020-03-23,"40,900","40,900","38,500","40,000","42,110.00","45,215.00","48,552.50","52,669.17","54,976.25",0,"26,339","15,887.00","7,416.35","3,691.07","2,827.40"
2020-03-24,"40,900","41,950","38,750","41,800","41,500.00","44,315.00","48,012.50","52,405.83","54,853.75",0,"1,415","15,605.60","7,452.35","3,567.48","2,809.27"
2020-03-25,"41,050","44,000","41,050","43,750","41,260.00","43,570.00","47,570.00","52,171.67","54,748.33",0,"6,738","15,078.40","7,720.60","3,664.93","2,857.27"
2020-03-26,"44,900","45,950","44,000","45,050","42,270.00","43,075.00","47,207.50","51,959.17","54,652.08",0,"5,053","9,457.60","7,859.75","3,638.35","2,891.44"
2020-03-27,"44,050","45,800","44,000","45,250","43,170.00","43,105.00","46,940.00","51,748.33","54,560.00",70,"5,725","9,054.00","7,841.10","3,706.25","2,935.65"
2020-03-30,"43,000","45,200","43,000","45,050","44,180.00","43,145.00","46,627.50","51,539.17","54,467.08",0,"1,514","4,089.00","6,815.85","3,610.80","2,942.96"
2020-03-31,"44,150","45,900","44,150","45,500","44,920.00","43,210.00","46,327.50","51,334.17","54,377.08",0,"7,032","5,212.40","7,097.15","3,703.12","2,994.52"
2020-04-01,"45,800","45,800","44,500","44,950","45,160.00","43,210.00","45,965.00","51,126.67","54,282.50",0,"3,892","4,643.20","7,228.95","3,749.15","3,025.87"
2020-04-02,"44,550","45,900","44,000","45,700","45,290.00","43,780.00","45,630.00","50,935.00","54,195.00",0,"2,481","4,128.80","7,335.00","3,775.37","3,040.63"
2020-04-03,"45,900","45,900","45,000","45,400","45,320.00","44,245.00","45,290.00","50,751.67","54,105.83",30,"14,195","5,822.80","8,000.55","3,951.45","3,148.43"
2020-04-06,"45,900","46,200","45,250","46,200","45,550.00","44,865.00","45,040.00","50,583.33","54,022.50",0,"5,083","6,536.60","8,211.85","4,007.25","3,184.40"
2020-04-07,"46,200","48,000","46,200","47,200","45,890.00","45,405.00","44,860.00","50,431.67","53,949.17",0,"4,046","5,939.40","8,285.10","4,058.50","3,213.04"
2020-04-08,"48,200","48,650","46,750","47,800","46,460.00","45,810.00","44,690.00","50,293.33","53,875.83",0,"5,232","6,207.40","8,431.85","4,140.25","3,249.63"
2020-04-09,"47,050","48,700","46,800","47,550","46,830.00","46,060.00","44,567.50","50,149.17","53,799.58",0,"4,990","6,709.20","8,455.95","4,216.73","3,285.69"
2020-04-10,"46,750","48,250","46,700","48,050","47,360.00","46,340.00","44,722.50","50,013.33","53,726.67",0,"2,265","4,323.20","7,779.20","4,242.13","3,294.12"
2020-04-13,"46,400","48,650","46,400","48,550","47,830.00","46,690.00","44,917.50","49,885.83","53,659.58",18,882,"3,483.00","7,498.90","4,235.18","3,296.80"
2020-04-14,"48,650","49,400","48,600","49,350","48,260.00","47,075.00","45,142.50","49,778.33","53,597.50",0,954,"2,864.60","7,405.50","4,226.03","3,297.94"
2020-04-16,"47,350","49,950","47,350","49,700","48,640.00","47,550.00","45,380.00","49,680.00","53,539.17",18,765,"1,971.20","6,975.05","4,231.68","3,302.68"
2020-04-17,"47,800","49,700","47,800","48,950","48,920.00","47,875.00","45,827.50","49,570.83","53,474.58",0,"1,526","1,278.40","5,393.50","4,240.67","3,313.32"
2020-04-20,"49,550","49,550","48,250","49,000","49,110.00","48,235.00","46,240.00","49,467.50","53,407.08",0,"3,364","1,498.20","5,174.55","4,289.10","3,273.48"
2020-04-21,"49,000","49,500","48,250","49,300","49,260.00","48,545.00","46,705.00","49,377.50","53,337.92",0,"6,363","2,594.40","4,175.75","4,373.25","3,318.24"
2020-04-22,"48,550","50,900","48,550","48,950","49,180.00","48,720.00","47,062.50","49,305.00","53,265.00",29,"1,126","2,628.80","4,161.30","4,353.93","3,316.06"
2020-04-23,"50,800","50,800","49,000","49,150","49,070.00","48,855.00","47,332.50","49,237.50","53,192.92",0,"2,396","2,955.00","3,944.20","4,374.05","3,328.17"
2020-04-24,"49,950","49,950","49,050","49,150","49,110.00","49,015.00","47,537.50","49,170.00","53,126.67",0,"1,007","2,851.20","3,741.90","4,368.75","3,329.28"
2020-04-27,"50,800","50,800","49,150","49,650","49,240.00","49,175.00","47,757.50","49,110.83","53,061.25",0,"2,334","2,645.20","3,572.35","4,404.78","3,330.96"
2020-04-28,"49,250","49,750","49,150","49,700","49,320.00","49,290.00","47,990.00","49,055.83","52,997.92",0,"2,320","1,836.60","3,612.65","4,424.12","3,326.80"
2020-04-29,"49,250","50,800","49,250","50,800","49,690.00","49,435.00","48,255.00","49,030.83","52,944.58",0,"1,739","1,959.20","3,348.00","4,440.00","3,333.60"
2020-05-04,"49,600","51,000","49,600","50,900","50,040.00","49,555.00","48,552.50","49,000.83","52,888.75",0,"3,893","2,258.60","3,348.05","4,470.67","3,356.90"
2020-05-06,"50,900","50,900","50,300","50,900","50,390.00","49,750.00","48,812.50","48,965.83","52,836.25",0,"1,571","2,371.40","3,302.55","4,474.75","3,332.29"
2020-05-07,"51,000","51,500","50,700","51,100","50,680.00","49,960.00","49,097.50","48,927.50","52,782.92",0,"1,236","2,151.80","2,654.60","4,492.45","3,336.91"
2020-05-08,"51,600","51,600","51,000","51,400","51,020.00","50,170.00","49,357.50","48,894.17","52,731.25",0,"2,321","2,152.00","2,516.50","4,525.35","3,350.07"
2020-05-11,"51,300","52,500","50,900","52,400","51,340.00","50,515.00","49,617.50","48,877.50","52,688.75",0,"2,334","2,271.00","2,430.90","4,555.48","3,367.11"
2020-05-12,"52,400","52,800","51,900","52,500","51,660.00","50,850.00","49,852.50","48,869.17","52,647.92",0,154,"1,523.20","2,177.00","4,532.77","3,364.72"
2020-05-13,"52,200","52,500","51,700","52,400","51,960.00","51,175.00","50,095.00","48,860.83","52,609.58",0,"1,112","1,431.40","1,983.10","4,534.80","3,365.12"
2020-05-14,"52,300","52,400","52,000","52,400","52,220.00","51,450.00","50,312.50","48,855.83","52,570.42",0,173,"1,218.80","1,878.50","4,521.50","3,354.24"
2020-05-15,"52,300","52,400","51,700","52,200","52,380.00","51,700.00","50,495.00","48,850.83","52,527.08",30,811,916.80,"1,874.95","4,517.78","3,355.99"
2020-05-18,"51,800","52,200","51,700","52,100","52,320.00","51,830.00","50,632.50","48,849.17","52,483.75",0,471,544.20,"1,850.80","4,505.05","3,320.50"
2020-05-19,"52,000","52,100","51,200","52,100","52,240.00","51,950.00","50,752.50","48,842.50","52,441.25",20,"2,971","1,107.60","1,961.10","4,526.97","3,342.35"
2020-05-20,"52,200","54,700","51,900","54,600","52,680.00","52,320.00","51,035.00","48,874.17","52,418.75",0,"5,928","2,070.80","2,181.20","4,522.78","3,382.46"
2020-05-21,"55,000","55,500","53,100","54,100","53,020.00","52,620.00","51,290.00","48,895.83","52,390.42",0,"3,471","2,730.40","2,186.55","4,551.83","3,405.35"
2020-05-22,"54,100","54,100","53,600","54,000","53,380.00","52,880.00","51,525.00","48,927.50","52,354.58",0,438,"2,655.80","1,890.30","4,494.13","3,387.47"
2020-05-25,"53,900","55,000","53,900","55,000","53,960.00","53,140.00","51,827.50","48,967.50","52,327.08",18,"6,019","3,765.40","2,134.95","4,582.87","3,152.63"
2020-05-26,"54,600","55,900","54,600","55,700","54,680.00","53,460.00","52,155.00","49,019.17","52,301.25",0,"3,568","3,884.80","2,193.55","4,619.45","3,143.41"
2020-05-27,"55,900","56,100","55,700","56,000","54,960.00","53,820.00","52,497.50","49,080.83","52,280.42",0,"11,013","4,901.80","2,693.85","4,765.17","3,227.57"
2020-05-28,"56,000","56,400","55,500","55,500","55,240.00","54,130.00","52,790.00","49,162.50","52,256.25",0,"6,819","5,571.40","2,918.10","4,777.18","3,195.80"
2020-05-29,"56,000","56,000","55,600","55,900","55,620.00","54,500.00","53,100.00","49,239.17","52,233.75",0,267,"5,537.20","2,815.45","4,414.65","3,194.40"
2020-06-01,"56,400","56,400","55,400","55,700","55,760.00","54,860.00","53,345.00","49,309.17","52,212.08",0,216,"4,376.60","2,739.30","4,394.82","3,190.76"
2020-06-02,"55,700","56,000","55,300","56,000","55,820.00","55,250.00","53,600.00","49,372.50","52,195.42",0,"1,113","3,885.60","2,600.30","4,392.43","3,195.70"
2020-06-03,"55,700","56,400","55,300","56,200","55,860.00","55,410.00","53,865.00","49,435.83","52,180.42",0,"2,540","2,191.00","2,648.75","4,428.77","3,214.72"
2020-06-04,"56,700","56,700","55,600","55,900","55,940.00","55,590.00","54,105.00","49,497.50","52,162.92",0,"1,412","1,109.60","2,657.55","4,437.57","3,222.25"
2020-06-05,"55,700","56,000","55,500","55,700","55,900.00","55,760.00","54,320.00","49,572.50","52,143.75",0,"1,889","1,434.00","2,635.95","4,454.77","3,232.87"
2020-06-08,"55,000","55,500","55,000","55,100","55,780.00","55,770.00","54,455.00","49,644.17","52,122.08",0,"3,008","1,992.40","2,669.65","4,461.88","3,253.05"
2020-06-09,"55,400","56,300","54,900","55,400","55,660.00","55,740.00","54,600.00","49,714.17","52,103.75",0,"2,702","2,310.20","2,797.05","4,468.63","3,270.47"
2020-06-10,"55,400","56,100","55,200","56,100","55,640.00","55,750.00","54,785.00","49,815.83","52,097.08",0,"1,810","2,164.20","2,831.95","4,423.67","3,263.49"
2020-06-11,"55,300","56,600","55,100","56,000","55,660.00","55,800.00","54,965.00","50,000.00","52,090.42",0,"2,942","2,470.20","2,970.40","4,209.37","3,277.21"
2020-06-12,"55,000","55,700","55,000","55,700","55,660.00","55,780.00","55,140.00","50,184.17","52,076.25",0,"2,495","2,591.40","3,054.60","4,142.82","3,277.01"
2020-06-15,"57,300","57,300","54,600","55,500","55,740.00","55,760.00","55,310.00","50,361.67","52,061.25",0,"3,367","2,663.20","3,199.40","4,151.90","3,294.76"
2020-06-16,"55,500","56,500","55,500","55,800","55,820.00","55,740.00","55,495.00","50,542.50","52,046.25",0,918,"2,306.40","3,096.75","4,010.97","3,300.96"
2020-06-17,"55,700","56,000","55,100","55,800","55,760.00","55,700.00","55,555.00","50,805.83","52,030.42",0,"3,403","2,625.00","2,970.50","3,515.07","3,323.88"
2020-06-18,"55,800","56,100","55,600","56,100","55,780.00","55,720.00","55,655.00","51,061.67","52,015.42",0,"1,709","2,378.40","2,882.40","3,414.50","3,334.82"
2020-06-19,"56,300","57,800","55,800","57,700","56,180.00","55,920.00","55,840.00","51,356.67","52,012.92",0,761,"2,031.60","2,898.55","2,988.20","3,339.63"
2020-06-22,"57,900","58,600","57,400","57,600","56,600.00","56,170.00","55,970.00","51,620.00","52,012.92",33,"6,961","2,750.40","2,945.65","3,080.63","3,324.06"
2020-06-23,"56,000","57,800","56,000","57,600","56,960.00","56,390.00","56,065.00","51,850.83","52,011.25",0,"4,299","3,426.60","2,982.20","3,039.98","3,352.46"
2020-06-24,"57,600","59,200","57,600","58,100","57,420.00","56,590.00","56,170.00","52,068.33","52,013.75",29,"1,149","2,975.80","2,489.00","2,974.92","3,306.63"
2020-06-25,"57,900","58,900","57,600","58,100","57,820.00","56,800.00","56,300.00","52,282.50","52,015.42",0,"1,807","2,995.40","2,238.40","2,909.62","3,307.93"
2020-06-26,"58,800","58,800","58,000","58,100","57,900.00","57,040.00","56,410.00","52,500.00","52,019.58",0,"1,086","3,060.40","2,279.35","2,902.48","3,256.64"
2020-06-29,"57,300","57,800","57,000","57,400","57,860.00","57,230.00","56,495.00","52,698.33","52,016.25",0,"2,039","2,076.00","2,370.50","2,819.27","3,261.19"
2020-06-30,"57,200","57,900","57,200","57,600","57,860.00","57,410.00","56,575.00","52,909.17","52,017.92",0,836,"1,383.40","2,356.65","2,768.33","3,258.74"
2020-07-01,"57,200","58,000","57,200","57,900","57,820.00","57,620.00","56,660.00","53,112.50","52,023.75",0,476,"1,248.80","2,253.45","2,734.92","3,255.14"
2020-07-02,"57,900","57,900","57,500","57,900","57,780.00","57,800.00","56,760.00","53,320.83","52,036.25",0,825,"1,052.40","2,224.10","2,512.08","3,231.77"
2020-07-03,"58,000","59,500","57,600","59,400","58,040.00","57,970.00","56,945.00","53,540.83","52,062.08",0,"2,389","1,313.00","2,249.10","2,467.18","3,237.22"
2020-07-06,"59,000","59,200","58,200","59,000","58,360.00","58,110.00","57,140.00","53,737.50","52,084.58",36,"1,450","1,195.20","2,171.20","2,423.92","3,241.21"
2020-07-07,"59,500","60,200","59,000","59,700","58,780.00","58,320.00","57,355.00","53,935.83","52,114.58",0,"1,796","1,387.20","2,125.90","2,366.65","3,253.45"
2020-07-08,"59,700","60,300","59,400","60,100","59,220.00","58,520.00","57,555.00","54,145.00","52,147.08",0,"1,666","1,625.20","2,118.70","2,311.25","3,263.99"
2020-07-09,"59,000","60,900","59,000","60,600","59,760.00","58,770.00","57,785.00","54,354.17","52,183.75",0,"4,126","2,285.40","2,177.90","2,342.27","3,292.20"
2020-07-10,"61,000","62,700","60,100","62,500","60,380.00","59,210.00","58,125.00","54,586.67","52,236.25",0,"9,415","3,690.60","2,523.90","2,484.48","3,359.83"
2020-07-13,"62,500","63,300","61,500","63,100","61,200.00","59,780.00","58,505.00","54,815.83","52,297.08",0,"1,785","3,757.60","2,444.80","2,498.33","3,362.18"
2020-07-14,"63,000","64,800","62,600","64,800","62,220.00","60,500.00","58,955.00","55,067.50","52,373.75",0,"6,183","4,635.00","2,708.05","2,588.63","3,410.16"
2020-07-15,"65,400","65,900","63,500","64,400","63,080.00","61,150.00","59,385.00","55,325.00","52,447.92",0,"6,964","5,694.60","2,886.10","2,679.27","3,459.97"
2020-07-16,"65,500","65,500","63,500","64,200","63,800.00","61,780.00","59,790.00","55,578.33","52,522.92",0,"1,692","5,207.80","2,885.25","2,651.40","3,470.25"
2020-07-17,"63,000","65,700","63,000","65,600","64,420.00","62,400.00","60,185.00","55,850.00","52,613.75",18,"4,503","4,225.40","3,072.35","2,620.40","3,496.82"
2020-07-20,"66,100","67,200","65,100","67,000","65,200.00","63,200.00","60,655.00","56,150.83","52,727.92",0,"13,479","6,564.20","3,398.25","2,826.28","3,590.11"
2020-07-21,"67,400","67,400","66,200","67,400","65,720.00","63,970.00","61,145.00","56,455.00","52,846.25",0,"1,284","5,584.40","3,247.50","2,807.75","3,590.90"
2020-07-22,"65,200","68,000","63,400","67,400","66,320.00","64,700.00","61,610.00","56,759.17","52,964.58",0,"2,723","4,736.20","3,326.20","2,836.35","3,602.55"
2020-07-23,"68,000","68,000","66,800","67,300","66,940.00","65,370.00","62,070.00","57,053.33","53,082.08",30,"2,381","4,874.00","3,354.90","2,837.13","3,620.96"
2020-07-24,"65,700","68,300","65,700","68,300","67,480.00","65,950.00","62,580.00","57,363.33","53,209.58",0,"13,540","6,681.40","3,977.60","3,024.13","3,724.13"
2020-07-27,"68,100","69,400","68,100","69,000","67,880.00","66,540.00","63,160.00","57,666.67","53,348.75",0,"13,738","6,733.20","4,562.55","3,224.12","3,832.06"
2020-07-28,"69,800","69,800","69,000","69,500","68,300.00","67,010.00","63,755.00","57,976.67","53,488.75",0,"3,788","7,234.00","4,710.15","3,222.37","3,846.52"
2020-07-29,"69,800","69,900","69,000","69,200","68,660.00","67,490.00","64,320.00","58,281.67","53,623.75",0,"4,777","7,644.80","4,925.20","3,275.80","3,875.28"
2020-07-30,"69,200","69,700","69,000","69,200","69,040.00","67,990.00","64,885.00","58,583.33","53,755.42",0,"2,384","7,645.40","5,003.15","3,294.93","3,893.69"
2020-07-31,"69,200","69,700","69,000","69,100","69,200.00","68,340.00","65,370.00","58,878.33","53,886.25",30,"3,708","5,679.00","5,069.10","3,318.05","3,921.70"
2020-08-03,"69,700","69,700","68,800","68,800","69,160.00","68,520.00","65,860.00","59,151.67","54,014.58",30,"1,459","3,223.20","5,069.55","3,303.47","3,929.47"
2020-08-04,"69,000","69,500","68,900","69,200","69,100.00","68,700.00","66,335.00","59,430.00","54,149.58",0,"1,228","2,711.20","5,041.15","3,321.37","3,927.07"
2020-08-05,"67,600","69,800","67,600","69,100","69,080.00","68,870.00","66,785.00","59,708.33","54,284.58",0,"2,948","2,345.40","5,105.25","3,351.97","3,943.38"
2020-08-06,"69,100","69,400","68,600","69,000","69,040.00","69,040.00","67,205.00","59,985.00","54,420.42",0,"3,930","2,654.60","5,095.45","3,414.58","3,968.04"
2020-08-07,"69,000","69,300","68,900","69,000","69,020.00","69,110.00","67,530.00","60,265.00","54,557.92",0,"4,690","2,851.00","4,859.20","3,479.23","3,998.51"
2020-08-10,"69,500","69,500","68,800","69,000","69,060.00","69,110.00","67,825.00","60,546.67","54,697.92",0,"2,253","3,009.80","4,882.60","3,508.93","4,006.99"
2020-08-11,"68,900","69,200","68,800","69,000","69,020.00","69,060.00","68,035.00","60,828.33","54,835.42",0,"7,371","4,238.40","4,942.00","3,582.27","4,054.62"
2020-08-12,"69,000","69,500","68,800","68,900","68,980.00","69,030.00","68,260.00","61,066.67","54,970.42",0,"3,426","4,334.00","4,765.10","3,540.57","4,031.68"
2020-08-13,"68,900","69,800","68,800","69,100","69,000.00","69,020.00","68,505.00","61,316.67","55,106.25",0,"9,471","5,442.20","5,154.05","3,640.57","4,096.20"
2020-08-14,"69,600","69,600","69,000","69,200","69,040.00","69,030.00","68,685.00","61,570.00","55,248.75",0,"9,192","6,342.60","5,388.50","3,786.47","4,140.30"
2020-08-18,"69,700","69,700","68,600","69,100","69,060.00","69,060.00","68,790.00","61,805.00","55,386.25",0,"3,527","6,597.40","4,890.90","3,744.93","4,163.90"
2020-08-19,"69,100","69,700","66,500","69,100","69,080.00","69,050.00","68,875.00","62,028.33","55,523.75",30,"2,598","5,642.80","4,956.60","3,728.77","4,174.11"
2020-08-20,"69,000","69,000","67,200","68,800","69,060.00","69,020.00","68,945.00","62,241.67","55,661.25",71,"6,562","6,270.00","5,148.55","3,654.58","4,209.88"
2020-08-21,"68,800","69,400","68,500","69,300","69,100.00","69,050.00","69,045.00","62,471.67","55,817.08",0,"2,083","4,792.40","5,133.65","3,575.65","4,176.42"
2020-08-24,"69,000","69,400","68,800","69,300","69,120.00","69,080.00","69,095.00","62,695.00","55,967.08",30,999,"3,153.80","4,506.60","3,587.85","4,001.25"
2020-08-25,"69,000","69,500","68,900","69,500","69,200.00","69,130.00","69,120.00","62,925.00","56,117.08",0,"3,180","3,084.40","3,978.70","3,637.25","4,016.03"
2020-08-26,"69,500","70,400","69,000","69,500","69,280.00","69,180.00","69,120.00","63,150.00","56,261.25",0,"1,308","2,826.40","3,854.70","3,640.50","4,016.47"
2020-08-27,"69,000","69,300","69,000","69,200","69,360.00","69,210.00","69,120.00","63,366.67","56,401.25",0,851,"1,684.20","3,658.40","3,612.35","4,020.56"
2020-08-28,"69,500","69,700","69,000","69,500","69,400.00","69,250.00","69,135.00","63,593.33","56,545.42",0,723,"1,412.20","3,575.35","3,600.87","4,019.22"
2020-08-31,"69,500","69,500","69,100","69,500","69,440.00","69,280.00","69,155.00","63,823.33","56,697.92",0,305,"1,273.40","3,405.20","3,574.47","4,014.62"
2020-09-01,"69,000","69,500","69,000","69,400","69,420.00","69,310.00","69,185.00","64,061.67","56,852.92",30,976,832.60,"3,381.05","3,540.60","4,001.24"
2020-09-02,"69,700","69,900","69,000","69,900","69,500.00","69,390.00","69,220.00","64,303.33","57,008.75",20,"1,915",954.00,"3,415.40","3,527.48","3,998.06"
2020-09-03,"69,500","70,300","69,400","69,900","69,640.00","69,500.00","69,260.00","64,533.33","57,174.58",0,"7,319","2,247.60","3,633.95","3,619.30","4,021.48"
2020-09-04,"70,000","70,500","69,000","70,400","69,820.00","69,610.00","69,330.00","64,773.33","57,386.67",20,991,"2,301.20","3,487.00","3,586.78","3,898.07"
2020-09-07,"70,400","70,500","69,800","70,000","69,920.00","69,680.00","69,380.00","65,011.67","57,597.92",30,"4,222","3,084.60","3,463.60","3,615.57","3,879.19"
2020-09-08,"70,400","70,400","69,900","70,000","70,040.00","69,730.00","69,430.00","65,253.33","57,807.50",0,"2,774","3,444.20","3,489.65","3,605.68","3,878.79"
2020-09-09,"69,700","70,000","69,400","69,900","70,040.00","69,770.00","69,475.00","65,488.33","58,015.42",0,"4,480","3,957.20","3,345.10","3,665.05","3,838.01"
2020-09-10,"69,600","69,900","69,300","69,900","70,040.00","69,840.00","69,525.00","65,723.33","58,264.58",0,"2,770","3,047.40","3,312.30","3,654.50","3,584.78"
2020-09-11,"70,000","70,000","69,200","70,000","69,960.00","69,890.00","69,570.00","65,955.00","58,508.33",28,"2,220","3,293.20","2,949.75","3,663.02","3,538.76"
2020-09-14,"69,100","70,000","69,100","70,000","69,960.00","69,940.00","69,610.00","66,160.00","58,758.33",30,975,"2,643.80","2,538.90","3,666.58","3,327.39"
2020-09-15,"69,900","69,900","69,400","69,900","69,940.00","69,990.00","69,650.00","66,365.00","58,992.50",36,241,"2,137.20","2,374.60","3,554.58","3,317.61"
2020-09-16,"69,700","69,700","69,400","69,700","69,900.00","69,970.00","69,680.00","66,566.67","59,208.75",0,"1,948","1,630.80","2,342.10","3,515.40","3,277.69"
2020-09-17,"69,500","69,800","69,500","69,700","69,860.00","69,950.00","69,725.00","66,760.00","59,414.17",0,"1,371","1,351.00","2,082.55","3,519.10","3,247.01"
2020-09-18,"69,500","69,800","69,500","69,800","69,820.00","69,890.00","69,750.00","66,955.00","59,618.75",70,533,"1,013.60","2,005.05","3,497.87","3,203.74"
2020-09-21,"69,800","69,800","69,200","69,700","69,760.00","69,860.00","69,770.00","67,148.33","59,824.17",71,"10,833","2,985.20","2,496.75","3,660.32","3,281.40"
2020-09-22,"69,400","69,500","69,200","69,400","69,660.00","69,800.00","69,765.00","67,348.33","60,023.33",70,"6,659","4,268.80","2,670.70","3,737.32","3,278.29"
2020-09-23,"69,300","69,500","69,200","69,500","69,620.00","69,760.00","69,765.00","67,546.67","60,227.92",70,"3,293","4,537.80","2,769.95","3,778.27","3,273.30"
2020-09-24,"69,300","69,500","68,700","69,100","69,500.00","69,680.00","69,760.00","67,733.33","60,422.92",0,"2,167","4,697.00","2,835.75","3,806.45","3,270.68"
2020-09-25,"69,000","69,200","68,600","68,700","69,280.00","69,550.00","69,720.00","67,913.33","60,617.08",0,"1,029","4,796.20","2,851.05","3,809.85","3,160.97"
2020-09-28,"68,700","69,500","68,500","68,700","69,080.00","69,420.00","69,680.00","68,068.33","60,804.58",0,"2,121","3,053.80","2,941.85","3,805.38","3,136.28"
2020-09-29,"68,700","69,000","68,600","69,000","69,000.00","69,330.00","69,660.00","68,235.00","60,986.25",0,787,"1,879.40","2,932.40","3,794.33","3,109.13"
2020-10-05,"68,900","69,000","68,800","69,000","68,900.00","69,260.00","69,615.00","68,390.00","61,162.92",0,155,"1,251.80","2,844.40","3,766.98","3,066.82"
2020-10-06,"69,100","69,100","68,700","68,900","68,860.00","69,180.00","69,565.00","68,536.67","61,340.83",0,403,899.00,"2,498.60","3,745.93","3,028.59"
2020-10-07,"68,700","68,900","68,700","68,800","68,880.00","69,080.00","69,485.00","68,673.33","61,513.75",70,107,714.60,"2,454.40","3,678.95","3,010.61"
2020-10-08,"68,700","68,900","68,400","68,700","68,880.00","68,980.00","69,420.00","68,776.67","61,681.67",0,"1,991",688.60,"2,342.85","3,555.22","3,019.85"
2020-10-12,"68,700","69,000","68,600","68,800","68,840.00","68,920.00","69,360.00","68,871.67","61,843.75",0,191,569.40,"2,213.70","3,528.65","3,013.49"
2020-10-13,"69,700","69,700","68,200","68,700","68,780.00","68,840.00","69,300.00","68,936.67","62,002.08",0,"1,865",911.40,"2,082.95","3,456.68","3,022.66"
2020-10-14,"68,500","68,800","68,200","68,500","68,700.00","68,780.00","69,230.00","69,005.00","62,165.00",70,"2,295","1,289.80","2,059.20","3,378.87","3,029.07"
2020-10-15,"69,300","69,300","68,200","68,500","68,640.00","68,760.00","69,155.00","69,076.67","62,327.50",70,"2,301","1,728.60","2,063.25","3,389.02","3,020.21"
2020-10-16,"68,400","68,500","68,100","68,500","68,600.00","68,740.00","69,080.00","69,125.00","62,487.50",54,"1,463","1,623.00","2,087.65","3,338.35","2,979.38"
2020-10-19,"68,400","68,900","68,000","68,500","68,540.00","68,690.00","69,010.00","69,150.00","62,650.42",0,"9,468","3,478.40","2,549.00","3,271.50","3,048.89"
2020-10-20,"68,400","69,000","68,300","68,500","68,500.00","68,640.00","68,950.00","69,168.33","62,811.67",68,"1,839","3,473.20","2,543.55","3,280.75","3,044.25"
2020-10-21,"68,800","69,000","68,500","69,000","68,600.00","68,650.00","68,915.00","69,195.00","62,977.08",0,"1,551","3,324.40","2,552.55","3,261.22","3,048.78"
2020-10-22,"68,300","69,300","68,300","68,900","68,680.00","68,660.00","68,870.00","69,221.67","63,137.50",0,884,"3,041.00","2,570.10","3,236.27","3,036.70"
2020-10-23,"68,500","68,500","68,300","68,500","68,680.00","68,640.00","68,810.00","69,225.00","63,294.17",0,765,"2,901.40","2,066.70","3,023.35","3,023.74"
2020-10-26,"68,800","68,800","68,100","68,500","68,680.00","68,610.00","68,765.00","69,216.67","63,441.67",0,"1,913","1,390.40","1,829.40","2,826.27","3,025.19"
2020-10-27,"68,300","68,500","68,300","68,400","68,660.00","68,580.00","68,710.00","69,198.33","63,587.50",0,470,"1,116.60","1,688.25","2,770.97","2,996.67"
2020-10-28,"68,400","68,700","68,100","68,400","68,540.00","68,570.00","68,675.00","69,185.00","63,733.33",0,"2,562","1,318.80","1,708.00","2,734.05","3,004.93"
2020-10-29,"68,000","69,300","67,900","68,400","68,440.00","68,560.00","68,660.00","69,171.67","63,877.50",66,"5,433","2,228.60","1,928.20","2,784.87","3,039.90"
2020-10-30,"69,100","69,100","68,200","68,600","68,460.00","68,570.00","68,655.00","69,163.33","64,020.83",0,383,"2,152.20","1,841.30","2,729.45","3,023.75"
2020-11-02,"68,100","68,500","68,100","68,500","68,460.00","68,570.00","68,630.00","69,158.33","64,155.00",0,388,"1,847.20","1,821.35","2,711.60","3,007.53"
2020-11-03,"68,500","68,600","68,200","68,500","68,480.00","68,570.00","68,605.00","69,146.67","64,288.33",0,"1,129","1,979.00","1,870.05","2,709.95","3,015.66"
2020-11-04,"68,600","68,600","68,300","68,500","68,500.00","68,520.00","68,585.00","69,136.67","64,422.50",0,40,"1,474.60","1,851.90","2,661.48","3,006.72"
2020-11-05,"68,500","68,500","68,300","68,500","68,520.00","68,480.00","68,570.00","69,128.33","64,556.67",70,642,516.40,"1,878.65","2,606.68","3,010.63"
2020-11-06,"68,500","68,600","68,100","68,500","68,500.00","68,480.00","68,560.00","69,120.00","64,692.50",0,592,558.20,"1,808.70","2,538.38","3,008.81"
2020-11-09,"68,500","68,700","68,300","68,500","68,500.00","68,480.00","68,545.00","69,111.67","64,829.17",0,"1,291",738.80,"1,863.70","2,522.35","3,015.64"
2020-11-10,"68,800","68,800","68,100","68,600","68,520.00","68,500.00","68,540.00","69,105.00","64,966.67",20,"2,639","1,040.80","1,902.40","2,443.48","3,012.88"
2020-11-11,"68,600","68,700","68,400","68,500","68,520.00","68,510.00","68,540.00","69,098.33","65,082.50",0,152,"1,063.20","1,795.25","2,388.92","2,964.74"
2020-11-12,"68,700","68,800","68,400","68,700","68,560.00","68,540.00","68,550.00","69,091.67","65,204.17",70,809,"1,096.60","1,720.65","2,244.55","2,942.56"
2020-11-13,"68,700","69,100","68,600","69,000","68,660.00","68,580.00","68,575.00","69,088.33","65,329.17",0,"1,607","1,299.60","1,727.85","2,118.13","2,952.30"
2020-11-16,"69,000","69,300","68,800","69,100","68,780.00","68,640.00","68,605.00","69,088.33","65,446.67",0,703,"1,182.00","1,289.60","2,071.07","2,908.00"
2020-11-17,"69,100","69,100","68,600","68,700","68,800.00","68,660.00","68,615.00","69,081.67","65,555.00",0,743,802.80,"1,234.80","2,040.15","2,884.46"
2020-11-18,"68,700","69,200","68,600","68,600","68,820.00","68,670.00","68,595.00","69,078.33","65,660.00",29,550,882.40,"1,184.75","1,939.95","2,797.27"
2020-11-19,"69,000","69,000","68,600","68,700","68,820.00","68,690.00","68,585.00","69,068.33","65,770.00",0,317,784.00,"1,156.40","1,910.52","2,743.08"
2020-11-20,"68,400","68,600","68,300","68,300","68,680.00","68,670.00","68,575.00","69,051.67","65,873.33",0,"1,376",737.80,"1,186.95","1,916.80","2,752.32"
2020-11-23,"68,500","68,600","68,200","68,600","68,580.00","68,680.00","68,580.00","69,036.67","65,980.83",0,"1,338",864.80,"1,158.20","1,886.10","2,761.68"
2020-11-24,"68,500","68,700","68,300","68,500","68,540.00","68,670.00","68,585.00","69,020.00","66,085.00",0,797,875.60,"1,174.55","1,877.58","2,759.04"
2020-11-25,"68,300","68,500","68,300","68,500","68,520.00","68,670.00","68,590.00","69,008.33","66,187.50",70,"1,381","1,041.80","1,115.50","1,886.42","2,749.38"
2020-11-26,"68,300","68,800","68,000","68,700","68,520.00","68,670.00","68,605.00","68,995.00","66,294.17",0,"1,868","1,352.00",937.25,"1,905.50","2,753.18"
2020-11-27,"68,300","69,000","68,300","68,600","68,580.00","68,630.00","68,605.00","68,980.00","66,401.67",0,412,"1,159.20",938.70,"1,907.28","2,740.88"
2020-11-30,"68,600","69,000","68,500","68,700","68,600.00","68,590.00","68,615.00","68,968.33","66,515.00",0,715,"1,034.60",955.05,"1,902.93","2,721.77"
