2018-06-26,"38,100","38,900","37,700","38,500", , , , , ,0,283, , , , 
2018-06-27,"37,900","38,900","37,400","38,100", , , , , ,0,137, , , , 
2018-06-28,"38,100","39,500","37,100","39,500", , , , , ,0,447, , , , 
2018-06-29,"38,900","39,000","37,750","38,800", , , , , ,0,228, , , , 
2018-07-02,"38,800","38,800","36,800","37,050","38,390.00", , , , ,0,513,321.60, , , 
2018-07-03,"37,500","38,450","35,950","37,300","38,150.00", , , , ,0,452,355.40, , , 
2018-07-04,"36,100","37,900","36,100","37,350","38,000.00", , , , ,0,459,419.80, , , 
2018-07-05,"37,000","37,250","35,300","36,200","37,340.00", , , , ,0,510,432.40, , , 
2018-07-06,"36,200","37,300","35,300","36,150","36,810.00", , , , ,0,487,484.20, , , 
2018-07-09,"36,000","36,950","34,800","35,950","36,590.00","37,490.00", , , ,0,670,515.60, , , 
2018-07-10,"35,150","37,600","34,600","36,500","36,430.00","37,290.00", , , ,0,488,522.80, , , 
2018-07-11,"36,500","37,000","35,100","36,700","36,300.00","37,150.00", , , ,0,618,554.60, , , 
2018-07-12,"37,200","38,000","35,950","37,000","36,460.00","36,900.00", , , ,0,188,490.20, , , 
2018-07-13,"37,400","38,000","36,400","37,800","36,790.00","36,800.00", , , ,0,278,448.40, , , 
2018-07-16,"38,000","38,000","36,600","37,050","37,010.00","36,800.00", , , ,0,317,377.80, , , 
2018-07-17,"36,550","37,050","35,650","36,400","36,990.00","36,710.00", , , ,0,539,388.00, , , 
2018-07-18,"36,900","37,000","35,350","36,400","36,930.00","36,615.00", , , ,0,758,416.00, , , 
2018-07-19,"36,050","36,200","35,250","36,050","36,740.00","36,600.00", , , ,0,179,414.20, , , 
2018-07-20,"35,650","35,900","35,000","35,800","36,340.00","36,565.00", , , ,0,300,418.60, , , 
2018-07-23,"35,250","35,450","34,900","35,000","35,930.00","36,470.00","36,980.00", , ,0,143,383.80,399.70, , 
2018-07-24,"35,450","35,450","34,000","35,100","35,670.00","36,330.00","36,810.00", , ,71,848,445.60,427.95, , 
2018-07-25,"35,350","38,000","35,100","36,200","35,630.00","36,280.00","36,715.00", , ,66,957,485.40,468.95, , 
2018-07-26,"36,500","36,500","35,350","35,550","35,530.00","36,135.00","36,517.50", , ,0,458,541.20,469.50, , 
2018-07-27,"35,650","37,900","35,650","37,500","35,870.00","36,105.00","36,452.50", , ,0,507,582.60,483.45, , 
2018-07-30,"37,050","38,000","36,400","37,650","36,400.00","36,165.00","36,482.50", , ,0,637,681.40,489.65, , 
2018-07-31,"37,650","38,000","36,650","37,250","36,830.00","36,250.00","36,480.00", , ,30,175,546.80,475.80, , 
2018-08-01,"37,750","38,000","37,300","37,800","37,150.00","36,390.00","36,502.50", , ,30,47,364.80,455.20, , 
2018-08-02,"37,000","38,300","36,650","37,950","37,630.00","36,580.00","36,590.00", , ,0,155,304.20,437.45, , 
2018-08-03,"38,400","38,400","37,100","38,350","37,800.00","36,835.00","36,700.00", , ,0,24,207.60,414.30, , 
2018-08-06,"37,500","38,450","37,300","38,250","37,920.00","37,160.00","36,815.00", , ,0,228,125.80,392.20, , 
2018-08-07,"36,400","38,450","36,400","38,300","38,130.00","37,480.00","36,905.00", , ,30,345,159.80,385.05, , 
2018-08-08,"38,300","38,400","37,650","38,300","38,230.00","37,690.00","36,985.00", , ,0,195,189.40,363.90, , 
2018-08-09,"38,400","38,400","37,500","37,900","38,220.00","37,925.00","37,030.00", , ,30,99,178.20,359.45, , 
2018-08-10,"38,000","38,100","37,000","37,900","38,130.00","37,965.00","37,035.00", , ,0,120,197.40,351.55, , 
2018-08-13,"37,900","38,450","36,400","37,350","37,950.00","37,935.00","37,050.00", , ,0,544,260.60,362.90, , 
2018-08-14,"38,000","38,500","38,000","38,300","37,950.00","38,040.00","37,145.00", , ,0,45,200.60,338.20, , 
2018-08-16,"38,300","38,400","36,100","37,300","37,750.00","37,990.00","37,190.00", , ,0,518,265.20,326.20, , 
2018-08-17,"36,800","38,150","36,800","38,150","37,800.00","38,010.00","37,295.00", , ,18,145,274.40,324.50, , 
2018-08-20,"38,150","38,450","37,250","38,000","37,820.00","37,975.00","37,405.00", , ,0,458,342.00,332.40, , 
2018-08-21,"37,500","38,200","37,500","38,100","37,970.00","37,960.00","37,560.00", , ,0,73,247.80,328.90, , 
2018-08-22,"37,200","39,000","37,200","38,600","38,030.00","37,990.00","37,735.00", , ,0,528,344.40,312.90, , 
2018-08-23,"38,850","38,850","37,500","38,850","38,340.00","38,045.00","37,867.50", , ,28,50,250.80,267.55, , 
2018-08-24,"38,800","38,900","37,700","38,850","38,480.00","38,140.00","38,032.50", , ,0,104,242.60,249.85, , 
2018-08-27,"38,050","38,100","37,650","37,900","38,460.00","38,140.00","38,052.50", , ,0,212,193.40,235.10, , 
2018-08-28,"37,900","38,800","37,650","38,550","38,550.00","38,260.00","38,097.50", , ,70,478,274.40,227.15, , 
2018-08-29,"38,500","39,000","37,700","38,800","38,590.00","38,310.00","38,175.00", , ,0,157,200.20,226.25, , 
2018-08-30,"38,750","38,800","38,050","38,700","38,560.00","38,450.00","38,220.00", , ,0,86,207.40,228.20, , 
2018-08-31,"38,100","38,350","37,000","37,400","38,270.00","38,375.00","38,192.50", , ,0,516,289.80,246.25, , 
2018-09-03,"37,400","37,550","37,000","37,500","38,190.00","38,325.00","38,150.00", , ,70,120,271.40,251.05, , 
2018-09-04,"37,500","38,800","37,500","38,450","38,170.00","38,360.00","38,160.00", , ,0,49,185.60,242.10, , 
2018-09-05,"38,700","38,700","37,900","38,200","38,050.00","38,320.00","38,155.00", , ,0,204,195.00,235.05, , 
2018-09-06,"38,200","38,400","38,200","38,400","37,990.00","38,275.00","38,160.00", , ,0,15,180.80,226.05, , 
2018-09-07,"37,700","38,350","37,000","38,200","38,150.00","38,210.00","38,175.00", , ,0,306,138.80,236.40, , 
2018-09-10,"37,000","38,400","36,800","38,400","38,330.00","38,260.00","38,200.00", , ,0,143,143.40,237.55, , 
2018-09-11,"38,200","38,350","37,350","38,350","38,310.00","38,240.00","38,250.00", , ,0,235,180.60,222.10, , 
2018-09-12,"37,150","38,250","37,150","38,250","38,320.00","38,185.00","38,247.50", , ,0,36,147.00,221.65, , 
2018-09-13,"38,150","38,150","37,550","38,050","38,250.00","38,120.00","38,285.00", , ,0,75,159.00,199.50, , 
2018-09-14,"37,000","38,200","37,000","38,050","38,220.00","38,185.00","38,280.00", , ,0,410,179.80,212.75, , 
2018-09-17,"37,700","37,950","37,550","37,950","38,130.00","38,230.00","38,277.50", , ,0,13,153.80,190.50, , 
2018-09-18,"37,950","38,450","37,200","37,900","38,040.00","38,175.00","38,267.50","37,602.50", ,0,224,151.60,198.05,308.88, 
2018-09-19,"38,150","38,200","37,200","37,950","37,980.00","38,150.00","38,235.00","37,593.33", ,71,73,159.00,175.30,305.38, 
2018-09-20,"37,950","37,950","37,700","37,700","37,910.00","38,080.00","38,177.50","37,586.67", ,0,7,145.40,173.15,303.22, 
2018-09-21,"38,150","38,150","37,000","37,750","37,850.00","38,035.00","38,122.50","37,557.50", ,0,664,196.20,201.15,306.83, 
2018-09-27,"37,750","37,750","36,500","37,300","37,720.00","37,925.00","38,092.50","37,532.50", ,0,446,282.80,212.85,310.47, 
2018-09-28,"36,750","37,450","36,000","37,300","37,600.00","37,820.00","38,030.00","37,536.67", ,0,331,304.20,205.50,307.43, 
2018-10-01,"37,000","37,700","37,000","37,100","37,430.00","37,705.00","37,945.00","37,533.33", ,0,31,295.80,199.20,300.42, 
2018-10-02,"37,350","37,350","35,150","36,800","37,250.00","37,580.00","37,850.00","37,524.17", ,71,212,336.80,205.50,296.30, 
2018-10-04,"36,800","37,350","35,600","35,950","36,890.00","37,370.00","37,777.50","37,520.00", ,0,151,234.20,187.25,290.32, 
2018-10-05,"36,550","36,550","34,950","34,950","36,420.00","37,070.00","37,650.00","37,500.00", ,2,141,173.20,188.30,284.55, 
2018-10-08,"35,650","36,100","35,650","36,100","36,180.00","36,890.00","37,532.50","37,502.50", ,58,13,109.60,186.50,273.60, 
2018-10-10,"35,800","36,000","33,650","34,000","35,560.00","36,495.00","37,322.50","37,460.83", ,0,414,186.20,197.00,272.37, 
2018-10-11,"32,500","33,750","32,300","33,300","34,860.00","36,055.00","37,067.50","37,404.17", ,0,521,248.00,222.30,270.75, 
2018-10-12,"33,700","33,700","32,000","32,550","34,180.00","35,535.00","36,785.00","37,330.00", ,0,"1,503",518.40,282.15,292.67, 
2018-10-15,"32,550","34,200","32,150","32,800","33,750.00","35,085.00","36,505.00","37,246.67", ,0,560,602.20,303.00,297.37, 
2018-10-16,"32,900","32,900","32,250","32,400","33,010.00","34,595.00","36,207.50","37,169.17", ,0,286,656.80,305.55,296.85, 
2018-10-17,"32,400","33,600","32,100","32,100","32,630.00","34,095.00","35,900.00","37,097.50", ,0,341,642.20,320.80,293.55, 
2018-10-18,"32,650","32,800","32,000","32,500","32,470.00","33,665.00","35,622.50","37,032.50", ,0,352,608.40,334.65,286.78, 
2018-10-19,"31,800","32,500","31,800","32,500","32,460.00","33,320.00","35,345.00","36,973.33", ,0,11,310.00,314.70,283.98, 
2018-10-22,"32,500","32,900","32,500","32,900","32,480.00","33,115.00","35,092.50","36,925.00", ,0,7,199.40,314.40,279.10, 
2018-10-23,"32,900","32,900","32,050","32,700","32,540.00","32,775.00","34,832.50","36,886.67", ,0,14,145.00,303.90,276.95, 
2018-10-24,"32,350","32,350","30,500","31,100","32,340.00","32,485.00","34,490.00","36,820.00", ,0,"1,381",353.00,369.30,285.83, 
2018-10-25,"30,300","30,450","29,350","29,800","31,800.00","32,135.00","34,095.00","36,713.33", ,0,390,360.60,388.45,276.38, 
2018-10-26,"30,900","31,900","29,550","31,900","31,680.00","32,070.00","33,802.50","36,652.50", ,0,280,414.40,369.25,273.42, 
2018-10-29,"30,000","31,700","30,000","31,600","31,420.00","31,950.00","33,517.50","36,554.17", ,55,158,444.60,354.85,267.60, 
2018-10-30,"32,050","32,050","30,950","31,700","31,220.00","31,880.00","33,237.50","36,455.00", ,0,36,449.00,340.10,257.58, 
2018-10-31,"31,000","32,050","31,000","31,900","31,380.00","31,860.00","32,977.50","36,365.83", ,0,25,177.80,339.80,255.08, 
2018-11-01,"31,900","33,050","31,650","31,650","31,750.00","31,775.00","32,720.00","36,263.33", ,66,95,118.80,333.95,255.88, 
2018-11-02,"31,850","33,700","31,850","33,650","32,100.00","31,890.00","32,605.00","36,191.67", ,18,244,111.60,338.60,257.37, 
2018-11-05,"33,650","33,950","32,500","33,500","32,480.00","31,950.00","32,532.50","36,110.83", ,0,50,90.00,334.05,257.80, 
2018-11-06,"33,450","33,600","32,800","33,400","32,820.00","32,020.00","32,397.50","36,030.00", ,0,41,91.00,335.45,254.68, 
2018-11-07,"33,650","34,800","33,550","34,600","33,360.00","32,370.00","32,427.50","35,968.33", ,0,237,133.40,326.60,252.88, 
2018-11-08,"34,650","35,000","33,600","34,250","33,880.00","32,815.00","32,475.00","35,900.83", ,0,95,133.40,305.30,251.22, 
2018-11-09,"34,250","34,600","34,250","34,350","34,020.00","33,060.00","32,565.00","35,841.67", ,0,14,87.40,230.85,249.80, 
2018-11-12,"34,400","35,700","34,400","35,500","34,420.00","33,450.00","32,700.00","35,801.67", ,0,103,98.00,208.00,249.52, 
2018-11-13,"39,000","39,100","35,050","36,950","35,130.00","33,975.00","32,927.50","35,795.00", ,0,342,158.20,210.80,246.15, 
2018-11-14,"37,950","37,950","36,600","37,350","35,680.00","34,520.00","33,190.00","35,779.17", ,0,90,128.80,198.25,246.90, 
2018-11-15,"37,200","37,400","37,000","37,400","36,310.00","35,095.00","33,435.00","35,780.83", ,0,15,112.80,181.40,238.52, 
2018-11-16,"40,000","40,000","37,400","38,750","37,190.00","35,605.00","33,747.50","35,790.83", ,0,"2,201",550.20,290.90,272.78, 
2018-11-19,"40,700","40,700","38,050","38,950","37,880.00","36,150.00","34,050.00","35,806.67", ,0,936,716.80,337.35,280.75, 
2018-11-20,"38,950","39,500","38,000","38,650","38,220.00","36,675.00","34,347.50","35,815.83", ,0,157,679.80,344.50,282.15, 
2018-11-21,"39,000","39,000","37,100","38,600","38,470.00","37,075.00","34,722.50","35,815.83", ,20,144,690.60,282.65,275.75, 
2018-11-22,"38,000","40,500","37,500","38,650","38,720.00","37,515.00","35,165.00","35,812.50", ,0,"1,114",910.40,318.85,293.48, 
2018-11-23,"38,950","38,950","37,500","37,850","38,540.00","37,865.00","35,462.50","35,795.83", ,0,563,582.80,333.00,301.13, 
2018-11-26,"37,800","38,700","37,500","38,400","38,430.00","38,155.00","35,802.50","35,804.17", ,0,466,488.80,348.40,305.37, 
2018-11-27,"38,950","38,950","36,700","37,250","38,150.00","38,185.00","36,080.00","35,782.50", ,0,451,547.60,369.15,304.92, 
2018-11-28,"36,700","37,550","36,000","36,600","37,750.00","38,110.00","36,315.00","35,745.83", ,0,417,602.20,388.75,309.25, 
2018-11-29,"39,000","39,000","36,650","37,750","37,570.00","38,145.00","36,620.00","35,730.00", ,0,26,384.60,385.30,308.25, 
2018-11-30,"38,500","38,500","37,950","38,000","37,600.00","38,070.00","36,837.50","35,740.00", ,0,51,282.20,375.65,300.50, 
2018-12-03,"38,850","38,850","37,050","38,350","37,590.00","38,010.00","37,080.00","35,754.17", ,20,275,244.00,386.90,303.08, 
2018-12-04,"38,000","38,750","37,100","38,650","37,870.00","38,010.00","37,342.50","35,757.50", ,0,215,196.80,395.60,305.85, 
2018-12-05,"39,000","39,000","36,400","38,000","38,150.00","37,950.00","37,512.50","35,754.17", ,0,184,150.20,392.95,305.52, 
2018-12-06,"38,000","38,000","36,600","37,650","38,130.00","37,850.00","37,682.50","35,741.67", ,0,90,163.00,392.70,306.77, 
2018-12-07,"37,400","37,400","36,050","37,250","37,980.00","37,790.00","37,827.50","35,725.83", ,0,148,182.40,399.40,304.13, 
2018-12-10,"36,500","37,300","36,500","37,200","37,750.00","37,670.00","37,912.50","35,705.83", ,0,23,132.00,395.40,302.13, 
2018-12-11,"39,000","39,000","36,150","36,600","37,340.00","37,605.00","37,895.00","35,676.67", ,0,98,108.60,383.20,299.85, 
2018-12-12,"37,050","37,050","35,350","35,950","36,930.00","37,540.00","37,825.00","35,638.33", ,0,197,111.20,388.55,302.53, 
2018-12-13,"36,400","37,400","35,500","37,050","36,810.00","37,470.00","37,807.50","35,621.67", ,0,355,164.20,405.55,307.20, 
2018-12-14,"37,300","37,300","35,700","37,150","36,790.00","37,385.00","37,727.50","35,606.67", ,0,36,141.80,297.30,300.97, 
2018-12-17,"38,000","38,000","37,150","37,600","36,870.00","37,310.00","37,660.00","35,600.83", ,0,23,141.80,251.65,301.13, 
2018-12-18,"38,850","38,850","36,000","36,600","36,870.00","37,105.00","37,557.50","35,579.17","36,590.83",0,209,164.00,254.25,300.88,304.88
2018-12-19,"38,000","38,350","36,300","36,500","36,980.00","36,955.00","37,452.50","35,555.00","36,574.17",0,"1,110",346.60,302.55,318.17,311.77
2018-12-20,"36,500","37,400","35,650","37,300","37,030.00","36,920.00","37,385.00","35,548.33","36,567.50",0,172,310.00,255.45,320.92,312.07
2018-12-21,"37,300","37,300","36,450","37,150","37,030.00","36,910.00","37,350.00","35,538.33","36,547.92",0,10,304.80,227.80,310.02,308.43
2018-12-24,"37,350","37,350","37,000","37,000","36,910.00","36,890.00","37,280.00","35,533.33","36,532.92",0,7,301.60,204.85,302.70,306.58
2018-12-26,"36,850","36,850","35,000","36,800","36,950.00","36,910.00","37,257.50","35,525.00","36,530.83",71,115,282.80,188.05,299.10,303.27
2018-12-27,"37,350","37,350","36,100","37,000","37,050.00","37,015.00","37,277.50","35,523.33","36,528.33",0,12,63.20,167.80,298.78,299.60
2018-12-28,"36,550","36,750","36,000","36,400","36,870.00","36,950.00","37,210.00","35,516.67","36,520.42",0,90,46.80,171.00,296.75,296.52
2019-01-02,"36,400","36,750","36,000","36,750","36,790.00","36,910.00","37,147.50","35,530.00","36,525.00",70,6,46.00,168.75,294.33,292.32
2019-01-03,"36,650","36,650","35,250","36,000","36,590.00","36,750.00","37,030.00","35,547.50","36,523.75",0,44,53.40,157.20,292.72,288.63
2019-01-04,"35,850","35,950","34,050","34,800","36,190.00","36,570.00","36,837.50","35,525.83","36,514.17",0,419,114.20,167.40,299.48,286.54
2019-01-07,"40,000","40,000","35,550","36,050","36,000.00","36,525.00","36,740.00","35,560.00","36,510.42",0,526,217.00,184.50,301.35,286.86
2019-01-08,"35,050","37,450","34,650","35,750","35,870.00","36,370.00","36,645.00","35,600.83","36,502.50",0,600,319.00,210.00,302.67,286.71
2019-01-09,"36,000","38,900","35,900","37,250","35,970.00","36,380.00","36,645.00","35,679.17","36,504.58",0,555,428.80,230.35,286.87,289.77
2019-01-10,"37,200","37,200","36,150","36,450","36,060.00","36,325.00","36,607.50","35,740.00","36,493.33",0,97,439.40,234.05,279.15,288.26
2019-01-11,"37,100","37,100","34,550","34,550","36,010.00","36,100.00","36,505.00","35,775.83","36,472.50",2,877,531.00,273.00,289.00,292.93
2019-01-14,"34,950","34,950","34,000","34,750","35,750.00","35,875.00","36,445.00","35,820.00","36,458.75",69,318,489.40,279.05,288.62,291.08
2019-01-15,"35,000","35,000","33,100","33,650","35,330.00","35,600.00","36,275.00","35,839.17","36,435.83",0,"2,045",778.40,363.55,316.83,301.81
2019-01-16,"34,500","35,100","33,150","35,100","34,900.00","35,435.00","36,172.50","35,882.50","36,427.92",0,473,762.00,385.40,324.53,304.26
2019-01-17,"34,200","34,750","33,550","34,000","34,410.00","35,235.00","35,992.50","35,900.83","36,412.92",0,469,836.40,407.70,332.23,305.67
2019-01-18,"33,500","34,250","33,350","34,250","34,350.00","35,180.00","35,875.00","35,926.67","36,406.67",0,637,788.40,429.10,342.62,309.78
2019-01-21,"33,600","34,450","33,600","34,200","34,240.00","34,995.00","35,760.00","35,978.33","36,399.17",0,521,829.00,399.65,328.28,307.06
2019-01-22,"34,150","36,450","33,550","36,300","34,770.00","35,050.00","35,710.00","36,086.67","36,400.00",0,846,589.20,433.35,335.88,306.13
2019-01-23,"36,250","37,100","34,600","34,850","34,720.00","34,810.00","35,595.00","36,135.83","36,394.17",37,585,611.60,462.10,340.97,307.19
2019-01-24,"35,200","37,400","35,000","36,400","35,200.00","34,805.00","35,565.00","36,215.83","36,385.00",0,"2,381",994.00,580.80,378.02,322.81
2019-01-25,"37,000","37,500","35,050","35,800","35,510.00","34,930.00","35,515.00","36,284.17","36,369.58",0,531,972.80,601.60,386.27,321.93
2019-01-28,"35,300","37,850","35,100","37,400","36,150.00","35,195.00","35,535.00","36,375.83","36,370.83",0,"2,993","1,467.20",750.65,435.73,345.41
2019-01-29,"38,450","43,400","37,100","38,500","36,590.00","35,680.00","35,640.00","36,490.00","36,376.67",0,"35,681","8,434.20","2,530.20","1,028.83",642.36
2019-01-30,"38,650","39,800","37,300","38,400","37,300.00","36,010.00","35,722.50","36,569.17","36,380.42",0,"6,724","9,662.00","2,866.10","1,136.83",697.10
2019-01-31,"41,500","41,500","37,450","37,550","37,530.00","36,365.00","35,800.00","36,636.67","36,373.75",34,"2,901","9,766.00","3,008.95","1,184.35",721.08
2019-02-01,"37,500","37,800","36,450","37,300","37,830.00","36,670.00","35,925.00","36,701.67","36,365.83",0,"1,987","10,057.20","3,087.35","1,216.78",735.73
2019-02-07,"37,650","37,650","35,750","36,800","37,710.00","36,930.00","35,962.50","36,738.33","36,353.33",0,"1,190","9,696.60","3,120.55","1,232.67",742.77
2019-02-08,"36,800","37,400","35,850","36,200","37,250.00","36,920.00","35,985.00","36,770.83","36,335.83",0,"1,672","2,894.80","3,174.15","1,258.95",755.08
2019-02-11,"36,200","36,650","35,350","35,650","36,700.00","37,000.00","35,905.00","36,792.50","36,317.08",42,532,"1,656.40","3,173.00","1,267.58",758.69
2019-02-12,"35,350","36,050","35,300","35,350","36,260.00","36,895.00","35,850.00","36,790.00","36,295.83",0,630,"1,202.20","3,199.65","1,276.37",762.94
2019-02-13,"35,400","35,400","34,750","35,350","35,870.00","36,850.00","35,890.00","36,763.33","36,279.17",0,382,881.20,"3,174.90","1,277.03",761.59
2019-02-14,"35,450","37,700","35,100","36,450","35,800.00","36,755.00","35,975.00","36,748.33","36,263.75",0,"1,089",861.00,"3,213.45","1,293.68",770.29
2019-02-15,"36,450","36,450","35,650","36,300","35,820.00","36,535.00","36,107.50","36,730.00","36,255.42",0,111,548.80,"3,116.75","1,295.28",766.90
2019-02-18,"35,700","37,200","35,700","36,150","35,920.00","36,310.00","36,160.00","36,686.67","36,238.75",0,154,473.20,"3,100.80","1,261.17",766.98
2019-02-19,"36,400","36,450","35,700","36,150","36,080.00","36,170.00","36,267.50","36,640.00","36,223.33",70,117,370.60,"3,083.20","1,247.52",764.13
2019-02-20,"36,450","36,450","35,300","35,700","36,150.00","36,010.00","36,340.00","36,590.83","36,203.33",0,363,366.80,"3,069.50","1,250.95",766.55
2019-02-21,"35,700","35,900","34,800","35,350","35,930.00","35,865.00","36,397.50","36,536.67","36,176.25",0,"1,987",546.40,"3,142.80","1,281.67",778.71
2019-02-22,"35,800","35,800","35,000","35,750","35,820.00","35,820.00","36,370.00","36,488.33","36,150.42",0,52,534.60,"3,103.10","1,263.97",778.73
2019-02-25,"35,350","35,750","34,550","35,450","35,680.00","35,800.00","36,400.00","36,448.33","36,122.08",0,313,566.40,"3,089.50","1,259.80",780.47
2019-02-26,"35,450","35,950","34,950","35,600","35,570.00","35,825.00","36,360.00","36,401.67","36,102.92",0,119,566.80,"2,976.40","1,254.02",779.69
2019-02-27,"35,100","35,500","35,100","35,450","35,520.00","35,835.00","36,342.50","36,371.67","36,077.08",0,4,495.00,"2,950.05","1,246.57",775.74
2019-02-28,"35,700","35,700","35,000","35,500","35,550.00","35,740.00","36,247.50","36,353.33","36,049.58",0,69,111.40,"2,803.85","1,240.77",775.01
2019-03-04,"35,050","35,600","34,900","35,500","35,500.00","35,660.00","36,097.50","36,315.83","36,022.92",0,484,197.80,"1,044.00","1,248.40",778.33
2019-03-05,"35,000","35,400","35,000","35,300","35,470.00","35,575.00","35,942.50","36,270.83","36,005.42",0,84,152.00,712.00,"1,248.95",774.73
2019-03-06,"34,600","35,100","33,650","34,300","35,210.00","35,390.00","35,780.00","36,203.33","35,978.75",0,"1,432",414.60,638.55,"1,268.23",785.66
2019-03-07,"34,150","34,500","33,700","33,750","34,870.00","35,195.00","35,602.50","36,121.67","35,939.58",0,375,488.80,557.95,"1,270.90",788.38
2019-03-08,"32,750","33,700","32,750","33,450","34,460.00","35,005.00","35,435.00","36,045.83","35,900.00",0,169,508.80,506.90,"1,270.65",788.08
2019-03-11,"33,450","34,000","33,400","33,850","34,130.00","34,815.00","35,317.50","35,982.50","35,862.08",0,95,431.00,428.05,"1,270.73",788.75
2019-03-12,"33,850","34,350","33,500","34,100","33,890.00","34,680.00","35,240.00","35,930.00","35,827.92",68,89,432.00,405.90,"1,269.75",786.94
2019-03-13,"34,400","34,400","34,200","34,200","33,870.00","34,540.00","35,182.50","35,880.00","35,792.92",0,2,146.00,374.50,"1,269.40",785.77
2019-03-14,"34,300","36,300","34,300","35,400","34,200.00","34,535.00","35,185.00","35,860.00","35,768.33",0,362,143.40,373.50,"1,273.80",786.83
2019-03-15,"35,400","35,700","35,400","35,700","34,650.00","34,555.00","35,147.50","35,855.83","35,747.08",0,55,120.60,321.80,"1,271.43",786.98
2019-03-18,"35,700","36,750","35,600","35,950","35,070.00","34,600.00","35,130.00","35,837.50","35,729.58",29,169,135.40,324.70,"1,268.33",787.77
2019-03-19,"36,000","36,000","35,200","35,450","35,340.00","34,615.00","35,095.00","35,809.17","35,707.92",0,804,278.40,357.20,"1,281.13",791.05
2019-03-20,"38,900","38,900","34,750","35,500","35,600.00","34,735.00","35,062.50","35,774.17","35,687.50",0,402,358.40,371.45,"1,287.45",794.29
2019-03-21,"36,600","37,850","35,550","36,800","35,880.00","35,040.00","35,117.50","35,777.50","35,678.33",0,"2,128",711.60,459.70,"1,319.43",810.16
2019-03-22,"36,800","37,600","35,850","36,500","36,040.00","35,345.00","35,175.00","35,777.50","35,666.25",0,958,892.20,408.25,"1,316.90",817.53
2019-03-25,"37,000","39,000","36,500","37,950","36,440.00","35,755.00","35,285.00","35,788.33","35,668.33",0,"6,902","2,238.80",750.75,"1,429.07",874.99
2019-03-26,"37,950","38,450","36,650","37,300","36,810.00","36,075.00","35,377.50","35,790.83","35,664.58",0,"1,597","2,397.40",814.95,"1,455.52",882.77
2019-03-27,"37,000","38,500","36,750","37,000","37,110.00","36,355.00","35,447.50","35,790.83","35,662.08",0,980,"2,513.00",858.00,"1,471.73",887.22
2019-03-28,"37,050","37,800","36,000","36,050","36,960.00","36,420.00","35,477.50","35,778.33","35,651.67",0,"1,259","2,339.20",920.75,"1,490.80",894.95
2019-03-29,"36,050","36,650","35,150","35,250","36,710.00","36,375.00","35,465.00","35,749.17","35,636.25",0,"1,060","2,359.60",970.30,"1,508.27",903.52
2019-04-01,"35,250","36,350","35,250","36,100","36,340.00","36,390.00","35,495.00","35,744.17","35,630.42",0,"1,006","1,180.40",996.40,"1,523.53",910.14
2019-04-02,"36,100","36,500","35,700","36,200","36,120.00","36,465.00","35,540.00","35,735.00","35,632.50",0,717,"1,004.40","1,028.05","1,535.38",914.86
2019-04-03,"36,200","37,200","36,200","37,000","36,120.00","36,615.00","35,675.00","35,751.67","35,649.58",0,756,959.60,994.25,"1,547.25",919.98
2019-04-04,"37,400","38,000","36,250","36,800","36,270.00","36,615.00","35,827.50","35,785.00","35,655.42",0,315,770.80,991.25,"1,545.52",922.50
2019-04-05,"36,800","37,600","36,000","36,650","36,550.00","36,630.00","35,987.50","35,795.00","35,677.50",0,381,635.00,"1,001.85","1,543.10",922.23
2019-04-08,"36,650","37,150","36,200","36,950","36,720.00","36,530.00","36,142.50","35,815.00","35,707.92",0,48,443.40,999.50,"1,533.90",918.28
2019-04-09,"36,900","37,800","36,100","37,650","37,010.00","36,565.00","36,320.00","35,821.67","35,750.42",0,726,445.20,"1,031.35","1,536.75",911.81
2019-04-10,"37,700","38,400","37,000","37,800","37,170.00","36,645.00","36,500.00","35,844.17","35,792.08",0,596,413.20,"1,061.05","1,545.07",912.11
2019-04-11,"38,100","38,850","38,000","38,450","37,500.00","36,885.00","36,652.50","35,909.17","35,842.50",0,"1,453",640.80,"1,115.60","1,554.67",921.83
2019-04-12,"38,950","38,950","37,700","37,850","37,740.00","37,145.00","36,760.00","35,960.83","35,890.42",39,567,678.00,"1,141.20","1,558.82",923.72
2019-04-15,"37,850","41,400","37,450","40,700","38,490.00","37,605.00","36,997.50","36,078.33","35,958.75",0,"7,682","2,204.80","1,516.85","1,652.77",984.80
2019-04-16,"41,200","42,600","39,200","41,350","39,230.00","38,120.00","37,292.50","36,182.50","36,032.50",0,"5,893","3,238.20","1,771.30","1,743.10","1,033.82"
2019-04-17,"42,900","46,400","41,600","44,850","40,640.00","38,905.00","37,760.00","36,363.33","36,132.08",0,"10,412","5,201.40","2,271.80","1,908.82","1,120.53"
2019-04-18,"46,000","47,550","40,800","42,300","41,410.00","39,455.00","38,035.00","36,497.50","36,212.08",39,"11,061","7,123.00","2,718.45","2,082.55","1,212.58"
2019-04-19,"42,000","54,500","42,000","45,000","42,840.00","40,290.00","38,460.00","36,677.50","36,327.92",29,"58,708","18,751.20","5,605.95","3,052.33","1,690.31"
2019-04-22,"46,950","47,000","43,050","44,900","43,680.00","41,085.00","38,807.50","36,820.83","36,453.75",33,"16,571","20,529.00","6,089.40","3,314.42","1,825.15"
2019-04-23,"58,300","58,300","47,750","49,200","45,250.00","42,240.00","39,402.50","37,060.00","36,597.92",0,"172,086","53,767.60","14,613.85","6,172.77","3,256.87"
2019-04-24,"48,900","63,600","48,500","59,800","48,240.00","44,440.00","40,542.50","37,450.00","36,832.92",0,"174,873","86,659.80","23,308.50","9,047.63","4,712.82"
2019-04-25,"62,300","77,700","62,000","77,700","55,320.00","48,365.00","42,625.00","38,148.33","37,216.25",18,"166,728","117,793.20","31,581.95","11,817.58","6,101.93"
2019-04-26,"84,000","84,000","70,500","71,000","60,520.00","51,680.00","44,412.50","38,708.33","37,542.08",34,"34,515","112,954.60","33,254.70","12,342.95","6,389.34"
2019-04-29,"71,000","77,000","68,000","71,900","65,920.00","54,800.00","46,202.50","39,265.00","37,877.50",0,"14,503","112,541.00","33,929.55","11,989.98","6,509.41"
2019-04-30,"70,500","70,500","65,800","68,400","69,760.00","57,505.00","47,812.50","39,765.00","38,167.08",0,"15,041","81,132.00","34,645.75","12,128.60","6,632.72"
2019-05-02,"68,400","71,500","60,100","61,600","70,120.00","59,180.00","49,042.50","40,165.83","38,401.25",0,"42,435","54,644.40","36,729.70","12,787.50","6,985.93"
2019-05-03,"61,500","62,600","52,800","54,600","65,500.00","60,410.00","49,932.50","40,454.17","38,577.92",23,"52,446","31,788.00","39,336.25","13,628.48","7,422.63"
2019-05-07,"53,800","57,300","52,500","53,200","61,940.00","61,230.00","50,760.00","40,727.50","38,732.92",23,"23,254","29,535.80","40,479.90","13,996.22","7,614.44"
2019-05-08,"53,200","53,700","50,300","52,800","58,120.00","62,020.00","51,552.50","41,004.17","38,887.50",23,"17,548","30,144.80","41,354.90","14,260.82","7,759.88"
2019-05-09,"53,600","54,600","51,400","51,400","54,720.00","62,240.00","52,240.00","41,266.67","39,029.58",23,"14,175","29,971.60","42,027.35","14,488.20","7,877.89"
2019-05-10,"51,400","52,800","50,000","52,000","52,800.00","61,460.00","52,950.00","41,544.17","39,167.08",0,"9,516","23,387.80","42,473.35","14,636.30","7,956.33"
2019-05-13,"52,600","54,900","49,500","50,000","51,880.00","58,690.00","53,527.50","41,788.33","39,275.83",0,"15,349","15,968.40","43,168.15","14,885.75","8,081.39"
2019-05-14,"48,700","48,900","47,000","48,050","50,850.00","56,395.00","54,037.50","41,981.67","39,365.00",0,"11,779","13,673.40","43,728.75","15,063.92","8,178.80"
2019-05-15,"52,700","56,100","49,600","49,650","50,220.00","54,170.00","54,485.00","42,204.17","39,467.08",0,"61,245","22,412.80","46,406.90","16,082.82","8,689.05"
2019-05-16,"49,650","51,200","47,650","48,800","49,700.00","52,210.00","54,857.50","42,415.00","39,550.83",0,"10,172","21,612.20","46,620.85","16,249.78","8,755.48"
2019-05-17,"49,500","53,300","48,150","49,150","49,130.00","50,965.00","55,072.50","42,631.67","39,635.83",0,"28,476","25,404.20","47,524.05","16,722.43","8,984.98"
2019-05-20,"49,300","49,850","45,550","47,000","48,530.00","50,205.00","55,307.50","42,820.00","39,705.42",0,"7,190","23,772.40","47,330.50","16,836.22","9,043.58"
2019-05-21,"46,500","47,850","45,550","47,600","48,440.00","49,645.00","55,437.50","43,024.17","39,780.42",70,"5,480","22,512.60","44,669.10","16,894.43","9,088.05"
2019-05-22,"47,500","47,650","45,600","46,250","47,760.00","48,990.00","55,505.00","43,199.17","39,843.75",0,"4,229","11,109.40","44,052.00","16,964.05","9,114.01"
2019-05-23,"45,000","46,700","43,800","44,500","46,900.00","48,300.00","55,270.00","43,350.00","39,899.17",0,"2,646","9,604.20","35,580.00","17,002.93","9,131.37"
2019-05-24,"44,000","44,300","41,000","43,700","45,810.00","47,470.00","54,465.00","43,485.00","39,943.33",0,"5,883","5,085.60","27,130.50","17,099.00","9,176.51"
2019-05-27,"43,700","44,500","42,700","43,550","45,120.00","46,825.00","52,757.50","43,620.00","39,995.83",0,"1,521","3,951.80","18,870.15","17,124.28","9,185.42"
2019-05-28,"43,300","43,850","42,300","43,400","44,280.00","46,360.00","51,377.50","43,751.67","40,052.50",0,"2,007","3,257.20","17,244.75","17,156.58","9,198.67"
2019-05-29,"43,000","43,550","41,600","42,500","43,530.00","45,645.00","49,907.50","43,868.33","40,092.08",0,"1,965","2,804.40","16,617.85","17,181.27","9,214.83"
2019-05-30,"42,750","45,650","42,000","44,100","43,450.00","45,175.00","48,692.50","44,015.00","40,142.92",0,"4,472","3,169.60","16,089.40","17,254.40","9,251.67"
2019-05-31,"44,200","46,400","43,050","44,700","43,650.00","44,730.00","47,847.50","44,188.33","40,195.83",0,"5,109","3,014.80","14,223.10","17,315.68","9,291.96"
2019-06-03,"44,700","46,500","44,400","45,400","44,020.00","44,570.00","47,387.50","44,382.50","40,252.08",0,"2,484","3,207.40","11,725.00","17,350.83","9,310.87"
2019-06-04,"45,600","45,800","44,300","44,300","44,200.00","44,240.00","46,942.50","44,563.33","40,304.58",0,"1,776","3,161.20","10,651.10","17,377.62","9,324.13"
2019-06-05,"44,400","44,850","43,700","44,000","44,500.00","44,015.00","46,502.50","44,732.50","40,357.50",0,906,"2,949.40","9,819.00","17,391.13","9,330.93"
2019-06-07,"44,300","44,450","43,100","44,400","44,560.00","44,005.00","46,152.50","44,904.17","40,417.08",0,"1,412","2,337.40","9,180.85","17,413.18","9,341.47"
2019-06-10,"44,400","45,300","43,000","44,450","44,510.00","44,080.00","45,775.00","45,075.00","40,477.50",0,"1,200","1,555.60","8,765.05","17,433.15","9,351.27"
2019-06-11,"45,300","47,150","44,100","45,500","44,530.00","44,275.00","45,550.00","45,243.33","40,551.67",0,"3,610","1,780.80","8,178.10","17,487.28","9,380.54"
2019-06-12,"45,500","47,850","44,500","47,250","45,120.00","44,660.00","45,510.00","45,435.83","40,645.83",0,"6,006","2,626.80","7,889.45","17,586.47","9,428.95"
2019-06-13,"48,700","49,000","46,500","47,600","45,840.00","45,170.00","45,407.50","45,630.00","40,733.75",0,"5,686","3,582.80","5,111.50","17,678.42","9,473.38"
2019-06-14,"47,300","48,400","45,150","45,250","46,010.00","45,285.00","45,230.00","45,793.33","40,801.25",0,"4,166","4,133.60","4,811.20","17,734.45","9,507.79"
2019-06-17,"45,100","47,100","44,350","45,900","46,300.00","45,405.00","45,067.50","45,966.67","40,870.42",0,"2,872","4,468.00","3,531.00","17,775.62","9,531.53"
2019-06-18,"45,900","46,450","44,850","45,050","46,210.00","45,370.00","44,970.00","46,104.17","40,940.83",0,"2,391","4,224.20","3,291.05","17,780.00","9,549.72"
2019-06-19,"45,050","45,600","44,400","45,100","45,780.00","45,450.00","44,845.00","46,247.50","41,012.50",0,906,"3,204.20","3,062.35","17,779.13","9,548.02"
2019-06-20,"45,100","45,300","44,600","45,150","45,290.00","45,565.00","44,790.00","46,367.50","41,077.92",0,594,"2,185.80","2,880.60","17,674.00","9,551.53"
2019-06-21,"45,150","45,150","43,200","44,400","45,120.00","45,565.00","44,785.00","46,485.83","41,138.33",0,"1,731","1,698.80","2,834.85","17,676.23","9,565.88"
2019-06-24,"43,500","43,900","42,700","43,300","44,600.00","45,450.00","44,765.00","46,590.83","41,190.83",0,"1,735","1,471.40","2,627.45","17,688.82","9,580.27"
2019-06-25,"43,300","43,350","41,350","41,350","43,860.00","45,035.00","44,655.00","46,679.17","41,228.75",2,"1,592","1,311.60","2,631.00","17,694.37","9,592.58"
2019-06-26,"41,350","42,100","40,500","41,000","43,040.00","44,410.00","44,535.00","46,775.00","41,262.08",0,"1,150","1,360.40","2,588.15","17,695.87","9,602.07"
2019-06-27,"41,000","43,000","41,000","42,150","42,440.00","43,865.00","44,517.50","46,875.83","41,310.00",0,"1,476","1,536.80","2,563.70","17,703.70","9,613.62"
2019-06-28,"42,150","42,150","40,600","40,800","41,720.00","43,420.00","44,352.50","46,952.50","41,343.75",0,980,"1,386.60","2,389.10","17,708.08","9,621.73"
2019-07-01,"40,800","40,800","39,300","39,400","40,940.00","42,770.00","44,087.50","46,992.50","41,372.08",0,"1,926","1,424.80","2,229.95","17,727.58","9,637.42"
2019-07-02,"39,400","48,200","39,400","42,100","41,090.00","42,475.00","43,922.50","47,080.83","41,432.92",66,"62,622","13,630.80","5,236.85","18,766.03","10,155.78"
2019-07-03,"41,450","41,700","39,600","40,200","40,930.00","41,985.00","43,717.50","47,140.00","41,467.50",0,"11,806","15,762.00","5,738.35","18,956.45","10,249.78"
2019-07-04,"39,900","39,900","38,800","39,550","40,410.00","41,425.00","43,495.00","47,183.33","41,499.17",0,"4,162","16,299.20","5,901.15","19,025.02","10,279.46"
2019-07-05,"39,550","41,700","39,400","40,750","40,400.00","41,060.00","43,312.50","47,235.00","41,528.33",0,"2,897","16,682.60","5,975.40","19,061.20","10,298.98"
2019-07-08,"40,600","40,600","37,250","38,000","40,120.00","40,530.00","42,990.00","47,238.33","41,541.25",0,"2,509","16,799.20","6,040.85","19,093.08","10,319.08"
2019-07-09,"37,600","43,400","37,600","38,700","39,440.00","40,265.00","42,650.00","47,242.50","41,575.83",66,"8,789","6,032.60","6,299.80","19,215.35","10,385.01"
2019-07-10,"40,100","40,400","39,350","40,300","39,460.00","40,195.00","42,302.50","47,283.33","41,622.08",0,"1,866","4,044.60","6,092.80","19,237.00","10,397.91"
2019-07-11,"40,300","41,950","40,300","40,600","39,670.00","40,040.00","41,952.50","47,281.67","41,680.00",0,"3,706","3,953.40","5,993.80","19,170.73","10,411.75"
2019-07-12,"41,000","41,000","39,700","40,350","39,590.00","39,995.00","41,707.50","47,265.00","41,723.75",0,"1,222","3,618.40","5,846.60","19,092.88","10,417.99"
2019-07-15,"41,900","41,900","40,350","40,950","40,180.00","40,150.00","41,460.00","47,200.00","41,781.67",0,"1,870","3,490.60","5,796.50","18,950.52","10,429.67"
2019-07-16,"41,100","42,500","41,100","42,000","40,840.00","40,140.00","41,307.50","47,195.00","41,846.25",0,"2,648","2,262.40","5,809.35","18,810.30","10,446.42"
2019-07-17,"42,200","42,200","40,000","40,550","40,890.00","40,175.00","41,080.00","47,120.83","41,899.17",0,"1,834","2,256.00","5,855.75","17,862.40","10,457.37"
2019-07-18,"41,250","41,250","40,400","40,800","40,930.00","40,300.00","40,862.50","47,052.50","41,936.67",0,387,"1,592.20","5,845.40","17,592.67","10,453.54"
2019-07-19,"40,500","41,450","40,500","41,350","41,130.00","40,360.00","40,710.00","46,921.67","41,990.83",0,445,"1,436.80","5,781.10","14,731.98","10,452.38"
2019-07-22,"42,000","42,000","40,100","41,000","41,140.00","40,660.00","40,595.00","46,608.33","42,029.17",0,656,"1,194.00","5,727.15","11,828.37","10,438.00"
2019-07-23,"40,600","41,450","40,300","40,500","40,840.00","40,840.00","40,552.50","45,988.33","42,068.33",0,513,767.00,"5,673.20","9,058.12","10,437.85"
2019-07-24,"40,350","40,500","39,300","40,300","40,790.00","40,840.00","40,517.50","45,476.67","42,092.50",0,652,530.60,"5,648.30","8,493.73","10,418.34"
2019-07-25,"40,150","40,150","39,400","39,400","40,510.00","40,720.00","40,380.00","44,935.00","42,100.00",0,"1,518",756.80,"5,650.40","8,277.32","10,133.65"
2019-07-26,"39,400","39,950","36,750","37,300","39,700.00","40,415.00","40,205.00","44,416.67","42,090.83",0,"3,117","1,291.20","5,757.25","8,078.58","10,103.59"
2019-07-29,"37,000","37,000","34,600","36,050","38,710.00","39,925.00","40,037.50","43,990.83","42,078.33",0,979,"1,355.80","5,709.90","7,387.65","10,087.58"
2019-07-30,"36,000","37,600","36,000","37,500","38,110.00","39,475.00","39,807.50","43,705.83","42,080.00",0,408,"1,334.80","2,599.20","6,520.35","10,074.42"
2019-07-31,"37,000","38,950","36,500","37,650","37,580.00","39,185.00","39,680.00","43,446.67","42,087.08",0,652,"1,334.80","2,041.50","6,143.65","10,069.93"
2019-08-01,"36,600","38,750","36,600","37,750","37,250.00","38,880.00","39,590.00","43,195.83","42,100.00",0,495,"1,130.20","1,858.15","5,859.43","10,060.13"
2019-08-02,"37,550","37,550","36,250","37,450","37,280.00","38,490.00","39,425.00","42,963.33","42,115.00",0,99,526.60,"1,718.25","5,624.83","10,056.52"
2019-08-05,"37,250","37,250","32,900","33,250","36,720.00","37,715.00","39,187.50","42,650.83","42,097.50",2,"2,949",920.60,"1,740.25","5,515.38","10,075.84"
2019-08-06,"31,050","34,100","29,900","33,650","35,950.00","37,030.00","38,935.00","42,378.33","42,083.33",9,"1,860","1,211.00","1,393.80","5,290.57","10,088.16"
2019-08-07,"34,850","34,850","33,550","33,600","35,140.00","36,360.00","38,600.00","42,137.50","42,059.58",0,971,"1,274.80","1,349.05","5,110.43","10,087.17"
2019-08-08,"33,600","36,800","33,600","34,900","34,570.00","35,910.00","38,315.00","41,891.67","42,047.92",0,"2,931","1,762.00","1,310.30","4,138.53","10,110.67"
2019-08-09,"34,600","36,900","34,600","36,600","34,400.00","35,840.00","38,127.50","41,688.33","42,051.67",0,"1,782","2,098.60","1,338.30","3,998.70","10,124.24"
2019-08-12,"36,450","38,100","36,450","37,500","35,250.00","35,985.00","37,955.00","41,494.17","42,062.92",67,"2,351","1,979.00","1,362.35","3,563.28","10,142.86"
2019-08-13,"36,600","38,150","36,250","37,100","35,940.00","35,945.00","37,710.00","41,329.17","42,074.58",0,742,"1,755.40","1,267.05","3,455.82","10,146.02"
2019-08-14,"37,100","37,500","36,100","36,800","36,580.00","35,860.00","37,522.50","41,149.17","42,086.67",0,"1,031","1,767.40","1,226.90","3,381.67","10,138.05"
2019-08-16,"36,800","36,800","35,500","36,100","36,820.00","35,695.00","37,287.50","40,980.00","42,089.58",0,331,"1,247.40","1,224.10","3,316.70","10,140.38"
2019-08-19,"36,100","37,100","36,100","36,800","36,860.00","35,630.00","37,060.00","40,851.67","42,100.83",0,270,945.00,"1,215.35","3,277.10","10,140.02"
2019-08-20,"38,300","38,300","36,850","37,950","36,950.00","36,100.00","36,907.50","40,755.83","42,120.42",0,873,649.40,"1,226.20","3,193.60","10,146.30"
2019-08-21,"38,600","38,600","37,450","37,450","37,020.00","36,480.00","36,755.00","40,654.17","42,137.08",0,"1,169",734.80,"1,259.00","3,187.73","10,156.01"
2019-08-22,"37,100","37,750","36,950","37,350","37,130.00","36,855.00","36,607.50","40,553.33","42,152.50",0,516,631.80,"1,252.20","3,162.88","10,159.73"
2019-08-23,"37,350","37,350","36,150","36,400","37,190.00","37,005.00","36,457.50","40,451.67","42,160.00",0,617,689.00,"1,207.15","3,140.42","10,160.84"
2019-08-26,"35,500","35,650","33,600","34,700","36,770.00","36,815.00","36,327.50","40,295.00","42,155.00",0,910,817.00,"1,096.80","3,081.05","10,167.73"
2019-08-27,"35,200","36,200","34,350","35,400","36,260.00","36,605.00","36,295.00","40,140.00","42,164.17",8,561,754.60,"1,075.90","3,005.25","10,160.47"
2019-08-28,"35,400","36,700","35,150","36,700","36,110.00","36,565.00","36,255.00","39,995.00","42,188.75",0,122,545.20,"1,061.60","2,965.88","10,158.36"
2019-08-29,"37,000","37,000","36,000","36,600","35,960.00","36,545.00","36,202.50","39,866.67","42,215.00",0,126,467.20,"1,035.30","2,938.38","10,158.00"
2019-08-30,"36,050","37,700","36,050","36,800","36,040.00","36,615.00","36,155.00","39,746.67","42,239.58",0,477,439.20,"1,034.40","2,931.23","10,161.18"
2019-09-02,"36,800","37,950","34,700","36,850","36,470.00","36,620.00","36,125.00","39,620.83","42,262.50",0,376,332.40,"1,048.25","2,913.97","10,163.58"
2019-09-03,"36,850","37,100","35,600","36,200","36,630.00","36,445.00","36,272.50","39,483.33","42,279.17",0,259,272.00,913.75,"2,898.28","10,165.72"
2019-09-04,"36,200","37,600","36,200","37,150","36,720.00","36,415.00","36,447.50","39,344.17","42,293.75",0,"1,169",481.40,879.20,"2,857.60","10,172.44"
2019-09-05,"37,150","37,800","36,550","36,600","36,720.00","36,340.00","36,597.50","39,166.67","42,301.25",0,665,589.20,863.90,"2,768.58","10,177.53"
2019-09-06,"36,600","37,150","36,500","36,850","36,730.00","36,385.00","36,695.00","38,987.50","42,308.75",0,645,622.80,749.60,"2,684.57","10,181.49"
2019-09-09,"36,850","37,250","36,150","37,100","36,780.00","36,625.00","36,720.00","38,851.67","42,322.50",0,"1,220",791.60,721.50,"2,635.47","10,184.96"
2019-09-10,"37,100","38,000","36,450","37,900","37,120.00","36,875.00","36,740.00","38,718.33","42,342.50",0,"1,884","1,116.60",698.15,"2,619.00","10,197.31"
2019-09-11,"38,150","38,150","36,850","37,800","37,250.00","36,985.00","36,775.00","38,597.50","42,350.83",0,"1,356","1,154.00",728.85,"2,601.75","10,190.88"
2019-09-16,"38,150","38,400","37,250","38,000","37,530.00","37,125.00","36,835.00","38,479.17","42,363.33",0,688,"1,158.60",711.70,"2,598.12","10,188.63"
2019-09-17,"38,450","39,000","37,300","38,400","37,840.00","37,285.00","36,950.00","38,366.67","42,367.08",0,"1,054","1,240.40",747.85,"2,605.78","10,139.89"
2019-09-18,"38,400","38,600","37,350","37,450","37,910.00","37,345.00","36,982.50","38,250.83","42,368.33",0,802,"1,156.80",774.45,"2,590.30","10,133.27"
2019-09-19,"37,600","38,450","37,150","38,350","38,000.00","37,560.00","37,002.50","38,168.33","42,379.58",0,961,972.20,778.85,"2,577.40","10,133.11"
2019-09-20,"37,950","39,000","37,800","38,750","38,190.00","37,720.00","37,067.50","38,125.00","42,402.08",0,659,832.80,753.35,"2,561.85","10,128.11"
2019-09-23,"38,600","38,900","37,750","38,400","38,270.00","37,900.00","37,120.00","38,081.67","42,428.33",0,418,778.80,748.45,"2,549.65","10,122.76"
2019-09-24,"38,400","39,000","37,900","38,350","38,260.00","38,050.00","37,217.50","38,018.33","42,447.08",0,501,668.20,742.65,"2,533.40","10,118.55"
2019-09-25,"37,950","38,200","36,900","36,900","38,150.00","38,030.00","37,327.50","37,953.33","42,452.92",0,715,650.80,732.90,"2,528.98","10,118.53"
2019-09-26,"37,050","39,000","36,550","38,750","38,230.00","38,115.00","37,495.00","37,942.50","42,467.50",0,902,639.00,749.95,"2,511.92","10,119.75"
2019-09-27,"39,000","39,250","37,400","39,000","38,280.00","38,235.00","37,610.00","37,890.83","42,485.83",0,"3,542","1,215.60",920.95,"1,527.25","10,146.64"
2019-09-30,"38,600","40,600","37,700","38,350","38,270.00","38,270.00","37,697.50","37,860.00","42,500.00",31,"1,066","1,345.20",967.95,"1,348.25","10,152.35"
2019-10-01,"37,650","38,700","37,600","38,700","38,340.00","38,300.00","37,792.50","37,845.83","42,514.58",0,805,"1,406.00",984.35,"1,292.30","10,158.66"
2019-10-02,"38,100","40,000","37,750","38,350","38,630.00","38,390.00","37,867.50","37,805.83","42,520.42",0,664,"1,395.80",998.75,"1,255.08","10,158.14"
2019-10-04,"38,900","38,900","37,700","37,800","38,440.00","38,335.00","37,947.50","37,802.50","42,520.42",0,209,"1,257.20",996.25,"1,216.75","10,154.92"
2019-10-07,"37,950","38,600","37,800","38,200","38,280.00","38,280.00","38,000.00","37,794.17","42,518.33",0,57,560.20,940.65,"1,071.22","10,143.28"
2019-10-08,"37,800","38,600","36,000","38,150","38,240.00","38,255.00","38,077.50","37,758.33","42,520.83",30,301,407.20,922.45,"1,045.13","10,141.07"
2019-10-10,"38,150","39,250","38,150","38,950","38,290.00","38,315.00","38,182.50","37,730.83","42,506.25",0,"1,021",450.40,941.25,"1,000.38","10,085.56"
2019-10-11,"38,950","40,700","38,500","39,900","38,600.00","38,615.00","38,322.50","37,723.33","42,494.17",0,"5,350","1,387.60","1,147.75","1,069.18","10,081.03"
2019-10-14,"39,900","41,300","39,200","40,800","39,200.00","38,820.00","38,467.50","37,720.83","42,460.42",0,"3,448","2,035.40","1,225.95","1,095.48","10,023.00"
2019-10-15,"40,750","41,600","40,000","41,200","39,800.00","39,040.00","38,637.50","37,707.50","42,451.25",12,"1,074","2,238.80","1,211.85","1,069.25","9,939.77"
2019-10-16,"41,200","41,700","40,500","41,400","40,450.00","39,345.00","38,807.50","37,721.67","42,421.25",12,"1,567","2,492.00","1,255.80","1,064.80","9,463.60"
2019-10-17,"41,600","41,600","40,100","41,000","40,860.00","39,575.00","38,937.50","37,725.00","42,388.75",0,565,"2,400.80","1,231.35","1,067.77","9,330.22"
2019-10-18,"39,300","41,450","39,300","40,800","41,040.00","39,820.00","39,105.00","37,715.83","42,318.75",0,620,"1,454.80","1,222.25","1,070.68","7,901.33"
2019-10-21,"40,950","40,950","38,700","39,000","40,680.00","39,940.00","39,137.50","37,682.50","42,145.42",39,"1,511","1,067.40","1,249.75","1,084.93","6,456.65"
2019-10-22,"39,000","39,200","38,500","38,700","40,180.00","39,990.00","39,135.00","37,652.50","41,820.42",40,"1,160","1,084.60","1,274.80","1,095.72","5,076.92"
2019-10-23,"38,950","39,500","38,400","38,400","39,580.00","40,015.00","39,135.00","37,620.83","41,548.75",0,"1,302","1,031.60","1,319.00","1,106.55","4,800.14"
2019-10-24,"38,600","39,200","38,250","38,300","39,040.00","39,950.00","39,132.50","37,602.50","41,268.75",0,249,968.40,"1,306.40","1,085.40","4,681.36"
2019-10-25,"38,450","39,500","38,200","38,800","38,640.00","39,840.00","39,227.50","37,627.50","41,022.08",0,374,919.20,"1,289.35","1,039.68","4,559.13"
2019-10-28,"38,450","39,700","38,450","39,500","38,740.00","39,710.00","39,265.00","37,685.00","40,837.92",0,346,686.20,"1,261.55","1,029.13","4,208.39"
2019-10-29,"39,050","39,750","37,400","37,650","38,530.00","39,355.00","39,197.50","37,687.50","40,696.67",0,"1,830",820.20,"1,175.95","1,052.83","3,786.59"
2019-10-30,"37,950","37,950","36,700","36,750","38,200.00","38,890.00","39,117.50","37,672.50","40,559.58",0,"1,344",828.60,"1,189.85","1,064.37","3,604.01"
2019-10-31,"36,750","37,600","36,700","37,300","38,000.00","38,520.00","39,047.50","37,665.00","40,430.42",70,326,844.00,"1,165.90","1,061.55","3,460.49"
2019-11-01,"36,900","37,300","36,600","36,950","37,630.00","38,135.00","38,977.50","37,656.67","40,310.00",0,695,908.20,"1,167.45","1,071.48","3,348.16"
2019-11-04,"36,800","38,000","36,800","37,600","37,250.00","37,995.00","38,967.50","37,729.17","40,190.00",0,223,883.60,"1,168.15","1,026.05","3,270.72"
2019-11-05,"38,100","38,100","37,100","37,450","37,210.00","37,870.00","38,930.00","37,792.50","40,085.42",0,265,570.60,"1,178.55",999.47,"3,145.02"
2019-11-06,"37,450","38,550","37,450","37,800","37,420.00","37,810.00","38,912.50","37,862.50","40,000.00",0,431,388.00,"1,185.05",990.47,"3,050.45"
2019-11-07,"38,350","38,400","37,550","38,000","37,560.00","37,780.00","38,865.00","37,914.17","39,902.92",0,193,361.40,"1,143.65",944.83,"2,541.68"
2019-11-08,"38,000","39,000","37,750","39,000","37,970.00","37,800.00","38,820.00","37,954.17","39,821.25",0,785,379.40,915.40,928.22,"2,463.46"
2019-11-11,"38,500","38,500","37,900","38,000","38,050.00","37,650.00","38,680.00","37,962.50","39,728.33",0,158,366.40,750.90,891.67,"2,227.47"
2019-11-12,"38,350","39,250","37,750","39,150","38,390.00","37,800.00","38,577.50","37,996.67","39,662.92",0,510,415.40,722.70,887.80,"2,171.81"
2019-11-13,"39,750","39,800","38,600","39,250","38,680.00","38,050.00","38,470.00","38,037.50","39,593.33",0,485,426.20,668.60,878.70,"2,130.18"
2019-11-14,"39,950","39,950","38,450","38,950","38,870.00","38,215.00","38,367.50","38,085.00","39,532.50",0,521,491.80,666.40,881.87,"2,099.28"
2019-11-15,"37,750","40,300","37,750","38,600","38,790.00","38,380.00","38,257.50","38,115.00","39,483.33",0,941,523.00,682.45,893.05,"2,085.07"
2019-11-18,"39,050","39,600","38,500","38,550","38,900.00","38,475.00","38,235.00","38,125.00","39,440.42",0,254,542.20,619.60,882.73,"2,038.17"
2019-11-19,"38,550","39,650","38,250","39,450","38,960.00","38,675.00","38,272.50","38,158.33","39,406.25",0,223,484.80,572.75,866.97,"2,027.35"
2019-11-20,"38,800","40,850","38,800","39,100","38,930.00","38,805.00","38,307.50","38,187.50","39,370.42",29,376,463.00,526.45,864.63,"2,013.76"
2019-11-21,"39,850","39,850","37,600","37,700","38,680.00","38,775.00","38,277.50","38,209.17","39,330.42",39,787,516.20,553.35,867.47,"2,003.94"
2019-11-22,"38,100","39,000","37,600","38,500","38,660.00","38,725.00","38,262.50","38,272.50","39,283.75",70,319,391.80,550.60,857.62,"1,969.33"
2019-11-25,"39,250","40,000","38,150","39,300","38,810.00","38,855.00","38,252.50","38,337.50","39,238.75",59,167,374.40,541.65,851.05,"1,928.15"
2019-11-26,"39,300","39,500","38,750","39,200","38,760.00","38,860.00","38,330.00","38,379.17","39,187.08",17,100,349.80,455.15,850.68,"1,908.28"
2019-11-27,"38,700","39,700","38,700","39,700","38,880.00","38,905.00","38,477.50","38,430.83","39,148.75",0,216,317.80,398.75,852.18,"1,895.28"
2019-11-28,"39,700","39,700","38,800","39,550","39,250.00","38,965.00","38,590.00","38,476.67","39,111.67",30,138,188.00,389.35,846.53,"1,888.88"
2019-11-29,"39,700","39,700","38,000","38,300","39,210.00","38,935.00","38,657.50","38,500.83","39,060.83",30,701,264.40,389.65,851.95,"1,882.96"
2019-12-02,"38,300","39,600","38,300","39,100","39,170.00","38,990.00","38,732.50","38,549.17","39,016.25",0,651,361.20,411.05,858.48,"1,878.38"
2019-12-03,"39,450","39,700","38,500","39,250","39,180.00","38,970.00","38,822.50","38,584.17","38,964.17",0,578,456.80,426.70,848.63,"1,853.12"
2019-12-04,"39,250","41,700","38,350","40,950","39,430.00","39,155.00","38,980.00","38,656.67","38,911.67",0,"3,584","1,130.40",584.35,897.28,"1,832.93"
2019-12-05,"41,700","52,400","41,000","43,450","40,210.00","39,730.00","39,252.50","38,766.67","38,877.08",29,"121,100","25,322.80","6,629.70","2,904.87","2,794.72"
2019-12-06,"46,000","56,400","44,750","56,400","43,830.00","41,520.00","40,122.50","39,088.33","38,970.00",0,"140,405","53,263.60","13,610.70","5,224.62","3,930.04"
2019-12-09,"53,900","57,700","48,000","51,900","46,390.00","42,780.00","40,817.50","39,321.67","39,020.00",37,"67,764","66,686.20","16,991.00","6,322.62","4,470.81"
2019-12-10,"53,000","54,900","45,050","46,200","47,780.00","43,480.00","41,170.00","39,461.67","39,029.58",38,"44,147","75,400.00","19,172.85","7,035.80","4,818.77"
2019-12-11,"45,100","51,100","43,600","46,650","48,920.00","44,175.00","41,540.00","39,605.83","39,042.50",0,"43,114","83,306.00","21,304.30","7,742.90","5,170.51"
2019-12-12,"46,550","47,800","44,850","46,750","49,580.00","44,895.00","41,930.00","39,745.00","39,055.83",0,"10,287","61,143.40","21,792.60","7,896.78","5,251.28"
2019-12-13,"48,100","49,100","45,950","46,150","47,530.00","45,680.00","42,307.50","39,890.00","39,070.42",0,"11,191","35,300.60","22,305.10","8,069.93","5,330.12"
2019-12-16,"46,150","57,000","46,150","53,000","47,750.00","47,070.00","43,030.00","40,134.17","39,151.25",0,"72,583","36,264.40","25,921.55","9,263.63","5,920.52"
2019-12-17,"56,800","68,900","55,400","68,900","52,290.00","50,035.00","44,502.50","40,636.67","39,380.83",0,"101,641","47,763.20","30,992.45","10,946.67","6,754.26"
2019-12-18,"78,500","89,500","77,000","89,500","60,860.00","54,890.00","47,022.50","41,488.33","39,785.00",0,"222,081","83,556.60","42,077.70","14,641.05","8,595.35"
2019-12-19,"95,000","99,000","72,200","73,400","66,190.00","57,885.00","48,807.50","42,072.50","40,045.42",44,"53,600","92,219.20","44,718.35","15,526.03","9,029.72"
2019-12-20,"70,400","74,500","70,000","70,200","71,000.00","59,265.00","50,392.50","42,627.50","40,290.42",40,"25,784","95,137.80","45,991.60","15,943.85","9,236.42"
2019-12-23,"69,200","69,200","65,200","68,200","74,040.00","60,895.00","51,837.50","43,118.33","40,530.42",0,"20,976","84,816.40","47,032.05","16,278.42","9,395.17"
2019-12-24,"66,900","87,900","63,400","70,200","74,300.00","63,295.00","53,387.50","43,638.33","40,764.58",0,"195,730","103,634.20","56,813.55","19,481.55","10,504.40"
2019-12-26,"74,000","81,200","69,100","71,200","70,640.00","65,750.00","54,962.50","44,185.83","41,022.92",0,"83,384","75,894.80","60,971.95","20,853.52","11,100.88"
2019-12-27,"73,100","80,300","71,900","73,100","70,580.00","68,385.00","56,640.00","44,759.17","41,302.50",0,"71,085","79,391.80","64,519.30","22,024.85","11,658.58"
2019-12-30,"72,500","72,500","66,700","67,500","70,040.00","70,520.00","58,100.00","45,245.00","41,525.42",0,"28,925","80,020.00","65,930.50","22,495.87","11,875.48"
2020-01-02,"65,600","65,600","59,000","59,400","68,280.00","71,160.00","59,115.00","45,605.00","41,703.75",0,"27,036","81,232.00","67,249.75","22,942.98","12,079.87"
2020-01-03,"60,800","60,800","56,000","56,200","65,480.00","69,890.00","59,962.50","45,905.00","41,849.58",0,"17,284","45,542.80","68,085.05","23,230.10","12,150.66"
2020-01-06,"54,800","54,800","51,700","54,400","62,120.00","66,380.00","60,635.00","46,175.83","41,967.08",0,"10,872","31,040.40","68,449.45","23,406.28","12,225.71"
2020-01-07,"53,900","57,700","53,900","56,500","58,800.00","64,690.00","61,287.50","46,468.33","42,099.58",0,"12,743","19,372.00","63,031.60","23,601.65","12,301.02"
2020-01-08,"55,500","59,200","52,200","54,900","56,280.00","63,160.00","61,212.50","46,718.33","42,220.83",0,"14,828","16,552.60","56,752.75","23,759.62","12,414.40"
2020-01-09,"58,200","58,200","55,000","56,000","55,600.00","61,940.00","61,417.50","46,971.67","42,346.25",0,"6,484","12,442.20","53,688.75","23,810.22","12,452.85"
2020-01-10,"56,300","56,300","53,600","53,900","55,140.00","60,310.00","61,802.50","47,183.33","42,445.42",0,"5,007","9,986.80","51,731.75","23,875.77","12,472.51"
2020-01-13,"53,100","54,700","53,100","54,700","55,200.00","58,660.00","62,205.00","47,405.00","42,563.33",0,"2,935","8,399.40","49,722.80","23,898.57","12,481.68"
2020-01-14,"55,200","59,400","54,700","56,000","55,100.00","56,950.00","62,667.50","47,655.00","42,690.00",0,"15,765","9,003.80","49,996.70","24,151.90","12,609.83"
2020-01-15,"55,900","55,900","52,900","53,000","54,720.00","55,500.00","63,010.00","47,858.33","42,787.08",0,"8,046","7,647.40","49,839.45","24,275.67","12,673.17"
2020-01-16,"53,800","54,600","52,100","52,700","54,060.00","54,830.00","62,995.00","48,086.67","42,884.58",0,"3,975","7,145.60","46,409.05","24,316.73","12,700.83"
2020-01-17,"53,000","53,000","51,300","51,600","53,600.00","54,370.00","62,130.00","48,301.67","42,977.08",0,"4,833","7,110.80","41,568.65","24,377.95","12,736.83"
2020-01-20,"51,700","53,200","51,500","51,700","53,000.00","54,100.00","60,240.00","48,523.33","43,072.08",0,"3,061","7,136.00","30,617.65","24,407.27","12,756.91"
2020-01-21,"51,700","51,700","50,400","50,500","51,900.00","53,500.00","59,095.00","48,726.67","43,164.58",0,"2,745","4,532.00","28,074.90","24,448.87","12,767.13"
2020-01-22,"50,900","55,000","50,900","53,800","52,060.00","53,390.00","58,275.00","48,976.67","43,302.08",0,"14,416","5,806.00","27,506.50","24,682.90","12,861.29"
2020-01-23,"52,900","55,200","52,600","54,000","52,320.00","53,190.00","57,565.00","49,218.33","43,451.67",0,"5,140","6,039.00","26,714.70","24,762.80","12,895.97"
2020-01-28,"51,900","52,100","50,000","51,100","52,220.00","52,910.00","56,610.00","49,442.50","43,565.00",0,"6,402","6,352.80","17,248.30","24,839.00","12,945.92"
2020-01-29,"51,300","51,600","50,300","50,600","52,000.00","52,500.00","55,580.00","49,673.33","43,672.92",0,"1,781","6,096.80","13,168.15","24,846.28","12,955.33"
2020-01-30,"50,300","50,900","49,350","49,800","51,860.00","51,880.00","54,415.00","49,881.67","43,773.33",0,"1,538","5,855.40","9,690.80","24,866.48","12,964.02"
2020-01-31,"49,950","50,300","48,000","48,000","50,700.00","51,380.00","53,440.00","50,065.83","43,861.25",0,"1,532","3,278.60","8,321.15","24,880.43","12,975.96"
2020-02-03,"47,050","49,900","47,000","48,850","49,670.00","50,995.00","52,912.50","50,253.33","43,991.25",0,"2,539","2,758.40","7,096.30","24,919.03","12,972.54"
2020-02-04,"48,850","49,450","48,200","49,250","49,300.00","50,760.00","52,565.00","50,450.00","44,121.25",0,"2,122","1,902.40","6,338.20","24,949.98","12,974.73"
2020-02-05,"49,700","50,300","49,450","49,750","49,130.00","50,565.00","52,332.50","50,649.17","44,255.83",0,"2,700","2,086.20","5,929.60","24,987.80","12,989.13"
2020-02-06,"50,000","51,800","50,000","50,700","49,310.00","50,585.00","52,042.50","50,860.83","44,387.50",0,"1,924","2,163.40","5,388.65","25,016.65","12,980.74"
2020-02-07,"50,200","52,000","49,450","52,000","50,110.00","50,405.00","51,897.50","51,077.50","44,515.83",0,"2,648","2,386.60","4,779.65","25,047.70","12,987.96"
2020-02-10,"52,000","52,800","52,000","52,000","50,740.00","50,205.00","51,697.50","51,310.83","44,636.67",0,"2,194","2,317.60","4,565.15","25,081.63","12,986.65"
2020-02-11,"53,000","53,000","51,400","51,900","51,270.00","50,285.00","51,597.50","51,523.33","44,760.00",0,"2,056","2,304.40","4,417.60","25,107.40","12,997.60"
2020-02-12,"53,000","53,000","50,400","51,400","51,600.00","50,365.00","51,432.50","51,725.83","44,881.67",30,"2,361","2,236.60","4,388.90","25,138.67","13,008.68"
2020-02-13,"51,800","53,200","51,400","51,700","51,800.00","50,555.00","51,217.50","51,938.33","45,011.67",0,"3,012","2,454.20","3,751.25","25,180.18","13,031.03"
2020-02-14,"51,500","51,700","50,900","51,400","51,680.00","50,895.00","51,137.50","52,151.67","45,133.33",0,"2,141","2,352.80","3,456.00","25,200.18","13,046.62"
2020-02-17,"51,300","51,400","50,500","50,500","51,380.00","51,060.00","51,027.50","52,350.83","45,237.92",0,"1,306","2,175.20","3,322.55","25,217.72","13,050.23"
2020-02-18,"50,500","50,500","48,900","49,000","50,800.00","51,035.00","50,897.50","52,510.00","45,334.17",23,"2,323","2,228.60","3,197.05","25,252.72","13,059.84"
2020-02-19,"49,000","50,800","48,100","49,150","50,350.00","50,975.00","50,770.00","52,677.50","45,432.50",0,"1,263","2,009.00","3,107.15","25,267.50","13,066.07"
2020-02-20,"49,500","49,500","48,200","49,400","49,890.00","50,845.00","50,715.00","52,872.50","45,540.83",0,"1,303","1,667.20","3,035.05","25,276.10","13,071.78"
2020-02-21,"49,000","49,000","47,450","47,550","49,120.00","50,400.00","50,402.50","53,023.33","45,647.92",2,"1,704","1,579.80","2,399.45","25,299.18","13,078.40"
2020-02-24,"45,600","46,800","44,200","44,200","47,860.00","49,620.00","49,912.50","53,105.00","45,721.25",0,"3,043","1,927.20","2,294.60","25,347.12","13,099.08"
2020-02-25,"43,900","45,500","43,900","45,500","47,160.00","48,980.00","49,632.50","53,210.00","45,794.58",0,976,"1,657.80","2,023.30","25,361.72","13,106.20"
2020-02-26,"45,000","45,000","44,450","44,900","46,310.00","48,330.00","49,347.50","53,296.67","45,863.75",0,800,"1,565.20","1,974.25","25,371.45","13,111.82"
2020-02-27,"44,900","44,900","43,950","44,050","45,240.00","47,565.00","49,060.00","53,371.67","45,924.17",0,"1,215","1,547.60","1,958.10","25,389.40","13,117.97"
2020-02-28,"42,950","42,950","41,250","41,450","44,020.00","46,570.00","48,732.50","53,424.17","45,962.50",0,"3,009","1,808.60","2,031.95","25,427.87","13,139.91"
2020-03-02,"41,500","42,800","41,300","42,600","43,700.00","45,780.00","48,420.00","53,482.50","46,015.83",8,"1,318","1,463.60","1,970.90","25,438.98","13,148.73"
2020-03-03,"43,900","43,900","42,450","43,100","43,220.00","45,190.00","48,112.50","53,546.67","46,065.42",0,874,"1,443.20","1,908.50","25,443.92","13,146.28"
2020-03-04,"43,050","44,400","43,050","44,100","43,060.00","44,685.00","47,830.00","53,599.17","46,127.92",0,423,"1,367.80","1,794.65","25,391.23","13,144.26"
2020-03-05,"44,100","45,200","43,600","44,650","43,180.00","44,210.00","47,527.50","53,619.17","46,192.92",0,487,"1,222.20","1,722.80","23,381.02","13,142.94"
2020-03-06,"44,650","44,650","43,400","43,800","43,650.00","43,835.00","47,117.50","53,409.17","46,248.75",0,404,701.20,"1,610.60","21,047.67","13,136.14"
2020-03-09,"43,700","43,700","41,600","41,800","43,490.00","43,595.00","46,607.50","53,240.83","46,281.25",0,969,631.40,"1,549.35","19,934.42","13,128.52"
2020-03-10,"40,400","41,950","40,400","41,150","43,100.00","43,160.00","46,070.00","53,156.67","46,309.17",0,717,600.00,"1,482.40","19,210.58","13,123.19"
2020-03-11,"41,150","41,400","40,300","40,300","42,340.00","42,700.00","45,515.00","53,050.83","46,328.33",0,843,684.00,"1,406.50","18,506.07","13,124.48"
2020-03-12,"40,000","40,000","38,000","38,450","41,100.00","42,140.00","44,852.50","52,912.50","46,328.75",0,"1,656",917.80,"1,338.70","18,362.22","13,129.50"
2020-03-13,"35,800","36,100","35,150","35,950","39,530.00","41,590.00","44,080.00","52,742.50","46,316.25",0,"1,480","1,133.00","1,305.65","18,200.37","13,135.15"
2020-03-16,"36,200","36,200","32,800","33,250","37,820.00","40,655.00","43,217.50","52,413.33","46,273.75",0,662,"1,071.60","1,273.45","17,001.68","13,132.66"
2020-03-17,"31,000","33,250","31,000","33,000","36,190.00","39,645.00","42,417.50","51,815.00","46,225.83",0,571,"1,042.40","1,185.85","15,317.18","13,131.92"
2020-03-18,"33,000","33,100","30,000","30,000","34,130.00","38,235.00","41,460.00","50,823.33","46,155.83",2,915,"1,056.80","1,168.45","11,631.08","13,136.07"
2020-03-19,"30,200","30,200","26,500","26,500","31,740.00","36,420.00","40,315.00","50,041.67","46,057.08",2,906,906.80,"1,148.60","10,752.85","13,139.44"
2020-03-20,"29,600","29,600","26,500","29,150","30,380.00","34,955.00","39,395.00","49,357.50","45,992.50",71,"2,478","1,106.40","1,187.30","10,364.42","13,154.13"
2020-03-23,"29,000","31,200","28,000","29,850","29,700.00","33,760.00","38,677.50","48,718.33","45,918.33",0,"1,301","1,234.20","1,100.20","10,036.50","13,157.46"
2020-03-24,"30,000","35,000","30,000","34,300","29,960.00","33,075.00","38,117.50","48,120.00","45,879.17",0,"2,590","1,638.00","1,180.90","6,817.50","13,149.53"
2020-03-25,"37,400","37,400","32,950","33,400","30,640.00","32,385.00","37,542.50","47,490.00","45,837.92",0,"2,610","1,977.00","1,271.40","5,471.27","13,162.39"
2020-03-26,"34,000","34,000","33,050","33,800","32,100.00","31,920.00","37,030.00","46,835.00","45,797.08",0,"1,128","2,021.40","1,267.05","4,305.32","13,165.08"
2020-03-27,"34,500","35,900","34,500","35,500","33,370.00","31,875.00","36,732.50","46,301.67","45,773.33",0,"1,813","1,888.40","1,207.25","3,853.45","13,174.66"
2020-03-30,"35,000","36,450","35,000","36,350","34,670.00","32,185.00","36,420.00","45,917.50","45,761.25",0,464,"1,721.00","1,164.55","3,410.58","13,176.78"
2020-03-31,"36,500","39,000","36,500","37,800","35,370.00","32,665.00","36,155.00","45,610.83","45,757.92",0,"1,200","1,443.00","1,180.85","3,142.52","13,186.31"
2020-04-01,"38,950","38,950","37,100","37,100","36,110.00","33,375.00","35,805.00","45,322.50","45,749.17",0,"1,231","1,167.20","1,221.25","2,981.83","13,194.06"
2020-04-02,"36,500","41,000","36,500","37,300","36,810.00","34,455.00","35,437.50","45,002.50","45,735.42",29,"1,248","1,191.20","1,259.30","2,790.25","13,195.95"
2020-04-03,"37,000","38,100","37,000","37,900","37,290.00","35,330.00","35,142.50","44,719.17","45,718.75",0,488,926.20,"1,263.50","2,551.25","13,155.43"
2020-04-06,"37,800","40,900","37,800","39,950","38,010.00","36,340.00","35,050.00","44,451.67","45,711.67",0,"3,816","1,596.60","1,405.85","2,506.78","13,158.50"
2020-04-07,"41,000","41,650","39,200","40,800","38,610.00","36,990.00","35,032.50","44,233.33","45,708.33",0,"2,840","1,924.60","1,512.00","2,470.67","13,173.22"
2020-04-08,"40,900","41,800","40,800","41,500","39,490.00","37,800.00","35,092.50","44,013.33","45,709.17",0,"1,930","2,064.40","1,566.35","2,453.92","13,176.24"
2020-04-09,"41,000","42,000","40,600","41,000","40,230.00","38,520.00","35,220.00","43,763.33","45,709.17",0,905,"1,995.80","1,528.80","2,206.25","13,179.08"
2020-04-10,"41,000","41,550","39,450","39,750","40,600.00","38,945.00","35,410.00","43,542.50","45,700.42",0,"1,178","2,133.80","1,513.70","2,091.78","13,183.73"
2020-04-13,"40,600","40,600","39,050","39,100","40,430.00","39,220.00","35,702.50","43,315.83","45,701.25",0,473,"1,465.20","1,504.25","2,033.42","13,175.08"
2020-04-14,"39,100","40,500","39,000","40,500","40,370.00","39,490.00","36,077.50","43,130.83","45,716.25",0,"1,507","1,198.60","1,551.05","1,977.98","13,177.97"
2020-04-16,"41,250","41,250","40,000","40,700","40,210.00","39,850.00","36,612.50","42,947.50","45,735.42",0,"1,003","1,013.20","1,555.45","1,943.68","13,175.48"
2020-04-17,"41,950","41,950","41,000","41,000","40,210.00","40,220.00","37,337.50","42,789.17","45,757.92",0,"1,108","1,053.80","1,565.55","1,916.40","13,182.63"
2020-04-20,"41,600","42,000","41,000","41,250","40,510.00","40,555.00","37,942.50","42,580.00","45,778.33",0,782,974.60,"1,480.75","1,689.17","13,186.03"
2020-04-21,"40,100","41,450","39,000","41,450","40,980.00","40,705.00","38,522.50","42,370.83","45,794.58",0,622,"1,004.40","1,446.80","1,613.87","13,188.33"
2020-04-22,"41,300","41,300","39,100","41,050","41,090.00","40,730.00","38,860.00","42,203.33","45,822.92",20,"1,022",907.40,"1,368.40","1,524.20","13,181.60"
2020-04-23,"42,000","42,200","41,500","41,800","41,310.00","40,760.00","39,280.00","42,056.67","45,865.00",0,"1,038",914.40,"1,289.80","1,511.82","13,179.05"
2020-04-24,"42,450","42,450","40,900","40,900","41,290.00","40,750.00","39,635.00","41,908.33","45,895.00",0,503,793.40,"1,258.55","1,494.57","13,180.53"
2020-04-27,"41,500","42,000","40,600","41,950","41,430.00","40,970.00","39,957.50","41,807.50","45,936.67",0,680,773.00,"1,201.90","1,480.37","13,180.40"
2020-04-28,"41,950","42,400","41,600","42,250","41,590.00","41,285.00","40,252.50","41,697.50","45,975.42",0,"1,302",909.00,"1,243.80","1,459.75","13,189.39"
2020-04-29,"42,400","42,950","41,200","42,850","41,950.00","41,520.00","40,505.00","41,590.83","46,020.42",20,"1,897","1,084.00","1,278.65","1,456.00","13,202.99"
2020-05-04,"42,800","42,800","42,250","42,600","42,110.00","41,710.00","40,780.00","41,471.67","46,060.42",17,303,937.00,"1,232.25","1,416.05","13,201.92"
2020-05-06,"42,600","42,600","42,400","42,550","42,440.00","41,865.00","41,042.50","41,335.83","46,098.33",0,252,886.80,"1,182.45","1,388.18","13,202.42"
2020-05-07,"42,550","43,000","42,250","42,750","42,600.00","42,015.00","41,285.00","41,181.67","46,129.58",0,870,924.80,"1,201.55","1,358.55","13,203.13"
2020-05-08,"43,450","44,000","43,450","44,000","42,950.00","42,270.00","41,487.50","41,048.33","46,179.58",0,"1,736","1,011.60","1,097.55","1,350.92","13,216.28"
2020-05-11,"44,000","44,400","44,000","44,150","43,210.00","42,580.00","41,655.00","40,919.17","46,221.25",0,"1,471",926.40,"1,029.10","1,341.17","13,224.28"
2020-05-12,"42,450","44,450","42,450","43,550","43,400.00","42,755.00","41,757.50","40,788.33","46,257.08",0,545,974.80,959.85,"1,310.90","13,224.78"
2020-05-13,"42,450","43,000","42,400","42,600","43,410.00","42,925.00","41,837.50","40,636.67","46,287.50",0,969,"1,118.20",963.05,"1,276.85","13,228.52"
2020-05-14,"42,150","43,000","42,150","42,750","43,410.00","43,005.00","41,987.50","40,492.50","46,322.08",30,389,"1,022.00",923.60,"1,247.65","13,223.92"
2020-05-15,"43,000","44,000","42,750","44,000","43,410.00","43,180.00","42,232.50","40,384.17","46,367.50",0,"3,752","1,425.20","1,087.55","1,288.42","13,253.07"
2020-05-18,"57,200","57,200","46,150","46,150","43,810.00","43,510.00","42,515.00","40,336.67","46,423.33",0,"40,517","9,234.40","3,038.05","1,924.98","13,588.85"
2020-05-19,"46,600","48,450","45,000","45,100","44,120.00","43,760.00","42,735.00","40,269.17","46,473.33",21,"9,992","11,123.80","3,487.50","2,070.47","13,668.98"
2020-05-20,"45,000","46,300","44,500","45,500","44,700.00","44,055.00","42,960.00","40,204.17","46,538.33",0,"2,684","11,466.80","3,566.30","2,093.48","13,684.79"
2020-05-21,"46,200","46,500","43,200","44,650","45,080.00","44,245.00","43,130.00","40,155.83","46,589.58",0,"3,908","12,170.60","3,722.60","2,130.22","13,714.70"
2020-05-22,"44,500","44,500","43,500","43,700","45,020.00","44,215.00","43,242.50","40,147.50","46,626.25",0,"3,115","12,043.20","3,847.25","2,131.42","13,739.27"
2020-05-25,"44,000","52,200","44,000","51,400","46,070.00","44,940.00","43,760.00","40,245.83","46,727.92",18,"19,247","7,789.20","4,758.50","2,435.93","13,898.83"
2020-05-26,"51,900","51,900","48,250","50,400","47,130.00","45,625.00","44,190.00","40,337.50","46,817.08",0,"8,537","7,498.20","5,133.45","2,564.88","13,968.17"
2020-05-27,"49,950","49,950","48,300","48,700","47,770.00","46,235.00","44,580.00","40,415.00","46,893.33",0,"2,454","7,452.20","5,231.00","2,585.53","13,987.47"
2020-05-28,"49,200","49,200","46,900","46,950","48,230.00","46,655.00","44,830.00","40,506.67","46,965.42",0,"3,118","7,294.20","5,352.90","2,587.35","14,007.61"
2020-05-29,"46,050","47,100","46,050","46,250","48,740.00","46,880.00","45,030.00","40,567.50","47,025.00",0,"2,400","7,151.20","5,407.80","2,605.38","14,022.18"
2020-06-01,"47,300","48,550","47,000","47,800","48,020.00","47,045.00","45,277.50","40,645.83","47,096.25",0,"2,931","3,888.00","5,459.50","2,639.67","14,041.79"
2020-06-02,"50,000","50,000","48,100","48,600","47,660.00","47,395.00","45,577.50","40,720.83","47,160.00",0,"1,842","2,549.00","5,536.45","2,663.32","14,027.28"
2020-06-03,"48,650","49,100","48,150","48,750","47,670.00","47,720.00","45,887.50","40,789.17","47,204.17",0,"2,266","2,511.40","5,637.15","2,692.97","13,036.99"
2020-06-04,"49,550","51,100","49,550","50,700","48,420.00","48,325.00","46,285.00","40,904.17","47,156.67",0,"4,140","2,715.80","5,800.65","2,755.23","11,901.45"
2020-06-05,"50,800","51,900","49,400","50,800","49,330.00","49,035.00","46,625.00","41,054.17","47,147.50",0,"3,128","2,861.40","5,870.25","2,791.22","11,362.82"
2020-06-08,"51,900","59,700","50,800","57,100","51,190.00","49,605.00","47,272.50","41,320.00","47,238.33",0,"22,175","6,710.20","6,905.45","3,148.85","11,179.72"
2020-06-09,"62,800","68,800","57,400","57,400","52,950.00","50,305.00","47,965.00","41,605.00","47,327.92",33,"19,092","10,160.20","7,832.80","3,453.00","10,979.53"
2020-06-10,"57,400","62,400","57,400","61,800","55,560.00","51,615.00","48,925.00","41,994.17","47,453.33",0,"6,144","10,935.80","8,091.55","3,527.80","10,945.01"
2020-06-11,"61,800","62,000","57,000","57,500","56,920.00","52,670.00","49,662.50","42,353.33","47,547.92",0,"5,654","11,238.60","8,354.80","3,597.37","10,898.87"
2020-06-12,"53,000","61,000","53,000","59,100","58,580.00","53,955.00","50,417.50","42,784.17","47,598.75",0,"6,607","11,934.40","8,497.55","3,696.45","10,349.07"
2020-06-15,"59,300","63,000","58,000","58,000","58,760.00","54,975.00","51,010.00","43,200.83","47,507.92",0,"5,993","8,698.00","6,771.35","3,786.82","9,552.00"
2020-06-16,"58,000","61,000","58,000","59,600","59,200.00","56,075.00","51,735.00","43,694.17","47,258.75",0,"2,806","5,440.80","6,412.05","3,818.33","7,724.71"
2020-06-17,"59,200","72,000","59,200","72,000","61,240.00","58,400.00","53,060.00","44,452.50","47,247.08",18,"19,620","8,136.00","7,258.85","4,130.23","7,441.54"
2020-06-18,"77,300","92,900","77,300","92,400","68,220.00","62,570.00","55,447.50","45,506.67","47,432.08",18,"33,019","13,609.00","8,714.40","4,639.25","7,501.83"
2020-06-19,"90,400","90,400","65,800","65,800","69,560.00","64,070.00","56,552.50","46,105.83","47,412.08",14,"24,133","17,114.20","9,765.30","5,019.78","7,528.14"
2020-06-22,"62,100","62,100","55,600","59,000","69,760.00","64,260.00","56,932.50","46,517.50","47,318.75",0,"9,958","17,907.20","9,300.85","5,142.58","5,980.04"
2020-06-23,"60,500","62,300","56,600","58,000","69,440.00","64,320.00","57,312.50","46,927.50","47,208.75",0,"5,577","18,461.40","9,152.85","5,192.03","5,331.65"
2020-06-24,"59,700","75,400","59,700","64,900","68,020.00","64,630.00","58,122.50","47,445.83","47,140.42",29,"37,182","21,973.80","10,889.25","5,792.93","5,049.13"
2020-06-25,"63,900","71,700","63,000","66,000","62,740.00","65,480.00","59,075.00","47,954.17","47,127.92",0,"14,207","18,211.40","11,443.70","5,999.50","4,926.48"
2020-06-26,"71,800","74,000","66,000","68,000","63,180.00","66,370.00","60,162.50","48,481.67","47,199.58",0,"11,933","15,771.40","11,920.35","6,190.65","4,800.62"
2020-06-29,"65,900","72,900","65,500","70,500","65,480.00","67,620.00","61,297.50","49,026.67","47,318.75",0,"8,825","15,544.80","12,215.05","6,317.73","4,730.13"
2020-06-30,"72,800","91,500","72,800","79,000","69,680.00","69,560.00","62,817.50","49,725.00","47,523.75",29,"32,635","20,956.40","13,754.70","6,841.13","4,911.48"
2020-07-01,"77,000","89,800","77,000","81,500","73,000.00","70,510.00","64,455.00","50,461.67","47,732.08",0,"17,505","17,021.00","14,516.65","7,112.08","4,951.17"
2020-07-02,"87,000","87,000","78,000","81,500","76,100.00","69,420.00","65,995.00","51,188.33","47,953.75",0,"7,351","15,649.80","14,677.20","7,226.47","4,888.86"
2020-07-03,"79,200","80,800","76,900","76,900","77,880.00","70,530.00","67,300.00","51,804.17","48,127.92",0,"5,775","14,418.20","14,809.55","7,259.12","4,882.95"
2020-07-06,"76,600","80,200","76,600","80,200","79,820.00","72,650.00","68,455.00","52,460.83","48,347.08",0,"5,341","13,721.40","13,967.85","7,300.80","4,885.73"
2020-07-07,"80,300","80,300","73,600","75,400","79,100.00","74,390.00","69,355.00","53,025.83","48,519.58",0,"5,134","8,221.20","13,269.95","7,354.20","4,904.06"
2020-07-08,"75,000","76,800","74,600","75,400","77,880.00","75,440.00","70,035.00","53,599.17","48,681.25",0,"5,064","5,733.00","13,215.95","7,423.52","4,814.88"
2020-07-09,"75,900","76,000","71,000","73,800","76,340.00","76,220.00","70,850.00","54,166.67","48,854.58",0,"3,897","5,042.20","13,128.10","7,468.83","4,780.31"
2020-07-10,"70,900","74,000","65,000","68,500","74,660.00","76,270.00","71,320.00","54,656.67","48,986.25",0,"11,847","6,256.60","13,390.10","7,658.40","4,845.91"
2020-07-13,"67,500","70,000","65,200","67,100","72,040.00","75,930.00","71,775.00","55,100.00","49,115.42",0,"4,433","6,075.00","13,312.10","7,707.17","4,842.57"
2020-07-14,"66,800","67,900","65,400","65,900","70,140.00","74,620.00","72,090.00","55,520.00","49,233.75",0,"2,157","5,479.60","13,279.65","7,726.40","4,835.04"
2020-07-15,"68,000","68,700","65,500","66,200","68,300.00","73,090.00","71,800.00","55,940.00","49,364.58",0,"2,792","5,025.20","12,438.25","7,754.47","4,835.43"
2020-07-16,"69,000","69,000","66,000","66,300","66,800.00","71,570.00","70,495.00","56,357.50","49,468.75",0,"1,703","4,586.40","10,872.45","7,769.82","4,729.49"
2020-07-17,"67,700","67,700","65,500","65,800","66,260.00","70,460.00","70,495.00","56,763.33","49,567.08",0,"1,127","2,442.40","9,722.15","7,778.23","4,696.05"
2020-07-20,"65,800","65,800","63,600","64,000","65,640.00","68,840.00","70,745.00","57,145.83","49,674.58",0,"2,140","1,983.80","9,331.25","7,796.87","4,660.53"
2020-07-21,"66,400","67,000","64,000","65,300","65,520.00","67,830.00","71,110.00","57,537.50","49,797.08",0,"3,277","2,207.80","9,216.25","7,834.18","4,673.00"
2020-07-22,"65,500","65,500","63,100","63,300","64,940.00","66,620.00","71,030.00","57,910.83","49,909.58",0,"4,242","2,497.80","7,569.25","7,896.50","4,695.53"
2020-07-23,"63,800","64,200","61,700","63,000","64,280.00","65,540.00","70,880.00","58,261.67","50,034.58",0,"3,830","2,923.20","7,050.40","7,949.00","4,714.68"
2020-07-24,"62,900","62,900","59,800","60,000","63,120.00","64,690.00","70,480.00","58,557.50","50,127.50",0,"10,932","4,884.20","7,000.35","8,109.50","4,784.63"
2020-07-27,"60,000","61,600","58,200","60,000","62,320.00","63,980.00","69,955.00","58,843.33","50,217.08",0,"6,697","5,795.60","6,893.95","8,189.50","4,822.75"
2020-07-28,"60,500","75,000","60,300","66,100","62,480.00","64,000.00","69,310.00","59,235.00","50,353.33",0,"34,222","11,984.60","6,973.30","8,754.82","5,085.43"
2020-07-29,"66,600","67,200","64,700","64,700","62,760.00","63,850.00","68,470.00","59,604.17","50,470.00",0,"9,694","13,075.00","6,582.75","8,912.18","5,150.18"
2020-07-30,"66,200","79,000","66,200","71,200","64,400.00","64,340.00","67,955.00","60,078.33","50,630.00",0,"26,693","17,647.60","7,549.85","9,342.57","5,350.56"
2020-07-31,"70,000","70,000","67,000","68,400","66,080.00","64,600.00","67,530.00","60,485.00","50,766.67",37,"6,801","16,821.40","7,601.15","9,426.98","5,388.95"
2020-08-03,"70,000","75,000","70,000","71,100","68,300.00","65,310.00","67,075.00","60,934.17","50,926.67",0,"5,465","16,575.00","7,607.35","9,493.55","5,417.36"
2020-08-04,"71,100","71,100","68,400","70,600","69,200.00","65,840.00","66,835.00","61,385.00","51,086.67",0,"3,632","10,457.00","7,532.25","9,545.00","5,427.95"
2020-08-05,"72,300","72,300","68,500","68,600","69,980.00","66,370.00","66,495.00","61,818.33","51,227.50",0,"3,358","9,189.80","7,446.95","9,584.82","5,430.83"
2020-08-06,"68,500","72,000","68,500","71,200","69,980.00","67,190.00","66,365.00","62,292.50","51,392.50",0,"4,533","4,757.80","7,478.75","9,653.88","5,450.77"
2020-08-07,"72,000","72,000","70,000","71,300","70,560.00","68,320.00","66,505.00","62,747.50","51,565.83",30,"2,569","3,911.40","7,014.85","9,634.17","5,461.29"
2020-08-10,"70,600","71,800","70,500","70,900","70,520.00","69,410.00","66,695.00","63,160.00","51,748.33",0,"2,384","3,295.20","6,912.40","8,998.62","5,461.80"
2020-08-11,"72,500","72,500","70,100","70,600","70,520.00","69,860.00","66,930.00","63,585.00","51,927.08",0,"1,810","2,930.80","6,895.05","8,862.25","5,466.36"
2020-08-12,"70,600","71,000","69,900","71,000","71,000.00","70,490.00","67,170.00","64,010.00","52,107.08",0,"2,674","2,794.00","6,889.15","8,862.08","5,477.78"
2020-08-13,"72,100","74,800","71,100","73,300","71,420.00","70,700.00","67,520.00","64,487.50","52,321.67",0,"7,606","3,408.60","7,184.30","8,923.72","5,526.97"
2020-08-14,"74,800","74,800","70,000","71,500","71,460.00","71,010.00","67,805.00","64,950.83","52,549.17",39,"8,939","4,682.60","7,574.90","9,020.78","5,576.10"
2020-08-18,"72,900","72,900","67,100","67,200","70,720.00","70,620.00","67,965.00","65,214.17","52,730.00",40,"5,625","5,330.80","7,749.15","8,793.75","5,614.84"
2020-08-19,"68,700","72,000","68,000","70,200","70,640.00","70,580.00","68,210.00","65,544.17","52,940.83",58,"6,895","6,347.80","7,930.05","8,766.38","5,665.63"
2020-08-20,"69,300","69,300","65,000","65,000","69,440.00","70,220.00","68,295.00","65,815.83","53,115.42",0,"4,543","6,721.60","7,945.10","8,801.20","5,693.37"
2020-08-21,"68,000","68,000","65,000","66,500","68,080.00","69,750.00","68,470.00","66,141.67","53,324.17",70,"1,174","5,435.20","7,812.30","8,768.80","5,678.07"
2020-08-24,"66,500","68,500","66,300","66,800","67,140.00","69,300.00","68,810.00","66,484.17","53,525.83",0,"2,051","4,057.60","7,368.25","8,762.98","5,684.18"
2020-08-25,"67,100","68,400","66,700","68,200","67,340.00","69,030.00","69,220.00","66,824.17","53,735.00",0,"1,298","3,192.20","7,098.30","8,735.77","5,687.72"
2020-08-26,"67,700","68,800","65,100","66,900","66,680.00","68,660.00","69,260.00","67,129.17","53,925.00",0,"3,101","2,433.40","5,542.25","8,756.75","5,710.03"
2020-08-27,"66,200","67,000","65,600","66,300","66,940.00","68,190.00","69,340.00","67,421.67","54,105.42",0,"1,798","1,884.40","5,147.45","8,748.95","5,720.96"
2020-08-28,"66,400","67,500","65,300","65,500","66,740.00","67,410.00","69,055.00","67,668.33","54,286.25",0,"1,120","1,873.60","3,868.80","8,698.62","5,726.93"
2020-08-31,"67,800","67,800","65,900","66,700","66,720.00","66,930.00","68,970.00","67,933.33","54,493.75",0,"1,703","1,804.00","3,613.90","8,674.87","5,733.04"
2020-09-01,"67,200","68,900","67,200","68,500","66,780.00","67,060.00","68,840.00","68,123.33","54,721.67",0,"2,170","1,978.40","3,449.15","8,341.45","5,745.15"
2020-09-02,"69,000","71,400","68,000","69,600","67,320.00","67,000.00","68,790.00","68,326.67","54,965.83",0,"3,061","1,970.40","3,420.60","8,074.27","5,763.63"
2020-09-03,"69,900","74,700","69,900","70,600","68,180.00","67,560.00","68,890.00","68,473.33","55,233.75",29,"7,502","3,111.20","3,627.80","8,096.90","5,812.35"
2020-09-04,"70,400","70,400","63,900","68,900","68,860.00","67,800.00","68,775.00","68,663.33","55,508.33",20,"2,822","3,451.60","3,542.25","8,049.70","5,823.53"
2020-09-07,"69,500","73,700","69,500","71,600","69,840.00","68,280.00","68,790.00","68,871.67","55,827.92",0,"10,377","5,186.40","3,932.65","8,112.53","5,904.49"
2020-09-08,"78,700","93,000","76,700","93,000","74,740.00","70,760.00","69,895.00","69,455.00","56,327.92",0,"40,262","12,804.80","5,826.55","8,683.68","6,235.25"
2020-09-09,"120,500","120,500","120,500","120,500","84,920.00","76,120.00","72,390.00","70,470.00","57,082.08",0,"8,069","13,806.40","6,139.50","8,771.40","6,294.87"
2020-09-10,"121,500","156,500","109,500","156,500","102,100.00","85,140.00","76,665.00","71,878.33","58,165.42",0,"344,038","81,113.60","23,207.70","14,178.37","9,154.30"
2020-09-11,"166,000","203,000","161,000","203,000","128,920.00","98,890.00","83,150.00","73,721.67","59,614.17",0,"167,632","114,075.60","31,209.00","16,421.92","10,530.58"
2020-09-14,"236,000","263,500","230,000","263,500","167,300.00","118,570.00","92,750.00","77,016.67","61,561.25",0,"19,450","115,890.20","31,734.55","16,343.87","10,681.83"
2020-09-15,"263,500","263,500","263,500","263,500","201,400.00","138,070.00","102,565.00","80,425.00","63,471.25",30,0,"107,837.80","31,453.30","16,177.90","10,660.24"
2020-09-16,"316,000","337,000","184,500","184,500","214,200.00","149,560.00","108,280.00","82,533.33","64,730.42",0,"272,178","160,659.60","44,717.45","20,621.25","12,906.64"
2020-09-17,"178,000","195,500","168,500","187,500","220,400.00","161,250.00","114,405.00","84,576.67","66,011.25",0,"164,189","124,689.80","52,699.75","22,738.03","14,265.48"
2020-09-18,"176,500","182,000","165,000","166,000","213,000.00","170,960.00","119,380.00","86,243.33","67,098.75",0,"63,941","103,951.60","55,838.10","23,566.93","14,783.22"
2020-09-21,"168,500","171,000","147,000","157,000","191,700.00","179,500.00","123,890.00","87,726.67","68,104.17",0,"42,977","108,657.00","57,884.40","24,084.33","15,137.49"
2020-09-22,"153,500","166,500","143,000","153,000","169,600.00","185,500.00","128,130.00","89,101.67","69,064.17",23,"33,254","115,307.80","59,482.20","24,491.48","15,404.61"
2020-09-23,"152,500","169,500","142,500","155,500","163,800.00","189,000.00","132,560.00","90,376.67","70,050.83",0,"50,740","71,020.20","61,864.15","24,793.23","15,817.18"
2020-09-24,"148,000","155,000","139,000","139,500","154,200.00","187,300.00","136,220.00","91,343.33","70,902.50",0,"28,537","43,889.80","63,201.10","24,977.10","16,044.59"
2020-09-25,"141,500","153,500","130,500","130,500","147,100.00","180,050.00","139,470.00","92,160.00","71,674.17",0,"34,926","38,086.80","64,891.40","25,436.68","16,331.58"
2020-09-28,"149,500","169,500","141,000","169,500","149,600.00","170,650.00","144,610.00","93,703.33","72,753.75",0,"25,305","34,552.40","66,071.50","25,762.18","16,510.65"
2020-09-29,"168,000","185,000","139,500","142,000","147,400.00","158,500.00","148,285.00","94,733.33","73,597.08",0,"44,783","36,858.20","68,202.15","26,419.55","16,860.17"
2020-10-05,"134,000","142,500","131,000","135,000","143,300.00","153,550.00","151,555.00","95,726.67","74,376.25",0,"14,838","29,677.80","68,791.00","26,581.28","16,967.74"
2020-10-06,"135,000","135,000","123,500","128,500","141,100.00","147,650.00","154,450.00","96,611.67","75,105.42",0,"18,572","27,684.80","69,344.50","26,806.42","17,114.97"
2020-10-07,"132,000","141,500","130,500","132,000","141,400.00","144,250.00","157,605.00","97,581.67","75,874.17",0,"14,526","23,604.80","69,929.70","26,983.57","17,226.20"
2020-10-08,"132,000","137,000","126,500","132,500","134,000.00","141,800.00","160,650.00","98,648.33","76,652.50",0,"10,157","20,575.20","69,918.70","26,955.40","17,306.90"
2020-10-12,"128,500","133,500","128,500","131,000","131,800.00","139,600.00","162,550.00","99,713.33","77,406.67",0,"6,297","12,878.00","68,220.45","26,986.47","17,346.82"
2020-10-13,"132,500","137,500","129,000","137,500","132,300.00","137,800.00","163,400.00","100,906.67","78,213.33",0,"8,457","11,601.80","68,239.85","27,091.47","17,408.93"
2020-10-14,"139,500","153,000","134,500","137,500","134,100.00","137,600.00","162,450.00","102,095.00","79,017.50",0,"19,320","11,751.40","52,003.95","27,366.93","17,560.70"
2020-10-15,"142,000","150,000","136,500","148,500","137,400.00","139,400.00","159,725.00","103,465.00","79,911.25",0,"15,464","11,939.00","44,395.55","27,596.28","17,683.05"
2020-10-16,"151,500","154,500","131,500","135,500","138,000.00","136,000.00","153,325.00","104,626.67","80,695.00",0,"13,944","12,696.40","44,120.25","27,809.90","17,794.07"
2020-10-19,"132,000","132,000","125,000","127,000","137,200.00","134,500.00","146,500.00","105,676.67","81,411.25",0,"7,893","13,015.60","44,514.90","27,905.78","17,851.33"
2020-10-20,"124,000","126,500","123,000","126,500","135,000.00","133,650.00","143,600.00","106,696.67","82,117.08",0,"4,008","12,125.80","31,106.40","27,917.97","17,876.08"
2020-10-21,"135,500","135,500","128,500","130,500","133,600.00","133,850.00","140,750.00","107,816.67","82,863.75",0,"4,217","9,105.20","23,107.80","27,917.55","17,907.03"
2020-10-22,"129,000","129,000","124,000","125,000","128,900.00","133,150.00","138,700.00","108,850.00","83,555.83",0,"4,242","6,860.80","20,122.85","27,924.42","17,936.71"
2020-10-23,"128,000","128,000","122,000","122,000","126,200.00","132,100.00","136,950.00","109,883.33","84,220.42",0,"3,941","4,860.20","18,171.05","27,807.90","17,958.70"
2020-10-26,"123,000","123,000","112,500","112,500","123,300.00","130,250.00","134,925.00","110,758.33","84,800.83",0,"5,658","4,413.20","16,791.25","27,790.58","17,990.04"
2020-10-27,"109,500","114,500","109,500","111,500","120,300.00","127,650.00","132,725.00","111,515.00","85,375.00",0,"3,401","4,291.80","14,424.30","27,276.90","18,015.86"
2020-10-28,"110,500","116,500","110,000","115,000","117,200.00","125,400.00","131,500.00","112,353.33","85,978.75",0,"3,223","4,093.00","13,158.60","27,169.05","18,040.62"
2020-10-29,"111,500","125,000","111,500","120,500","116,300.00","122,600.00","131,000.00","113,175.00","86,626.67",68,"4,372","4,119.00","11,630.90","26,797.03","18,069.80"
2020-10-30,"119,000","122,000","112,500","112,500","114,400.00","120,300.00","128,150.00","113,910.00","87,197.50",0,"3,221","3,975.00","10,526.70","26,737.37","18,082.17"
2020-11-02,"112,500","122,000","112,500","119,000","115,700.00","119,500.00","127,000.00","114,708.33","87,821.25",70,"3,472","3,537.80","8,461.15","26,704.15","18,098.85"
2020-11-03,"122,000","123,000","120,500","122,000","117,800.00","119,050.00","126,350.00","115,565.00","88,475.00",0,"2,922","3,442.00","7,865.35","26,692.32","18,118.66"
2020-11-04,"126,000","136,000","125,000","127,000","120,200.00","118,700.00","126,275.00","116,538.33","89,178.33",29,"12,779","5,353.20","7,575.70","26,849.33","18,217.08"
2020-11-05,"121,000","123,500","121,000","121,500","120,400.00","118,350.00","125,750.00","117,376.67","89,834.58",0,"5,588","5,596.40","7,128.80","26,866.92","18,260.40"
2020-11-06,"124,000","124,000","117,000","117,500","121,400.00","117,900.00","125,000.00","118,146.67","90,447.08",0,"3,884","5,729.00","6,815.15","26,888.83","18,261.50"
2020-11-09,"120,000","120,000","118,000","118,500","121,300.00","118,500.00","124,375.00","118,940.00","91,050.00",0,"1,894","5,413.40","6,595.00","26,880.67","17,939.64"
2020-11-10,"118,000","118,000","113,500","113,500","119,600.00","118,700.00","123,175.00","119,655.00","91,620.00",0,"3,182","5,465.40","6,331.25","26,903.53","17,882.89"
2020-11-11,"111,500","115,500","111,500","111,500","116,500.00","118,350.00","121,875.00","120,330.00","92,170.00",0,"3,045","3,518.60","5,517.50","26,909.72","17,885.90"
2020-11-12,"112,500","112,500","110,000","110,000","114,200.00","117,300.00","119,950.00","120,941.67","92,714.58",0,"1,860","2,773.00","4,837.30","26,813.95","17,868.83"
2020-11-13,"110,000","114,500","109,500","114,500","113,600.00","117,500.00","118,900.00","121,658.33","93,304.58",0,"1,470","2,290.20","4,213.60","26,689.47","17,855.13"
2020-11-16,"114,000","121,000","114,000","120,000","113,900.00","117,600.00","118,550.00","122,538.33","93,876.25",0,"4,141","2,739.60","4,026.00","26,664.73","17,729.24"
2020-11-17,"120,000","122,500","116,500","117,500","114,700.00","117,150.00","118,100.00","123,326.67","94,435.42",0,"2,461","2,595.40","3,948.65","26,590.83","17,678.61"
2020-11-18,"118,000","118,000","113,000","114,000","115,200.00","115,850.00","117,275.00","124,143.33","94,979.58",0,"1,627","2,311.80","3,819.15","26,542.23","17,671.72"
2020-11-19,"112,500","112,500","109,000","112,000","115,600.00","114,900.00","116,625.00","124,901.67","95,521.67",0,"2,849","2,509.60","3,749.50","26,570.15","17,669.47"
2020-11-20,"111,500","112,500","111,000","111,500","115,000.00","114,300.00","116,100.00","125,646.67","96,065.42",0,"1,559","2,527.40","3,630.40","26,561.95","17,662.47"
2020-11-23,"110,500","122,500","110,500","118,000","114,600.00","114,250.00","116,375.00","126,476.67","96,650.42",0,"4,410","2,581.20","3,568.00","26,613.82","17,674.79"
2020-11-24,"122,000","122,000","117,000","118,000","114,700.00","114,700.00","116,700.00","127,328.33","97,228.75",33,"3,023","2,693.60","3,549.10","26,612.52","17,684.63"
2020-11-25,"118,000","132,000","118,000","123,500","116,600.00","115,900.00","117,125.00","128,281.67","97,851.67",0,"11,938","4,755.80","3,984.85","26,781.52","17,765.23"
2020-11-26,"125,000","125,000","119,500","121,500","118,500.00","117,050.00","117,175.00","129,215.00","98,441.67",0,"2,727","4,731.40","3,902.60","26,808.30","17,753.46"
2020-11-27,"120,000","122,500","117,500","119,000","120,000.00","117,500.00","117,500.00","130,086.67","99,010.00",0,"1,952","4,810.00","3,839.15","26,812.45","17,743.66"
2020-11-30,"119,000","119,000","115,500","115,500","119,500.00","117,050.00","117,325.00","130,870.00","99,496.67",0,"1,228","4,173.60","3,726.95","26,796.75","17,569.10"
