"2020/11/2310,050","10,300","9,850","10,000","9,498.00","9,439.00","9,318.00","9,446.00","9,297.08",0,"76,437","109,159.00","37,650.20","27,358.90","24,906.31"
"2020/11/209,240","11,000","9,190","9,910","9,342.00","9,382.00","9,278.00","9,439.33","9,287.75",0,"405,319","98,604.80","34,416.45","26,740.65","24,460.58"
"2020/11/199,230","9,230","9,140","9,150","9,212.00","9,313.00","9,239.00","9,434.50","9,279.75",0,"13,267","20,535.60","14,879.85","20,340.10","22,641.63"
"2020/11/189,290","9,330","9,150","9,150","9,274.00","9,325.00","9,231.00","9,445.83","9,277.83",0,"36,190","18,573.80","14,703.10","20,674.82","22,650.60"
"2020/11/179,440","9,440","9,140","9,280","9,346.00","9,333.00","9,228.50","9,454.17","9,276.08",0,"14,582","13,239.60","13,437.85","21,577.53","22,395.81"
"2020/11/169,200","9,270","9,160","9,220","9,380.00","9,322.00","9,210.50","9,465.83","9,273.50",0,"23,666","16,459.40","14,195.20","22,397.23","22,344.82"
"2020/11/139,490","9,490","9,200","9,260","9,422.00","9,306.00","9,192.00","9,469.17","9,271.33",0,"14,973","14,892.40","13,408.95","23,115.75","22,214.87"
"2020/11/129,510","9,530","9,430","9,460","9,414.00","9,283.00","9,174.00","9,471.00","9,268.42",0,"3,458","13,390.60","13,027.10","23,741.18","22,210.53"
"2020/11/119,460","9,550","9,400","9,510","9,376.00","9,261.00","9,148.00","9,471.67","9,263.08",30,"9,519","13,647.20","13,353.90","25,301.22","22,255.35"
"2020/11/109,470","9,550","9,380","9,450","9,320.00","9,235.00","9,127.50","9,466.00","9,257.58",0,"30,681","14,961","13,129.65","25,819.95","22,215.24"
"2020/11/099,290","9,470","9,270","9,430","9,264.00","9,197.00","9,110.50","9,460.33","9,251.92",0,"15,831","9,461","12,317.90","25,958.02","21,996.37"
"2020/11/069,270","9,270","9,170","9,220","9,190.00","9,174.00","9,103.00","9,455.33","9,245.42",0,"7,464","7,617","11,807.75","25,876.97","21,977.35"
"2020/11/059,280","9,280","9,140","9,270","9,152.00","9,165.00","9,114.50","9,454.17","9,243.50",0,"4,741","7,889","12,141.80","26,147.58","21,953.64"
"2020/11/049,320","9,320","8,950","9,230","9,146.00","9,137.00","9,119.00","9,454.67","9,241.17",30,"16,087","10,604.00","12,393.45","26,508.63","22,024.83"
"2020/11/039,310","9,320","9,080","9,170","9,150.00","9,124.00","9,121.50","9,454.17","9,238.67",0,"3,182","12,136.60","12,121.25","26,513.90","22,026.76"
"2020/11/029,210","9,210","9,000","9,060","9,130.00","9,099.00","9,126.50","9,454.50","9,234.75",0,"6,611","15,521.40","12,496.30","27,005.25","22,053.39"
"2020/10/309,240","9,410","8,970","9,030","9,158.00","9,078.00","9,129.00","9,454.33","9,232.58",0,"8,824","16,551.60","13,387.65","26,991.47","22,030.86"
"2020/10/299,250","9,300","9,120","9,240","9,178.00","9,065.00","9,125.00","9,455.00","9,231.08",33,"18,316","17,704.20","13,372.00","26,967.77","21,984.54"
"2020/10/288,600","9,300","8,600","9,250","9,128.00","9,035.00","9,106.00","9,452.50","9,228.25",18,"23,750","15,987.40","12,711.35","26,847.98","21,891.52"
"2020/10/279,290","9,290","9,070","9,070","9,098.00","9,020.00","9,084.00","9,449.83","9,224.75",0,"20,106","13,414.40","12,871.25","26,601.50","21,726.76"
"2020/10/269,140","9,230","9,090","9,200","9,068.00","9,024.00","9,089.00","9,451.17","9,221.67",0,"11,762","15,339.00","12,364.10","26,530.87","21,723.97"
"2020/10/238,990","9,200","8,990","9,130","8,998.00","9,032.00","9,093.50","9,452.00","9,214.42",70,"14,587","14,574.80","12,782.85","26,607.45","21,662.22"
"2020/10/229,120","9,190","8,990","8,990","8,952.00","9,064.00","9,121.50","9,456.00","9,208.17",0,"9,732","13,124.60","12,939.40","26,999.92","21,568.78"
"2020/10/218,930","9,190","8,830","9,100","8,942.00","9,101.00","9,159.00","9,458.17","9,202.33",0,"10,885","13,177.00","12,895.90","27,217.18","21,543.67"
"2020/10/208,880","8,950","8,670","8,920","8,942.00","9,119.00","9,192.00","9,457.67","9,194.67",64,"29,729","12,006.80","12,705.90","27,382.67","21,466.95"
"2020/10/198,850","8,950","8,820","8,850","8,980.00","9,154.00","9,231.50","9,456.00","9,189.08",0,"7,941","8,950.20","11,903.15","27,006.70","21,336.46"
"2020/10/169,140","9,160","8,880","8,900","9,066.00","9,180.00","9,279.00","9,452.67","9,182.75",2,"7,336","8,487.60","12,140.15","26,956.25","21,305.29"
"2020/10/159,200","9,370","8,930","8,940","9,176.00","9,185.00","9,327.50","9,449.83","9,176.00",0,"9,994","9,849.40","12,507.60","26,921.88","21,304.26"
"2020/10/149,270","9,270","9,020","9,100","9,260.00","9,177.00","9,376.00","9,444.67","9,169.83",0,"5,034","9,805.40","12,873.25","26,794.20","21,296.88"
"2020/10/139,220","9,270","9,000","9,110","9,296.00","9,148.00","9,416.00","9,436.83","9,162.50",0,"14,446","10,927.20","13,368.85","26,857.00","21,314.47"
"2020/10/129,500","9,500","9,180","9,280","9,328.00","9,154.00","9,445.50","9,431.67","9,154.08",0,"5,628","10,174.60","14,588.95","26,688.98","21,249.74"
"2020/10/089,490","9,490","9,350","9,450","9,294.00","9,155.00","9,481.50","9,426.33","9,145.08",0,"14,145","13,936.60","14,997.50","26,665.52","21,235.26"
"2020/10/079,280","9,390","9,170","9,360","9,194.00","9,179.00","9,516.50","9,414.83","9,133.75",0,"9,774","12,809.80","15,213.40","26,531.87","21,175.95"
"2020/10/069,280","9,320","9,180","9,280","9,094.00","9,217.00","9,545.50","9,407.17","9,123.50",0,"10,643","11,875.60","16,793.95","26,435.33","21,168.95"
"2020/10/059,260","9,420","9,080","9,270","9,000.00","9,265.00","9,604.00","9,401.00","9,114.75",0,"10,683","15,136.60","17,985.90","26,320.92","21,141.27"
"2020/09/299,140","9,230","8,870","9,110","8,980.00","9,309.00","9,663.00","9,395.00","9,106.08",70,"24,438","14,992.60","19,283.50","26,180.75","21,097.42"
"2020/09/289,240","9,240","8,870","8,950","9,016.00","9,378.00","9,717.50","9,392.17","9,097.42",0,"8,511","14,132.40","19,648.30","25,832.47","20,968.47"
"2020/09/258,810","9,180","8,790","8,860","9,164.00","9,470.00","9,790.00","9,392.83","9,088.00",66,"5,103","15,973.80","22,570.70","25,769.13","20,951.87"
"2020/09/249,370","9,370","8,800","8,810","9,340.00","9,575.00","9,857.00","9,395.17","9,077.92",2,"26,948","16,725.60","28,530.15","25,814.05","20,929.21"
"2020/09/239,290","9,500","9,100","9,170","9,530.00","9,684.00","9,909.50","9,400.33","9,068.25",0,"9,963","12,753.00","31,433.45","25,635.47","20,759.06"
"2020/09/229,550","9,650","9,280","9,290","9,638.00","9,737.00","9,931.00","9,399.50","9,054.92",0,"20,137","13,495.20","32,062.40","25,574.05","20,766.78"
"2020/09/219,740","9,840","9,500","9,690","9,740.00","9,808.00","9,946.50","9,396.00","9,041.50",0,"17,718","12,004.00","33,022.65","25,344.13","20,688.63"
"2020/09/189,880","9,880","9,630","9,740","9,776.00","9,854.00","9,943.00","9,388.33","9,022.50",0,"8,862","11,397.40","33,201.05","25,126.28","20,587.98"
"2020/09/179,780","9,900","9,620","9,760","9,810.00","9,874.00","9,947.50","9,379.17","9,001.00",0,"7,085","13,086.40","34,425.45","25,142.98","20,619.63"
"2020/09/169,930","9,930","9,700","9,710","9,838.00","9,943.00","9,942.00","9,370.33","8,979.42",0,"13,674","14,658.60","38,588.85","25,278.25","20,725.01"
"2020/09/1510,050","10,050","9,730","9,800","9,836.00","10,017.00","9,955.50","9,360.50","8,957.42",0,"12,681","19,693.40","41,093.35","25,175.33","20,770.64"
"2020/09/149,990","10,150","9,870","9,870","9,876.00","10,057.00","9,936.50","9,352.67","8,933.00",0,"14,685","19,917.00","43,798.15","25,084.15","20,738.93"
"2020/09/119,810","9,980","9,800","9,910","9,932.00","10,110.00","9,911.50","9,343.67","8,905.83",0,"17,307","20,672.60","45,688.85","25,029.77","20,754.92"
"2020/09/109,840","9,910","9,750","9,900","9,938.00","10,139.00","9,891.00","9,337.83","8,879.92",0,"14,946","25,488.20","49,676.50","24,977.20","20,789.83"
"2020/09/099,890","9,920","9,700","9,700","10,048.00","10,135.00","9,854.50","9,334.50","8,853.25",0,"38,848","29,395.40","50,961.35","25,451.68","21,000.84"
"2020/09/0810,200","10,250","10,000","10,000","10,198.00","10,125.00","9,825.00","9,329.00","8,834.83",0,"13,799","28,952.80","50,967.20","25,117.97","20,903.10"
"2020/09/0710,000","10,300","9,950","10,150","10,238.00","10,085.00","9,781.50","9,312.67","8,815.58",0,"18,463","32,539.80","50,825.65","25,570.18","20,840.37"
"2020/09/0410,000","10,450","9,940","9,940","10,288.00","10,032.00","9,731.50","9,301.83","8,795.92",29,"41,385","42,239.00","51,087.55","27,973.72","20,870.40"
"2020/09/0310,450","10,600","10,300","10,450","10,340.00","10,021.00","9,699.50","9,288.50","8,778.67",0,"34,482","58,820.40","50,338.50","27,715.28","20,884.29"
"2020/09/0210,300","10,550","10,050","10,450","10,222.00","9,941.00","9,637.00","9,267.17","8,760.33",30,"36,635","68,926.80","49,434.55","27,344.82","20,928.72"
"2020/09/0110,400","10,550","10,000","10,200","10,052.00","9,894.00","9,574.00","9,245.33","8,745.50",0,"31,734","66,108.20","49,235.95","26,909.80","20,744.67"
"2020/08/3110,150","10,700","10,100","10,400","9,932.00","9,816.00","9,516.50","9,226.33","8,734.58",0,"66,959","67,629.80","47,938.45","26,551.43","20,569.65"
"2020/08/289,950","10,650","9,890","10,200","9,776.00","9,713.00","9,450.00","9,201.33","8,722.00",0,"124,292","58,495.20","44,960.60","25,589.63","20,165.45"
"2020/08/279,530","10,100","9,510","9,860","9,702.00","9,643.00","9,394.50","9,178.17","8,713.42",0,"85,014","40,306.80","39,302.45","23,643.70","19,165.85"
"2020/08/269,610","9,620","9,360","9,600","9,660.00","9,574.00","9,356.00","9,161.00","8,708.17",0,"22,542","41,374.60","35,499.80","22,604.80","18,518.31"
"2020/08/259,600","9,940","9,540","9,600","9,736.00","9,525.00","9,333.50","9,148.17","8,702.50",0,"39,342","49,619.00","35,166.10","22,453.72","18,364.31"
"2020/08/249,820","9,830","9,220","9,620","9,700.00","9,478.00","9,316.00","9,136.17","8,696.04",0,"21,286","55,106.00","34,016.85","22,180.50","18,131.23"
"2020/08/219,690","10,050","9,600","9,830","9,650.00","9,431.00","9,303.50","9,125.00","8,688.14",0,"33,350","61,348.60","34,859.30","24,943.17","18,051.84"
"2020/08/209,860","10,500","9,610","9,650","9,584.00","9,378.00","9,268.00","9,109.83","8,679.05",37,"90,353","74,090.60","34,330.20","24,626.38","17,991.55"
"2020/08/199,590","9,980","9,400","9,980","9,488.00","9,333.00","9,239.00","9,098.00","8,673.68",0,"63,764","64,148.60","30,853.25","23,214.08","17,334.77"
"2020/08/189,340","10,050","9,290","9,420","9,314.00","9,254.00","9,181.00","9,081.17","8,664.77",29,"66,777","59,188.80","28,023.60","22,292.40","16,849.78"
"2020/08/149,610","9,880","9,210","9,370","9,256.00","9,217.00","9,142.50","9,073.50","8,660.28",0,"52,499","48,027.00","24,930.45","21,313.98","16,418.55"
"2020/08/139,090","9,590","9,090","9,500","9,212.00","9,187.00","9,110.50","9,065.83","8,656.29",0,"97,060","42,267.40","22,569.20","20,679.87","16,160.03"
"2020/08/129,110","9,490","8,910","9,170","9,172.00","9,146.00","9,067.00","9,054.50","8,653.52",0,"40,643","28,136.20","17,832.85","19,209.48","15,585.60"
"2020/08/119,160","9,310","9,050","9,110","9,178.00","9,138.00","9,040.00","9,049.17","8,656.61",42,"38,965","23,288.20","16,240.80","18,610.53","15,281.88"
"2020/08/109,230","9,230","9,070","9,130","9,194.00","9,142.00","9,024.50","9,043.50","8,660.59",0,"10,968","22,027.80","14,510.80","18,034.72","14,984.71"
"2020/08/079,300","9,350","9,040","9,150","9,178.00","9,154.00","9,016.00","9,035.50","8,664.01",0,"23,701","20,991.00","14,173.40","18,077.73","15,022.62"
"2020/08/069,220","9,460","9,160","9,300","9,162.00","9,176.00","8,996.50","9,032.83","8,666.78",0,"26,404","17,731.20","13,294.65","17,759.70","14,984.59"
"2020/08/059,190","9,480","9,150","9,200","9,120.00","9,158.00","8,976.50","9,027.67","8,668.47",0,"16,403","14,676.20","12,173.55","17,541.02","15,001.50"
"2020/08/049,100","9,220","9,050","9,190","9,098.00","9,145.00","8,962.00","9,023.17","8,672.09",0,"32,663","13,187.80","11,542.30","17,539.62","14,952.24"
"2020/08/039,070","9,180","9,040","9,050","9,090.00","9,108.00","8,948.00","9,015.00","8,675.80",0,"5,784","9,828.80","10,023","17,101.53","14,732.38"
"2020/07/319,140","9,370","9,060","9,070","9,130.00","9,068.00","8,942.50","9,010.83","8,680.67",29,"7,402","11,943.40","9,911","17,070.25","14,718.21"
"2020/07/309,090","9,100","8,990","9,090","9,190.00","9,034.00","8,938.50","9,007.17","8,685.78",0,"11,129","18,090.00","9,776","17,001.32","14,689.74"
"2020/07/299,150","9,250","9,010","9,090","9,196.00","8,988.00","8,934.00","9,004.00","8,689.29",42,"8,961","20,417.80","9,610","16,935.05","14,644.07"
"2020/07/289,260","9,300","9,120","9,150","9,192.00","8,942.00","8,935.50","8,999.67","8,693.83",0,"15,868","22,788.40","9,973","16,852.02","14,655.79"
"2020/07/279,410","9,620","9,250","9,250","9,126.00","8,907.00","8,934.00","8,992.17","8,696.29",0,"16,357","21,049.00","9,494","16,917.08","14,633.70"
"2020/07/249,150","9,400","9,100","9,370","9,006.00","8,878.00","8,925.50","8,976.83","8,698.71",0,"38,135","18,760.40","8,993","16,716.98","14,559.61"
"2020/07/239,070","9,150","8,930","9,120","8,878.00","8,817.00","8,918.50","8,960.33","8,698.53",0,"22,768","12,188.20","7,319","16,137.65","14,413.92"
"2020/07/228,990","9,080","8,800","9,070","8,780.00","8,795.00","8,922.00","8,946.50","8,701.56",20,"20,814","8,101","6,673","15,870.15","14,378.27"
"2020/07/218,650","8,830","8,650","8,820","8,692.00","8,779.00","8,930.00","8,931.67","8,705.39",0,"7,171","5,699","6,393","15,551.23","14,433.29"
"2020/07/208,730","8,970","8,620","8,650","8,688.00","8,788.00","8,945.00","8,922.17","8,713.38",66,"4,914","5,138","6,409","15,666.22","14,544.86"
"2020/07/178,630","8,760","8,630","8,730","8,750.00","8,817.00","8,979.00","8,912.83","8,723.18",0,"5,274","4,999","6,524","15,654.33","14,744.37"
"2020/07/168,700","8,700","8,620","8,630","8,756.00","8,843.00","9,009.00","8,902.17","8,734.31",0,"2,333","5,169","6,831","15,686.63","14,762.55"
"2020/07/158,800","8,920","8,600","8,630","8,810.00","8,880.00","9,055.50","8,895.00","8,747.06",0,"8,802","5,499","7,422","15,799.57","14,789.23"
"2020/07/149,070","9,080","8,800","8,800","8,866.00","8,929.00","9,109.00","8,888.17","8,759.41",2,"4,365","4,494","9,153","15,771.95","14,751.89"
"2020/07/138,760","8,960","8,750","8,960","8,888.00","8,961.00","9,137.50","8,876.50","8,771.14",0,"4,220","4,076","9,876","15,810.50","14,756.09"
"2020/07/108,790","8,870","8,760","8,760","8,884.00","8,973.00","9,140.50","8,863.83","8,781.14",0,"6,126","3,940.00","11,711.50","15,805.00","14,766.61"
"2020/07/099,010","9,010","8,880","8,900","8,930.00","9,020.00","9,177.50","8,852.67","8,793.21",0,"3,982","3,657.00","19,538.95","15,820.03","14,775.44"
"2020/07/089,030","9,030","8,870","8,910","8,950.00","9,049.00","9,189.50","8,839.83","8,803.71",0,"3,778","4,420.20","20,633.80","15,902.57","14,779.74"
"2020/07/079,080","9,080","8,890","8,910","8,992.00","9,081.00","9,202.50","8,828.50","8,814.13",0,"2,273","6,911.20","21,058","15,961.62","14,829.85"
"2020/07/069,100","9,100","8,940","8,940","9,034.00","9,102.00","9,214.00","8,817.17","8,824.54",0,"3,541","7,712.20","21,471","16,014.10","14,867.07"
"2020/07/039,110","9,110","8,900","8,990","9,062.00","9,141.00","9,220.00","8,802.67","8,833.92",0,"4,711","8,272.40","21,805","16,104.48","14,913.42"
"2020/07/029,030","9,100","8,930","9,000","9,110.00","9,175.00","9,215.50","8,783.17","8,842.88",0,"7,798","8,259.60","22,032","16,134.60","14,933.47"
"2020/07/019,050","9,140","8,870","9,120","9,148.00","9,231.00","9,206.00","8,760.67","8,850.56",0,"16,233","8,672.80","22,019","16,044.37","15,084.38"
"2020/06/309,300","9,300","9,050","9,120","9,170.00","9,289.00","9,191.50","8,736.17","8,860.82",0,"6,278","8,466.40","22,341","15,882.65","15,044.62"
"2020/06/299,090","9,290","9,080","9,080","9,170.00","9,314.00","9,177.00","8,710.33","8,869.48",0,"6,342","8,711","22,701","15,959.52","15,087.48"
"2020/06/269,210","9,310","9,200","9,230","9,220.00","9,308.00","9,167.00","8,687.00","8,880.87",0,"4,647","8,884","23,532","16,033.12","15,105.08"
"2020/06/259,130","9,300","9,080","9,190","9,240.00","9,335.00","9,153.00","8,656.67","8,892.19",0,"9,864","10,239","32,651.70","16,049.68","15,083.62"
"2020/06/249,020","9,400","9,020","9,230","9,314.00","9,330.00","9,139.50","8,622.83","8,903.85",0,"15,201","11,097","32,875.65","16,096.28","15,029.40"
"2020/06/239,330","9,490","9,120","9,120","9,408.00","9,324.00","9,125.00","8,588.50","8,914.78",0,"7,499","16,740","32,396.35","16,171.77","14,960.18"
"2020/06/229,330","9,500","9,180","9,330","9,458.00","9,326.00","9,117.50","8,554.33","8,926.63",0,"7,210","19,005","32,444.55","16,365.95","15,034.53"
"2020/06/199,530","9,660","9,210","9,330","9,396.00","9,299.00","9,099.00","8,513.33","8,935.93",0,"11,422","25,749.40","32,487.65","16,393.72","15,108.27"
"2020/06/189,800","9,800","9,510","9,560","9,430.00","9,256.00","9,078.00","8,468.00","8,946.03",0,"14,153","56,000.00","32,639.15","16,480.07","15,243.36"
"2020/06/179,370","9,810","9,370","9,700","9,346.00","9,181.00","9,041.00","8,422.00","8,956.60",0,"43,415","58,345.20","32,373.35","16,602.47","15,162.67"
"2020/06/169,030","9,440","9,030","9,370","9,240.00","9,094.00","8,998.50","8,372.00","8,967.19",0,"18,825","52,113","30,437.90","16,550.00","14,945.66"
"2020/06/159,500","9,750","8,900","9,020","9,194.00","9,040.00","8,968.50","8,340.67","8,979.74",0,"40,932","50,455","29,717.45","16,688.23","14,888.63"
"2020/06/129,080","10,800","8,800","9,500","9,202.00","9,026.00","8,950.00","8,318.50","8,994.81",0,"162,675","44,315","28,348.30","16,110.55","14,702.99"
"2020/06/119,190","9,420","9,110","9,140","9,082.00","8,971.00","8,924.50","8,290.00","9,005.08",29,"25,879","13,630","20,445.50","13,767.08","13,481.58"
"2020/06/109,200","9,300","9,100","9,170","9,016.00","8,949.00","8,917.00","8,268.83","9,017.96",0,"12,254","9,961","19,815.70","14,053.30","13,333.59"
"2020/06/099,110","9,150","9,000","9,140","8,948.00","8,926.00","8,905.00","8,253.50","9,029.78",0,"10,534","12,047","20,018.95","14,512.63","13,310.84"
"2020/06/089,050","9,060","8,900","9,060","8,886.00","8,909.00","8,883.00","8,245.67","9,041.86",0,"10,232","12,635.20","19,811.15","14,579.53","13,270.08"
"2020/06/058,860","8,960","8,820","8,900","8,850.00","8,899.00","8,870.00","8,242.83","9,054.60",0,"9,251","15,178.60","19,494.90","14,587.87","13,303.23"
"2020/06/048,890","8,890","8,780","8,810","8,860.00","8,900.00","8,867.50","8,242.67","9,067.88",0,"7,536","50,737.60","19,195.65","14,741.27","13,347.66"
"2020/06/038,770","8,890","8,770","8,830","8,882.00","8,901.00","8,872.00","8,248.67","9,081.92",0,"22,680","52,099.00","19,176.50","14,688.00","13,354.24"
"2020/06/028,890","8,890","8,750","8,830","8,904.00","8,903.00","8,872.00","8,255.33","9,095.38",42,"13,477","48,686.00","18,241.45","14,431.82","13,221.19"
"2020/06/018,950","9,000","8,860","8,880","8,932.00","8,897.00","8,865.50","8,256.83","9,109.65",0,"22,949","47,683.20","18,556.20","14,274.90","13,200.74"
"2020/05/299,500","10,300","8,950","8,950","8,948.00","8,874.00","8,838.00","8,255.92","9,123.50",0,"187,046","44,707.80","17,626.30","14,081.97","13,107.65"
"2020/05/288,850","9,000","8,800","8,920","8,940.00","8,878.00","8,809.50","8,251.28","9,135.97",0,"14,343","10,189.00","8,442.75","11,160.52","11,682.08"
"2020/05/278,980","9,040","8,920","8,940","8,920.00","8,885.00","8,778.00","8,248.27","9,149.88",0,"5,615","9,087.80","8,061.50","11,356.72","11,733.98"
"2020/05/269,050","9,050","8,960","8,970","8,902.00","8,884.00","8,740.00","8,249.37","9,164.02",0,"8,463","8,906.00","7,864.70","11,455.45","11,850.44"
"2020/05/259,150","9,170","8,910","8,960","8,862.00","8,857.00","8,704.00","8,248.37","9,178.71",0,"8,072","8,096.60","8,145.05","11,407.15","11,897.53"
"2020/05/229,000","9,190","8,860","8,910","8,800.00","8,841.00","8,660.50","8,247.07","9,193.08",0,"14,452","9,192.00","7,951.50","11,523.12","12,069.67"
"2020/05/218,850","8,850","8,700","8,820","8,816.00","8,835.00","8,619.50","8,246.75","9,207.48",30,"8,837","7,225.40","7,589.50","11,640.20","12,039.48"
"2020/05/208,850","8,850","8,770","8,850","8,850.00","8,843.00","8,588.50","8,252.55","9,221.02",0,"4,706","8,114.60","7,603.10","11,961.72","12,098.10"
"2020/05/198,670","8,810","8,550","8,770","8,866.00","8,841.00","8,557.00","8,264.05","9,233.13",0,"4,416","10,437.20","7,725.05","11,953.23","12,297.18"
"2020/05/189,000","9,000","8,430","8,650","8,852.00","8,834.00","8,523.50","8,277.68","9,247.10",0,"13,549","10,829.60","7,838.15","11,934.70","12,538.98"
"2020/05/159,100","9,100","8,920","8,990","8,882.00","8,802.00","8,501.00","8,292.52","9,263.26",0,"4,619","8,901.20","7,355.20","11,967.50","12,581.10"
"2020/05/148,930","9,250","8,870","8,990","8,854.00","8,741.00","8,456.00","8,300.73","9,277.38",0,"13,283","8,630.60","7,475.65","12,209.48","12,673.63"
"2020/05/138,700","8,980","8,410","8,930","8,836.00","8,671.00","8,413.00","8,309.27","9,290.32",0,"16,319","7,404.60","7,258.20","12,461.98","12,991.22"
"2020/05/128,700","8,830","8,550","8,700","8,816.00","8,596.00","8,378.00","8,321.02","9,304.14",0,"6,378","4,936.60","6,808.30","12,364.87","13,388.31"
"2020/05/118,790","9,000","8,280","8,800","8,816.00","8,551.00","8,354.50","8,336.60","9,321.48",0,"3,907","7,615.40","6,760.50","12,363.22","13,998.03"
"2020/05/088,900","8,900","8,790","8,850","8,722.00","8,480.00","8,318.00","8,350.52","9,339.57",0,"3,266","7,704.20","7,013.35","12,366.17","14,414.06"
"2020/05/078,830","8,950","8,690","8,900","8,628.00","8,404.00","8,266.50","8,364.40","9,358.03",0,"7,153","7,726.00","7,175.95","12,378.17","14,880.23"
"2020/05/068,720","8,830","8,650","8,830","8,506.00","8,334.00","8,204.00","8,374.58","9,377.28",0,"3,979","7,639.00","6,937.50","12,353.08","15,947.17"
"2020/05/048,320","8,940","8,130","8,700","8,376.00","8,273.00","8,145.00","8,388.00","9,400.29",0,"19,772","7,179.00","7,065.05","12,459.57","18,554.36"
"2020/04/298,380","8,540","8,330","8,330","8,286.00","8,213.00","8,088.50","8,400.42","9,425.98",0,"4,351","6,038.60","6,620.95","12,350.32","42,206.38"
"2020/04/288,430","8,430","8,260","8,380","8,238.00","8,200.00","8,056.00","8,420.58","9,447.19",0,"3,375","6,008.60","6,941.30","12,402.23","42,304.05"
"2020/04/278,180","8,440","8,180","8,290","8,180.00","8,171.00","8,007.50","8,436.73","9,466.80",0,"6,718","6,776.00","7,054.60","12,690.18","42,329.06"
"2020/04/248,250","8,250","8,100","8,180","8,162.00","8,155.00","7,951.00","8,456.62","9,487.16",17,"1,679","7,254.20","7,351.70","12,886.38","42,346.03"
"2020/04/238,180","8,300","8,090","8,250","8,170.00","8,160.00","7,900.50","8,479.12","9,508.43",0,"14,070","8,347.40","8,254.25","13,315.35","42,535.88"
"2020/04/227,920","8,130","7,880","8,090","8,140.00","8,158.00","7,841.50","8,504.60","9,528.73",0,"4,201","6,869.00","8,508.25","13,423.50","42,501.02"
"2020/04/218,300","8,300","7,970","8,090","8,162.00","8,156.00","7,780.50","8,533.53","9,548.76",0,"7,212","6,806.80","8,742.00","13,834.40","42,528.07"
"2020/04/208,220","8,320","8,170","8,200","8,162.00","8,129.00","7,706.50","8,566.45","9,569.58",0,"9,109","6,770.00","9,211.55","13,838.47","42,579.24"
"2020/04/178,290","8,600","8,110","8,220","8,148.00","8,074.00","7,636.50","8,599.12","9,589.89",0,"7,145","6,735.00","9,830.95","13,778.90","42,576.63"
"2020/04/168,460","8,460","7,990","8,100","8,150.00","8,017.00","7,560.50","8,630.65","9,609.63",0,"6,678","6,770.20","11,487.05","13,731.83","42,557.63"
"2020/04/148,040","8,450","8,040","8,200","8,176.00","7,964.00","7,530.00","8,665.78","9,630.77",0,"3,890","6,519.00","12,509.10","13,701.68","42,671.33"
"2020/04/138,220","8,270","8,080","8,090","8,150.00","7,912.00","7,504.50","8,698.45","9,650.29",0,"7,028","7,533.80","12,628.15","13,728.22","42,760.43"
"2020/04/108,280","8,280","8,030","8,130","8,096.00","7,844.00","7,489.50","8,733.75","9,670.73",0,"8,934","7,431.80","13,380.10","13,730.85","42,884.34"
"2020/04/098,240","8,300","8,190","8,230","8,000.00","7,747.00","7,476.50","8,767.58","9,689.63",0,"7,321","6,121.80","15,086.00","13,656.92","42,897.83"
"2020/04/088,070","8,230","7,940","8,230","7,884.00","7,641.00","7,477.50","8,799.75","9,706.52",0,"5,422","5,963.60","16,710.65","13,698.08","42,876.92"
"2020/04/077,870","8,200","7,870","8,070","7,752.00","7,525.00","7,499.50","8,831.92","9,723.79",0,"8,964","7,057.20","17,166.95","13,720.03","42,912.62"
"2020/04/067,530","7,900","7,530","7,820","7,674.00","7,405.00","7,540.50","8,865.17","9,742.40",0,"6,518","7,416.00","17,255.35","13,722.37","42,861.49"
"2020/04/037,580","7,710","7,580","7,650","7,592.00","7,284.00","7,594.00","8,902.58","9,763.49",0,"2,384","7,240.60","17,852.20","13,732.33","42,847.44"
"2020/04/027,600","7,890","7,450","7,650","7,494.00","7,199.00","7,670.00","8,940.45","9,785.21",0,"6,530","9,295.80","17,950.00","14,124.40","42,865.08"
"2020/04/017,950","8,000","7,510","7,570","7,398.00","7,104.00","7,749.00","8,985.47","9,806.52",0,"10,890","11,935.80","17,988.95","14,206.58","42,850.65"
"2020/03/317,540","7,900","7,450","7,680","7,298.00","7,096.00","7,816.50","9,028.63","9,829.70",0,"10,758","13,587.80","17,647.55","14,215.43","42,797.51"
"2020/03/306,980","7,440","6,900","7,410","7,136.00","7,097.00","7,873.75","9,074.73","9,851.17",0,"5,641","13,211.40","17,678.30","14,177.03","42,769.78"
"2020/03/277,400","7,400","6,940","7,160","6,976.00","7,135.00","7,936.85","9,127.72","9,875.27",0,"12,660","15,403.80","17,984.20","14,117.55","42,758.61"
"2020/03/267,070","7,350","7,010","7,170","6,904.00","7,206.00","8,015.80","9,184.87","9,901.47",0,"19,730","17,171.20","18,656.95","13,962.52","42,701.14"
"2020/03/256,880","7,150","6,880","7,070","6,810.00","7,314.00","8,107.60","9,241.07","9,928.38",0,"19,150","21,278.60","18,247.40","13,748.60","42,665.15"
"2020/03/246,750","6,870","6,600","6,870","6,894.00","7,474.00","8,199.60","9,298.93","9,955.72",0,"8,876","22,872.40","17,568.15","13,703.12","42,539.62"
"2020/03/236,410","6,680","6,390","6,610","7,058.00","7,676.00","8,300.20","9,358.53","9,984.33",0,"16,603","22,351.40","17,875.85","13,822.82","42,515.11"
"2020/03/206,520","7,070","6,520","6,800","7,294.00","7,904.00","8,414.25","9,424.07","10,015.10",0,"21,497","23,444.20","18,119.55","14,006.65","42,616.70"
"2020/03/197,260","7,700","6,210","6,700","7,508.00","8,141.00","8,532.65","9,491.20","10,046.28",0,"40,267","27,755.20","18,451.10","13,722.88","42,485.32"
"2020/03/187,570","8,410","7,470","7,490","7,818.00","8,394.00","8,674.65","9,562.38","10,079.49",66,"27,119","27,664.60","16,647.60","13,341.32","42,165.51"
"2020/03/177,370","7,780","7,370","7,690","8,054.00","8,537.00","8,779.55","9,618.82","10,106.52",0,"6,271","25,150.40","15,456.85","13,089.03","41,964.06"
"2020/03/167,640","8,200","7,640","7,790","8,294.00","8,650.50","8,872.05","9,671.12","10,132.27",66,"22,067","26,042.60","15,919.15","13,295.43","41,922.14"
"2020/03/138,240","8,240","7,370","7,870","8,514.00","8,738.70","8,956.70","9,720.17","10,157.18",0,"43,052","25,320.20","15,772.70","13,196.07","41,768.81"
"2020/03/128,670","8,670","8,170","8,250","8,774.00","8,825.60","9,038.30","9,767.08","10,181.04",0,"39,814","17,577.80","15,041.75","12,613.88","41,500.53"
"2020/03/118,970","8,970","8,640","8,670","8,970.00","8,901.20","9,107.55","9,806.07","10,201.33",0,"14,548","11,076.80","13,575.65","12,109.05","41,205.83"
"2020/03/108,530","8,890","8,530","8,890","9,020.00","8,925.20","9,155.80","9,838.05","10,217.73",0,"10,732","8,979.60","13,162.20","11,960.63","41,093.04"
"2020/03/099,160","9,160","8,750","8,890","9,007.00","8,924.40","9,193.05","9,866.37","10,231.49",0,"18,455","9,107.80","12,829.80","12,018.58","41,028.57"
"2020/03/069,240","9,240","9,100","9,170","8,963.40","8,924.50","9,232.70","9,893.10","10,245.65",0,"4,340","7,768.60","12,106.35","11,954.05","40,882.69"
"2020/03/059,350","9,350","9,020","9,230","8,877.20","8,924.30","9,249.75","9,915.17","10,257.08",0,"7,309","12,123.60","12,171.75","12,020.48","40,909.38"
"2020/03/048,910","8,920","8,777","8,920","8,832.40","8,955.30","9,270.00","9,935.43","10,268.02",0,"4,062","12,969.60","12,324.70","12,010.57","40,892.63"
"2020/03/038,748","8,939","8,739","8,825","8,830.40","9,022.10","9,296.25","9,962.47","10,281.92",0,"11,373","13,270.20","12,782.45","12,126.58","41,000.49"
"2020/03/028,557","8,844","8,557","8,672","8,841.80","9,093.60","9,332.00","9,991.08","10,298.22",0,"11,759","14,001.60","12,587.10","12,133.33","40,935.97"
"2020/02/288,653","8,920","8,653","8,739","8,885.60","9,174.70","9,365.85","10,020.65","10,313.80",66,"26,115","15,945.20","13,031.75","12,203.65","40,893.19"
"2020/02/278,834","9,149","8,834","9,006","8,971.40","9,251.00","9,403.05","10,051.48","10,328.03",68,"11,539","16,347.80","12,650.50","12,111.23","40,702.78"
"2020/02/268,634","8,910","8,634","8,910","9,078.20","9,313.90","9,429.25","10,078.67","10,338.44",0,"5,565","14,879.40","13,444.40","12,245.43","40,652.13"
"2020/02/258,596","8,949","8,596","8,882","9,213.80","9,386.40","9,472.70","10,109.05","10,349.66",54,"15,030","14,427.20","14,194.10","12,387.92","40,634.78"
"2020/02/249,168","9,168","8,882","8,891","9,345.40","9,461.70","9,519.90","10,139.10","10,362.69",2,"21,477","14,524.60","14,885.35","12,616.23","40,731.98"
"2020/02/219,635","9,635","9,158","9,168","9,463.80","9,540.90","9,578.60","10,168.20","10,374.07",2,"28,128","14,056.80","14,184.30","12,438.77","40,572.29"
"2020/02/209,588","9,588","9,483","9,540","9,530.60","9,575.20","9,628.20","10,189.50","10,380.74",70,"4,197","14,117.80","13,054.65","12,234.48","40,462.68"
"2020/02/199,635","9,635","9,483","9,588","9,549.60","9,584.70","9,656.80","10,202.22","10,388.69",0,"3,304","15,376.80","13,060.85","12,641.13","40,450.88"
"2020/02/189,397","9,635","9,397","9,540","9,559.00","9,570.40","9,687.80","10,216.52","10,395.84",0,"15,517","15,971.80","13,139.10","13,143.27","40,444.22"
"2020/02/179,540","9,635","9,435","9,483","9,578.00","9,570.40","9,718.80","10,234.00","10,403.00",0,"19,138","13,685.20","12,637.35","13,194.70","40,348.78"
"2020/02/149,635","9,635","9,454","9,502","9,618.00","9,557.00","9,755.05","10,254.03","10,409.04",0,"28,433","10,654.80","12,039.75","13,137.77","40,226.60"
"2020/02/139,683","9,683","8,872","9,635","9,619.80","9,555.10","9,787.95","10,271.37","10,414.92",71,"10,492","6,097.80","10,843.00","13,520.45","40,044.56"
"2020/02/129,540","9,635","9,530","9,635","9,619.80","9,544.60","9,814.20","10,287.27","10,421.29",0,"6,279","6,073.00","10,807.95","14,411.75","39,976.39"
"2020/02/119,588","9,731","9,540","9,635","9,581.80","9,559.00","9,840.45","10,306.35","10,426.86",0,"4,084","7,460.60","10,830.95","15,632.83","39,978.64"
"2020/02/109,511","9,731","9,511","9,683","9,562.80","9,578.10","9,861.95","10,328.62","10,432.42",0,"3,986","8,137.00","11,081.95","16,461.95","39,960.02"
"2020/02/079,540","9,588","9,473","9,511","9,496.00","9,616.30","9,881.05","10,351.67","10,438.39",70,"5,648","11,470.20","11,238.45","17,382.28","39,959.88"
"2020/02/069,521","9,779","9,473","9,635","9,490.40","9,681.20","9,901.60","10,379.98","10,447.78",0,"10,368","14,038.60","12,251.45","19,541.27","39,944.55"
"2020/02/059,540","9,540","9,435","9,445","9,469.40","9,728.90","9,937.40","10,412.58","10,455.33",0,"13,217","17,448.40","12,306.10","24,649.15","40,241.56"
"2020/02/049,177","9,635","9,177","9,540","9,536.20","9,805.20","9,973.15","10,451.53","10,459.31",60,"7,466","18,916.80","12,216.30","72,062.45","40,697.71"
"2020/02/039,483","9,483","9,254","9,349","9,593.40","9,867.20","10,018.45","10,473.80","10,467.26",0,"20,652","23,194.60","12,265.70","72,205.87","40,855.64"
"2020/01/319,540","9,588","9,349","9,483","9,736.60","9,953.10","10,080.45","10,496.87","10,484.75",0,"18,490","20,555.40","11,336.70","71,967.93","40,861.64"
"2020/01/309,779","9,779","9,530","9,530","9,872.00","10,020.80","10,135.75","10,517.70","10,503.91",2,"27,417","17,964.40","10,580.10","71,805.68","40,782.08"
"2020/01/299,874","9,874","9,635","9,779","9,988.40","10,083.80","10,186.35","10,537.75","10,525.86",70,"20,559","13,345.20","9,554.00","71,756.40","40,589.62"
"2020/01/289,874","10,017","9,635","9,826","10,074.20","10,121.90","10,224.50","10,552.85","10,546.53",0,"28,855","10,207.20","9,347.10","71,578.53","40,490.91"
"2020/01/2310,208","10,208","10,017","10,065","10,141.00","10,145.80","10,255.50","10,563.98","10,564.02",0,"7,456","5,532.60","8,707.25","71,221.73","40,296.51"
"2020/01/2210,112","10,256","10,112","10,160","10,169.60","10,145.80","10,279.35","10,572.72","10,579.52",0,"5,535","5,478.60","9,716.10","71,320.02","40,274.03"
"2020/01/2110,208","10,208","10,065","10,112","10,169.60","10,122.00","10,312.75","10,580.67","10,595.02",70,"4,321","5,271.20","9,662.90","71,374.37","40,258.03"
"2020/01/2010,208","10,208","10,065","10,208","10,179.20","10,145.90","10,355.70","10,588.62","10,610.92",0,"4,869","6,365.20","10,315.50","71,383.42","40,277.07"
"2020/01/1710,208","10,256","10,112","10,160","10,169.60","10,141.10","10,389.10","10,595.77","10,627.61",0,"5,482","6,739.20","10,671.15","71,640.98","40,272.02"
"2020/01/1610,208","10,208","10,065","10,208","10,150.60","10,169.70","10,422.50","10,602.13","10,644.70",0,"7,186","7,463.60","11,329.80","71,792.63","40,261.85"
"2020/01/1510,256","10,256","10,112","10,160","10,122.00","10,207.80","10,448.75","10,607.70","10,662.58",0,"4,498","7,449.60","11,775.75","72,037.83","40,282.80"
"2020/01/1410,208","10,208","10,065","10,160","10,074.40","10,250.70","10,475.00","10,611.68","10,678.48",0,"9,791","11,731.60","11,956.90","72,138.75","40,277.86"
"2020/01/1310,065","10,160","9,969","10,160","10,112.60","10,288.90","10,496.45","10,613.28","10,694.38",0,"6,739","12,065.60","11,943.55","72,055.75","40,217.42"
"2020/01/1010,112","10,112","9,874","10,065","10,112.60","10,327.10","10,517.90","10,615.67","10,710.28",0,"9,104","13,002.00","11,888.75","72,105.20","40,257.72"
"2020/01/0910,017","10,160","10,017","10,065","10,188.80","10,365.20","10,544.10","10,619.63","10,727.38",58,"7,116","12,872.00","12,144.00","72,000.62","40,214.16"
"2020/01/0810,256","10,256","9,874","9,922","10,293.60","10,412.90","10,565.55","10,624.40","10,744.07",0,"25,908","11,863.20","12,517.35","71,962.55","40,201.40"
"2020/01/0710,256","10,399","10,160","10,351","10,427.00","10,503.50","10,594.15","10,629.97","10,761.95",70,"11,461","7,353.20","11,638.25","71,605.77","40,040.72"
"2020/01/0610,399","10,446","10,160","10,160","10,465.20","10,565.50","10,598.90","10,627.58","10,777.45",0,"11,421","6,440.00","11,400.90","71,494.72","40,072.99"
"2020/01/0310,637","10,780","10,399","10,446","10,541.60","10,637.10","10,618.00","10,630.77","10,795.73",0,"8,454","7,440.00","11,381.00","71,379.58","40,013.77"
"2020/01/0210,589","10,685","10,494","10,589","10,541.60","10,675.30","10,622.80","10,627.60","10,811.63",70,"2,072","8,960.80","11,547.20","71,362.53","39,990.21"
"2019/12/3010,542","10,637","10,494","10,589","10,532.20","10,689.70","10,615.65","10,622.83","10,826.74",0,"3,358","14,073.00","12,242.50","71,399.67","40,176.53"
"2019/12/2710,542","10,589","10,351","10,542","10,580.00","10,699.30","10,615.65","10,618.07","10,845.83",70,"6,895","14,295.60","13,103.10","71,439.77","40,206.82"
"2019/12/2610,351","10,589","10,351","10,542","10,665.80","10,704.00","10,620.40","10,615.68","10,864.11",0,"16,421","16,391.20","13,737.90","71,581.70","40,189.34"
"2019/12/2410,494","10,589","10,399","10,446","10,732.60","10,708.70","10,629.95","10,612.50","10,882.39",0,"16,058","15,503.40","13,622.55","71,376.12","40,176.90"
"2019/12/2311,019","11,019","10,494","10,542","10,809.00","10,723.00","10,641.90","10,610.12","10,900.28",2,"27,633","16,022.80","14,256.10","71,207.40","40,125.05"
"2019/12/2010,828","10,971","10,828","10,828","10,847.20","10,718.20","10,646.65","10,606.13","10,916.58",30,"4,471","13,717.20","13,415.90","71,226.75","39,954.54"
"2019/12/1910,828","10,971","10,780","10,971","10,818.60","10,684.80","10,627.55","10,601.37","10,927.31",0,"17,373","14,447.20","13,985.90","71,247.77","40,096.59"
"2019/12/1810,923","11,019","10,828","10,876","10,742.20","10,632.30","10,594.15","10,596.60","10,937.64",0,"11,982","12,877.40","14,547.05","70,989.70","40,046.45"
"2019/12/1710,685","10,876","10,637","10,828","10,684.80","10,598.90","10,572.65","10,594.22","10,951.15",0,"18,655","11,609.60","15,619.55","70,839.08","40,008.56"
"2019/12/1610,780","10,828","10,685","10,733","10,637.00","10,570.30","10,560.70","10,593.42","10,965.06",0,"16,105","10,720.40","15,616.95","70,548.85","40,055.28"
"2019/12/1310,589","10,780","10,589","10,685","10,589.20","10,541.60","10,558.30","10,594.20","10,980.16",0,"8,121","10,416.00","15,597.80","70,341.55","40,022.97"
"2019/12/1210,542","10,685","10,494","10,589","10,551.00","10,532.00","10,551.15","10,595.00","10,994.47",0,"9,524","10,457.00","17,761.45","70,387.17","40,072.11"
"2019/12/1110,589","10,637","10,494","10,589","10,522.40","10,536.80","10,551.15","10,596.60","11,009.98",0,"5,643","9,895.00","20,483.75","70,302.62","40,130.00"
"2019/12/1010,542","10,780","10,399","10,589","10,513.00","10,551.20","10,560.70","10,597.40","11,025.48",0,"14,209","10,971.00","24,178.80","70,225.45","40,138.72"
"2019/12/0910,589","10,685","10,446","10,494","10,503.60","10,560.80","10,579.80","10,596.62","11,040.59",70,"14,583","10,484.80","26,159.90","70,038.55","40,093.49"
"2019/12/0610,494","10,589","10,446","10,494","10,494.00","10,575.10","10,608.40","10,598.20","11,058.88",70,"8,326","10,763.80","28,391.05","69,811.33","39,998.08"
"2019/12/0510,542","10,589","10,446","10,446","10,513.00","10,570.30","10,644.20","10,599.00","11,078.75",70,"6,714","13,212.60","34,734.10","69,798.27","39,943.86"
"2019/12/0410,446","10,589","10,446","10,542","10,551.20","10,556.00","10,701.45","10,600.60","11,099.82",70,"11,023","15,788.00","50,240.45","69,774.70","39,948.01"
"2019/12/0310,446","10,589","10,446","10,542","10,589.40","10,546.40","10,763.45","10,601.38","11,118.89",0,"11,778","16,406.20","192,590.05","69,874.40","39,908.38"
"2019/12/0210,589","10,685","10,399","10,446","10,618.00","10,551.10","10,780.15","10,605.35","11,137.58",0,"15,978","19,796.40","192,804.70","69,738.60","39,976.19"
"2019/11/2910,637","10,828","10,494","10,589","10,656.20","10,575.00","10,794.50","10,606.95","11,155.07",0,"20,570","18,766.60","192,324.60","69,582.73","39,894.91"
"2019/11/2810,828","10,923","10,637","10,637","10,627.60","10,570.30","10,801.70","10,604.57","11,170.97",70,"19,591","17,826.80","191,733.85","69,294.33","39,816.94"
"2019/11/2710,637","10,923","10,637","10,733","10,560.80","10,565.50","10,806.50","10,598.22","11,184.08",0,"14,114","19,627.80","191,977.30","69,058.83","39,714.88"
"2019/11/2610,685","10,923","10,446","10,685","10,503.40","10,570.20","10,804.10","10,590.27","11,194.02",70,"28,729","23,491.40","191,765.95","68,881.63","39,655.47"
"2019/11/2510,446","10,685","10,446","10,637","10,484.20","10,598.80","10,794.55","10,586.28","11,204.75",0,"10,829","21,466.20","190,701.85","68,847.73","39,464.95"
"2019/11/2210,303","10,446","10,256","10,446","10,493.80","10,641.70","10,792.15","10,579.93","11,216.67",0,"15,871","22,444.80","190,828.05","68,705.82","39,394.84"
"2019/11/2110,446","10,446","10,160","10,303","10,513.00","10,718.10","10,801.70","10,571.98","11,229.40",0,"28,596","29,549.40","190,474.30","68,690.88","39,343.26"
"2019/11/2010,589","10,685","10,399","10,446","10,570.20","10,846.90","10,816.00","10,575.17","11,244.11",0,"33,432","36,624.20","189,287.70","68,260.63","39,179.69"
"2019/11/1910,589","10,685","10,494","10,589","10,637.00","10,980.50","10,825.55","10,575.17","11,260.41",70,"18,603","45,846.60","188,632.25","67,745.18","38,946.90"
"2019/11/1810,494","10,733","10,494","10,685","10,713.40","11,009.20","10,823.20","10,572.00","11,274.33",0,"15,722","52,892.20","188,431.15","67,502.85","38,914.28"
"2019/11/1510,542","10,637","10,446","10,542","10,789.60","11,014.00","10,816.05","10,564.05","11,290.63",0,"51,394","61,589.00","188,739.95","67,315.43","38,869.63"
"2019/11/1410,685","11,066","10,589","10,589","10,923.20","11,033.10","10,808.90","10,558.48","11,308.91",0,"63,970","78,347.60","186,697.90","66,568.67","38,517.43"
"2019/11/1310,876","10,971","10,542","10,780","11,123.60","11,047.50","10,792.25","10,555.32","11,327.20",0,"79,544","128,921.80","183,739.95","65,541.03","38,157.22"
"2019/11/1211,066","11,114","10,780","10,971","11,324.00","11,038.00","10,768.40","10,547.37","11,341.51",0,"53,831","684,616.00","180,248.05","64,324.45","37,632.88"
"2019/11/1111,066","11,257","11,019","11,066","11,305.00","10,990.30","10,735.00","10,536.23","11,353.83",0,"59,206","677,064.00","177,697.95","63,458.08","37,351.35"
"2019/11/0811,591","11,639","11,114","11,210","11,238.40","10,942.60","10,699.25","10,525.12","11,368.54",38,"135,187","666,498.00","174,979.25","62,537.47","37,000.44"
"2019/11/0711,687","11,734","11,114","11,591","11,143.00","10,885.30","10,651.55","10,515.57","11,382.05",37,"316,841","641,211.60","168,444.95","60,347.83","36,070.01"
"2019/11/0610,780","14,119","10,780","11,782","10,971.40","10,785.10","10,582.40","10,498.08","11,390.80",29,"2,858,015","582,735.40","152,842.80","55,833.97","33,520.30"
"2019/11/0510,780","11,066","10,685","10,876","10,752.00","10,670.60","10,510.85","10,467.08","11,397.96",0,"16,071","13,109.80","10,167.70","9,332.97","9,834.02"
"2019/11/0410,733","10,971","10,637","10,733","10,675.60","10,637.20","10,479.85","10,460.72","11,411.47",0,"6,376","11,385.00","9,735.70","9,505.42","9,794.51"
"2019/11/0110,685","10,876","10,542","10,733","10,646.80","10,618.10","10,458.35","10,472.63","11,426.57",0,"8,755","12,780.40","9,631.90","9,755.35","9,883.58"
"2019/10/3110,685","10,733","10,208","10,733","10,627.60","10,584.70","10,436.85","10,490.12","11,445.64",20,"24,460","12,788.60","9,482.35","9,758.48","10,039.09"
"2019/10/3010,542","10,685","10,399","10,685","10,598.80","10,537.00","10,420.15","10,513.97","11,465.91",0,"9,887","8,869.40","9,029.90","9,422.83","10,032.33"
"2019/10/2910,446","10,637","10,446","10,494","10,589.20","10,498.80","10,403.45","10,540.20","11,488.17",30,"7,447","10,956.60","8,739.85","9,403.28","11,050.65"
"2019/10/2810,589","10,637","10,494","10,589","10,598.80","10,479.70","10,393.90","10,564.05","11,504.86",0,"13,353","12,383.40","8,664.25","9,371.28","11,069.39"
"2019/10/2510,780","10,780","10,446","10,637","10,589.40","10,455.90","10,379.60","10,586.32","11,520.37",30,"8,796","14,092.40","9,436.30","9,228.05","11,089.66"
"2019/10/2410,780","10,780","10,494","10,589","10,541.80","10,417.80","10,374.85","10,609.37","11,534.28",0,"4,864","14,443.80","9,283.10","9,141.70","11,184.96"
"2019/10/2310,542","10,685","10,446","10,637","10,475.20","10,379.70","10,379.65","10,633.22","11,547.41",0,"20,323","14,433.20","9,134.35","9,170.72","11,270.95"
"2019/10/2210,542","10,637","10,351","10,542","10,408.40","10,351.10","10,384.45","10,659.45","11,559.73",0,"14,581","12,309.80","8,265.45","8,903.05","11,190.32"
"2019/10/2110,399","10,733","10,303","10,542","10,360.60","10,322.50","10,396.35","10,687.27","11,572.45",0,"21,898","9,959.40","7,598.45","8,731.07","11,370.51"
"2019/10/1810,399","10,399","10,208","10,399","10,322.40","10,298.60","10,408.25","10,717.47","11,581.99",0,"10,553","6,546.20","6,686.90","8,527.77","11,317.49"
"2019/10/1710,399","10,399","10,256","10,256","10,293.80","10,289.00","10,424.95","10,745.28","11,593.52",0,"4,811","5,335.80","6,702.15","8,416.97","11,317.93"
"2019/10/1610,303","10,399","10,208","10,303","10,284.20","10,303.30","10,446.40","10,775.48","11,606.23",70,"9,706","5,333.20","6,684.15","8,379.08","11,333.25"
"2019/10/1510,399","10,399","10,208","10,303","10,293.80","10,308.10","10,463.10","10,804.90","11,619.35",0,"2,829","4,294.60","6,249.50","8,410.23","11,328.68"
"2019/10/1410,351","10,351","10,256","10,351","10,284.40","10,308.10","10,475.05","10,835.12","11,632.87",0,"4,832","5,215.00","6,257.80","8,427.70","11,414.06"
"2019/10/1110,160","10,303","10,065","10,256","10,274.80","10,303.30","10,486.95","10,863.73","11,645.98",0,"4,501","5,108.60","6,063.70","8,440.25","11,509.67"
"2019/10/1010,446","10,446","10,208","10,208","10,284.20","10,331.90","10,501.25","10,893.93","11,658.70",70,"4,798","5,361.20","6,215.75","8,475.68","11,603.92"
"2019/10/0810,256","10,399","10,208","10,351","10,322.40","10,379.60","10,517.95","10,927.32","11,671.82",0,"4,513","7,483.80","6,240.85","8,651.27","11,652.80"
"2019/10/0710,446","10,446","10,160","10,256","10,322.40","10,417.80","10,529.85","10,960.70","11,684.53",0,"7,431","7,398.40","6,865.45","8,647.95","11,752.08"
"2019/10/0410,208","10,446","10,208","10,303","10,331.80","10,470.20","10,556.05","10,995.67","11,698.04",0,"4,300","7,099.20","6,675.40","8,617.88","11,783.06"
"2019/10/0210,112","10,446","10,112","10,303","10,331.80","10,517.90","10,568.00","11,030.65","11,711.96",0,"5,764","11,998.00","6,791.70","8,953.40","11,774.38"
"2019/10/0110,112","10,446","10,065","10,399","10,379.60","10,560.90","10,575.15","11,073.58","11,725.08",0,"15,411","11,991.60","6,666.80","8,973.87","11,801.83"
"2019/09/3010,303","10,446","10,208","10,351","10,436.80","10,589.50","10,568.00","11,112.53","11,737.39",0,"4,086","9,287.20","6,169.30","8,796.98","11,692.69"
"2019/09/2710,351","10,351","10,112","10,303","10,513.20","10,618.10","10,563.25","11,152.28","11,750.11",71,"5,935","9,059.00","6,139.10","8,977.68","11,667.30"
"2019/09/2610,494","10,542","10,017","10,303","10,608.60","10,642.00","10,570.40","11,190.45","11,762.83",0,"28,794","8,120.20","7,177.10","9,042.70","11,624.36"
"2019/09/2510,685","10,685","10,494","10,542","10,704.00","10,670.60","10,568.05","11,227.02","11,775.56",0,"5,732","3,094.80","5,853.10","8,682.33","11,432.52"
"2019/09/2410,733","10,733","10,589","10,685","10,742.20","10,670.60","10,539.40","11,253.25","11,786.29",0,"1,889","4,120.00","6,315.25","8,945.42","11,402.43"
"2019/09/2310,685","10,780","10,637","10,733","10,742.20","10,656.30","10,529.85","11,278.68","11,796.23",0,"2,945","4,632.40","6,359.85","9,103.20","11,414.04"
"2019/09/2010,780","10,828","10,637","10,780","10,723.00","10,641.90","10,515.50","11,308.08","11,805.37",30,"1,241","4,246.00","6,337.85","9,178.03","11,482.42"
"2019/09/1910,733","10,828","10,637","10,780","10,675.40","10,641.90","10,496.45","11,336.70","11,814.91",0,"3,667","4,596.80","6,478.95","9,561.72","11,492.81"
"2019/09/1810,685","10,876","10,637","10,733","10,637.20","10,618.10","10,467.85","11,366.12","11,824.85",0,"10,858","4,053.40","6,519.45","9,704.38","11,552.68"
"2019/09/1710,637","10,828","10,542","10,685","10,599.00","10,589.40","10,441.60","11,393.93","11,835.18",0,"4,451","3,390.20","6,305.95","9,757.05","11,494.45"
"2019/09/1610,637","10,637","10,446","10,637","10,570.40","10,546.50","10,427.30","11,423.35","11,846.31",0,"1,013","3,560.00","6,199.00","9,957.38","11,497.87"
"2019/09/1110,685","10,685","10,494","10,542","10,560.80","10,508.40","10,410.60","11,453.57","11,857.83",0,"2,995","6,758.40","6,475.80","10,051.98","11,687.85"
"2019/09/1010,542","10,637","10,446","10,589","10,608.40","10,498.80","10,398.65","11,484.57","11,871.35",0,950,"6,885.40","6,418.50","10,148.43","11,680.23"
"2019/09/0910,542","10,685","10,446","10,542","10,599.00","10,465.50","10,389.15","11,519.55","11,884.87",0,"7,542","8,020.60","6,569.45","10,184.83","11,692.03"
"2019/09/0610,733","10,733","10,399","10,542","10,579.80","10,408.20","10,393.90","11,558.50","11,898.78",38,"5,300","7,165.40","6,382.80","10,089.45","11,841.35"
"2019/09/0510,637","10,876","10,303","10,589","10,522.60","10,403.40","10,393.90","11,599.03","11,913.48",37,"17,005","7,197.60","8,418.25","10,121.32","11,852.29"
"2019/09/0410,351","10,780","10,351","10,780","10,456.00","10,389.10","10,360.55","11,636.40","11,929.38",18,"3,630","4,493.00","10,965.75","9,942.37","11,751.05"
"2019/09/0310,446","10,685","10,303","10,542","10,389.20","10,351.00","10,346.25","11,669.80","11,942.90",0,"6,626","9,106.00","12,105.15","10,213.78","11,755.67"
"2019/09/0210,208","10,446","10,208","10,446","10,332.00","10,317.60","10,391.55","11,703.18","11,959.99",70,"3,266","8,243.60","12,842.45","10,207.08","11,714.68"
"2019/08/3010,303","10,399","10,208","10,256","10,236.60","10,293.80","10,458.35","11,737.37","11,977.88",0,"5,461","10,585.40","13,126.30","10,339.55","11,852.70"
"2019/08/2910,589","10,637","10,256","10,256","10,284.20","10,308.10","10,553.75","11,769.95","11,995.77",0,"3,482","10,049.40","13,069.30","10,370.93","11,818.73"
"2019/08/2810,351","11,210","10,065","10,446","10,322.20","10,312.80","10,653.90","11,797.77","12,014.44",70,"26,695","9,854.00","13,330.90","10,429.32","11,813.18"
"2019/08/2710,303","10,351","10,065","10,256","10,312.80","10,298.50","10,727.85","11,823.22","12,030.34",69,"2,314","5,327.60","12,272.50","10,082.17","11,613.31"
"2019/08/2610,494","10,494","9,969","9,969","10,303.20","10,312.80","10,811.30","11,853.42","12,050.22",2,"14,975","5,760.20","12,394.75","10,083.87","11,854.72"
"2019/08/2310,494","10,494","10,303","10,494","10,351.00","10,379.60","10,913.85","11,886.82","12,069.30",70,"2,781","4,082.80","11,826.75","9,995.63","11,775.20"
"2019/08/2210,494","10,494","10,303","10,446","10,332.00","10,384.40","10,990.15","11,913.05","12,085.60",0,"2,505","3,989.00","12,017.95","10,098.75","11,801.98"
"2019/08/2110,256","10,446","10,208","10,399","10,303.40","10,332.00","11,078.40","11,945.65","12,099.52",0,"4,063","4,797.80","12,105.85","10,148.62","12,034.58"
"2019/08/2010,589","10,589","10,112","10,208","10,284.20","10,341.50","11,169.00","11,976.65","12,113.42",0,"4,477","4,355.00","12,115.80","10,325.72","12,015.51"
"2019/08/1910,399","10,399","10,208","10,208","10,322.40","10,465.50","11,276.30","12,017.20","12,129.33",0,"6,588","4,253.40","12,376.95","10,423.82","11,996.60"
"2019/08/1610,303","10,446","10,160","10,399","10,408.20","10,622.90","11,369.30","12,059.33","12,145.63",0,"2,312","3,697.60","12,242.80","10,466.20","11,965.58"
"2019/08/1410,637","10,637","10,208","10,303","10,436.80","10,799.40","11,452.75","12,099.08","12,160.73",0,"6,549","12,437.00","12,254.10","10,773.40","11,959.98"
"2019/08/1310,494","10,494","10,303","10,303","10,360.60","10,995.00","11,541.00","12,135.65","12,176.63",0,"1,849","24,718.20","12,505.40","10,941.30","11,925.18"
"2019/08/1210,876","10,876","10,399","10,399","10,398.80","11,157.20","11,631.65","12,171.43","12,192.53",0,"3,969","29,632.00","12,606.80","11,244.62","11,925.66"
"2019/08/0910,494","10,780","10,446","10,637","10,608.60","11,309.80","11,715.10","12,211.97","12,207.63",0,"3,809","33,112.60","12,687.60","11,463.42","12,003.64"
"2019/08/0810,112","11,066","9,969","10,542","10,837.60","11,448.10","11,786.65","12,248.53","12,218.76",0,"46,009","34,139.40","12,828.50","11,792.18","12,013.78"
"2019/08/0710,494","10,780","9,874","9,922","11,162.00","11,595.90","11,870.10","12,283.52","12,231.08",0,"67,955","25,801.80","11,294.70","11,206.63","11,674.73"
"2019/08/0610,828","11,305","10,446","10,494","11,629.40","11,824.80","11,991.70","12,328.83","12,249.76",0,"26,418","13,953.60","8,112.65","10,335.07","11,155.97"
"2019/08/0511,782","12,402","10,637","11,448","11,915.60","11,996.50","12,084.70","12,362.22","12,264.07",0,"21,372","9,775.40","7,073.10","10,083.60","10,983.13"
"2019/08/0212,164","12,164","11,639","11,782","12,011.00","12,087.10","12,132.40","12,380.50","12,270.83",0,"8,943","6,452.80","7,226.05","10,011.80","10,835.14"
"2019/08/0112,307","12,307","12,020","12,164","12,058.60","12,115.70","12,187.25","12,401.17","12,272.81",0,"4,321","5,387.20","7,128.50","10,319.70","10,825.15"
"2019/07/3111,925","12,784","11,925","12,259","12,029.80","12,106.10","12,215.85","12,417.85","12,270.82",0,"8,714","5,844.00","7,152.35","10,641.82","10,812.29"
"2019/07/3012,164","12,354","11,830","11,925","12,020.20","12,087.00","12,239.70","12,436.13","12,267.63",49,"5,527","4,953.80","7,463.05","12,698.02","10,767.78"
"2019/07/2912,259","12,307","11,639","11,925","12,077.40","12,106.10","12,273.10","12,445.67","12,266.84",0,"4,759","4,700.80","7,678.50","12,767.50","10,741.68"
"2019/07/2612,164","12,164","11,877","12,020","12,163.20","12,120.40","12,301.70","12,454.42","12,266.05",70,"3,615","5,689.00","7,799.15","12,951.27","10,733.92"
"2019/07/2512,354","12,354","11,877","12,020","12,172.80","12,125.20","12,306.50","12,459.20","12,264.07",0,"6,605","5,747.00","8,694.25","13,228.22","10,745.75"
"2019/07/2412,211","12,354","12,116","12,211","12,182.40","12,144.30","12,316.05","12,461.60","12,261.68",70,"4,263","4,933.60","8,931.80","13,371.18","10,729.96"
"2019/07/2312,307","12,402","12,116","12,211","12,153.80","12,158.60","12,330.35","12,460.02","12,258.11",0,"4,262","6,396.00","9,090.40","13,477.58","10,719.80"
"2019/07/2212,068","12,354","12,068","12,354","12,134.80","12,172.90","12,344.65","12,457.63","12,254.13",0,"9,700","6,319.00","10,090.40","14,009.95","10,719.76"
"2019/07/1912,068","12,211","11,973","12,068","12,077.60","12,177.70","12,354.20","12,446.52","12,249.37",0,"3,905","5,496.00","10,216.75","14,107.22","10,788.17"
"2019/07/1812,259","12,259","11,925","12,068","12,077.60","12,258.80","12,370.90","12,441.75","12,247.38",70,"2,538","6,040.40","10,722.40","14,218.90","10,782.81"
"2019/07/1712,211","12,307","11,925","12,068","12,106.20","12,325.60","12,390.00","12,436.98","12,244.60",0,"11,575","8,599.40","11,419.05","14,287.42","10,771.90"
"2019/07/1612,164","12,211","11,973","12,116","12,163.40","12,392.40","12,409.10","12,433.80","12,241.82",0,"3,877","7,147.20","11,174.75","14,247.13","10,726.29"
"2019/07/1512,116","12,211","12,020","12,068","12,211.00","12,440.10","12,423.40","12,430.62","12,239.03",0,"5,585","7,497.20","11,420.00","14,400.42","10,712.53"
"2019/07/1212,402","12,402","12,068","12,068","12,277.80","12,483.00","12,454.40","12,428.23","12,236.25",0,"6,627","11,266.40","11,297.45","14,579.08","10,730.28"
"2019/07/1112,450","12,641","12,116","12,211","12,440.00","12,487.80","12,494.95","12,423.47","12,234.66",0,"15,333","11,339.40","11,057.05","14,732.15","10,682.12"
"2019/07/1012,211","12,879","12,211","12,354","12,545.00","12,487.80","12,533.10","12,416.32","12,231.48",66,"4,314","9,232.40","10,651.00","14,654.33","10,593.44"
"2019/07/0912,307","12,736","12,259","12,354","12,621.40","12,502.10","12,556.95","12,408.37","12,225.92",0,"5,627","11,355.20","10,748.70","14,856.20","10,587.89"
"2019/07/0812,831","12,831","12,354","12,402","12,669.20","12,516.40","12,578.45","12,400.42","12,221.16",0,"24,431","12,197.00","11,463.10","14,948.23","10,566.92"
"2019/07/0512,736","13,070","12,593","12,879","12,688.20","12,530.70","12,585.60","12,393.27","12,216.78",0,"6,992","8,745.20","10,552.75","14,595.35","10,393.29"
"2019/07/0412,831","12,831","12,497","12,736","12,535.60","12,483.00","12,566.50","12,376.57","12,207.64",0,"4,798","11,650.20","10,763.85","14,629.80","10,378.73"
"2019/07/0312,641","12,784","12,545","12,736","12,430.60","12,454.40","12,540.25","12,362.25","12,199.29",30,"14,928","12,961.80","10,891.15","14,588.40","10,601.90"
"2019/07/0212,593","12,784","12,497","12,593","12,382.80","12,425.80","12,499.70","12,347.93","12,195.32",0,"9,836","11,463.20","10,494.00","14,356.92","10,487.16"
"2019/07/0112,116","12,545","12,116","12,497","12,363.60","12,406.70","12,468.70","12,335.22","12,192.13",0,"7,172","14,348.40","10,295.50","14,206.02","10,454.32"
"2019/06/2812,307","12,784","12,068","12,116","12,373.20","12,425.80","12,447.25","12,324.10","12,188.96",66,"21,517","15,359.40","10,057.70","14,182.70","10,515.47"
"2019/06/2712,402","12,688","12,211","12,211","12,430.40","12,502.10","12,440.10","12,319.33","12,189.75",0,"11,356","13,859.60","9,465.90","13,859.45","10,380.39"
"2019/06/2612,497","12,497","12,259","12,497","12,478.20","12,578.40","12,432.95","12,313.77","12,192.53",0,"7,435","14,882.60","9,346.50","13,724.88","10,305.98"
"2019/06/2512,450","12,545","12,307","12,497","12,468.80","12,611.80","12,428.20","12,302.65","12,192.14",0,"24,262","14,733.40","9,249.60","13,786.82","10,309.35"
"2019/06/2412,641","12,641","12,259","12,545","12,449.80","12,640.50","12,416.30","12,293.12","12,193.73",0,"12,227","11,637.40","8,770.95","13,423.90","10,127.99"
"2019/06/2112,688","12,688","12,307","12,402","12,478.40","12,640.50","12,421.10","12,283.58","12,193.78",30,"14,018","9,818.80","8,677.75","13,400.98","10,068.73"
"2019/06/2012,593","12,688","12,402","12,450","12,573.80","12,650.00","12,437.80","12,276.43","12,194.64",70,"16,471","7,379.00","8,433.40","13,231.85","9,983.23"
"2019/06/1912,450","12,593","12,402","12,450","12,678.60","12,626.10","12,454.50","12,269.27","12,195.10",0,"6,689","5,527.20","8,647.05","13,038.35","9,910.48"
"2019/06/1812,688","12,974","12,354","12,402","12,754.80","12,573.60","12,456.85","12,262.10","12,194.42",0,"8,782","5,443.00","9,143.75","13,323.72","9,914.36"
"2019/06/1713,165","13,165","12,641","12,688","12,831.20","12,530.70","12,459.25","12,258.13","12,192.23",34,"3,134","7,669.60","9,707.05","13,212.02","9,883.99"
"2019/06/1413,118","13,118","12,784","12,879","12,802.60","12,468.70","12,466.40","12,250.18","12,186.91",0,"1,819","8,287.60","10,405.20","13,199.22","9,901.35"
"2019/06/1312,879","12,974","12,497","12,974","12,726.20","12,378.10","12,464.00","12,239.05","12,179.23",30,"7,212","10,166.60","11,491.00","13,593.25","9,911.99"
"2019/06/1212,974","12,974","12,545","12,831","12,573.60","12,287.50","12,447.35","12,227.93","12,172.28",0,"6,268","10,193.00","11,674.20","13,583.27","9,870.48"
"2019/06/1112,497","13,070","12,497","12,784","12,392.40","12,244.60","12,437.85","12,222.37","12,166.15",0,"19,915","10,336.40","12,143.85","13,559.73","9,832.49"
"2019/06/1012,450","12,641","12,307","12,545","12,230.20","12,192.10","12,423.50","12,216.00","12,159.27",0,"6,224","7,526.60","11,714.60","13,297.55","9,713.35"
"2019/06/0712,259","12,593","12,068","12,497","12,134.80","12,201.70","12,423.50","12,216.80","12,153.99",0,"11,214","6,765.00","12,256.60","13,222.28","9,746.43"
"2019/06/0512,068","12,354","11,830","12,211","12,030.00","12,225.60","12,449.75","12,218.40","12,150.64",0,"7,344","6,458.40","13,066.75","13,365.85","9,719.75"
"2019/06/0412,068","12,116","11,925","11,925","12,001.40","12,282.90","12,497.45","12,221.58","12,146.25",0,"6,985","6,783.20","13,881.95","13,266.52","9,688.58"
"2019/06/0312,164","12,164","11,877","11,973","12,096.80","12,340.10","12,569.00","12,231.12","12,145.76",0,"5,866","6,485.60","20,137.00","13,197.05","9,644.33"
"2019/05/3111,973","12,164","11,973","12,068","12,154.00","12,387.80","12,595.20","12,237.47","12,145.63",0,"2,416","8,250.20","20,328.50","13,144.45","9,606.62"
"2019/05/3012,116","12,116","11,877","11,973","12,268.60","12,464.10","12,614.30","12,247.02","12,145.09",0,"9,681","9,839.60","20,996.95","13,625.57","9,599.20"
"2019/05/2912,402","12,402","12,020","12,068","12,421.20","12,549.90","12,631.00","12,251.78","12,145.34",0,"8,968","9,729.60","21,524.50","13,554.77","9,543.51"
"2019/05/2812,450","12,450","12,211","12,402","12,564.40","12,607.20","12,635.80","12,258.15","12,143.66",69,"5,497","12,084.80","21,835.25","13,505.22","9,493.88"
"2019/05/2712,688","12,736","12,116","12,259","12,583.40","12,631.10","12,621.50","12,253.38","12,139.19",42,"14,689","14,310.00","22,092.75","13,920.55","9,452.97"
"2019/05/2412,736","12,831","12,450","12,641","12,621.60","12,654.90","12,611.95","12,250.20","12,135.92",30,"10,363","15,381.80","23,168.50","13,705.30","9,335.74"
"2019/05/2312,784","12,831","12,593","12,736","12,659.60","12,645.30","12,564.25","12,241.45","12,129.08",0,"9,131","16,728.60","23,427.15","13,569.38","9,256.80"
"2019/05/2212,450","12,879","12,450","12,784","12,678.60","12,673.90","12,516.55","12,231.92","12,121.83",0,"20,744","19,609.40","23,500.90","13,464.97","9,199.37"
"2019/05/2112,497","12,688","12,354","12,497","12,650.00","12,712.00","12,466.45","12,222.37","12,114.18",0,"16,623","17,635.80","22,796.15","13,146.55","9,042.63"
"2019/05/2013,022","13,022","12,402","12,450","12,678.80","12,797.90","12,435.45","12,217.60","12,109.69",0,"20,048","17,443.40","22,422.90","12,909.07","8,921.71"
"2019/05/1712,974","13,118","12,784","12,831","12,688.20","12,802.60","12,409.20","12,213.62","12,104.45",0,"17,097","15,699.80","22,074.20","12,606.70","8,760.97"
"2019/05/1612,641","13,070","12,497","12,831","12,631.00","12,764.50","12,363.90","12,203.28","12,097.17",0,"23,535","15,693.20","22,034.60","12,543.87","8,640.92"
"2019/05/1512,688","12,879","12,545","12,641","12,669.20","12,712.10","12,311.45","12,188.98","12,089.52",30,"10,876","16,469.60","21,648.40","12,235.37","8,462.99"
"2019/05/1412,450","12,879","12,164","12,641","12,774.00","12,664.40","12,268.50","12,178.63","12,081.54",0,"15,661","19,024.00","21,637.80","12,142.83","8,374.26"
"2019/05/1312,402","12,736","12,402","12,497","12,917.00","12,611.90","12,230.30","12,170.68","12,073.57",0,"11,330","42,309.00","21,676.05","11,976.87","8,264.75"
"2019/05/1013,118","13,118","12,545","12,545","12,917.00","12,569.00","12,199.30","12,165.92","12,067.17",42,"17,064","41,982.20","21,667.00","11,882.67","8,207.25"
"2019/05/0913,165","13,595","12,927","13,022","12,898.00","12,483.20","12,170.70","12,161.15","12,061.13",0,"27,417","41,726.40","20,976.70","11,658.48","8,080.63"
"2019/05/0813,356","13,356","12,927","13,165","12,755.00","12,359.20","12,113.45","12,144.45","12,050.74",0,"23,648","40,289.40","20,058.80","11,330.60","7,890.10"
"2019/05/0712,497","14,501","12,450","13,356","12,554.80","12,220.90","12,049.05","12,123.78","12,042.97",0,"132,086","38,596.40","18,992.10","10,982.77","7,763.77"
"2019/05/0312,450","12,593","12,354","12,497","12,306.80","12,073.00","11,975.10","12,099.13","12,030.55",0,"9,696","14,308.60","12,439.75","8,837.55","6,705.14"
"2019/05/0212,307","12,497","12,164","12,450","12,221.00","12,015.80","11,941.75","12,088.02","12,025.29",0,"15,785","19,610.20","11,994.05","8,715.87","6,647.91"
"2019/04/3012,164","12,402","12,116","12,307","12,068.40","11,963.30","11,910.75","12,077.68","12,021.19",0,"20,232","19,560.40","11,493.45","8,516.58","6,541.10"
"2019/04/2912,116","12,259","11,877","12,164","11,963.40","11,910.80","11,886.90","12,068.93","12,017.14",12,"15,183","17,635.20","10,587.95","8,263.28","6,458.31"
"2019/04/2612,020","12,116","11,830","12,116","11,887.00","11,872.60","11,872.55","12,061.77","12,012.76",0,"10,647","15,928.40","9,992.90","8,088.73","6,350.88"
"2019/04/2511,687","12,164","11,639","12,068","11,839.20","11,848.70","11,858.25","12,056.20","12,009.16",70,"36,204","15,630.60","10,018.10","7,962.02","6,290.35"
"2019/04/2411,830","11,830","11,639","11,687","11,810.60","11,829.60","11,851.10","12,050.63","12,004.06",0,"15,536","11,004.60","8,332.25","7,429.57","6,103.70"
"2019/04/2311,877","11,877","11,687","11,782","11,858.20","11,858.20","11,865.40","12,052.22","12,002.51",0,"10,606","11,158.40","8,098.05","7,469.12","6,101.17"
"2019/04/2211,830","11,877","11,782","11,782","11,858.20","11,867.70","11,874.95","12,053.02","12,002.83",70,"6,649","12,199.40","7,761.25","7,346.72","6,071.49"
"2019/04/1911,877","11,973","11,782","11,877","11,858.20","11,877.20","11,886.85","12,052.22","12,004.67",0,"9,158","13,002.40","7,671.85","7,256.38","6,159.24"
"2019/04/1811,925","11,925","11,734","11,925","11,858.20","11,877.20","11,894.00","12,049.83","12,007.25",30,"13,074","14,456.00","8,404.50","7,205.45","6,107.32"
"2019/04/1711,830","11,925","11,734","11,925","11,848.60","11,867.70","11,905.95","12,047.45","12,009.42",0,"16,305","14,071.00","7,854.80","7,024.65","6,102.56"
"2019/04/1611,830","11,877","11,687","11,782","11,858.20","11,858.20","11,920.25","12,044.27","12,012.74",0,"15,811","11,461.60","7,157.85","6,881.47","6,028.90"
"2019/04/1511,877","11,925","11,734","11,782","11,877.20","11,863.00","11,941.70","12,045.85","12,019.53",0,"10,664","10,111.20","7,640.35","6,632.08","5,906.13"
"2019/04/1211,925","12,068","11,782","11,877","11,896.20","11,872.50","11,967.95","12,046.65","12,026.33",70,"16,426","8,441.20","7,437.80","6,532.55","5,850.05"
"2019/04/1111,973","11,973","11,782","11,877","11,896.20","11,867.80","11,998.95","12,043.48","12,032.33",0,"11,149","5,363.80","6,859.30","6,319.58","5,733.12"
"2019/04/1012,068","12,068","11,877","11,973","11,886.80","11,872.60","12,025.20","12,041.90","12,038.33",70,"3,258","3,290.40","6,511.05","6,185.60","5,656.51"
"2019/04/0912,116","12,116","11,877","11,877","11,858.20","11,872.60","12,056.20","12,040.30","12,043.53",2,"9,059","3,793.40","6,433.55","6,191.23","5,664.59"
"2019/04/0811,877","12,211","11,830","11,877","11,848.80","11,882.20","12,092.00","12,038.72","12,049.53",70,"2,314","2,406.00","6,972.00","6,127.67","5,660.89"
"2019/04/0511,830","12,116","11,830","11,877","11,848.80","11,896.50","12,118.25","12,036.33","12,054.00",70,"1,039","2,599.60","6,925.50","6,615.40","5,858.48"
"2019/04/0412,020","12,020","11,830","11,830","11,839.40","11,910.80","12,149.25","12,042.70","12,061.14",2,782,"4,622.00","7,014.40","6,617.40","5,901.75"
"2019/04/0311,830","12,211","11,734","11,830","11,858.40","11,944.20","12,175.45","12,049.05","12,070.19",0,"5,773","4,963.00","7,110.80","6,702.62","5,914.98"
"2019/04/0211,877","11,877","11,639","11,830","11,887.00","11,982.30","12,216.00","12,053.82","12,080.38",0,"2,122","5,978.80","8,386.30","6,848.23","5,906.91"
"2019/04/0111,830","11,877","11,734","11,877","11,915.60","12,020.40","12,237.45","12,060.17","12,091.33",0,"3,282","6,328.40","8,551.85","6,901.33","5,929.25"
"2019/03/2912,020","12,020","11,639","11,830","11,944.20","12,063.40","12,266.10","12,071.30","12,104.17",0,"11,151","6,644.20","8,687.50","6,887.08","5,922.67"
"2019/03/2811,877","12,164","11,830","11,925","11,982.20","12,130.10","12,280.40","12,081.63","12,118.93",0,"2,487","9,176.20","9,650.80","6,831.88","5,868.22"
"2019/03/2712,116","12,116","11,734","11,973","12,030.00","12,177.80","12,287.55","12,094.35","12,132.90",0,"10,852","9,094.80","9,615.15","6,832.08","5,937.19"
"2019/03/2612,068","12,116","11,925","11,973","12,077.60","12,239.80","12,294.70","12,103.98","12,147.98",0,"3,870","7,397.60","9,182.95","6,736.48","5,961.99"
"2019/03/2512,020","12,068","11,973","12,020","12,125.20","12,301.80","12,304.25","12,112.85","12,159.65",0,"4,861","11,715.80","9,132.75","6,734.62","5,983.84"
"2019/03/2212,164","12,164","11,830","12,020","12,182.60","12,340.00","12,313.80","12,120.93","12,171.30",0,"23,811","12,066.20","8,971.65","6,782.62","5,994.57"
"2019/03/2112,402","12,402","12,116","12,164","12,278.00","12,387.70","12,323.35","12,126.73","12,183.71",0,"2,080","8,275.20","7,899.80","6,505.00","5,838.10"
"2019/03/2012,307","12,307","12,164","12,211","12,325.60","12,406.70","12,325.70","12,126.33","12,195.68",0,"2,366","8,696.00","7,891.10","6,555.97","5,858.87"
"2019/03/1912,307","12,402","12,116","12,211","12,402.00","12,449.70","12,325.70","12,123.63","12,206.88",0,"25,461","8,564.40","8,439.15","6,603.48","5,863.12"
"2019/03/1812,354","12,593","12,259","12,307","12,478.40","12,454.50","12,313.80","12,119.42","12,217.70",30,"6,613","7,437.80","7,417.35","6,230.73","5,694.81"
"2019/03/1512,450","12,593","12,402","12,497","12,497.40","12,468.80","12,299.45","12,116.63","12,226.96",0,"4,856","6,392.00","7,352.90","6,157.68","5,700.17"
"2019/03/1412,688","12,784","12,259","12,402","12,497.40","12,430.70","12,282.80","12,109.93","12,234.63",30,"4,184","5,984.20","7,395.25","6,105.25","5,690.01"
"2019/03/1312,784","12,784","12,402","12,593","12,487.80","12,397.30","12,273.25","12,102.53","12,243.10",0,"1,708","5,689.40","7,469.95","6,129.15","5,703.12"
"2019/03/1212,402","12,641","12,307","12,593","12,497.40","12,349.60","12,256.55","12,091.18","12,248.83",0,"19,828","11,604.40","7,565.20","6,270.58","5,758.37"
"2019/03/1112,545","12,545","12,307","12,402","12,430.60","12,306.70","12,227.90","12,082.88","12,253.81",30,"1,384","8,725.40","6,961.00","6,073.65","5,620.48"
"2019/03/0812,450","12,545","12,307","12,497","12,440.20","12,287.60","12,204.05","12,070.92","12,260.76",0,"2,817","9,647.60","7,030.70","6,110.63","5,813.07"
"2019/03/0712,641","12,641","12,354","12,354","12,364.00","12,259.00","12,173.05","12,060.40","12,267.29",30,"2,710","15,167.60","7,058.50","6,091.60","5,923.93"
"2019/03/0612,307","12,641","12,307","12,641","12,306.80","12,244.70","12,146.85","12,053.80","12,273.88",30,"31,283","14,980.40","7,042.75","6,068.78","5,919.86"
"2019/03/0512,641","12,641","12,259","12,259","12,201.80","12,201.70","12,106.30","12,043.17","12,277.31",0,"5,433","9,165.40","5,670.00","5,572.83","5,698.08"
"2019/03/0412,164","12,497","12,164","12,450","12,182.80","12,173.10","12,082.45","12,038.90","12,283.17",0,"5,995","8,652.00","5,650.05","5,532.25","5,734.02"
"2019/02/2812,068","13,070","12,068","12,116","12,135.00","12,130.10","12,046.65","12,029.17","12,286.67",29,"30,417","7,780.80","5,585.80","5,482.55","5,723.09"
"2019/02/2712,307","12,307","12,020","12,068","12,154.00","12,134.90","12,029.95","12,025.00","12,292.95",42,"1,774","2,172.20","4,217.15","4,985.38","5,505.87"
"2019/02/2612,307","12,307","12,068","12,116","12,182.60","12,149.20","12,013.25","12,021.63","12,299.26",42,"2,208","2,198.60","4,341.30","4,966.18","5,516.56"
"2019/02/2512,450","12,450","12,116","12,164","12,201.60","12,163.50","11,996.55","12,016.72","12,305.54",30,"2,866","4,422.40","5,126.35","4,944.22","5,520.63"
"2019/02/2212,450","12,450","12,211","12,211","12,163.40","12,149.10","11,979.85","12,011.75","12,311.42",0,"1,639","4,854.20","5,146.15","4,933.77","5,568.15"
"2019/02/2112,211","12,211","12,068","12,211","12,125.20","12,120.50","11,956.00","12,006.00","12,315.78",30,"2,374","5,591.20","5,125.65","4,938.70","5,592.18"
"2019/02/2012,164","12,211","12,068","12,211","12,115.80","12,087.10","11,932.15","12,001.78","12,320.90",0,"1,906","6,257.00","5,312.05","4,934.35","5,613.91"
"2019/02/1912,020","12,259","11,925","12,211","12,115.80","12,049.00","11,910.70","11,995.28","12,326.39",0,"13,327","7,011.40","5,328.05","4,915.23","5,641.62"
"2019/02/1812,020","12,068","11,925","11,973","12,125.40","12,010.90","11,886.85","11,991.07","12,331.13",42,"5,025","5,068.60","5,047.40","4,737.97","5,589.07"
"2019/02/1512,211","12,259","11,973","12,020","12,134.80","11,991.80","11,882.05","11,990.05","12,338.60",42,"5,324","5,612.40","4,838.55","4,690.62","5,603.01"
"2019/02/1412,211","12,450","11,925","12,164","12,115.80","11,963.20","11,872.55","11,984.45","12,345.31",0,"5,703","5,103.20","4,806.95","4,605.68","5,617.32"
"2019/02/1312,259","12,593","12,164","12,211","12,058.40","11,925.00","11,848.70","11,976.45","12,350.43",17,"5,678","4,637.20","4,704.20","4,552.63","5,602.61"
"2019/02/1212,164","12,259","12,020","12,259","11,982.20","11,877.30","11,827.25","11,968.42","12,352.88",0,"3,613","3,980.60","4,575.80","4,531.83","5,652.81"
"2019/02/1111,830","12,116","11,830","12,020","11,896.40","11,829.60","11,808.15","11,961.12","12,357.60",30,"7,744","4,023.60","4,574.95","4,502.77","5,672.47"
"2019/02/0811,877","12,116","11,782","11,925","11,848.80","11,810.60","11,796.25","11,957.03","12,363.92",0,"2,778","3,481.60","4,450.00","4,449.60","5,652.73"
"2019/02/0711,925","11,925","11,734","11,877","11,810.60","11,791.50","11,786.70","11,962.15","12,371.04",20,"3,373","3,868.00","5,890.00","4,544.77","5,689.91"
"2019/02/0111,830","11,877","11,734","11,830","11,791.60","11,777.20","11,805.80","11,961.97","12,380.08",30,"2,395","3,802.20","5,779.30","4,572.73","5,706.11"
"2019/01/3111,830","11,877","11,734","11,830","11,772.40","11,772.40","11,824.85","11,962.57","12,388.38",70,"3,828","4,174.60","5,954.30","4,579.95","5,777.81"
"2019/01/3011,734","11,830","11,734","11,782","11,762.80","11,762.80","11,839.15","11,964.70","12,396.67",0,"5,034","6,990.80","6,488.40","4,565.62","5,832.32"
"2019/01/2911,782","11,782","11,639","11,734","11,772.40","11,772.30","11,860.60","11,965.35","12,404.60",70,"4,710","6,636.40","6,502.10","4,653.33","5,811.22"
"2019/01/2811,782","11,830","11,639","11,782","11,772.40","11,781.90","11,901.15","11,963.75","12,413.31",0,"3,044","5,940.20","6,387.95","4,613.02","5,791.05"
"2019/01/2511,782","11,877","11,687","11,734","11,762.80","11,772.40","11,934.55","11,962.12","12,421.62",0,"4,257","6,551.80","6,627.70","4,618.68","5,798.92"
"2019/01/2411,830","11,877","11,639","11,782","11,772.40","11,777.20","11,982.25","11,957.48","12,429.95",0,"17,909","6,145.60","6,539.80","4,777.83","5,798.29"
"2019/01/2311,782","11,877","11,734","11,830","11,762.80","11,786.70","12,020.70","11,952.80","12,438.26",0,"3,262","4,106.60","5,900.15","4,733.22","5,696.77"
"2019/01/2211,639","11,830","11,639","11,734","11,772.20","11,781.90","12,054.45","11,952.65","12,446.55",70,"1,229","3,623.80","5,924.95","4,796.27","5,708.32"
"2019/01/2111,687","11,830","11,639","11,734","11,791.40","11,781.90","12,093.00","11,957.13","12,455.26",0,"6,102","4,316.40","6,250.55","5,062.10","5,768.30"
"2019/01/1811,734","11,782","11,687","11,782","11,782.00","11,834.40","12,124.70","11,964.67","12,465.49",0,"2,226","3,825.60","6,303.15","5,009.20","5,748.40"
"2019/01/1711,925","11,925","11,639","11,734","11,782.00","11,877.30","12,142.60","11,971.40","12,475.70",0,"7,714","4,002.40","6,448.75","5,180.47","5,769.55"
"2019/01/1611,830","11,877","11,782","11,877","11,810.60","11,915.50","12,158.35","11,981.22","12,485.55",0,848,"3,178.80","6,323.90","5,176.33","5,754.32"
"2019/01/1511,782","11,830","11,639","11,830","11,791.60","11,948.90","12,162.40","11,993.22","12,494.97",70,"4,692","4,058.20","6,436.30","5,180.17","5,799.27"
"2019/01/1411,877","11,877","11,639","11,687","11,772.40","12,020.40","12,177.90","12,006.00","12,505.92",0,"3,648","9,435.40","6,313.20","5,167.55","5,864.27"
"2019/01/1111,877","11,925","11,687","11,782","11,886.80","12,096.70","12,198.30","12,021.17","12,518.44",0,"3,110","8,937.60","6,216.30","5,146.65","5,917.28"
"2019/01/1011,782","11,877","11,782","11,877","11,972.60","12,187.30","12,207.10","12,034.75","12,532.08",0,"3,596","9,494.60","6,341.70","5,127.42","5,963.16"
"2019/01/0911,687","11,877","11,687","11,782","12,020.40","12,254.70","12,208.85","12,046.75","12,543.40",0,"5,245","11,677.40","6,671.60","5,137.95","5,986.38"
"2019/01/0812,116","12,259","11,496","11,734","12,106.20","12,327.00","12,224.50","12,060.33","12,556.28",0,"31,578","11,690.00","6,809.95","5,194.12","6,046.99"
"2019/01/0712,307","12,307","12,164","12,259","12,268.40","12,404.10","12,222.00","12,071.67","12,569.17",0,"1,159","5,859.80","5,411.20","5,101.57","5,873.13"
"2019/01/0412,116","12,259","11,830","12,211","12,306.60","12,415.00","12,202.35","12,079.58","12,579.21",0,"5,895","7,195.80","5,437.00","5,186.10","6,179.87"
"2019/01/0312,211","12,402","11,687","12,116","12,402.00","12,407.90","12,189.70","12,091.33","12,593.08",40,"14,510","6,516.60","5,209.30","5,127.35","6,887.75"
"2019/01/0212,593","12,593","12,211","12,211","12,489.00","12,401.20","12,184.05","12,106.95","12,597.08",39,"5,308","4,637.80","4,560.10","4,965.58","6,837.16"
"2018/12/2812,450","12,545","12,354","12,545","12,547.80","12,375.90","12,173.65","12,122.50","12,600.30",0,"2,427","4,327.80","4,444.60","4,957.17","6,813.00"
"2018/12/2712,641","13,165","12,402","12,450","12,539.80","12,335.40","12,139.70","12,137.05","12,600.35",37,"7,839","5,390.60","4,473.90","4,958.25","6,825.53"
"2018/12/2612,368","12,779","12,323","12,688","12,523.40","12,299.90","12,110.50","12,156.23","12,600.43",0,"2,499","5,253.60","4,111.30","4,904.55","6,837.88"
"2018/12/2412,642","12,642","12,368","12,551","12,413.80","12,226.90","12,069.40","12,171.45","12,600.43",0,"5,116","5,781.40","4,017.45","5,042.30","6,919.94"
"2018/12/2112,505","12,688","12,186","12,505","12,313.40","12,163.00","12,032.90","12,191.98","12,602.72",0,"3,758","5,801.60","3,806.15","5,187.50","6,960.08"
"2018/12/2012,460","12,642","12,277","12,505","12,204.00","12,122.00","12,000.95","12,206.45","12,606.90",0,"7,741","5,669.20","3,730.20","5,233.07","6,976.46"
"2018/12/1912,186","12,505","12,049","12,368","12,131.00","12,039.90","11,969.00","12,221.67","12,611.47",0,"7,154","4,567.00","3,439.90","5,206.52","6,981.36"
"2018/12/1811,821","12,186","11,821","12,140","12,076.40","11,989.70","11,948.50","12,240.68","12,616.79",0,"5,138","3,478.20","3,187.85","5,171.20","6,990.27"
"2018/12/1711,912","12,095","11,912","12,049","12,040.00","11,971.50","11,932.55","12,265.03","12,625.92",0,"5,217","3,574.20","2,968.90","5,161.77","7,001.40"
"2018/12/1412,140","12,140","11,821","11,958","12,012.60","11,966.90","11,928.00","12,290.13","12,633.53",30,"3,096","4,569.60","2,842.60","5,122.75","7,068.48"
"2018/12/1312,095","12,140","11,912","12,140","12,040.00","11,971.40","11,925.70","12,315.98","12,642.66",30,"2,230","5,552.80","2,797.00","5,158.88","7,087.45"
"2018/12/1211,958","12,140","11,958","12,095","11,948.80","11,944.00","11,902.90","12,337.28","12,651.03",0,"1,710","5,827.40","2,696.90","5,242.65","7,124.29"
"2018/12/1112,003","12,003","11,684","11,958","11,903.00","11,921.10","11,882.35","12,359.33","12,657.48",20,"5,618","5,820.40","2,737.40","5,274.77","7,342.74"
"2018/12/1012,095","12,095","11,821","11,912","11,903.00","11,911.90","11,870.90","12,383.67", ,30,"10,194","4,965.00","2,678.00","5,277.08", 
"2018/12/0711,775","12,095","11,638","12,095","11,921.20","11,902.80","11,866.35","12,406.48", ,0,"8,012","3,231.40","2,261.75","5,246.15", 
"2018/12/0612,095","12,095","11,547","11,684","11,902.80","11,879.90","11,850.35","12,424.73", ,0,"3,603","2,228.60","2,088.85","5,167.30", 
"2018/12/0511,729","11,866","11,729","11,866","11,939.20","11,898.10","11,877.75","12,450.60", ,0,"1,675","2,110.60","2,333.10","5,515.50", 
"2018/12/0412,095","12,095","11,821","11,958","11,939.20","11,907.30","11,877.75","12,474.18", ,30,"1,341","1,893.00","2,501.90","5,756.27", 
"2018/12/0312,095","12,095","11,775","12,003","11,920.80","11,893.60","11,873.15","12,493.95", ,20,"1,526","1,749.20","2,576.25","5,770.93", 
"2018/11/3012,140","12,140","11,866","12,003","11,884.40","11,889.10","11,870.90","12,511.45", ,0,"2,998","1,622.00","2,648.35","5,823.33", 
"2018/11/2911,775","11,958","11,729","11,866","11,857.00","11,880.00","11,861.80","12,527.43", ,30,"3,013","1,470.20","3,013.30","5,935.80", 
"2018/11/2811,821","11,958","11,729","11,866","11,857.00","11,861.80","11,850.40","12,544.17", ,0,587,"1,254.60","2,977.20","5,963.63", 
"2018/11/2712,186","12,186","11,775","11,866","11,875.40","11,843.60","11,841.30","12,560.90", ,0,622,"1,559.80","3,117.05","6,026.35", 
"2018/11/2611,821","11,958","11,684","11,821","11,866.40","11,829.90","11,820.80","12,576.88", ,0,890,"1,587.20","3,776.25","6,066.93", 
"2018/11/2312,049","12,049","11,684","11,866","11,893.80","11,829.90","11,804.80","12,594.37", ,0,"2,239","1,947.40","4,493.35","6,097.05", 
"2018/11/2212,095","12,095","11,775","11,866","11,903.00","11,820.80","11,802.55","12,611.10", ,0,"1,935","1,936.40","4,733.65","6,202.53", 
"2018/11/2111,821","12,003","11,775","11,958","11,866.60","11,857.40","11,809.40","12,625.57", ,30,"2,113","1,595.00","5,495.85","6,245.65", 
"2018/11/2011,958","12,003","11,684","11,821","11,811.80","11,848.20","11,820.80","12,640.02", ,30,759,"1,676.40","5,536.60","6,293.47", 
"2018/11/1911,958","12,003","11,547","11,958","11,793.40","11,852.70","11,839.05","12,657.50", ,0,"2,691","2,410.60","6,123.75","6,368.00", 
"2018/11/1611,866","11,912","11,501","11,912","11,766.00","11,852.70","11,857.30","12,671.18", ,0,"2,184","2,246.20","6,362.50","6,440.18", 
"2018/11/1511,684","11,866","11,547","11,684","11,738.60","11,843.60","11,891.55","12,687.15", ,70,228,"2,720.20","6,307.20","6,515.40", 
"2018/11/1412,186","12,186","11,547","11,684","11,848.20","11,839.00","11,937.20","12,706.17", ,0,"2,520","4,372.20","6,492.55","6,628.95", 
"2018/11/1311,775","11,775","11,410","11,729","11,884.60","11,839.00","11,982.85","12,724.42", ,0,"4,430","4,878.40","6,486.25","6,652.58", 
"2018/11/1211,821","11,866","11,593","11,821","11,912.00","11,811.70","12,026.25","12,737.35", ,57,"1,869","4,558.00","6,362.55","6,773.78", 
"2018/11/0912,277","12,277","11,638","11,775","11,939.40","11,779.70","12,065.05","12,754.08", ,39,"4,554","4,777.80","6,480.50","6,842.17", 
"2018/11/0812,140","12,277","11,547","12,232","11,948.60","11,784.30","12,106.15","12,770.82", ,20,"8,488","5,926.40","6,683.55","6,855.87", 
"2018/11/0712,003","12,140","11,729","11,866","11,829.80","11,761.40","12,115.25","12,779.93", ,70,"5,051","4,687.00","7,560.40","6,835.05", 
"2018/11/0611,866","12,049","11,729","11,866","11,793.40","11,793.40","12,158.65","12,798.20", ,0,"2,828","4,353.60","7,619.40","6,839.48", 
"2018/11/0511,912","11,958","11,227","11,958","11,711.40","11,825.40","12,211.15","12,814.18", ,71,"2,968","6,549.20","7,596.50","6,975.67", 
"2018/11/0211,501","11,958","11,501","11,821","11,620.00","11,861.90","12,265.90","12,828.63", ,0,"10,297","9,002.00","7,688.30","7,099.02", 
"2018/11/0111,593","11,729","11,593","11,638","11,620.00","11,939.50","12,332.05","12,843.85", ,0,"2,291","8,351.60","7,413.60","6,969.10", 
"2018/10/3111,501","11,684","10,999","11,684","11,693.00","12,035.40","12,421.05","12,862.87", ,71,"3,384","11,329.20","7,423.65","6,969.08", 
"2018/10/3011,091","11,684","10,954","11,456","11,793.40","12,126.70","12,516.90","12,881.12", ,0,"13,806","11,238.00","7,485.30","6,979.15", 
"2018/10/2911,821","11,821","11,319","11,501","11,939.40","12,240.80","12,624.15","12,902.42", ,0,"15,232","10,977.20","7,333.20","6,818.75", 
"2018/10/2612,003","12,095","11,684","11,821","12,103.80","12,350.40","12,738.25","12,923.72", ,0,"7,045","9,424.00","7,263.00","6,660.32", 
"2018/10/2511,638","12,186","11,638","12,003","12,259.00","12,428.00","12,815.85","12,940.45", ,0,"17,179","8,230.60","7,235.35","6,620.37", 
"2018/10/2412,277","12,277","11,729","12,186","12,377.80","12,469.10","12,886.60","12,953.38", ,71,"2,928","5,581.80","6,683.80","6,474.50", 
"2018/10/2312,368","12,460","12,049","12,186","12,460.00","12,523.90","12,952.75","12,966.32", ,0,"12,502","5,475.00","6,789.15","6,487.60", 
"2018/10/2212,597","12,597","12,232","12,323","12,542.20","12,596.90","13,023.50","12,980.00", ,0,"7,466","3,365.80","6,392.65","6,358.63", 
"2018/10/1912,368","12,597","12,323","12,597","12,597.00","12,669.90","13,085.10","12,989.88", ,0,"1,078","2,718.20","6,163.15","6,332.32", 
"2018/10/1812,368","12,597","12,368","12,597","12,597.00","12,724.60","13,130.70","12,996.72", ,0,"3,935","4,225.60","6,372.45","6,418.37", 
"2018/10/1712,688","12,688","12,505","12,597","12,560.40","12,806.70","13,171.75","13,005.83", ,70,"2,394","8,643.60","6,538.50","6,561.00", 
"2018/10/1612,642","12,642","12,505","12,597","12,587.80","12,907.10","13,212.80","13,015.72", ,0,"1,956","9,411.00","6,600.65","6,687.92", 
"2018/10/1512,688","12,688","12,277","12,597","12,651.60","13,007.50","13,253.85","13,029.40", ,71,"4,228","9,493.80","6,790.70","6,798.90", 
"2018/10/1212,140","12,597","12,003","12,597","12,742.80","13,126.10","13,288.05","13,040.05", ,0,"8,615","9,609.00","6,996.20","6,834.82", 
"2018/10/1112,140","12,597","12,140","12,414","12,852.20","13,203.70","13,317.70","13,052.22", ,0,"26,025","8,846.60","6,729.50","6,899.87", 
"2018/10/1012,779","13,007","12,688","12,734","13,053.00","13,304.10","13,358.80","13,066.67", ,0,"6,231","4,140.00","6,653.00","6,644.68", 
"2018/10/0813,053","13,053","12,870","12,916","13,226.40","13,381.60","13,386.15","13,078.83", ,70,"2,370","3,817.20","7,147.50","7,173.63", 
"2018/10/0513,053","13,190","12,870","13,053","13,363.40","13,450.10","13,397.55","13,094.82", ,0,"4,804","5,496.00","7,140.05","8,648.15", 
"2018/10/0413,509","13,509","13,099","13,144","13,509.40","13,500.30","13,397.55","13,087.22", ,0,"4,803","7,300.80","7,133.35","8,708.73", 
"2018/10/0213,692","13,692","13,373","13,418","13,555.20","13,536.80","13,388.45","13,078.10", ,0,"2,492","7,638.60","7,380.50","8,668.83", 
"2018/10/0113,601","13,646","13,373","13,601","13,555.20","13,536.80","13,361.05","13,063.65", ,0,"4,617","8,369.80","7,490.05","8,692.82", 
"2018/09/2813,783","13,783","13,373","13,601","13,536.80","13,518.50","13,324.50","13,044.63", ,30,"10,764","8,453.40","7,476.70","8,771.22", 
"2018/09/2713,418","13,783","13,418","13,783","13,536.80","13,500.20","13,285.70","13,029.42", ,18,"13,828","7,215.00","7,091.35","8,797.58", 
"2018/09/2113,418","13,418","13,190","13,373","13,491.20","13,450.00","13,240.05","13,013.45", ,43,"6,492","5,024.60","6,534.80","8,732.67", 
"2018/09/2013,509","13,509","13,144","13,418","13,518.40","13,431.70","13,214.90","13,007.35", ,20,"6,148","4,779.00","6,638.60","8,719.85", 
"2018/09/1913,601","13,601","13,281","13,509","13,518.40","13,413.50","13,180.70","13,001.27", ,20,"5,035","5,000.60","6,557.30","8,756.20", 
"2018/09/1813,327","13,646","13,327","13,601","13,500.20","13,390.70","13,146.50","12,992.90", ,0,"4,572","4,721.00","6,554.65","8,809.35", 
"2018/09/1713,555","13,601","13,327","13,555","13,463.60","13,345.00","13,109.95","12,986.82", ,0,"2,876","4,958.00","6,587.60","8,841.03", 
"2018/09/1413,418","13,509","13,281","13,509","13,408.80","13,294.80","13,071.15","12,976.93", ,0,"5,264","6,050.40","6,794.90","9,014.22", 
"2018/09/1313,373","13,418","13,236","13,418","13,345.00","13,240.10","13,039.20","12,969.33", ,0,"7,256","5,653.80","6,866.55","9,016.02", 
"2018/09/1213,418","13,509","13,190","13,418","13,308.60","13,185.30","13,009.55","12,964.77", ,30,"3,637","9,101.60","6,855.80","9,005.93", 
"2018/09/1113,281","13,509","13,236","13,418","13,281.20","13,130.50","12,977.60","12,955.63", ,0,"5,757","11,598.40","6,870.85","9,410.72", 
"2018/09/1013,144","13,281","13,144","13,281","13,226.40","13,071.20","12,931.95", , ,30,"8,338","10,891.20","7,168.10", , 
"2018/09/0713,190","13,281","13,053","13,190","13,180.80","13,030.10","12,909.15", , ,0,"3,281","10,157.60","7,049.80", , 
"2018/09/0613,418","13,418","13,007","13,236","13,135.20","12,998.10","12,888.60", , ,0,"24,495","11,450.60","7,154.55", , 
"2018/09/0513,053","13,327","13,053","13,281","13,062.00","12,947.90","12,865.75", , ,0,"16,121","7,488.20","6,291.75", , 
"2018/09/0413,144","13,144","12,916","13,144","12,979.80","12,902.30","12,849.80", , ,28,"2,221","5,134.00","5,751.55", , 
"2018/09/0313,190","13,190","12,962","13,053","12,916.00","12,874.90","12,833.85", , ,0,"4,670","5,301.20","6,190.45", , 
"2018/08/3113,099","13,099","12,870","12,962","12,879.40","12,847.50","12,822.45", , ,0,"9,746","4,906.60","6,475.40", , 
"2018/08/3012,916","12,962","12,734","12,870","12,861.00","12,838.30","12,811.05", , ,30,"4,683","4,671.00","6,113.20", , 
"2018/08/2912,825","12,962","12,734","12,870","12,833.80","12,833.80","12,806.50", , ,30,"4,350","4,638.80","5,993.55", , 
"2018/08/2812,734","12,962","12,642","12,825","12,824.80","12,824.70","12,801.95", , ,0,"3,057","4,765.20","5,975.45", , 
"2018/08/2712,916","12,916","12,779","12,870","12,833.80","12,792.70","12,797.40", , ,0,"2,697","5,200.00","6,031.70", , 
"2018/08/2412,825","12,870","12,688","12,870","12,815.60","12,788.20","12,792.85", , ,70,"8,568","6,065.00","6,183.15", , 
"2018/08/2312,916","12,916","12,688","12,734","12,815.60","12,779.10","12,790.60", , ,30,"4,522","5,690.80","5,987.15", , 
"2018/08/2212,870","12,916","12,734","12,825","12,833.80","12,783.60","12,792.85", , ,0,"4,982","6,194.60","6,182.40", , 
"2018/08/2112,870","12,870","12,642","12,870","12,824.60","12,797.30","12,799.70", , ,0,"5,231","5,985.80","6,119.00", , 
"2018/08/2013,007","13,007","12,779","12,779","12,751.60","12,792.80","12,806.55", , ,0,"7,022","7,280.00","6,095.65", , 
"2018/08/1712,825","13,190","12,734","12,870","12,760.80","12,797.40","12,813.40", , ,0,"6,697","7,070.00","6,038.90", , 
"2018/08/1612,597","12,870","12,597","12,825","12,742.60","12,783.80","12,820.25", , ,0,"7,041","6,805.80","6,016.10", , 
"2018/08/1412,734","12,779","12,460","12,779","12,733.40","12,779.20","12,836.20", , ,71,"3,938","6,845.40","6,288.70", , 
"2018/08/1312,688","12,779","12,460","12,505","12,770.00","12,779.20","12,856.75", , ,0,"11,702","7,121.20","6,592.25", , 
"2018/08/1012,779","12,825","12,642","12,825","12,834.00","12,802.10","12,902.40", , ,0,"5,972","6,980.60","6,437.90", , 
"2018/08/0912,779","12,916","12,734","12,779","12,834.00","12,797.50","12,922.95", , ,0,"5,376","7,860.00","6,458.45", , 
"2018/08/0813,007","13,236","12,779","12,779","12,825.00","12,802.10","12,950.35", , ,0,"7,239","7,285.20","6,815.55", , 
"2018/08/0712,734","13,007","12,734","12,962","12,825.00","12,802.10","12,975.45", , ,0,"5,317","6,295.40","6,989.30", , 
"2018/08/0612,825","12,962","12,779","12,825","12,788.40","12,802.10","13,000.55", , ,0,"10,999","6,029.60","8,621.85", , 
"2018/08/0312,734","12,962","12,734","12,825","12,770.20","12,820.30","13,053.05", , ,70,"10,369","4,666.20","12,613.95", , 
"2018/08/0212,825","12,916","12,734","12,734","12,761.00","12,829.40","13,041.65", , ,70,"2,502","3,737.60","12,517.45", , 
"2018/08/0112,734","13,190","12,734","12,779","12,779.20","12,856.70","13,034.80", , ,66,"2,290","4,166.80","12,512.80", , 
"2018/07/3112,870","12,870","12,642","12,779","12,779.20","12,893.20","13,023.40", , ,0,"3,988","5,394.20","12,594.85", , 
"2018/07/3012,825","12,825","12,597","12,734","12,815.80","12,934.30","13,007.45", , ,0,"4,182","5,339.40","12,861.50", , 
"2018/07/2712,962","12,962","12,688","12,779","12,870.40","13,002.70","13,005.15", , ,0,"5,726","5,455.80","13,269.70", , 
"2018/07/2612,779","12,916","12,779","12,825","12,897.80","13,048.40","13,007.45", , ,0,"4,648","5,488.00","13,480.05", , 
"2018/07/2512,779","12,870","12,642","12,779","12,934.20","13,098.60","13,016.55", , ,0,"8,427","5,806.60","13,533.80", , 
"2018/07/2412,734","13,007","12,734","12,962","13,007.20","13,148.80","13,030.25", , ,0,"3,714","6,619.80","13,528.90", , 
"2018/07/2313,053","13,144","12,779","13,007","13,052.80","13,199.00","13,032.50", , ,0,"4,764","7,878.80","13,754.40", , 
"2018/07/2012,870","12,962","12,825","12,916","13,135.00","13,285.80","13,043.95", , ,70,"5,887","8,649.00","13,839.85", , 
"2018/07/1912,916","13,190","12,825","13,007","13,199.00","13,253.90","13,046.25", , ,0,"6,241","8,748","14,208.85", , 
"2018/07/1813,190","13,327","12,825","13,144","13,263.00","13,212.90","13,048.55", , ,0,"12,493","10,004","14,165.40", , 
"2018/07/1713,281","13,418","13,099","13,190","13,290.40","13,153.60","13,048.55", , ,0,"10,009","9,648","13,873.30", , 
"2018/07/1613,327","13,555","13,190","13,418","13,345.20","13,080.60","13,032.55", , ,0,"8,615","15,240","14,769.05", , 
"2018/07/1313,327","13,373","13,190","13,236","13,436.60","13,007.60", , , ,0,"6,383","31,685", , , 
"2018/07/1213,236","13,464","13,236","13,327","13,308.80","12,966.50", , , ,0,"12,518","32,096", , , 
"2018/07/1113,327","13,373","13,144","13,281","13,162.80","12,934.50", , , ,0,"10,714","30,074.20", , , 
"2018/07/1013,692","14,057","13,144","13,464","13,016.80","12,911.70", , , ,0,"37,968","28,717.60", , , 
"2018/07/0913,053","14,285","12,962","13,875","12,816.00","12,866.00", , , ,0,"90,841","22,988.20", , , 
"2018/07/0612,551","12,597","12,368","12,597","12,578.60","12,802.10", , , ,0,"8,439","7,289.20", , , 
"2018/07/0512,368","12,597","12,368","12,597","12,624.20","12,838.60", , , ,0,"2,409","7,588.00", , , 
"2018/07/0412,368","12,597","12,368","12,551","12,706.20","12,884.20", , , ,0,"3,931","8,250.80", , , 
"2018/07/0312,505","12,734","12,414","12,460","12,806.60","12,943.50", , , ,0,"9,321","9,130.40", , , 
"2018/07/0212,825","12,916","12,597","12,688","12,916.00","12,984.50", , , ,0,"12,346","8,911.00", , , 
"2018/06/2913,053","13,053","12,597","12,825","13,025.60", , , , ,0,"9,933","7,736.40", , , 
"2018/06/2813,007","13,099","12,916","13,007","13,053.00", , , , ,0,"5,723","8,403.20", , , 
"2018/06/2713,007","13,281","12,962","13,053","13,062.20", , , , ,0,"8,329","8,333.00", , , 
"2018/06/2613,236","13,281","12,962","13,007","13,080.40", , , , ,0,"8,224","7,997.40", , , 
"2018/06/2513,007","13,236","12,870","13,236","13,053.00", , , , ,0,"6,473","11,937.40", , , 
"2018/06/2213,144","13,144","12,779","12,962", , , , , ,0,"13,267", , , , 
"2018/06/2113,099","13,099","12,916","13,053", , , , , ,0,"5,372", , , , 
"2018/06/2012,916","13,144","12,870","13,144", , , , , ,0,"6,651", , , , 
"2018/06/1913,373","13,418","12,825","12,870", , , , , ,0,"27,924", , , , 
