2018-06-26,"71,500","72,100","70,400","71,100", , , , , ,0,720, , , , 
2018-06-27,"71,400","72,000","70,000","71,700", , , , , ,0,880, , , , 
2018-06-28,"71,600","71,800","70,100","70,100", , , , , ,0,385, , , , 
2018-06-29,"70,500","71,500","69,500","71,400", , , , , ,0,"1,375", , , , 
2018-07-02,"71,400","72,000","70,300","70,500","70,960.00", , , , ,0,524,776.80, , , 
2018-07-03,"71,000","71,000","68,000","69,200","70,580.00", , , , ,0,"1,779",988.60, , , 
2018-07-04,"69,700","69,700","67,000","68,000","69,840.00", , , , ,0,994,"1,011.40", , , 
2018-07-05,"67,500","68,500","65,900","66,600","69,140.00", , , , ,0,"2,101","1,354.60", , , 
2018-07-06,"66,800","68,000","66,100","67,000","68,260.00", , , , ,0,835,"1,246.60", , , 
2018-07-09,"67,400","67,400","64,100","64,100","66,980.00","68,970.00", , , ,0,"3,406","1,823.00", , , 
2018-07-10,"65,000","66,700","64,000","66,300","66,400.00","68,490.00", , , ,0,"1,867","1,840.60", , , 
2018-07-11,"66,000","66,900","65,300","66,900","66,180.00","68,010.00", , , ,0,837,"1,809.20", , , 
2018-07-12,"66,900","68,300","66,100","67,000","66,260.00","67,700.00", , , ,0,915,"1,572.00", , , 
2018-07-13,"67,900","68,000","65,100","67,800","66,420.00","67,340.00", , , ,0,454,"1,495.80", , , 
2018-07-16,"67,800","67,900","66,800","67,500","67,100.00","67,040.00", , , ,0,186,851.80, , , 
2018-07-17,"67,700","68,000","65,200","65,500","66,940.00","66,670.00", , , ,0,"1,492",776.80, , , 
2018-07-18,"65,500","66,300","65,100","65,800","66,720.00","66,450.00", , , ,0,146,638.60, , , 
2018-07-19,"65,800","66,000","65,000","65,700","66,460.00","66,360.00", , , ,0,372,530.00, , , 
2018-07-20,"65,600","65,600","64,800","65,400","65,980.00","66,200.00", , , ,0,436,526.40, , , 
2018-07-23,"65,400","65,400","64,400","64,500","65,380.00","66,240.00","67,605.00", , ,0,290,547.20,999.70, , 
2018-07-24,"64,300","65,500","64,300","65,400","65,360.00","66,150.00","67,320.00", , ,0,321,313.00,979.75, , 
2018-07-25,"65,400","65,400","64,000","65,000","65,200.00","65,960.00","66,985.00", , ,0,298,343.40,950.65, , 
2018-07-26,"64,600","65,700","64,600","65,700","65,200.00","65,830.00","66,765.00", , ,0,556,380.20,959.20, , 
2018-07-27,"65,000","66,500","65,000","66,200","65,360.00","65,670.00","66,505.00", , ,0,160,325.00,898.45, , 
2018-07-30,"66,200","66,500","65,500","66,200","65,700.00","65,540.00","66,290.00", , ,0,175,302.00,881.00, , 
2018-07-31,"66,200","66,300","65,500","66,300","65,880.00","65,620.00","66,145.00", , ,70,170,271.80,800.55, , 
2018-08-01,"66,000","68,900","66,000","68,300","66,540.00","65,870.00","66,160.00", , ,0,"1,305",473.20,816.10, , 
2018-08-02,"69,500","69,500","67,700","68,900","67,180.00","66,190.00","66,275.00", , ,0,357,433.40,728.90, , 
2018-08-03,"68,900","69,400","68,700","69,200","67,780.00","66,570.00","66,385.00", , ,0,356,472.60,704.95, , 
2018-08-06,"69,900","69,900","68,500","69,100","68,360.00","67,030.00","66,635.00", , ,0,548,547.20,562.05, , 
2018-08-07,"68,100","69,800","68,000","68,900","68,880.00","67,380.00","66,765.00", , ,0,144,542.00,475.90, , 
2018-08-08,"68,900","68,900","68,000","68,700","68,960.00","67,750.00","66,855.00", , ,0,70,295.00,437.55, , 
2018-08-09,"68,700","68,700","67,600","68,500","68,880.00","68,030.00","66,930.00", , ,0,351,293.80,409.35, , 
2018-08-10,"68,500","68,500","67,000","67,800","68,600.00","68,190.00","66,930.00", , ,43,219,266.40,397.60, , 
2018-08-13,"67,800","68,700","67,100","67,400","68,260.00","68,310.00","66,925.00", , ,42,838,324.40,430.20, , 
2018-08-14,"66,800","67,800","66,800","67,500","67,980.00","68,430.00","67,025.00", , ,0,387,373.00,374.95, , 
2018-08-16,"67,500","69,300","67,000","67,600","67,760.00","68,360.00","67,115.00", , ,0,402,439.40,387.75, , 
2018-08-17,"68,700","69,000","67,800","68,500","67,760.00","68,320.00","67,255.00", , ,0,453,459.80,391.80, , 
2018-08-20,"67,500","69,200","67,500","68,500","67,900.00","68,250.00","67,410.00", , ,0,207,457.40,380.35, , 
2018-08-21,"69,000","70,000","67,800","69,300","68,280.00","68,270.00","67,650.00", , ,0,341,358.00,382.90, , 
2018-08-22,"69,800","69,900","68,200","68,800","68,540.00","68,260.00","67,820.00", , ,39,355,351.60,384.60, , 
2018-08-23,"69,200","69,200","67,800","69,100","68,840.00","68,300.00","68,025.00", , ,0,768,424.80,408.10, , 
2018-08-24,"69,500","69,500","68,100","69,000","68,940.00","68,350.00","68,190.00", , ,0,686,471.40,414.60, , 
2018-08-27,"69,000","69,800","67,100","67,500","68,740.00","68,320.00","68,255.00", , ,0,"1,072",644.40,460.20, , 
2018-08-28,"68,100","68,300","67,100","67,500","68,380.00","68,330.00","68,320.00", , ,70,449,666.00,473.90, , 
2018-08-29,"67,900","68,400","66,400","68,000","68,220.00","68,380.00","68,405.00", , ,0,"1,483",891.60,539.55, , 
2018-08-30,"68,000","68,600","67,300","68,600","68,120.00","68,480.00","68,420.00", , ,0,877,913.40,518.15, , 
2018-08-31,"68,400","69,900","68,100","68,900","68,100.00","68,520.00","68,420.00", , ,67,244,825.00,512.50, , 
2018-09-03,"69,000","69,600","68,400","69,000","68,400.00","68,570.00","68,410.00", , ,0,545,719.60,521.95, , 
2018-09-04,"69,300","69,300","67,200","68,500","68,600.00","68,490.00","68,380.00", , ,0,"1,102",850.20,549.65, , 
2018-09-05,"68,900","69,100","67,900","68,500","68,700.00","68,460.00","68,360.00", , ,0,677,689.00,576.30, , 
2018-09-06,"68,400","69,400","67,100","68,000","68,580.00","68,350.00","68,325.00", , ,0,427,599.00,594.15, , 
2018-09-07,"67,200","68,000","67,100","67,700","68,340.00","68,220.00","68,285.00", , ,70,412,632.60,597.20, , 
2018-09-10,"67,700","68,200","66,100","66,800","67,900.00","68,150.00","68,235.00", , ,0,861,695.80,629.30, , 
2018-09-11,"66,600","67,600","65,800","66,400","67,480.00","68,040.00","68,185.00", , ,0,"1,278",731.00,651.30, , 
2018-09-12,"66,800","67,400","65,100","66,400","67,060.00","67,880.00","68,130.00", , ,0,"1,515",898.60,707.70, , 
2018-09-13,"65,800","67,300","65,000","67,000","66,860.00","67,720.00","68,100.00", , ,60,"1,388","1,090.80",757.00, , 
2018-09-14,"67,000","68,800","67,000","68,100","66,940.00","67,640.00","68,080.00", , ,61,919,"1,192.20",780.30, , 
2018-09-17,"68,200","68,600","66,000","67,600","67,100.00","67,500.00","68,035.00", , ,0,614,"1,142.80",800.65, , 
2018-09-18,"67,600","67,900","66,500","67,300","67,280.00","67,380.00","67,935.00","67,730.00", ,0,571,"1,001.40",812.15,731.58, 
2018-09-19,"67,800","67,800","67,100","67,400","67,480.00","67,270.00","67,865.00","67,668.33", ,0,79,714.20,798.35,720.90, 
2018-09-20,"67,500","67,500","65,800","66,600","67,400.00","67,130.00","67,740.00","67,583.33", ,0,"1,181",672.80,819.00,725.92, 
2018-09-21,"67,000","67,600","66,400","67,300","67,240.00","67,090.00","67,655.00","67,536.67", ,0,725,634.00,820.95,731.58, 
2018-09-27,"66,900","68,800","66,300","67,100","67,140.00","67,120.00","67,635.00","67,465.00", ,0,289,569.00,781.80,713.48, 
2018-09-28,"67,000","67,000","66,500","66,800","67,040.00","67,160.00","67,600.00","67,403.33", ,0,592,573.20,788.95,714.62, 
2018-10-01,"67,100","67,200","66,600","67,000","66,960.00","67,220.00","67,550.00","67,366.67", ,0,160,589.40,722.80,687.63, 
2018-10-02,"67,400","68,700","66,500","67,800","67,200.00","67,300.00","67,510.00","67,363.33", ,0,780,509.20,717.95,684.07, 
2018-10-04,"67,700","68,500","66,600","67,200","67,180.00","67,210.00","67,425.00","67,373.33", ,0,329,430.00,722.20,654.53, 
2018-10-05,"66,600","67,400","66,000","66,900","67,140.00","67,140.00","67,320.00","67,371.67", ,0,645,501.20,727.20,651.37, 
2018-10-08,"66,900","67,800","66,500","67,100","67,200.00","67,120.00","67,250.00","67,421.67", ,0,102,403.20,677.20,596.30, 
2018-10-10,"67,100","67,100","65,200","66,200","67,040.00","67,000.00","67,135.00","67,420.00", ,0,727,516.60,679.70,577.30, 
2018-10-11,"67,100","67,100","64,000","64,900","66,460.00","66,830.00","66,980.00","67,386.67", ,0,733,507.20,695.00,575.57, 
2018-10-12,"63,500","67,200","63,500","66,300","66,280.00","66,730.00","66,910.00","67,375.00", ,47,293,500.00,689.05,565.20, 
2018-10-15,"66,500","66,500","65,100","66,300","66,160.00","66,650.00","66,885.00","67,350.00", ,0,131,397.20,652.55,559.82, 
2018-10-16,"67,800","67,800","65,100","66,700","66,080.00","66,640.00","66,900.00","67,336.67", ,70,124,401.60,594.85,558.78, 
2018-10-17,"67,600","67,600","67,000","67,000","66,240.00","66,640.00","66,930.00","67,361.67", ,0,109,278.00,524.55,535.73, 
2018-10-18,"67,000","67,000","65,900","66,300","66,520.00","66,490.00","66,895.00","67,370.00", ,0,101,151.60,460.20,534.98, 
2018-10-19,"66,300","66,300","64,700","65,300","66,320.00","66,300.00","66,755.00","67,363.33", ,42,191,131.20,423.80,531.97, 
2018-10-22,"66,000","66,700","65,100","66,200","66,300.00","66,230.00","66,685.00","67,376.67", ,0,90,123.00,397.60,526.20, 
2018-10-23,"66,900","67,900","64,300","65,200","66,000.00","66,040.00","66,580.00","67,388.33", ,0,477,193.60,392.90,529.32, 
2018-10-24,"65,900","65,900","64,600","65,400","65,680.00","65,960.00","66,480.00","67,388.33", ,0,77,187.20,392.80,525.25, 
2018-10-25,"65,400","66,000","63,200","64,900","65,400.00","65,960.00","66,395.00","67,386.67", ,0,547,276.40,361.10,529.40, 
2018-10-26,"66,200","66,800","63,000","64,100","65,160.00","65,740.00","66,235.00","67,360.00", ,0,396,317.40,344.65,526.73, 
2018-10-29,"62,700","65,900","62,700","62,800","64,480.00","65,390.00","66,020.00","67,303.33", ,66,306,360.60,345.50,529.17, 
2018-10-30,"62,500","64,500","60,100","62,500","63,940.00","64,970.00","65,805.00","67,241.67", ,0,323,329.80,332.05,531.63, 
2018-10-31,"63,700","63,700","61,900","62,600","63,380.00","64,530.00","65,585.00","67,180.00", ,0,160,346.40,332.05,531.47, 
2018-11-01,"64,800","65,800","61,700","64,700","63,340.00","64,370.00","65,430.00","67,120.00", ,0,197,276.40,302.90,513.00, 
2018-11-02,"65,900","66,000","64,500","65,200","63,560.00","64,360.00","65,330.00","67,058.33", ,0,25,202.20,287.70,507.47, 
2018-11-05,"66,200","67,100","64,200","66,300","64,260.00","64,370.00","65,300.00","67,010.00", ,0,531,247.20,282.00,510.38, 
2018-11-06,"67,400","67,400","64,900","64,900","64,740.00","64,340.00","65,190.00","66,940.00", ,39,293,241.20,291.55,506.13, 
2018-11-07,"64,900","67,200","64,600","65,600","65,340.00","64,360.00","65,160.00","66,885.00", ,0,659,341.00,288.15,514.72, 
2018-11-08,"66,800","66,800","65,500","65,800","65,560.00","64,450.00","65,205.00","66,836.67", ,0,42,310.00,253.60,514.25, 
2018-11-09,"64,600","66,700","64,100","66,500","65,820.00","64,690.00","65,215.00","66,803.33", ,0,399,384.80,258.90,515.05, 
2018-11-12,"67,000","67,700","65,900","66,700","65,900.00","65,080.00","65,235.00","66,785.00", ,33,39,286.40,254.30,512.05, 
2018-11-13,"66,300","66,900","65,700","66,300","66,180.00","65,460.00","65,215.00","66,766.67", ,0,38,235.40,250.00,498.72, 
2018-11-14,"66,800","66,800","64,400","66,200","66,300.00","65,820.00","65,175.00","66,745.00", ,20,800,263.60,284.55,505.60, 
2018-11-15,"66,600","66,600","65,400","66,000","66,340.00","65,950.00","65,160.00","66,718.33", ,0,371,329.40,298.05,505.08, 
2018-11-16,"67,100","67,100","63,400","66,100","66,260.00","66,040.00","65,200.00","66,678.33", ,20,"1,988",647.20,387.90,530.67, 
2018-11-19,"66,700","69,200","65,100","66,500","66,220.00","66,060.00","65,215.00","66,645.00", ,0,449,729.20,405.85,534.70, 
2018-11-20,"67,000","67,900","64,500","65,300","66,020.00","66,100.00","65,220.00","66,578.33", ,0,815,884.60,422.75,542.60, 
2018-11-21,"64,100","65,200","64,000","65,000","65,780.00","66,040.00","65,200.00","66,515.00", ,0,536,831.80,445.70,545.62, 
2018-11-22,"64,800","66,600","64,200","65,500","65,680.00","66,010.00","65,230.00","66,455.00", ,0,163,790.20,426.50,535.53, 
2018-11-23,"66,300","66,300","64,700","65,700","65,600.00","65,930.00","65,310.00","66,400.00", ,0,"1,454",683.40,479.40,548.33, 
2018-11-26,"65,700","66,000","65,400","65,400","65,380.00","65,800.00","65,440.00","66,365.00", ,0,645,722.60,496.35,541.22, 
2018-11-27,"65,400","65,900","64,800","65,600","65,440.00","65,730.00","65,595.00","66,333.33", ,0,482,656.00,504.30,541.77, 
2018-11-28,"66,000","66,500","64,700","65,100","65,460.00","65,620.00","65,720.00","66,285.00", ,0,"2,562","1,061.20",624.40,559.75, 
2018-11-29,"66,000","66,000","64,800","65,400","65,440.00","65,560.00","65,755.00","66,231.67", ,0,151,"1,058.80",622.10,547.65, 
2018-11-30,"66,000","66,800","65,000","66,400","65,580.00","65,590.00","65,815.00","66,190.00", ,0,"10,150","2,798.00","1,128.35",712.75, 
2018-12-03,"66,900","66,900","65,100","65,200","65,540.00","65,460.00","65,760.00","66,126.67", ,39,477,"2,764.40","1,125.65",711.62, 
2018-12-04,"66,000","66,100","65,000","65,700","65,560.00","65,500.00","65,800.00","66,080.00", ,69,957,"2,859.40","1,158.85",709.20, 
2018-12-05,"65,600","65,900","65,000","65,700","65,680.00","65,570.00","65,805.00","66,033.33", ,70,177,"2,382.40","1,134.75",700.87, 
2018-12-06,"66,800","66,800","64,500","65,300","65,660.00","65,550.00","65,780.00","65,988.33", ,0,436,"2,439.40","1,154.45",701.02, 
2018-12-07,"64,300","66,800","64,300","65,300","65,440.00","65,510.00","65,720.00","65,948.33", ,54,686,546.60,"1,168.80",705.58, 
2018-12-10,"65,200","65,300","64,400","64,800","65,360.00","65,450.00","65,625.00","65,915.00", ,0,433,537.80,"1,188.50",698.45, 
2018-12-11,"65,000","65,200","64,100","64,100","65,040.00","65,300.00","65,515.00","65,876.67", ,0,674,481.20,"1,220.30",688.38, 
2018-12-12,"64,100","65,700","64,100","65,300","64,960.00","65,320.00","65,470.00","65,858.33", ,70,138,473.40,"1,187.20",665.43, 
2018-12-13,"65,300","65,500","64,400","65,400","64,980.00","65,320.00","65,440.00","65,831.67", ,0,613,508.80,"1,199.30",652.52, 
2018-12-14,"65,600","65,600","64,300","64,800","64,880.00","65,160.00","65,375.00","65,776.67", ,0,335,438.60,"1,116.65",642.78, 
2018-12-17,"64,800","65,600","64,500","65,400","65,000.00","65,180.00","65,320.00","65,740.00", ,0,244,400.80,"1,106.40",636.62, 
2018-12-18,"65,400","65,400","64,000","64,800","65,140.00","65,090.00","65,295.00","65,698.33","66,714.17",0,"1,411",548.20,"1,136.20",650.62,691.10
2018-12-19,"64,700","64,800","64,200","64,800","65,040.00","65,000.00","65,285.00","65,655.00","66,661.67",0,44,529.40,"1,111.60",650.03,685.47
2018-12-20,"64,800","64,800","64,000","64,000","64,760.00","64,870.00","65,210.00","65,611.67","66,597.50",0,428,492.40,"1,124.85",637.48,681.70
2018-12-21,"64,600","64,600","63,700","64,300","64,660.00","64,770.00","65,140.00","65,561.67","66,549.17",0,360,497.40,"1,070.15",631.40,681.49
2018-12-24,"64,300","64,500","63,800","64,300","64,440.00","64,720.00","65,085.00","65,515.00","66,490.00",0,194,487.40,"1,047.60",629.82,671.65
2018-12-26,"64,500","64,500","63,000","63,900","64,260.00","64,700.00","65,000.00","65,466.67","66,435.00",0,640,333.20,"1,055.50",630.62,672.62
2018-12-27,"64,400","66,800","63,900","64,400","64,180.00","64,610.00","64,965.00","65,423.33","66,395.00",0,317,387.80,943.25,633.23,660.43
2018-12-28,"64,500","66,000","64,300","64,900","64,360.00","64,560.00","64,940.00","65,375.00","66,369.17",0,36,309.40,937.50,620.83,652.45
2019-01-02,"65,300","65,400","64,100","64,900","64,480.00","64,570.00","64,865.00","65,336.67","66,355.00",0,371,311.60,448.55,621.53,638.03
2019-01-03,"64,100","64,900","63,000","64,200","64,460.00","64,450.00","64,815.00","65,291.67","66,331.67",0,553,383.40,452.35,620.00,635.68
2019-01-04,"64,200","64,300","63,000","64,000","64,480.00","64,370.00","64,730.00","65,240.00","66,330.83",70,687,392.80,438.85,629.75,613.02
2019-01-07,"64,200","64,200","63,200","63,900","64,380.00","64,280.00","64,640.00","65,201.67","66,310.83",0,246,378.60,442.30,621.73,599.52
2019-01-08,"63,900","64,100","63,500","64,000","64,200.00","64,280.00","64,575.00","65,186.67","66,286.67",0,261,423.60,433.55,613.87,594.72
2019-01-09,"64,000","64,500","63,600","64,400","64,100.00","64,290.00","64,530.00","65,155.00","66,265.00",0,768,503.00,437.65,621.78,593.49
2019-01-10,"64,400","64,400","63,900","64,300","64,120.00","64,290.00","64,505.00","65,121.67","66,235.83",0,145,421.40,423.25,622.02,590.92
2019-01-11,"64,400","64,700","63,700","64,600","64,240.00","64,360.00","64,530.00","65,086.67","66,211.67",0,479,379.80,413.50,627.93,593.36
2019-01-14,"64,600","65,900","63,800","64,600","64,380.00","64,380.00","64,495.00","65,046.67","66,204.17",0,866,503.80,449.90,640.55,588.14
2019-01-15,"68,000","68,000","64,900","66,000","64,780.00","64,490.00","64,525.00","65,041.67","66,205.83",0,"1,496",750.80,494.05,663.80,599.39
2019-01-16,"66,900","66,900","65,100","65,800","65,060.00","64,580.00","64,575.00","65,050.00","66,206.67",0,244,646.00,489.50,664.68,598.33
2019-01-17,"66,200","66,900","65,100","65,900","65,380.00","64,750.00","64,600.00","65,045.00","66,210.83",30,237,664.40,489.15,667.13,596.67
2019-01-18,"66,500","66,500","65,200","65,800","65,620.00","64,930.00","64,650.00","65,055.00","66,221.67",0,59,580.40,421.55,660.17,594.74
2019-01-21,"66,000","66,000","65,200","65,900","65,880.00","65,130.00","64,705.00","65,063.33","66,225.83",0,140,435.20,426.35,661.22,593.23
2019-01-22,"66,300","66,400","65,500","66,100","65,900.00","65,340.00","64,810.00","65,083.33","66,235.00",0,643,264.60,437.10,662.82,596.11
2019-01-23,"66,100","67,800","65,300","66,500","66,040.00","65,550.00","64,920.00","65,123.33","66,241.67",0,568,329.40,447.50,665.68,596.21
2019-01-24,"66,500","66,800","65,800","66,400","66,140.00","65,760.00","65,025.00","65,183.33","66,243.33",0,"2,712",824.40,573.40,705.78,617.48
2019-01-25,"66,700","67,500","65,600","65,700","66,120.00","65,870.00","65,115.00","65,236.67","66,239.17",0,289,870.40,555.85,705.22,618.42
2019-01-28,"65,900","67,000","65,300","66,100","66,160.00","66,020.00","65,200.00","65,295.00","66,237.50",0,203,883.00,550.15,705.93,618.70
2019-01-29,"66,100","66,400","65,200","65,400","66,020.00","65,960.00","65,225.00","65,306.67","66,213.33",0,237,801.80,560.20,706.60,609.80
2019-01-30,"65,400","66,800","65,400","66,000","65,920.00","65,980.00","65,280.00","65,320.00","66,189.17",0,46,697.40,543.95,706.95,607.21
2019-01-31,"66,400","66,400","65,500","66,000","65,840.00","65,990.00","65,370.00","65,315.00","66,162.50",0,87,172.40,520.65,699.55,604.97
2019-02-01,"66,000","66,300","65,500","65,900","65,880.00","66,000.00","65,465.00","65,331.67","66,135.83",0,164,147.40,494.50,697.40,601.77
2019-02-07,"65,900","66,200","65,700","66,000","65,860.00","66,010.00","65,570.00","65,338.33","66,111.67",0,93,125.40,486.85,687.97,601.34
2019-02-08,"66,000","66,500","65,300","66,000","65,980.00","66,000.00","65,670.00","65,341.67","66,089.17",0,821,242.20,514.85,700.95,607.60
2019-02-11,"66,200","66,600","65,700","66,400","66,060.00","65,990.00","65,770.00","65,340.00","66,071.67",0,433,319.60,498.10,701.52,608.28
2019-02-12,"66,400","67,900","66,400","67,400","66,340.00","66,090.00","65,925.00","65,351.67","66,068.33",0,628,427.80,522.25,711.33,611.69
2019-02-13,"67,800","68,900","67,200","67,700","66,700.00","66,290.00","66,080.00","65,375.00","66,070.83",0,522,499.40,524.40,719.40,609.06
2019-02-14,"67,700","68,000","66,900","67,900","67,080.00","66,470.00","66,245.00","65,403.33","66,074.17",0,274,535.60,494.80,710.63,608.12
2019-02-15,"67,600","68,600","67,000","67,100","67,300.00","66,640.00","66,300.00","65,421.67","66,070.00",0,823,536.00,461.15,718.17,611.63
2019-02-18,"67,900","68,000","67,000","67,900","67,600.00","66,830.00","66,405.00","65,451.67","66,065.00",0,906,630.60,494.25,700.13,615.40
2019-02-19,"67,900","68,400","67,500","68,400","67,800.00","67,070.00","66,530.00","65,483.33","66,064.17",0,503,605.60,507.55,701.03,617.87
2019-02-20,"68,400","68,400","67,500","67,600","67,780.00","67,240.00","66,620.00","65,521.67","66,050.00",30,297,560.60,519.45,692.40,617.50
2019-02-21,"68,000","68,000","66,600","67,600","67,720.00","67,400.00","66,705.00","65,565.00","66,040.00",20,388,583.40,531.85,689.93,617.77
2019-02-22,"67,600","67,700","67,100","67,600","67,820.00","67,560.00","66,780.00","65,600.00","66,027.50",0,115,441.80,505.45,689.13,612.33
2019-02-25,"67,600","67,800","66,800","67,800","67,800.00","67,700.00","66,845.00","65,635.00","66,017.50",0,137,288.00,483.90,667.18,607.76
2019-02-26,"67,800","68,000","67,000","67,600","67,640.00","67,720.00","66,905.00","65,671.67","66,018.33",0,231,233.60,359.85,660.28,600.75
2019-02-27,"67,800","67,900","66,900","67,400","67,600.00","67,690.00","66,990.00","65,701.67","66,017.50",0,250,224.20,357.90,656.42,599.09
2019-02-28,"67,500","67,700","66,800","67,200","67,520.00","67,620.00","67,045.00","65,736.67","66,010.83",42,654,277.40,380.45,624.62,592.18
2019-03-04,"66,800","68,000","66,800","67,200","67,440.00","67,630.00","67,135.00","65,766.67","65,999.17",0,507,355.80,393.95,630.55,589.10
2019-03-05,"67,700","71,000","67,200","69,100","67,700.00","67,750.00","67,290.00","65,811.67","66,000.83",0,"1,614",651.20,472.35,488.28,600.52
2019-03-06,"69,500","69,500","68,000","68,100","67,800.00","67,720.00","67,395.00","65,860.00","65,993.33",34,"1,455",896.00,540.75,504.58,608.10
2019-03-07,"68,100","68,900","67,600","68,200","67,960.00","67,780.00","67,510.00","65,901.67","65,990.83",0,932,"1,032.40",579.15,504.17,606.68
2019-03-08,"68,000","68,500","67,600","68,300","68,180.00","67,850.00","67,625.00","65,945.00","65,989.17",0,"1,058","1,113.20",627.40,518.85,609.86
2019-03-11,"69,000","69,000","67,100","68,000","68,340.00","67,890.00","67,725.00","65,990.00","65,989.17",0,267,"1,065.20",599.70,516.03,608.52
2019-03-12,"68,000","68,800","66,900","68,500","68,220.00","67,960.00","67,830.00","66,043.33","65,995.83",0,611,864.60,608.60,514.78,610.18
2019-03-13,"68,500","68,800","67,300","68,500","68,300.00","68,050.00","67,885.00","66,105.00","66,010.00",30,215,616.60,587.95,511.15,604.80
2019-03-14,"68,400","69,300","68,000","69,000","68,460.00","68,210.00","67,950.00","66,186.67","66,031.67",0,404,511.00,582.05,506.65,597.52
2019-03-15,"70,500","70,500","68,300","69,000","68,600.00","68,390.00","68,005.00","66,248.33","66,053.33",0,347,368.80,585.70,510.13,587.78
2019-03-18,"70,000","70,000","68,600","69,900","68,980.00","68,660.00","68,145.00","66,323.33","66,077.50",0,"1,515",618.40,620.30,525.17,588.84
2019-03-19,"70,700","70,700","69,300","69,300","69,140.00","68,680.00","68,215.00","66,398.33","66,087.50",0,892,674.60,619.60,534.45,588.62
2019-03-20,"69,900","69,900","68,800","68,900","69,220.00","68,760.00","68,240.00","66,456.67","66,098.33",0,433,718.20,616.10,537.60,587.11
2019-03-21,"69,000","69,700","69,000","69,500","69,320.00","68,890.00","68,335.00","66,535.00","66,116.67",0,109,659.20,606.70,515.90,583.26
2019-03-22,"69,500","70,500","68,900","70,100","69,540.00","69,070.00","68,460.00","66,623.33","66,139.17",0,482,686.20,611.40,523.20,586.62
2019-03-25,"70,100","70,300","69,100","69,900","69,540.00","69,260.00","68,575.00","66,721.67","66,166.67",0,206,424.40,615.95,519.50,578.49
2019-03-26,"69,400","70,000","69,200","69,900","69,660.00","69,400.00","68,680.00","66,815.00","66,188.33",0,687,383.40,643.45,524.95,578.17
2019-03-27,"69,700","70,000","69,500","69,900","69,860.00","69,540.00","68,795.00","66,908.33","66,211.67",30,344,365.60,649.10,527.45,578.63
2019-03-28,"70,100","70,100","67,300","67,900","69,540.00","69,430.00","68,820.00","66,975.00","66,220.83",39,"1,287",601.20,700.95,538.23,584.42
2019-03-29,"68,700","68,800","67,900","68,400","69,200.00","69,370.00","68,880.00","67,041.67","66,232.50",69,302,565.20,683.35,537.98,585.61
2019-04-01,"69,000","69,400","68,100","68,600","68,940.00","69,240.00","68,950.00","67,103.33","66,239.17",0,508,625.60,683.40,545.85,583.34
2019-04-02,"69,100","69,100","68,000","68,000","68,560.00","69,110.00","68,895.00","67,155.00","66,245.83",0,170,522.20,611.20,542.50,582.02
2019-04-03,"68,500","69,500","68,000","69,100","68,400.00","69,130.00","68,945.00","67,236.67","66,264.17",70,270,507.40,551.95,537.78,578.89
2019-04-04,"69,600","69,900","68,400","68,800","68,580.00","69,060.00","68,975.00","67,316.67","66,278.33",0,421,334.20,526.40,533.35,581.55
2019-04-05,"69,600","69,800","68,300","69,100","68,720.00","68,960.00","69,015.00","67,403.33","66,302.50",0,876,449.00,517.30,543.85,582.79
2019-04-08,"69,400","69,400","68,500","69,300","68,860.00","68,900.00","69,080.00","67,491.67","66,339.17",0,"1,213",590.00,564.60,559.72,586.79
2019-04-09,"70,100","71,000","69,300","69,300","69,120.00","68,840.00","69,120.00","67,573.33","66,364.17",0,901,736.20,579.10,561.93,591.86
2019-04-10,"69,300","69,500","69,000","69,000","69,100.00","68,750.00","69,145.00","67,651.67","66,386.67",0,273,736.80,582.00,564.07,593.04
2019-04-11,"69,000","70,500","68,500","70,000","69,340.00","68,960.00","69,195.00","67,741.67","66,414.17",0,857,824.00,604.65,570.37,599.15
2019-04-12,"72,000","72,000","69,800","70,700","69,660.00","69,190.00","69,280.00","67,843.33","66,445.00",0,617,772.20,618.15,566.22,603.38
2019-04-15,"70,700","71,800","69,700","71,500","70,100.00","69,480.00","69,360.00","67,935.00","66,488.33",0,"1,179",765.40,601.35,560.93,612.37
2019-04-16,"71,500","80,800","71,200","76,400","71,520.00","70,320.00","69,715.00","68,111.67","66,580.83",0,"14,666","3,518.40","1,290.05",801.30,732.99
2019-04-17,"77,100","78,300","75,400","78,200","73,360.00","71,230.00","70,180.00","68,316.67","66,680.83",0,"3,242","4,112.20","1,430.50",851.38,759.26
2019-04-18,"78,200","78,500","76,000","77,100","74,780.00","72,060.00","70,560.00","68,505.00","66,780.00",17,"2,209","4,382.60","1,535.50",887.22,773.69
2019-04-19,"77,800","77,800","74,400","75,600","75,760.00","72,710.00","70,835.00","68,666.67","66,865.00",0,"1,408","4,540.80","1,581.80",908.35,784.78
2019-04-22,"77,500","77,500","75,200","76,600","76,780.00","73,440.00","71,170.00","68,841.67","66,962.50",0,616,"4,428.20","1,602.30",907.90,785.36
2019-04-23,"77,100","77,800","75,500","76,200","76,740.00","74,130.00","71,485.00","69,003.33","67,063.33",0,708,"1,636.60","1,603.35",910.23,787.96
2019-04-24,"75,700","77,000","74,700","74,800","76,060.00","74,710.00","71,730.00","69,143.33","67,163.33",0,912,"1,170.60","1,631.75",880.23,793.01
2019-04-25,"75,000","76,100","74,000","75,000","75,640.00","75,210.00","72,085.00","69,298.33","67,267.50",0,732,875.20,"1,604.00",887.62,796.42
2019-04-26,"75,000","78,000","75,000","75,300","75,580.00","75,670.00","72,430.00","69,451.67","67,373.33",0,"3,360","1,265.60","1,756.90",940.23,823.08
2019-04-29,"77,000","77,000","75,000","75,000","75,260.00","76,020.00","72,750.00","69,611.67","67,459.17",0,819,"1,306.20","1,772.45",949.93,828.27
2019-04-30,"75,100","75,700","73,200","74,000","74,820.00","75,780.00","73,050.00","69,745.00","67,532.50",0,"1,667","1,498.00","1,847.30",976.95,841.95
2019-05-02,"74,000","74,000","72,500","73,600","74,580.00","75,320.00","73,275.00","69,871.67","67,593.33",42,894,"1,494.40","1,878.50",990.40,844.98
2019-05-03,"73,100","73,700","72,300","72,700","74,120.00","74,880.00","73,470.00","69,985.00","67,658.33",0,728,"1,493.60","1,893.85",999.80,848.60
2019-05-07,"72,000","72,500","70,000","71,400","73,340.00","74,460.00","73,585.00","70,075.00","67,706.67",0,"1,338","1,089.20","1,916.95","1,020.55",854.26
2019-05-08,"71,400","72,500","69,800","72,100","72,760.00","74,010.00","73,725.00","70,176.67","67,759.17",8,"1,124","1,150.20","1,912.50","1,025.60",863.27
2019-05-09,"71,900","71,900","69,400","69,900","71,940.00","73,380.00","73,755.00","70,235.00","67,787.50",0,831,983.00,"1,909.00","1,032.23",866.88
2019-05-10,"69,900","70,700","69,700","70,300","71,280.00","72,930.00","73,820.00","70,283.33","67,817.50",0,993,"1,002.80","1,945.00","1,038.32",874.83
2019-05-13,"70,300","70,300","68,400","69,100","70,560.00","72,340.00","73,775.00","70,306.67","67,840.83",0,"1,149","1,087.00","1,959.60","1,048.77",884.08
2019-05-14,"68,300","69,600","68,300","69,500","70,180.00","71,760.00","73,715.00","70,333.33","67,868.33",0,349,889.20,"1,946.20","1,050.02",880.33
2019-05-15,"69,500","70,200","69,400","69,900","69,740.00","71,250.00","73,635.00","70,380.00","67,900.83",0,266,717.60,"1,900.55","1,040.73",879.45
2019-05-16,"69,800","70,300","69,100","69,900","69,740.00","70,840.00","73,310.00","70,413.33","67,932.50",68,341,619.60,"1,184.30","1,031.32",865.73
2019-05-17,"69,500","71,200","69,300","70,200","69,720.00","70,500.00","72,910.00","70,443.33","67,963.33",0,472,515.40,"1,045.80","1,030.80",865.92
2019-05-20,"69,600","70,000","69,200","69,200","69,740.00","70,150.00","72,515.00","70,470.00","67,995.83",0,248,335.20,947.75,"1,029.98",861.19
2019-05-21,"69,200","71,200","68,600","70,700","69,980.00","70,080.00","72,270.00","70,521.67","68,043.33",0,321,329.60,893.40,"1,028.87",859.40
2019-05-22,"69,200","72,800","69,200","70,200","70,040.00","69,890.00","71,950.00","70,565.00","68,082.50",66,464,369.20,885.80,"1,034.68",861.91
2019-05-23,"69,600","70,900","69,300","69,300","69,920.00","69,830.00","71,605.00","70,590.00","68,112.50",0,258,352.60,863.30,"1,036.70",851.94
2019-05-24,"70,200","70,200","68,100","69,000","69,680.00","69,700.00","71,315.00","70,613.33","68,142.50",0,773,412.80,856.35,"1,045.73",853.01
2019-05-27,"69,700","69,800","66,600","67,600","69,360.00","69,550.00","70,945.00","70,616.67","68,159.17",0,496,462.40,844.55,"1,049.83",853.13
2019-05-28,"67,400","68,400","67,400","67,800","68,780.00","69,380.00","70,570.00","70,626.67","68,181.67",0,153,428.80,684.20,"1,041.48",833.05
2019-05-29,"67,200","68,000","66,600","66,700","68,080.00","69,060.00","70,155.00","70,618.33","68,192.50",0,579,451.80,672.20,"1,042.68",836.62
2019-05-30,"67,200","67,200","66,300","66,600","67,540.00","68,730.00","69,785.00","70,576.67","68,194.17",0,372,474.60,607.45,"1,021.98",755.13
2019-05-31,"66,600","67,900","66,100","67,900","67,320.00","68,500.00","69,500.00","70,573.33","68,216.67",0,445,409.00,585.00,"1,005.15",754.87
2019-06-03,"66,600","68,200","66,600","68,000","67,400.00","68,380.00","69,265.00","70,570.00","68,235.83",0,274,364.60,562.30,994.18,749.17
2019-06-04,"69,000","69,000","67,900","68,500","67,540.00","68,160.00","69,120.00","70,573.33","68,259.17",0,294,392.80,510.10,981.45,750.15
2019-06-05,"68,500","68,800","67,900","68,500","67,900.00","67,990.00","68,940.00","70,581.67","68,285.83",70,413,359.60,474.55,983.88,749.96
2019-06-07,"68,100","68,200","67,200","68,100","68,200.00","67,870.00","68,850.00","70,575.00","68,309.17",0,348,354.80,450.40,979.50,747.14
2019-06-10,"68,300","68,300","67,200","67,800","68,180.00","67,750.00","68,725.00","70,563.33","68,334.17",70,449,355.60,423.20,983.40,747.27
2019-06-11,"68,000","68,000","66,700","67,600","68,100.00","67,750.00","68,650.00","70,540.00","68,363.33",71,935,487.80,412.50,992.25,749.45
2019-06-12,"67,600","68,100","67,400","67,800","67,960.00","67,750.00","68,565.00","70,520.00","68,384.17",0,88,446.60,399.45,987.93,749.03
2019-06-13,"67,800","68,000","67,400","68,000","67,860.00","67,880.00","68,470.00","70,488.33","68,405.83",70,316,427.20,401.95,967.95,746.56
2019-06-14,"68,200","68,500","67,500","68,000","67,840.00","68,020.00","68,375.00","70,466.67","68,432.50",0,398,437.20,404.80,959.72,747.08
2019-06-17,"69,600","69,600","68,000","68,200","67,920.00","68,050.00","68,275.00","70,455.00","68,455.83",0,182,383.80,390.30,955.53,746.57
2019-06-18,"68,400","68,400","67,400","67,400","67,880.00","67,990.00","68,185.00","70,420.00","68,477.50",2,828,362.40,419.30,967.52,741.71
2019-06-19,"67,400","67,900","67,200","67,400","67,800.00","67,880.00","68,020.00","70,375.00","68,499.17",0,214,387.60,413.95,963.05,743.13
2019-06-20,"67,500","68,000","67,500","67,700","67,740.00","67,800.00","67,895.00","70,338.33","68,530.00",0,343,393.00,407.90,965.33,742.42
2019-06-21,"68,200","68,500","67,800","68,500","67,840.00","67,840.00","67,855.00","70,315.00","68,565.00",0,88,331.00,399.40,955.35,740.15
2019-06-24,"68,600","68,700","68,500","68,600","67,920.00","67,920.00","67,835.00","70,293.33","68,600.83",0,86,311.80,365.05,951.05,739.25
2019-06-25,"68,600","69,400","67,700","69,000","68,240.00","68,060.00","67,905.00","70,311.67","68,643.33",0,326,211.40,356.55,935.03,736.63
2019-06-26,"69,900","71,000","68,200","68,400","68,440.00","68,120.00","67,935.00","70,311.67","68,676.67",39,825,333.60,390.15,943.75,740.87
2019-06-27,"68,300","69,400","67,400","69,400","68,780.00","68,260.00","68,070.00","70,325.00","68,714.17",0,484,361.80,385.40,943.35,744.60
2019-06-28,"69,000","69,500","67,800","69,400","68,960.00","68,400.00","68,210.00","70,348.33","68,751.67",20,501,444.40,391.85,948.87,745.68
2019-07-01,"68,100","69,000","67,700","67,700","68,780.00","68,350.00","68,200.00","70,325.00","68,780.83",66,519,531.00,395.55,953.02,745.40
2019-07-02,"67,700","68,900","67,500","68,100","68,600.00","68,420.00","68,205.00","70,313.33","68,815.00",0,507,567.20,407.20,954.45,743.90
2019-07-03,"67,800","68,600","67,800","68,400","68,600.00","68,520.00","68,200.00","70,301.67","68,852.50",0,69,416.00,395.95,941.00,742.42
2019-07-04,"68,400","68,500","67,700","68,200","68,360.00","68,570.00","68,185.00","70,283.33","68,887.50",0,144,348.00,382.50,923.18,741.45
2019-07-05,"68,300","68,300","67,700","68,200","68,120.00","68,540.00","68,190.00","70,265.00","68,919.17",0,113,270.40,370.75,910.05,735.99
2019-07-08,"68,200","69,600","66,800","66,900","67,960.00","68,370.00","68,145.00","70,230.00","68,940.83",0,416,249.80,369.10,912.43,738.25
2019-07-09,"66,900","67,400","66,200","66,300","67,600.00","68,100.00","68,080.00","70,168.33","68,955.00",42,308,210.00,337.75,903.28,736.83
2019-07-10,"67,000","67,000","65,000","65,000","66,920.00","67,760.00","67,940.00","70,073.33","68,958.33",2,877,371.60,377.20,907.62,736.92
2019-07-11,"65,400","66,000","65,300","65,700","66,420.00","67,390.00","67,825.00","69,976.67","68,955.83",58,64,355.60,364.60,889.03,724.98
2019-07-12,"66,000","68,000","65,700","66,200","66,020.00","67,070.00","67,735.00","69,806.67","68,959.17",59,147,362.40,352.05,647.05,724.17
2019-07-15,"66,400","66,500","65,200","65,400","65,720.00","66,840.00","67,595.00","69,593.33","68,955.00",0,562,391.60,371.05,602.38,726.88
2019-07-16,"65,400","65,500","65,000","65,200","65,500.00","66,550.00","67,485.00","69,395.00","68,950.00",0,305,391.00,344.90,570.65,728.93
2019-07-17,"65,400","65,400","64,500","64,500","65,400.00","66,160.00","67,340.00","69,210.00","68,938.33",0,405,296.60,354.45,553.93,731.14
2019-07-18,"64,100","64,900","64,000","64,400","65,140.00","65,780.00","67,175.00","69,006.67","68,924.17",0,505,384.80,362.55,552.08,729.99
2019-07-19,"64,600","64,900","64,400","64,800","64,860.00","65,440.00","66,990.00","68,816.67","68,910.00",0,146,384.60,365.45,542.72,726.48
2019-07-22,"64,700","65,100","64,400","64,900","64,760.00","65,240.00","66,805.00","68,651.67","68,897.50",70,143,300.80,368.30,529.90,705.07
2019-07-23,"64,900","65,400","64,700","64,900","64,700.00","65,100.00","66,600.00","68,483.33","68,890.83",0,528,345.40,378.40,526.50,707.06
2019-07-24,"65,100","65,300","64,800","65,000","64,800.00","65,100.00","66,430.00","68,311.67","68,881.67",0,601,384.60,367.20,480.52,710.38
2019-07-25,"65,300","65,300","64,500","64,600","64,840.00","64,990.00","66,190.00","68,138.33","68,875.00",0,"1,368",557.20,411.40,489.67,719.80
2019-07-26,"64,900","64,900","64,200","64,300","64,740.00","64,800.00","65,935.00","67,976.67","68,860.83",0,482,624.40,410.45,469.92,723.43
2019-07-29,"64,400","64,400","62,600","62,900","64,340.00","64,550.00","65,695.00","67,798.33","68,835.00",0,"1,808",957.40,474.90,485.15,737.77
2019-07-30,"62,900","63,100","61,000","61,700","63,700.00","64,200.00","65,375.00","67,615.00","68,800.00",0,"1,068","1,065.40",502.95,490.82,745.31
2019-07-31,"62,100","70,000","61,600","63,700","63,440.00","64,120.00","65,140.00","67,486.67","68,780.83",66,784,"1,102.00",538.70,481.58,751.07
2019-08-01,"63,900","63,900","63,000","63,700","63,260.00","64,050.00","64,915.00","67,346.67","68,761.67",0,221,872.60,542.55,466.53,746.07
2019-08-02,"63,600","63,800","63,000","63,600","63,120.00","63,930.00","64,685.00","67,241.67","68,738.33",70,351,846.40,554.45,458.53,745.38
2019-08-05,"63,300","63,300","60,600","61,300","62,800.00","63,570.00","64,405.00","67,091.67","68,687.50",0,639,612.60,565.60,452.63,745.48
2019-08-06,"59,100","62,600","58,100","61,500","62,760.00","63,230.00","64,165.00","66,965.00","68,635.83",54,"1,158",630.60,608.10,452.78,750.77
2019-08-07,"61,200","62,000","60,600","61,400","62,300.00","62,870.00","63,985.00","66,830.00","68,581.67",0,498,573.40,589.15,455.27,752.64
2019-08-08,"61,100","62,000","61,000","61,800","61,920.00","62,590.00","63,790.00","66,695.00","68,537.50",0,292,587.60,600.55,455.70,748.22
2019-08-09,"62,000","62,500","61,800","62,500","61,700.00","62,410.00","63,605.00","66,571.67","68,492.50",0,101,537.60,598.25,451.70,741.51
2019-08-12,"62,500","62,700","62,000","62,700","61,980.00","62,390.00","63,470.00","66,446.67","68,445.00",0,28,415.40,571.55,444.30,737.55
2019-08-13,"62,700","63,100","62,400","62,500","62,180.00","62,470.00","63,335.00","66,335.00","68,402.50",0,159,215.60,564.25,442.82,736.40
2019-08-14,"62,500","63,400","62,500","63,400","62,580.00","62,440.00","63,280.00","66,213.33","68,367.50",0,255,167.00,556.75,441.72,735.29
2019-08-16,"63,400","63,400","62,200","62,900","62,800.00","62,360.00","63,205.00","66,091.67","68,328.33",30,246,157.80,543.80,438.08,736.38
2019-08-19,"62,500","63,000","62,500","62,900","62,880.00","62,290.00","63,110.00","65,985.00","68,287.50",0,30,143.60,538.00,434.28,735.49
2019-08-20,"62,900","63,400","62,900","63,300","63,000.00","62,490.00","63,030.00","65,890.00","68,251.67",0,182,174.40,539.95,424.43,735.08
2019-08-21,"63,300","63,700","63,100","63,700","63,240.00","62,710.00","62,970.00","65,825.00","68,220.83",67,212,185.00,524.15,419.70,734.77
2019-08-22,"63,800","64,000","63,500","64,000","63,360.00","62,970.00","62,920.00","65,761.67","68,194.17",0,402,214.40,514.20,423.85,732.67
2019-08-23,"63,500","63,800","63,100","63,800","63,540.00","63,170.00","62,880.00","65,713.33","68,165.83",0,93,183.80,450.45,415.75,729.22
2019-08-26,"63,000","63,700","62,300","62,800","63,520.00","63,200.00","62,805.00","65,650.00","68,113.33",0,322,242.20,442.45,414.92,718.45
2019-08-27,"63,000","63,500","62,700","63,400","63,540.00","63,270.00","62,830.00","65,575.00","68,074.17",0,122,230.20,358.15,409.53,707.34
2019-08-28,"63,000","63,600","63,000","63,600","63,520.00","63,380.00","62,925.00","65,501.67","68,035.83",0,63,200.40,307.90,406.02,700.10
2019-08-29,"63,000","63,300","62,700","63,200","63,360.00","63,360.00","62,900.00","65,413.33","67,993.33",0,83,136.60,272.85,402.50,691.98
2019-08-30,"62,800","65,900","62,800","64,500","63,500.00","63,520.00","62,940.00","65,346.67","67,964.17",0,85,135.00,266.05,397.03,690.46
2019-09-02,"64,000","65,500","64,000","65,000","63,940.00","63,730.00","63,010.00","65,295.00","67,935.00",0,559,182.40,276.45,400.55,690.02
2019-09-03,"64,500","65,200","64,000","64,700","64,200.00","63,870.00","63,180.00","65,243.33","67,903.33",0,496,257.20,269.30,401.33,692.37
2019-09-04,"64,700","65,200","64,100","64,700","64,420.00","63,970.00","63,340.00","65,195.00","67,867.50",30,493,343.20,236.05,393.97,693.11
2019-09-05,"64,700","65,000","63,800","64,900","64,760.00","64,060.00","63,515.00","65,146.67","67,833.33",0,543,435.20,238.30,401.55,694.74
2019-09-06,"65,500","65,500","64,400","64,700","64,800.00","64,150.00","63,660.00","65,091.67","67,790.00",0,124,443.00,229.90,398.35,683.15
2019-09-09,"63,600","65,500","63,600","64,800","64,760.00","64,350.00","63,775.00","65,038.33","67,752.50",30,623,455.80,256.00,402.10,680.91
2019-09-10,"64,800","64,900","64,300","64,700","64,760.00","64,480.00","63,875.00","64,980.00","67,717.50",0,276,411.80,268.40,403.67,679.60
2019-09-11,"64,700","65,800","64,700","65,200","64,860.00","64,640.00","64,010.00","64,943.33","67,681.67",0,465,406.20,283.70,397.62,682.57
2019-09-16,"65,200","65,300","64,700","65,200","64,920.00","64,840.00","64,100.00","64,906.67","67,640.83",0,319,361.40,286.90,399.37,681.21
2019-09-17,"65,500","65,700","64,600","65,400","65,060.00","64,930.00","64,225.00","64,868.33","67,603.33",0,549,446.40,302.05,402.80,684.07
2019-09-18,"65,400","66,400","65,400","66,200","65,340.00","65,050.00","64,390.00","64,830.00","67,572.50",0,342,390.20,317.65,407.03,681.19
2019-09-19,"66,200","66,700","65,700","65,900","65,580.00","65,170.00","64,520.00","64,785.00","67,539.17",0,82,351.40,312.65,406.97,679.01
2019-09-20,"65,900","66,900","65,800","65,900","65,720.00","65,290.00","64,630.00","64,733.33","67,522.50",27,604,379.20,332.25,411.60,673.32
2019-09-23,"65,800","67,000","65,600","66,400","65,960.00","65,440.00","64,750.00","64,700.00","67,505.83",0,78,331.00,316.05,399.15,671.45
2019-09-24,"66,400","66,900","65,800","66,700","66,220.00","65,640.00","64,895.00","64,655.00","67,490.00",0,328,286.80,327.80,396.55,669.95
2019-09-25,"66,800","66,800","65,800","66,200","66,220.00","65,780.00","65,065.00","64,601.67","67,475.00",0,"3,470",912.40,485.20,446.03,697.45
2019-09-26,"66,200","66,300","65,700","66,100","66,260.00","65,920.00","65,200.00","64,575.00","67,450.00",0,189,933.80,488.55,440.53,696.77
2019-09-27,"65,100","65,600","64,100","65,000","66,080.00","65,900.00","65,270.00","64,523.33","67,418.33",0,131,839.20,491.95,434.27,694.36
2019-09-30,"65,000","65,000","64,000","64,200","65,640.00","65,800.00","65,320.00","64,453.33","67,377.50",0,152,854.00,495.40,435.65,688.33
2019-10-01,"63,800","64,300","63,800","64,200","65,140.00","65,680.00","65,305.00","64,386.67","67,335.00",54,542,896.80,518.25,442.28,682.73
2019-10-02,"64,200","64,200","63,800","63,900","64,680.00","65,450.00","65,250.00","64,315.00","67,290.00",70,269,256.60,503.75,444.88,677.47
2019-10-04,"63,900","64,100","63,700","63,800","64,220.00","65,240.00","65,205.00","64,263.33","67,246.67",0,600,338.80,508.95,447.95,680.19
2019-10-07,"63,700","63,900","63,500","63,900","64,000.00","65,040.00","65,165.00","64,223.33","67,195.83",0,89,330.40,488.75,444.30,673.79
2019-10-08,"63,500","63,900","63,100","63,700","63,900.00","64,770.00","65,105.00","64,201.67","67,137.50",0,314,362.80,477.30,434.92,671.27
2019-10-10,"63,900","63,900","63,100","63,500","63,760.00","64,450.00","65,045.00","64,165.00","67,070.83",70,141,282.60,478.15,436.20,662.62
2019-10-11,"63,500","63,500","63,100","63,400","63,660.00","64,170.00","64,975.00","64,118.33","66,962.50",70,93,247.40,451.65,435.30,541.17
2019-10-14,"63,400","63,500","62,700","63,300","63,560.00","63,890.00","64,905.00","64,083.33","66,838.33",0,274,182.20,451.55,430.50,516.44
2019-10-15,"63,200","63,800","63,100","63,600","63,500.00","63,750.00","64,825.00","64,056.67","66,725.83",0,87,181.80,432.65,426.87,498.76
2019-10-16,"63,600","63,800","63,200","63,800","63,520.00","63,710.00","64,755.00","64,045.00","66,627.50",0,174,153.80,425.40,423.02,488.48
2019-10-17,"63,700","63,700","63,200","63,300","63,480.00","63,620.00","64,650.00","64,026.67","66,516.67",70,72,140.00,401.55,415.80,483.94
2019-10-18,"63,300","63,900","63,300","63,800","63,560.00","63,610.00","64,530.00","64,010.00","66,413.33",0,137,148.80,391.30,415.65,479.18
2019-10-21,"63,800","63,800","62,900","63,200","63,540.00","63,550.00","64,395.00","63,981.67","66,316.67",0,96,113.20,392.00,414.87,472.38
2019-10-22,"63,700","64,000","63,100","63,800","63,580.00","63,540.00","64,290.00","63,963.33","66,223.33",0,391,174.00,381.35,412.58,469.54
2019-10-23,"63,900","63,900","63,400","63,400","63,500.00","63,510.00","64,140.00","63,936.67","66,124.17",0,246,188.40,389.75,406.67,443.59
2019-10-24,"63,500","64,500","63,500","63,600","63,560.00","63,520.00","63,985.00","63,920.00","66,029.17",66,111,196.20,378.90,385.72,437.69
2019-10-25,"63,900","64,000","63,600","63,600","63,520.00","63,540.00","63,855.00","63,908.33","65,942.50",0,72,183.20,209.00,378.88,424.40
2019-10-28,"63,300","64,100","63,300","63,600","63,600.00","63,570.00","63,730.00","63,920.00","65,859.17",0,23,168.60,200.70,349.13,417.14
2019-10-29,"63,400","64,200","63,400","64,100","63,660.00","63,620.00","63,685.00","63,960.00","65,787.50",0,42,98.80,196.25,332.03,411.43
2019-10-30,"64,500","64,500","63,400","63,500","63,680.00","63,590.00","63,650.00","63,956.67","65,721.67",2,73,64.20,192.30,320.18,400.88
2019-10-31,"64,300","64,300","63,600","63,800","63,720.00","63,640.00","63,630.00","63,958.33","65,652.50",69,133,68.60,171.85,318.72,392.63
2019-11-01,"63,400","64,400","63,400","63,800","63,760.00","63,640.00","63,625.00","63,961.67","65,601.67",0,154,85.00,166.10,315.43,386.98
2019-11-04,"64,000","64,000","62,700","62,800","63,600.00","63,600.00","63,575.00","63,986.67","65,539.17",39,829,246.20,177.55,318.60,385.62
2019-11-05,"62,900","63,300","62,100","63,000","63,380.00","63,520.00","63,530.00","64,011.67","65,488.33",58,476,333.00,196.90,307.23,380.01
2019-11-06,"63,000","63,300","62,500","63,200","63,320.00","63,500.00","63,505.00","64,041.67","65,435.83",59,130,344.40,187.70,301.10,378.18
2019-11-07,"63,200","63,700","63,200","63,600","63,280.00","63,500.00","63,510.00","64,071.67","65,383.33",67,45,326.80,182.90,296.98,376.34
2019-11-08,"64,200","64,200","63,400","64,100","63,340.00","63,550.00","63,545.00","64,098.33","65,335.00",0,80,312.00,182.25,296.63,374.17
2019-11-11,"64,100","64,900","61,000","62,600","63,300.00","63,450.00","63,510.00","64,096.67","65,271.67",0,"1,859",518.00,261.50,327.15,385.73
2019-11-12,"62,900","64,700","62,000","63,300","63,360.00","63,370.00","63,495.00","64,110.00","65,222.50",58,"1,472",717.20,330.75,349.03,395.93
2019-11-13,"63,700","63,700","62,600","62,700","63,260.00","63,290.00","63,440.00","64,098.33","65,155.83",0,216,734.40,332.85,348.38,395.05
2019-11-14,"63,600","64,400","62,900","64,000","63,340.00","63,310.00","63,475.00","64,116.67","65,104.17",0,313,788.00,344.90,349.50,393.79
2019-11-15,"65,500","65,500","63,100","63,700","63,260.00","63,300.00","63,470.00","64,130.00","65,057.50",0,189,809.80,347.50,352.15,393.22
2019-11-18,"63,600","64,100","62,900","63,500","63,440.00","63,370.00","63,485.00","64,133.33","65,011.67",0,458,529.60,365.60,356.75,390.59
2019-11-19,"64,000","64,200","63,400","63,900","63,560.00","63,460.00","63,490.00","64,136.67","64,980.83",0,570,349.20,374.55,362.72,391.21
2019-11-20,"63,200","63,900","63,100","63,200","63,660.00","63,460.00","63,480.00","64,123.33","64,942.50",0,118,329.60,368.15,357.98,390.92
2019-11-21,"62,900","64,100","61,000","62,300","63,320.00","63,330.00","63,415.00","64,098.33","64,905.83",0,315,330.00,378.35,361.68,388.72
2019-11-22,"61,500","63,100","61,500","62,900","63,160.00","63,210.00","63,380.00","64,100.00","64,875.00",0,151,322.40,382.30,358.83,386.88
2019-11-25,"63,200","63,600","62,300","63,600","63,180.00","63,310.00","63,380.00","64,103.33","64,839.17",0,135,257.80,387.90,359.05,384.29
2019-11-26,"62,700","63,900","62,700","63,600","63,120.00","63,340.00","63,355.00","64,103.33","64,802.50",0,109,165.60,391.25,359.82,382.92
2019-11-27,"63,000","64,900","63,000","64,300","63,340.00","63,500.00","63,395.00","64,121.67","64,767.50",0,203,182.60,397.75,361.82,382.16
2019-11-28,"64,600","64,600","63,400","63,400","63,560.00","63,440.00","63,375.00","64,103.33","64,725.00",0,154,150.40,398.80,362.97,380.00
2019-11-29,"63,400","63,900","63,000","63,900","63,760.00","63,460.00","63,380.00","64,085.00","64,690.00",0,309,182.00,406.55,358.80,379.68
2019-12-02,"63,900","65,000","63,500","63,600","63,760.00","63,470.00","63,420.00","64,066.67","64,655.00",29,305,216.00,380.35,355.62,378.48
2019-12-03,"65,000","65,000","63,500","63,900","63,820.00","63,470.00","63,465.00","64,053.33","64,624.17",30,96,213.40,361.35,349.00,371.48
2019-12-04,"63,100","63,900","62,900","63,300","63,620.00","63,480.00","63,470.00","64,026.67","64,586.67",0,189,210.60,364.30,343.10,372.32
2019-12-05,"63,300","63,900","63,200","63,700","63,680.00","63,620.00","63,475.00","64,010.00","64,550.83",0,283,236.40,376.20,345.75,372.05
2019-12-06,"63,900","64,400","63,200","63,200","63,540.00","63,650.00","63,430.00","63,983.33","64,510.83",0,136,201.80,379.00,337.63,369.87
2019-12-09,"62,100","63,400","62,100","62,700","63,360.00","63,560.00","63,435.00","63,950.00","64,465.00",0,341,209.00,303.10,338.72,371.19
2019-12-10,"62,700","64,000","62,600","63,000","63,180.00","63,500.00","63,420.00","63,913.33","64,428.33",66,119,213.60,235.45,332.95,365.28
2019-12-11,"63,500","63,900","63,000","63,500","63,220.00","63,420.00","63,460.00","63,885.00","64,395.83",0,52,186.20,227.25,328.50,363.93
2019-12-12,"63,000","63,900","63,000","63,900","63,260.00","63,470.00","63,455.00","63,860.00","64,364.17",30,"1,132",356.00,268.20,338.22,370.51
2019-12-13,"63,900","63,900","63,300","63,500","63,320.00","63,430.00","63,445.00","63,815.00","64,322.50",30,94,347.60,263.45,334.08,370.56
2019-12-16,"64,000","64,500","63,500","63,600","63,500.00","63,430.00","63,450.00","63,776.67","64,280.83",0,117,302.80,246.40,334.67,370.82
2019-12-17,"63,600","63,800","63,100","63,200","63,540.00","63,360.00","63,415.00","63,731.67","64,232.50",0,502,379.40,243.00,332.97,372.28
2019-12-18,"63,200","63,400","62,900","63,000","63,440.00","63,330.00","63,405.00","63,675.00","64,187.50",42,120,393.00,243.10,333.67,366.41
2019-12-19,"63,000","63,400","62,600","63,000","63,260.00","63,260.00","63,440.00","63,613.33","64,134.17",0,109,188.40,232.80,330.02,363.28
2019-12-20,"63,400","63,500","63,000","63,100","63,180.00","63,250.00","63,450.00","63,561.67","64,081.67",0,50,179.60,227.75,273.02,359.52
2019-12-23,"63,500","63,500","63,100","63,100","63,080.00","63,290.00","63,425.00","63,511.67","64,043.33",0,"2,119",580.00,326.95,305.18,372.86
2019-12-24,"63,000","63,700","63,000","63,300","63,100.00","63,320.00","63,410.00","63,483.33","64,003.33",0,255,530.60,334.25,307.25,370.76
2019-12-26,"64,300","64,300","62,800","63,400","63,180.00","63,310.00","63,365.00","63,470.00","63,961.67",0,426,591.80,345.40,311.82,373.73
2019-12-27,"63,000","64,000","63,000","63,400","63,260.00","63,260.00","63,365.00","63,456.67","63,921.67",0,168,603.60,346.10,305.58,373.93
2019-12-30,"63,400","63,600","63,000","63,400","63,320.00","63,250.00","63,340.00","63,448.33","63,881.67",0,281,649.80,344.70,305.78,375.33
2020-01-02,"63,400","63,400","62,300","63,200","63,340.00","63,210.00","63,320.00","63,438.33","63,850.83",71,673,360.60,363.10,307.00,377.48
2020-01-03,"63,200","63,200","62,800","63,100","63,300.00","63,200.00","63,280.00","63,425.00","63,824.17",0,270,363.60,371.80,310.02,377.16
2020-01-06,"63,100","63,300","62,800","63,200","63,260.00","63,220.00","63,275.00","63,416.67","63,809.17",70,180,314.40,371.35,307.78,371.35
2020-01-07,"62,900","63,400","62,900","63,300","63,240.00","63,250.00","63,255.00","63,413.33","63,789.17",0,79,296.60,361.15,306.75,371.48
2020-01-08,"63,300","63,400","62,500","63,200","63,200.00","63,260.00","63,255.00","63,410.00","63,764.17",30,448,330.00,376.75,312.67,373.98
2020-01-09,"63,300","63,400","62,700","63,000","63,160.00","63,250.00","63,270.00","63,405.00","63,744.17",0,272,249.80,373.30,312.63,371.57
2020-01-10,"63,100","63,200","62,900","63,000","63,140.00","63,220.00","63,270.00","63,395.00","63,725.83",0,120,219.80,373.35,313.18,370.02
2020-01-13,"62,900","63,200","62,600","63,000","63,100.00","63,180.00","63,245.00","63,381.67","63,713.33",0,97,203.20,375.60,311.90,367.46
2020-01-14,"62,900","63,900","62,800","62,900","63,020.00","63,130.00","63,195.00","63,375.00","63,700.83",45,601,307.60,349.05,320.72,368.26
2020-01-15,"62,800","63,200","62,700","62,900","62,960.00","63,080.00","63,165.00","63,360.00","63,685.00",0,76,233.20,348.15,319.70,367.68
2020-01-16,"63,100","63,200","62,600","62,900","62,940.00","63,050.00","63,130.00","63,355.00","63,668.33",0,160,210.80,350.30,320.77,367.82
2020-01-17,"63,000","63,100","62,800","62,800","62,900.00","63,020.00","63,110.00","63,338.33","63,650.83",0,125,211.80,331.45,316.33,364.46
2020-01-20,"63,100","64,000","62,600","63,400","62,980.00","63,040.00","63,130.00","63,338.33","63,637.50",0,"1,496",491.60,400.25,337.17,371.92
2020-01-21,"63,400","63,700","62,900","62,900","62,980.00","63,000.00","63,125.00","63,326.67","63,623.33",0,355,442.40,412.55,341.23,363.48
2020-01-22,"62,900","63,300","62,600","63,000","63,000.00","62,980.00","63,120.00","63,316.67","63,612.50",0,713,569.80,445.70,351.92,365.40
2020-01-23,"63,000","63,500","62,600","62,600","62,940.00","62,940.00","63,095.00","63,300.00","63,610.00",70,978,733.40,388.65,367.83,358.48
2020-01-28,"62,500","62,600","61,900","61,900","62,760.00","62,830.00","63,025.00","63,263.33","63,611.67",0,417,791.80,396.75,374.08,353.06
2020-01-29,"62,200","63,000","61,400","62,100","62,500.00","62,740.00","62,960.00","63,240.00","63,598.33",69,467,586.00,398.80,380.65,350.42
2020-01-30,"62,200","62,400","61,500","62,000","62,320.00","62,650.00","62,890.00","63,210.00","63,584.17",0,310,577.00,405.90,383.60,351.16
2020-01-31,"61,500","61,900","61,200","61,200","61,960.00","62,480.00","62,780.00","63,166.67","63,564.17",0,686,571.60,426.15,392.47,353.95
2020-02-03,"61,200","61,600","61,000","61,600","61,760.00","62,350.00","62,700.00","63,146.67","63,566.67",8,295,435.00,407.25,383.57,351.08
2020-02-04,"61,400","62,200","61,400","62,200","61,820.00","62,290.00","62,655.00","63,133.33","63,572.50",0,175,386.60,402.50,378.55,342.89
2020-02-05,"61,400","62,700","60,900","62,200","61,840.00","62,170.00","62,605.00","63,116.67","63,579.17",68,575,408.20,422.25,385.97,343.53
2020-02-06,"62,100","62,100","61,100","62,000","61,840.00","62,080.00","62,540.00","63,090.00","63,580.83",71,316,409.40,434.10,390.48,343.73
2020-02-07,"62,000","62,000","61,400","62,000","62,000.00","61,980.00","62,480.00","63,055.00","63,576.67",0,82,288.60,415.80,390.52,343.57
2020-02-10,"62,000","62,000","61,500","61,600","62,000.00","61,880.00","62,410.00","63,038.33","63,567.50",0,66,242.80,405.50,360.63,343.89
2020-02-11,"62,000","62,000","61,700","62,000","61,960.00","61,890.00","62,360.00","63,016.67","63,563.33",0,45,216.80,401.75,336.85,342.94
2020-02-12,"62,000","62,100","61,400","62,000","61,920.00","61,880.00","62,310.00","63,005.00","63,551.67",0,351,172.00,414.45,339.10,343.74
2020-02-13,"61,600","62,100","61,600","62,000","61,920.00","61,880.00","62,265.00","62,971.67","63,544.17",0,119,132.60,390.35,335.87,342.68
2020-02-14,"62,000","62,000","61,500","61,600","61,840.00","61,920.00","62,200.00","62,936.67","63,533.33",0,322,180.60,402.65,338.08,345.12
2020-02-17,"61,500","61,500","60,400","61,100","61,740.00","61,870.00","62,110.00","62,896.67","63,515.00",0,850,337.40,437.15,344.62,350.68
2020-02-18,"61,000","61,100","60,000","60,500","61,440.00","61,700.00","61,995.00","62,840.00","63,488.33",0,673,463.00,464.55,346.33,354.52
2020-02-19,"60,100","60,500","59,800","60,500","61,140.00","61,530.00","61,850.00","62,795.00","63,459.17",0,341,461.00,406.80,350.05,354.02
2020-02-20,"60,500","60,600","59,000","59,100","60,560.00","61,240.00","61,660.00","62,741.67","63,420.00",2,"1,038",644.80,440.95,362.10,361.89
2020-02-21,"58,200","59,400","57,400","59,000","60,040.00","60,940.00","61,460.00","62,676.67","63,388.33",0,"1,315",843.40,471.05,381.50,370.17
2020-02-24,"59,000","59,000","56,900","57,600","59,340.00","60,540.00","61,210.00","62,576.67","63,340.00",0,719,817.20,458.10,391.23,375.14
2020-02-25,"57,600","58,300","57,500","57,600","58,760.00","60,100.00","60,995.00","62,476.67","63,290.00",0,469,776.40,460.70,397.23,378.52
2020-02-26,"57,600","58,400","57,300","57,800","58,220.00","59,680.00","60,780.00","62,368.33","63,245.00",0,251,758.40,449.90,398.03,379.93
2020-02-27,"58,200","58,300","57,600","57,600","57,920.00","59,240.00","60,560.00","62,271.67","63,187.50",0,274,605.60,448.10,400.03,381.50
2020-02-28,"57,200","57,400","55,800","57,400","57,600.00","58,820.00","60,370.00","62,163.33","63,124.17",71,984,539.40,463.00,411.28,385.04
2020-03-02,"57,300","57,400","56,200","56,300","57,340.00","58,340.00","60,105.00","62,041.67","63,054.17",0,366,468.80,466.55,412.30,383.96
2020-03-03,"56,600","57,500","56,500","56,500","57,120.00","57,940.00","59,820.00","61,918.33","62,985.83",0,362,447.40,475.90,416.73,382.87
2020-03-04,"56,500","56,900","55,500","56,400","56,840.00","57,530.00","59,530.00","61,803.33","62,915.00",0,929,583.00,493.60,429.07,386.08
2020-03-05,"56,100","57,000","56,000","56,500","56,620.00","57,270.00","59,255.00","61,683.33","62,846.67",0,314,591.00,493.50,429.58,387.67
2020-03-06,"56,000","57,000","56,000","57,000","56,540.00","57,070.00","59,005.00","61,580.00","62,781.67",70,171,428.40,497.95,430.17,383.90
2020-03-09,"56,900","57,000","56,000","56,900","56,660.00","57,000.00","58,770.00","61,483.33","62,716.67",70,275,410.20,508.40,429.07,383.89
2020-03-10,"55,200","57,100","55,100","56,300","56,620.00","56,870.00","58,485.00","61,371.67","62,642.50",0,613,460.40,536.80,437.30,385.13
2020-03-11,"56,000","56,700","55,600","56,200","56,580.00","56,710.00","58,195.00","61,250.00","62,567.50",0,96,293.80,524.05,438.03,383.27
2020-03-12,"55,800","55,900","50,600","51,300","55,540.00","56,080.00","57,660.00","61,040.00","62,450.00",0,"1,539",538.80,595.05,444.82,391.52
2020-03-13,"42,050","49,000","42,050","48,100","53,760.00","55,150.00","56,985.00","60,783.33","62,299.17",0,"1,455",795.60,651.70,467.50,400.79
2020-03-16,"48,100","48,300","46,900","47,650","51,910.00","54,285.00","56,312.50","60,517.50","62,147.08",0,"1,028",946.20,660.60,482.68,408.68
2020-03-17,"47,600","47,600","45,150","45,700","49,790.00","53,205.00","55,572.50","60,225.83","61,978.75",0,426,908.80,648.25,481.42,407.19
2020-03-18,"48,500","48,500","45,650","46,000","47,750.00","52,165.00","54,847.50","59,942.50","61,808.75",0,"1,493","1,188.20",705.85,504.30,418.98
2020-03-19,"46,000","46,000","42,550","43,150","46,120.00","50,830.00","54,050.00","59,611.67","61,612.50",0,805,"1,041.40",694.20,515.90,422.96
2020-03-20,"41,050","44,450","41,050","44,000","45,300.00","49,530.00","53,300.00","59,293.33","61,427.50",0,"2,004","1,151.20",728.65,548.47,410.74
2020-03-23,"40,150","42,500","40,150","41,400","44,050.00","47,980.00","52,490.00","58,931.67","61,221.67",0,"30,963","7,138.20","2,240.85","1,029.20",667.19
2020-03-24,"41,450","42,600","41,450","42,600","43,430.00","46,610.00","51,740.00","58,586.67","61,035.00",0,901,"7,233.20","2,262.45","1,039.97",673.61
2020-03-25,"43,400","44,500","42,700","43,250","42,880.00","45,315.00","51,012.50","58,250.83","60,860.42",0,"1,090","7,152.60","2,304.40","1,051.03",681.42
2020-03-26,"43,100","44,000","43,100","43,700","42,990.00","44,555.00","50,317.50","57,922.50","60,689.58",0,"1,075","7,206.60","2,344.45","1,066.15",685.87
2020-03-27,"44,000","47,000","43,750","46,250","43,440.00","44,370.00","49,760.00","57,636.67","60,542.50",0,805,"6,966.80","2,335.50","1,074.88",690.33
2020-03-30,"46,000","46,000","43,900","45,650","44,290.00","44,170.00","49,227.50","57,344.17","60,391.25",0,611,896.40,"2,347.75","1,073.85",690.42
2020-03-31,"45,750","46,400","44,600","45,550","44,880.00","44,155.00","48,680.00","57,051.67","60,238.33",0,768,869.80,"2,368.05","1,082.15",696.08
2020-04-01,"45,500","46,400","44,700","45,650","45,360.00","44,120.00","48,142.50","56,759.17","60,087.92",0,"1,438",939.40,"2,393.50","1,103.12",705.45
2020-04-02,"45,650","45,950","44,300","45,650","45,750.00","44,370.00","47,600.00","56,465.00","59,939.17",0,502,824.80,"2,402.90","1,110.17",708.46
2020-04-03,"45,200","48,500","45,200","45,600","45,620.00","44,530.00","47,030.00","56,171.67","59,790.83",66,"1,254",914.60,"2,457.05","1,123.60",718.13
2020-04-06,"46,500","46,850","45,950","46,800","45,850.00","45,070.00","46,525.00","55,901.67","59,653.33",0,893,971.00,"2,487.95","1,133.95",723.29
2020-04-07,"46,850","48,500","46,850","47,900","46,320.00","45,600.00","46,105.00","55,650.00","59,522.50",0,657,948.80,"2,490.15","1,142.90",728.04
2020-04-08,"47,900","49,700","47,700","49,350","47,060.00","46,210.00","45,762.50","55,422.50","59,402.08",0,"1,119",885.00,"2,541.30","1,159.93",735.92
2020-04-09,"49,350","51,400","49,350","49,600","47,850.00","46,800.00","45,677.50","55,200.83","59,287.92",29,335,851.60,"2,481.10","1,155.50",738.11
2020-04-10,"49,000","49,700","48,000","48,900","48,510.00","47,065.00","45,717.50","54,967.50","59,163.75",0,692,739.20,"2,442.95","1,165.77",742.73
2020-04-13,"47,950","49,000","47,950","48,100","48,770.00","47,310.00","45,740.00","54,720.83","59,037.92",0,953,751.20,"2,439.20","1,178.98",749.88
2020-04-14,"48,200","49,000","48,200","48,400","48,870.00","47,595.00","45,875.00","54,480.83","58,909.58",30,364,692.60,"2,436.10","1,182.97",749.65
2020-04-16,"48,400","48,900","47,700","48,650","48,730.00","47,895.00","46,007.50","54,235.00","58,786.67",0,521,573.00,"2,387.50","1,166.72",751.94
2020-04-17,"48,800","50,700","48,800","50,100","48,830.00","48,340.00","46,355.00","54,021.67","58,674.17",0,768,659.60,"2,385.65","1,173.60",757.42
2020-04-20,"50,100","52,400","50,100","51,900","49,430.00","48,970.00","46,750.00","53,836.67","58,576.67",0,925,706.20,"2,331.70","1,177.13",764.52
2020-04-21,"51,800","52,700","49,800","49,800","49,770.00","49,270.00","47,170.00","53,623.33","58,461.67",0,835,682.60,825.30,"1,174.75",771.29
2020-04-22,"49,600","50,500","49,050","49,900","50,070.00","49,470.00","47,535.00","53,423.33","58,343.33",0,433,696.40,801.90,"1,175.02",774.55
2020-04-23,"49,900","51,200","49,900","51,200","50,580.00","49,655.00","47,932.50","53,241.67","58,240.83",0,634,719.00,779.10,"1,177.80",779.23
2020-04-24,"51,200","51,400","49,900","50,000","50,560.00","49,695.00","48,247.50","53,041.67","58,125.83",0,633,692.00,757.00,"1,183.18",783.39
2020-04-27,"50,100","50,200","49,200","50,100","50,200.00","49,815.00","48,440.00","52,856.67","58,011.67",0,362,579.40,734.85,"1,177.78",785.13
2020-04-28,"50,100","50,100","49,100","49,750","50,190.00","49,980.00","48,645.00","52,659.17","57,902.92",0,827,577.80,745.65,"1,186.65",785.11
2020-04-29,"50,200","51,000","49,950","50,800","50,370.00","50,220.00","48,907.50","52,469.17","57,801.25",0,437,578.60,729.10,"1,191.02",784.78
2020-05-04,"50,700","51,000","49,500","50,700","50,270.00","50,425.00","49,160.00","52,277.50","57,697.08",30,581,568.00,686.25,"1,191.12",788.54
2020-05-06,"50,700","51,000","49,900","50,200","50,310.00","50,435.00","49,387.50","52,080.83","57,585.42",30,400,521.40,681.15,"1,192.52",791.50
2020-05-07,"49,850","50,600","49,800","50,500","50,390.00","50,295.00","49,632.50","51,889.17","57,472.08",0,534,555.80,645.15,"1,200.05",795.28
2020-05-08,"50,500","51,000","49,800","50,000","50,440.00","50,315.00","49,792.50","51,695.83","57,367.08",0,"1,028",596.00,651.90,"1,216.08",788.36
2020-05-11,"50,700","51,700","50,000","50,000","50,280.00","50,325.00","49,897.50","51,495.83","57,256.25",0,"1,082",725.00,673.15,"1,233.37",785.11
2020-05-12,"50,100","50,700","50,000","50,400","50,220.00","50,245.00","49,950.00","51,302.50","57,153.75",0,238,656.40,629.10,"1,231.48",785.29
2020-05-13,"49,550","50,400","49,550","50,400","50,260.00","50,285.00","49,990.00","51,109.17","57,040.42",0,287,633.80,626.70,"1,234.28",785.08
2020-05-14,"52,500","52,500","49,700","50,400","50,240.00","50,315.00","50,065.00","50,922.50","56,929.58",0,162,559.40,600.20,"1,231.62",784.85
2020-05-15,"49,850","50,300","49,500","50,200","50,280.00","50,360.00","50,170.00","50,740.83","56,818.75",0,603,474.40,582.70,"1,227.50",786.06
2020-05-18,"50,200","50,400","49,650","50,100","50,300.00","50,290.00","50,255.00","50,567.50","56,703.75",0,76,273.20,568.30,"1,217.55",781.94
2020-05-19,"50,100","50,900","48,500","49,800","50,180.00","50,200.00","50,312.50","50,389.17","56,592.08",0,"1,616",548.80,623.05,"1,238.80",794.42
2020-05-20,"49,800","50,000","49,450","50,000","50,100.00","50,180.00","50,307.50","50,237.50","56,489.58",0,313,554.00,600.30,"1,226.72",794.41
2020-05-21,"50,000","50,700","49,750","50,100","50,040.00","50,140.00","50,217.50","50,089.17","56,382.92",0,"1,551",831.80,631.60,"1,230.65",806.08
2020-05-22,"50,700","50,700","49,750","49,950","49,990.00","50,135.00","50,225.00","49,961.67","56,269.17",70,454,802.00,612.55,"1,226.23",808.73
2020-05-25,"50,000","50,400","49,500","50,200","50,010.00","50,155.00","50,240.00","49,838.33","56,157.50",0,677,922.20,624.75,"1,229.70",813.47
2020-05-26,"50,200","50,200","49,550","50,200","50,090.00","50,135.00","50,190.00","49,711.67","56,040.00",0,414,681.80,613.75,"1,232.42",815.23
2020-05-27,"50,300","50,800","49,600","50,600","50,210.00","50,155.00","50,220.00","49,595.00","55,933.33",0,529,725.00,608.55,"1,236.67",818.35
2020-05-28,"50,600","50,800","49,900","50,400","50,270.00","50,155.00","50,235.00","49,478.33","55,820.83",30,216,458.00,601.25,"1,223.87",817.58
2020-05-29,"50,400","50,700","49,750","50,300","50,340.00","50,165.00","50,262.50","49,378.33","55,710.00",0,840,535.20,601.90,"1,231.77",822.03
2020-06-01,"50,500","50,700","49,950","50,000","50,300.00","50,155.00","50,222.50","49,270.00","55,594.17",30,703,540.40,615.20,"1,237.45",827.09
2020-06-02,"50,000","50,600","49,700","50,000","50,260.00","50,175.00","50,187.50","49,163.33","55,483.33",0,671,591.80,619.70,"1,233.15",831.11
2020-06-03,"50,100","64,700","50,100","54,000","50,940.00","50,575.00","50,377.50","49,121.67","55,402.50",29,"53,173","11,120.60","3,258.35","2,114.13","1,271.86"
2020-06-04,"54,000","56,200","53,400","53,400","51,540.00","50,905.00","50,522.50","49,061.67","55,320.83",29,"5,444","12,166.20","3,503.85","2,202.02","1,316.09"
2020-06-05,"53,500","63,500","52,100","56,400","52,760.00","51,550.00","50,842.50","49,053.33","55,268.33",0,"32,184","18,435.00","5,061.65","2,733.83","1,581.45"
2020-06-08,"56,700","57,800","55,800","55,800","53,920.00","52,110.00","51,132.50","49,045.00","55,208.33",0,"5,254","19,345.20","5,270.25","2,811.18","1,624.24"
2020-06-09,"55,800","59,200","55,500","58,500","55,620.00","52,940.00","51,537.50","49,083.33","55,166.67",0,"5,307","20,272.40","5,523.70","2,898.03","1,668.03"
2020-06-10,"58,500","60,000","57,700","60,000","56,820.00","53,880.00","52,017.50","49,228.33","55,134.17",0,"3,346","10,307.00","5,676.65","2,928.15","1,686.48"
2020-06-11,"60,100","65,000","60,100","62,400","58,620.00","55,080.00","52,617.50","49,466.67","55,125.00",0,"9,909","11,200.00","6,164.00","3,069.05","1,768.28"
2020-06-12,"60,100","61,300","58,000","59,700","59,280.00","56,020.00","53,092.50","49,667.50","55,092.50",0,"4,788","5,720.80","6,373.25","3,131.72","1,807.20"
2020-06-15,"58,500","58,800","54,600","55,400","59,200.00","56,560.00","53,357.50","49,829.17","55,027.50",0,"2,617","5,193.40","6,500.30","3,168.23","1,824.83"
2020-06-16,"56,100","58,000","54,200","56,000","58,700.00","57,160.00","53,667.50","49,995.83","54,969.17",0,"1,388","4,409.60","6,488.90","3,166.48","1,835.39"
2020-06-17,"56,000","71,000","55,200","62,100","59,120.00","57,970.00","54,272.50","50,311.67","54,961.67",0,"68,133","17,367.00","9,879.90","4,288.62","2,402.26"
2020-06-18,"62,500","71,800","62,000","66,300","59,900.00","59,260.00","55,082.50","50,683.33","54,988.33",0,"30,302","21,445.60","11,317.45","4,760.25","2,654.36"
2020-06-19,"68,200","86,100","66,300","79,000","63,760.00","61,520.00","56,535.00","51,310.00","55,120.83",0,"204,410","61,370.00","21,515.25","7,651.03","4,340.12"
2020-06-22,"79,000","81,000","64,000","64,400","65,560.00","62,380.00","57,245.00","51,673.33","55,130.00",0,"63,971","73,640.80","24,679.95","8,702.20","4,871.08"
2020-06-23,"65,200","65,800","60,500","62,300","66,820.00","62,760.00","57,850.00","51,990.83","55,120.83",0,"20,058","77,374.80","25,662.15","9,018.33","5,034.68"
2020-06-24,"61,200","64,300","60,500","64,000","67,200.00","63,160.00","58,520.00","52,329.17","55,125.83",0,"10,765","65,901.20","26,173.95","9,179.83","5,122.99"
2020-06-25,"63,000","63,300","61,800","63,000","66,540.00","63,220.00","59,150.00","52,608.33","55,122.50",0,"5,573","60,955.40","26,441.80","9,259.30","5,167.09"
2020-06-26,"62,900","63,400","61,300","61,300","63,000.00","63,380.00","59,700.00","52,869.17","55,106.67",0,"4,478","20,969.00","26,623.70","9,323.75","5,198.80"
2020-06-29,"60,300","61,000","57,900","58,900","61,900.00","63,730.00","60,145.00","53,091.67","55,071.67",0,"8,463","9,867.40","27,011.70","9,452.00","5,267.07"
2020-06-30,"58,700","59,900","58,500","59,100","61,260.00","64,040.00","60,600.00","53,315.83","55,037.50",0,"4,494","6,754.60","27,202.85","9,502.93","5,303.02"
2020-07-01,"59,000","61,300","58,800","59,100","60,280.00","63,740.00","60,855.00","53,540.00","55,002.50",0,"8,283","6,258.20","24,958.35","9,632.62","5,371.39"
2020-07-02,"58,200","59,600","57,900","57,900","59,260.00","62,900.00","61,080.00","53,745.00","54,958.33",0,"4,119","5,967.40","24,892.10","9,680.37","5,401.98"
2020-07-03,"58,600","58,600","57,100","57,800","58,560.00","60,780.00","61,150.00","53,928.33","54,915.00",0,"3,614","5,794.60","23,463.60","9,725.72","5,429.83"
2020-07-06,"57,400","58,500","57,200","57,600","58,300.00","60,100.00","61,240.00","54,090.00","54,870.00",0,"4,079","4,917.80","23,404.85","9,782.75","5,462.82"
2020-07-07,"57,400","58,700","56,700","57,600","58,000.00","59,630.00","61,195.00","54,227.50","54,825.00",0,"4,358","4,890.60","23,357.40","9,836.73","5,498.33"
2020-07-08,"57,600","58,500","56,500","58,500","57,880.00","59,080.00","61,120.00","54,375.83","54,788.33",68,"3,088","3,851.60","23,344.50","9,882.62","5,519.06"
2020-07-09,"59,500","61,300","59,000","59,600","58,220.00","58,740.00","60,980.00","54,554.17","54,760.83",0,"10,795","5,186.80","23,388.80","10,051.00","5,608.38"
2020-07-10,"59,100","60,100","58,200","58,400","58,340.00","58,450.00","60,915.00","54,725.83","54,723.33",0,"3,257","5,115.40","23,312.25","10,089.40","5,634.19"
2020-07-13,"58,300","58,700","57,500","58,100","58,440.00","58,370.00","61,050.00","54,887.50","54,684.17",0,"2,285","4,756.60","23,295.65","10,121.42","5,652.19"
2020-07-14,"57,900","58,300","55,700","57,300","58,380.00","58,190.00","61,115.00","55,031.67","54,633.33",0,"2,167","4,318.40","23,334.60","10,148.85","5,657.78"
2020-07-15,"57,400","57,900","56,500","57,200","58,120.00","58,000.00","60,870.00","55,150.00","54,585.83",0,"1,384","3,977.60","19,997.15","10,159.12","5,666.36"
2020-07-16,"57,200","57,500","56,700","57,300","57,660.00","57,940.00","60,420.00","55,240.00","54,538.33",0,711,"1,960.80","18,517.60","10,155.55","5,666.34"
2020-07-17,"57,500","58,100","57,100","57,800","57,540.00","57,940.00","59,360.00","55,373.33","54,498.33",0,"1,234","1,556.20","8,358.80","10,162.20","5,668.48"
2020-07-20,"57,800","57,800","56,800","57,400","57,400.00","57,920.00","59,010.00","55,498.33","54,460.83",0,"1,779","1,455.00","5,249.20","10,184.63","5,679.82"
2020-07-21,"57,400","58,600","57,000","57,500","57,440.00","57,910.00","58,770.00","55,603.33","54,422.50",0,"2,388","1,499.20","4,365.70","10,213.87","5,695.83"
2020-07-22,"57,300","58,600","57,200","58,400","57,680.00","57,900.00","58,490.00","55,743.33","54,392.50",0,"2,024","1,627.20","3,928.65","10,237.05","5,710.12"
2020-07-23,"58,600","60,000","58,100","58,800","57,980.00","57,820.00","58,280.00","55,888.33","54,372.50",0,"3,214","2,127.80","3,810.70","10,284.58","5,731.18"
2020-07-24,"59,600","60,700","58,100","58,300","58,080.00","57,810.00","58,130.00","56,030.83","54,345.00",39,"3,144","2,509.80","3,744.00","10,323.20","5,754.93"
2020-07-27,"58,300","59,100","58,100","58,300","58,260.00","57,830.00","58,100.00","56,155.83","54,312.50",0,"1,576","2,469.20","3,399.65","10,342.18","5,766.60"
2020-07-28,"58,300","58,900","57,400","57,500","58,260.00","57,850.00","58,020.00","56,269.17","54,273.33",0,"1,516","2,294.80","3,250.75","10,357.77","5,774.44"
2020-07-29,"57,900","58,100","56,800","57,600","58,100.00","57,890.00","57,945.00","56,392.50","54,236.67",0,"1,233","2,136.60","2,898.25","10,371.65","5,782.08"
2020-07-30,"57,600","57,800","57,000","57,000","57,740.00","57,860.00","57,900.00","56,500.83","54,195.00",0,"1,346","1,763.00","2,759.60","10,385.18","5,792.62"
2020-07-31,"57,400","57,400","57,000","57,300","57,540.00","57,810.00","57,875.00","56,622.50","54,159.17",70,469,"1,228.00","2,602.35","10,375.87","5,795.98"
2020-08-03,"57,400","57,600","56,900","57,400","57,360.00","57,810.00","57,865.00","56,745.83","54,120.83",0,"1,094","1,131.60","2,453.10","10,376.07","5,804.72"
2020-08-04,"57,300","58,100","57,000","57,300","57,320.00","57,790.00","57,850.00","56,860.83","54,081.67",0,"1,783","1,185.00","2,324.35","10,401.82","5,816.65"
2020-08-05,"57,300","57,600","56,900","57,500","57,300.00","57,700.00","57,800.00","56,979.17","54,044.17",0,"1,014","1,141.20","2,220.65","10,413.93","5,824.11"
2020-08-06,"57,500","57,900","56,600","57,000","57,300.00","57,520.00","57,670.00","57,089.17","54,005.83",0,"2,381","1,348.20","1,799.95","10,450.92","5,841.27"
2020-08-07,"57,400","57,400","56,500","56,700","57,180.00","57,360.00","57,585.00","57,197.50","53,969.17",0,"2,262","1,706.80","1,750.20","10,478.57","5,853.03"
2020-08-10,"56,800","57,100","56,700","56,900","57,080.00","57,220.00","57,525.00","57,310.83","53,939.17",58,761,"1,640.20","1,674.00","10,489.98","5,853.77"
2020-08-11,"56,900","57,600","56,900","57,200","57,060.00","57,190.00","57,520.00","57,434.17","53,911.67",59,"1,716","1,626.80","1,651.45","10,491.65","5,865.23"
2020-08-12,"57,200","57,800","57,000","57,500","57,060.00","57,180.00","57,535.00","57,559.17","53,898.33",68,"2,482","1,920.40","1,706.35","10,527.80","5,877.26"
2020-08-13,"58,000","59,100","57,900","58,200","57,300.00","57,300.00","57,580.00","57,694.17","53,891.67",29,"1,962","1,836.60","1,768.90","10,534.65","5,882.65"
2020-08-14,"58,700","58,800","57,500","57,500","57,460.00","57,320.00","57,565.00","57,820.00","53,890.83",39,"2,706","1,925.40","1,842.50","10,572.18","5,899.21"
2020-08-18,"56,800","57,400","54,700","54,700","57,020.00","57,050.00","57,430.00","57,895.00","53,866.67",40,"4,029","2,579.00","1,955.00","10,628.05","5,928.88"
2020-08-19,"54,100","55,700","54,000","54,600","56,500.00","56,780.00","57,285.00","57,968.33","53,840.00",66,"1,594","2,554.60","1,915.30","10,647.72","5,940.07"
2020-08-20,"54,200","55,100","51,100","51,500","55,300.00","56,180.00","56,940.00","57,983.33","53,789.17",0,"3,818","2,821.80","2,005.00","10,702.53","5,969.60"
2020-08-21,"52,300","52,800","51,600","52,500","54,160.00","55,730.00","56,625.00","58,018.33","53,748.33",58,964,"2,622.20","1,892.50","10,715.00","5,969.43"
2020-08-24,"52,500","53,400","52,100","52,600","53,180.00","55,320.00","56,340.00","58,056.67","53,717.50",59,374,"2,155.80","1,754.00","10,707.23","5,969.50"
2020-08-25,"53,200","54,500","53,000","54,000","53,040.00","55,030.00","56,125.00","58,123.33","53,696.67",0,"1,402","1,630.40","1,745.30","10,718.88","5,978.17"
2020-08-26,"54,600","57,000","53,900","55,200","53,160.00","54,830.00","56,010.00","58,210.00","53,686.67",0,"1,661","1,643.80","1,752.55","10,735.38","5,984.27"
2020-08-27,"55,100","55,400","53,800","54,800","53,820.00","54,560.00","55,870.00","58,223.33","53,672.50",0,"1,092","1,098.60","1,745.50","9,867.37","5,990.75"
2020-08-28,"54,800","56,200","54,300","54,700","54,260.00","54,210.00","55,755.00","58,245.00","53,653.33",0,"2,316","1,369.00","1,794.00","9,815.23","6,008.63"
2020-08-31,"55,000","55,100","54,000","54,100","54,560.00","53,870.00","55,595.00","58,206.67","53,630.00",0,705,"1,435.20","1,805.80","9,290.58","6,012.21"
2020-09-01,"54,100","54,900","53,900","54,700","54,700.00","53,870.00","55,460.00","58,188.33","53,616.67",0,552,"1,265.20","1,778.70","9,212.22","6,011.70"
2020-09-02,"54,700","54,700","54,100","54,700","54,600.00","53,880.00","55,330.00","58,125.00","53,604.17",0,553,"1,043.60","1,717.20","9,132.98","6,015.51"
2020-09-03,"54,700","55,000","54,400","54,600","54,560.00","54,190.00","55,185.00","58,035.00","53,631.67",0,637,952.60,"1,698.35","9,087.83","6,007.99"
2020-09-04,"54,100","57,400","54,100","57,200","55,060.00","54,660.00","55,195.00","57,948.33","53,707.50",60,"10,312","2,551.80","2,094.90","9,094.55","6,081.80"
2020-09-07,"57,500","58,100","56,200","56,600","55,560.00","55,060.00","55,190.00","57,896.67","53,782.08",0,"2,419","2,894.60","2,102.75","9,055.07","6,093.39"
2020-09-08,"57,500","57,900","56,100","56,700","55,960.00","55,330.00","55,180.00","57,918.33","53,873.75",0,"1,448","3,073.80","2,137.10","9,035.58","6,101.91"
2020-09-09,"56,100","57,000","54,800","55,900","56,200.00","55,400.00","55,115.00","57,916.67","53,956.25",0,"1,721","3,307.40","2,137.35","9,041.13","6,103.81"
2020-09-10,"55,900","57,000","55,300","56,400","56,560.00","55,560.00","55,060.00","57,821.67","54,066.67",30,678,"3,315.60","2,047.15","7,916.88","6,102.75"
2020-09-11,"56,400","57,400","55,900","57,000","56,520.00","55,790.00","55,000.00","57,666.67","54,175.00",0,415,"1,336.20","1,969.80","7,418.77","6,089.51"
2020-09-14,"57,200","58,000","56,600","57,200","56,640.00","56,100.00","54,985.00","57,303.33","54,306.67",0,539,960.20,"1,861.45","4,020.92","5,835.98"
2020-09-15,"56,700","57,400","56,300","56,900","56,680.00","56,320.00","55,095.00","57,178.33","54,425.83",0,605,791.60,"1,690.25","2,964.82","5,833.51"
2020-09-16,"56,900","57,500","56,800","56,900","56,880.00","56,540.00","55,210.00","57,088.33","54,539.58",0,"1,305",708.40,"1,675.80","2,652.27","5,835.30"
2020-09-17,"56,600","56,900","56,200","56,700","56,940.00","56,750.00","55,470.00","56,966.67","54,647.92",0,859,744.60,"1,527.85","2,487.17","5,833.50"
2020-09-18,"56,800","57,200","56,000","56,600","56,860.00","56,690.00","55,675.00","56,860.00","54,734.17",0,575,776.60,"1,508.40","2,403.87","5,831.58"
2020-09-21,"56,600","58,400","56,200","56,500","56,720.00","56,680.00","55,870.00","56,780.00","54,824.58",0,"2,547","1,178.20","1,617.05","2,371.68","5,847.72"
2020-09-22,"56,500","56,700","55,800","56,200","56,580.00","56,630.00","55,980.00","56,735.00","54,913.33",42,844,"1,226.00","1,589.15","2,244.70","5,848.35"
2020-09-23,"56,300","56,300","55,300","56,200","56,440.00","56,660.00","56,030.00","56,686.67","55,001.25",0,"1,408","1,246.60","1,576.50","2,193.27","5,848.10"
2020-09-24,"56,200","56,400","55,400","55,400","56,180.00","56,560.00","56,060.00","56,625.00","55,082.50",0,"1,333","1,341.40","1,588.55","2,077.43","5,855.02"
2020-09-25,"56,000","56,500","55,600","56,500","56,160.00","56,510.00","56,150.00","56,601.67","55,173.33",0,414,"1,309.20","1,493.45","2,015.68","5,848.02"
2020-09-28,"56,100","56,400","55,800","56,100","56,080.00","56,400.00","56,250.00","56,573.33","55,250.83",36,678,935.40,"1,492.10","1,966.75","5,846.23"
2020-09-29,"56,200","57,200","56,100","57,200","56,280.00","56,430.00","56,375.00","56,566.67","55,328.33",18,638,894.20,"1,496.40","1,909.40","5,846.07"
2020-10-05,"57,100","57,200","56,300","57,100","56,460.00","56,450.00","56,495.00","56,558.33","55,392.92",36,783,769.20,"1,507.90","1,849.82","5,843.27"
2020-10-06,"57,000","57,300","56,400","56,400","56,660.00","56,420.00","56,585.00","56,523.33","55,449.58",0,548,612.20,"1,503.45","1,807.48","5,845.05"
2020-10-07,"57,300","57,300","56,100","56,400","56,640.00","56,400.00","56,545.00","56,470.00","55,512.08",0,170,563.40,996.35,"1,630.40","5,840.70"
2020-10-08,"57,200","57,200","56,500","57,100","56,840.00","56,460.00","56,570.00","56,448.33","55,587.08",69,"1,049",637.60,927.85,"1,593.60","5,841.50"
2020-10-12,"57,400","57,400","56,500","56,900","56,780.00","56,530.00","56,580.00","56,428.33","55,657.92",0,710,652.00,890.95,"1,567.35","5,844.38"
2020-10-13,"57,000","57,100","56,200","56,500","56,660.00","56,560.00","56,610.00","56,415.00","55,723.33",0,515,598.40,830.65,"1,539.82","5,844.33"
2020-10-14,"56,300","56,600","56,000","56,500","56,680.00","56,670.00","56,615.00","56,403.33","55,776.67",0,464,581.60,819.95,"1,524.48","5,841.80"
2020-10-15,"56,500","56,800","55,500","56,400","56,680.00","56,660.00","56,585.00","56,388.33","55,814.17",0,392,626.00,818.80,"1,519.17","5,837.36"
2020-10-16,"55,800","60,500","55,500","56,000","56,460.00","56,650.00","56,525.00","56,358.33","55,865.83",70,"11,695","2,755.20","1,376.60","1,693.52","5,927.86"
2020-10-19,"56,600","56,600","55,100","55,700","56,220.00","56,500.00","56,465.00","56,330.00","55,914.17",0,"1,752","2,963.60","1,433.95","1,693.07","5,938.85"
2020-10-20,"56,200","58,000","55,500","55,700","56,060.00","56,360.00","56,405.00","56,300.00","55,951.67",66,"3,342","3,529.00","1,535.80","1,708.97","5,961.42"
2020-10-21,"55,700","59,400","55,700","58,900","56,540.00","56,610.00","56,515.00","56,308.33","56,025.83",0,"6,515","4,739.20","1,818.60","1,783.82","6,010.43"
2020-10-22,"59,800","59,900","57,300","57,900","56,840.00","56,760.00","56,580.00","56,293.33","56,090.83",0,"7,797","6,220.20","2,179.70","1,860.20","6,072.39"
2020-10-23,"57,900","59,600","56,500","58,400","57,320.00","56,890.00","56,675.00","56,295.00","56,162.92",0,"7,815","5,444.20","2,443.10","1,938.05","6,130.63"
2020-10-26,"58,400","59,300","56,300","56,300","57,440.00","56,830.00","56,680.00","56,261.67","56,208.75",0,"3,345","5,762.80","2,568.15","1,967.53","6,154.86"
2020-10-27,"55,900","56,800","55,700","56,100","57,520.00","56,790.00","56,675.00","56,238.33","56,253.75",54,597,"5,213.80","2,527.60","1,952.22","6,154.99"
2020-10-28,"56,100","57,300","55,500","57,300","57,200.00","56,870.00","56,770.00","56,233.33","56,312.92",64,481,"4,007.00","2,485.00","1,939.68","6,155.67"
2020-10-29,"55,900","56,800","55,900","56,100","56,840.00","56,840.00","56,750.00","56,218.33","56,359.58",0,609,"2,569.40","2,494.75","1,927.40","6,156.29"
2020-10-30,"56,500","56,800","55,200","55,700","56,300.00","56,810.00","56,730.00","56,191.67","56,407.08",0,"1,341","1,274.60","2,527.90","1,941.93","6,158.90"
2020-11-02,"55,900","57,300","55,600","55,800","56,200.00","56,820.00","56,660.00","56,165.00","56,455.42",0,403,686.20,"2,516.15","1,930.42","6,153.24"
2020-11-03,"55,900","58,000","55,600","56,000","56,180.00","56,850.00","56,605.00","56,143.33","56,502.08",70,523,671.40,"2,503.15","1,909.42","6,155.62"
2020-11-04,"56,000","56,700","55,500","56,100","55,940.00","56,570.00","56,590.00","56,120.00","56,549.58",0,329,641.00,"2,492.20","1,898.00","6,155.97"
2020-11-05,"56,500","56,500","55,700","56,500","56,020.00","56,430.00","56,595.00","56,111.67","56,600.42",0,492,617.60,"2,508.30","1,866.52","6,158.72"
2020-11-06,"56,500","56,500","55,800","56,000","56,080.00","56,190.00","56,540.00","56,100.00","56,648.75",0,629,475.20,"2,487.30","1,839.30","6,158.93"
2020-11-09,"56,000","56,900","56,000","56,000","56,120.00","56,160.00","56,495.00","56,085.00","56,697.92",0,600,514.60,"2,481.80","1,836.62","6,163.30"
2020-11-10,"57,000","57,400","55,600","56,400","56,200.00","56,190.00","56,490.00","56,071.67","56,752.92",0,911,592.20,"2,501.60","1,823.20","6,157.43"
2020-11-11,"57,000","57,000","56,100","56,500","56,280.00","56,110.00","56,490.00","56,055.00","56,807.08",0,835,693.40,"2,520.15","1,795.75","6,161.77"
2020-11-12,"56,500","68,400","56,500","60,700","57,120.00","56,570.00","56,705.00","56,096.67","56,895.42",0,"45,132","9,621.40","4,757.15","2,515.25","6,524.95"
2020-11-13,"61,300","61,500","59,200","59,500","57,820.00","56,950.00","56,880.00","56,130.00","56,975.00",0,"7,114","10,918.40","4,528.10","2,588.72","6,580.45"
2020-11-16,"59,500","60,200","59,000","59,800","58,580.00","57,350.00","57,085.00","56,215.00","57,055.00",0,"2,102","11,218.80","4,545.60","2,556.60","6,592.32"
2020-11-17,"59,600","59,800","58,500","58,800","59,060.00","57,630.00","57,240.00","56,285.00","57,126.67",0,"2,435","11,523.60","4,500.25","2,570.62","6,609.17"
2020-11-18,"58,800","60,100","58,800","59,400","59,640.00","57,960.00","57,265.00","56,416.67","57,200.00",0,"1,995","11,755.60","4,274.25","2,540.23","6,621.38"
2020-11-19,"59,500","60,100","58,800","59,300","59,360.00","58,240.00","57,335.00","56,530.00","57,274.17",30,805,"2,890.20","3,924.65","2,537.58","6,626.29"
2020-11-20,"59,900","60,100","59,000","59,600","59,380.00","58,600.00","57,395.00","56,646.67","57,351.67",30,"1,144","1,696.20","3,591.10","2,550.42","6,628.82"
2020-11-23,"59,600","59,900","59,200","59,700","59,360.00","58,970.00","57,565.00","56,741.67","57,432.50",0,"1,591","1,594.00","3,503.40","2,553.57","6,636.23"
2020-11-24,"59,700","60,600","59,400","59,700","59,540.00","59,300.00","57,745.00","56,816.67","57,513.33",0,"1,435","1,394.00","3,545.30","2,549.80","6,642.59"
2020-11-25,"59,900","60,700","59,200","59,500","59,560.00","59,600.00","57,855.00","56,895.00","57,559.17",0,"1,651","1,325.20","3,603.80","2,559.12","6,213.24"
2020-11-26,"59,500","60,200","59,000","59,500","59,600.00","59,480.00","58,025.00","56,975.00","57,610.00",0,901,"1,344.40","3,618.40","2,535.53","6,175.38"
2020-11-27,"59,600","60,200","59,500","59,800","59,640.00","59,510.00","58,230.00","57,070.00","57,638.33",30,572,"1,230.00","3,579.95","2,533.32","5,911.95"
2020-11-30,"59,800","66,700","59,200","60,700","59,840.00","59,600.00","58,475.00","57,170.00","57,679.17",29,"25,025","5,916.80","4,811.05","2,941.20","6,076.71"
