2018-06-26,"96,069","96,383","90,104","91,046", , , , , ,0,"34,904", , , , 
2018-06-27,"89,476","92,929","86,964","90,104", , , , , ,0,"115,557", , , , 
2018-06-28,"90,104","90,104","90,104","90,104", , , , , ,0,0, , , , 
2018-06-29,"90,104","90,104","90,104","90,104", , , , , ,0,0, , , , 
2018-07-02,"90,104","90,104","90,104","90,104","90,292.40", , , , ,0,0,"30,092.20", , , 
2018-07-03,"90,104","90,104","90,104","90,104","90,104.00", , , , ,0,0,"23,111.40", , , 
2018-07-04,"90,104","90,104","90,104","90,104","90,104.00", , , , ,0,0,0.00, , , 
2018-07-05,"90,104","90,104","90,104","90,104","90,104.00", , , , ,0,0,0.00, , , 
2018-07-06,"90,104","90,104","90,104","90,104","90,104.00", , , , ,0,0,0.00, , , 
2018-07-09,"90,104","90,104","90,104","90,104","90,104.00","90,198.20", , , ,0,0,0.00, , , 
2018-07-10,"90,104","90,104","90,104","90,104","90,104.00","90,104.00", , , ,0,0,0.00, , , 
2018-07-11,"90,104","90,104","90,104","90,104","90,104.00","90,104.00", , , ,0,0,0.00, , , 
2018-07-12,"90,104","90,104","90,104","90,104","90,104.00","90,104.00", , , ,0,0,0.00, , , 
2018-07-13,"90,104","90,104","90,104","90,104","90,104.00","90,104.00", , , ,0,0,0.00, , , 
2018-07-16,"90,104","90,104","90,104","90,104","90,104.00","90,104.00", , , ,0,0,0.00, , , 
2018-07-17,"90,104","90,104","90,104","90,104","90,104.00","90,104.00", , , ,0,0,0.00, , , 
2018-07-18,"90,104","90,104","90,104","90,104","90,104.00","90,104.00", , , ,0,0,0.00, , , 
2018-07-19,"90,104","90,104","90,104","90,104","90,104.00","90,104.00", , , ,0,0,0.00, , , 
2018-07-20,"90,104","90,104","90,104","90,104","90,104.00","90,104.00", , , ,0,0,0.00, , , 
2018-07-23,"90,104","90,104","90,104","90,104","90,104.00","90,104.00","90,151.10", , ,0,0,0.00,"7,523.05", , 
2018-07-24,"90,104","90,104","90,104","90,104","90,104.00","90,104.00","90,104.00", , ,70,0,0.00,"5,777.85", , 
2018-07-25,"90,104","90,104","90,104","90,104","90,104.00","90,104.00","90,104.00", , ,30,0,0.00,0.00, , 
2018-07-26,"90,104","90,104","90,104","90,104","90,104.00","90,104.00","90,104.00", , ,30,0,0.00,0.00, , 
2018-07-27,"90,104","90,104","90,104","90,104","90,104.00","90,104.00","90,104.00", , ,30,0,0.00,0.00, , 
2018-07-30,"90,104","90,104","90,104","90,104","90,104.00","90,104.00","90,104.00", , ,30,0,0.00,0.00, , 
2018-07-31,"90,104","90,104","90,104","90,104","90,104.00","90,104.00","90,104.00", , ,30,0,0.00,0.00, , 
2018-08-01,"90,104","90,104","90,104","90,104","90,104.00","90,104.00","90,104.00", , ,30,0,0.00,0.00, , 
2018-08-02,"90,104","90,104","90,104","90,104","90,104.00","90,104.00","90,104.00", , ,30,0,0.00,0.00, , 
2018-08-03,"90,104","90,104","90,104","90,104","90,104.00","90,104.00","90,104.00", , ,30,0,0.00,0.00, , 
2018-08-06,"90,100","117,000","90,000","105,500","93,183.20","91,643.60","90,873.80", , ,0,"305,158","61,031.60","15,257.90", , 
2018-08-07,"102,000","104,500","90,000","90,800","93,322.40","91,713.20","90,908.60", , ,37,"141,732","89,378.00","22,344.50", , 
2018-08-08,"90,000","90,700","87,200","87,200","92,741.60","91,422.80","90,763.40", , ,38,"43,898","98,157.60","24,539.40", , 
2018-08-09,"87,200","88,800","80,900","81,200","90,960.80","90,532.40","90,318.20", , ,0,"56,339","109,425.40","27,356.35", , 
2018-08-10,"82,100","87,400","82,000","86,000","90,140.00","90,122.00","90,113.00", , ,0,"46,475","118,720.40","29,680.10", , 
2018-08-13,"85,200","88,500","84,400","85,800","86,200.00","89,691.60","89,897.80", , ,0,"22,896","62,268.00","30,824.90", , 
2018-08-14,"85,500","88,100","85,500","86,700","85,380.00","89,351.20","89,727.60", , ,0,"6,037","35,129.00","31,126.75", , 
2018-08-16,"86,700","88,400","84,100","84,400","84,820.00","88,780.80","89,442.40", , ,0,"9,844","28,318.20","31,618.95", , 
2018-08-17,"84,500","85,500","83,100","83,500","85,280.00","88,120.40","89,112.20", , ,0,"6,623","18,375.00","31,950.10", , 
2018-08-20,"84,000","85,300","82,300","84,600","85,000.00","87,570.00","88,837.00", , ,0,"3,984","9,876.80","32,149.30", , 
2018-08-21,"85,800","86,900","83,100","86,200","85,080.00","85,640.00","88,641.80", , ,0,"11,937","7,685.00","32,746.15", , 
2018-08-22,"84,800","86,200","83,100","84,200","84,580.00","84,980.00","88,346.60", , ,70,"4,977","7,473.00","32,995.00", , 
2018-08-23,"84,400","85,500","81,600","81,800","84,060.00","84,440.00","87,931.40", , ,0,"8,601","7,224.40","33,425.05", , 
2018-08-24,"83,500","83,500","80,900","81,800","83,720.00","84,500.00","87,516.20", , ,0,"8,878","7,675.40","33,868.95", , 
2018-08-27,"80,500","80,600","78,700","78,800","82,560.00","83,780.00","86,951.00", , ,0,"11,791","9,236.80","34,458.50", , 
2018-08-28,"78,800","82,000","78,700","80,700","81,460.00","83,270.00","86,480.80", , ,70,"7,264","8,302.20","34,821.70", , 
2018-08-29,"79,600","80,900","79,100","79,400","80,500.00","82,540.00","85,945.60", , ,0,"5,450","8,396.80","35,094.20", , 
2018-08-30,"79,200","80,100","77,100","78,000","79,740.00","81,900.00","85,340.40", , ,0,"11,286","8,933.80","35,658.50", , 
2018-08-31,"77,600","79,900","77,300","79,500","79,280.00","81,500.00","84,810.20", , ,0,"8,583","8,874.80","36,087.65", , 
2018-09-03,"79,100","80,000","78,300","78,600","79,240.00","80,900.00","84,235.00", , ,0,"1,994","6,915.40","36,187.35", , 
2018-09-04,"78,700","81,100","77,900","81,000","79,300.00","80,380.00","83,010.00", , ,0,"8,929","7,248.40","21,375.90", , 
2018-09-05,"80,400","82,200","79,300","80,400","79,500.00","80,000.00","82,490.00", , ,0,"5,383","7,235.00","14,558.45", , 
2018-09-06,"81,800","82,200","78,600","79,300","79,760.00","79,750.00","82,095.00", , ,0,"6,598","6,297.40","12,693.45", , 
2018-09-07,"79,700","80,500","78,500","79,800","79,820.00","79,550.00","82,025.00", , ,0,"8,967","6,374.20","10,324.85", , 
2018-09-10,"79,100","79,100","77,600","77,800","79,660.00","79,450.00","81,615.00", , ,0,"9,603","7,896.00","8,481.25", , 
2018-09-11,"78,300","79,700","77,700","78,500","79,160.00","79,230.00","81,250.00", , ,0,"8,206","7,751.40","7,746.75", , 
2018-09-12,"79,700","79,700","77,200","78,900","78,860.00","79,180.00","80,860.00", , ,0,"6,364","7,947.60","7,763.10", , 
2018-09-13,"79,300","82,100","78,000","80,900","79,180.00","79,470.00","80,685.00", , ,0,"11,323","8,892.60","7,837.05", , 
2018-09-14,"80,900","82,000","80,000","80,300","79,280.00","79,550.00","80,525.00", , ,0,"3,530","7,805.20","7,682.40", , 
2018-09-17,"80,300","80,800","78,100","78,200","79,360.00","79,510.00","80,205.00", , ,0,"7,331","7,350.80","7,849.75", , 
2018-09-18,"78,100","79,200","76,300","76,500","78,960.00","79,060.00","79,720.00","86,170.97", ,0,"11,754","8,060.40","7,840.60","16,036.60", 
2018-09-19,"76,600","77,400","72,900","72,900","77,760.00","78,310.00","79,155.00","85,868.53", ,0,"9,781","8,743.80","8,080.80","15,617.88", 
2018-09-20,"73,200","73,400","70,200","70,600","75,700.00","77,440.00","78,595.00","85,543.47", ,0,"10,746","8,628.40","8,188.05","13,871.03", 
2018-09-21,"72,200","72,200","70,000","70,000","73,640.00","76,460.00","78,005.00","85,208.40", ,0,"9,444","9,811.20","8,216.35","14,028.43", 
2018-09-27,"70,200","75,000","70,100","74,400","72,880.00","76,120.00","77,785.00","84,946.67", ,0,"16,361","11,617.20","8,444.85","14,301.12", 
2018-09-28,"73,400","74,300","72,500","72,500","72,080.00","75,520.00","77,375.00","84,653.27", ,0,"4,938","10,254.00","8,328.55","14,383.42", 
2018-10-01,"72,500","73,200","70,100","70,400","71,580.00","74,670.00","76,925.00","84,324.87", ,0,"7,614","9,820.60","8,436.75","14,510.32", 
2018-10-02,"70,000","70,600","69,600","70,000","71,460.00","73,580.00","76,525.00","83,989.80", ,0,"3,849","8,441.20","8,064.90","14,574.47", 
2018-10-04,"70,500","71,600","69,000","69,900","71,440.00","72,540.00","76,045.00","83,653.07", ,0,"7,134","7,979.20","7,992.45","14,693.37", 
2018-10-05,"71,000","71,000","66,100","67,700","70,100.00","71,490.00","75,500.00","83,279.67", ,0,"16,402","7,987.40","8,712.85","14,966.73", 
2018-10-08,"67,100","68,200","66,600","66,600","68,920.00","70,500.00","74,780.00","82,887.93", ,0,"2,317","7,463.20","8,382.25","15,005.35", 
2018-10-10,"66,700","68,000","61,800","61,900","67,220.00","69,400.00","73,855.00","82,417.87", ,0,"10,139","7,968.20","8,620.05","15,174.33", 
2018-10-11,"60,100","63,700","60,100","61,700","65,560.00","68,510.00","72,975.00","81,944.47", ,54,"8,356","8,869.60","8,707.95","15,313.60", 
2018-10-12,"59,600","60,800","56,300","56,700","62,920.00","67,180.00","71,820.00","81,387.73", ,0,"37,055","14,853.80","10,112.35","15,931.18", 
2018-10-15,"57,600","57,600","55,900","56,000","60,580.00","65,340.00","70,730.00","80,819.33", ,0,"9,606","13,494.60","10,112.50","16,091.28", 
2018-10-16,"55,100","56,000","54,500","54,500","58,160.00","63,540.00","69,530.00","80,225.93", ,0,"16,792","16,389.60","10,541.80","16,371.15", 
2018-10-17,"54,600","55,700","53,900","54,300","56,640.00","61,930.00","68,300.00","79,629.20", ,0,"20,848","18,531.40","11,266.00","16,718.62", 
2018-10-18,"54,500","54,900","53,200","53,600","55,020.00","60,290.00","66,935.00","79,020.80", ,0,"11,289","19,118.00","11,264.30","16,906.77", 
2018-10-19,"53,200","54,700","52,700","54,000","54,480.00","58,700.00","65,620.00","78,419.07", ,0,"9,335","13,574.00","11,554.55","17,062.35", 
2018-10-22,"53,300","53,800","52,400","53,000","53,880.00","57,230.00","64,360.00","77,800.67", ,0,"5,427","12,738.20","11,459.35","17,152.80", 
2018-10-23,"52,700","53,100","49,650","50,100","53,000.00","55,580.00","63,040.00","77,133.93", ,0,"18,070","12,993.80","11,775.15","17,453.97", 
2018-10-24,"50,600","51,200","48,550","50,200","52,180.00","54,410.00","61,905.00","76,468.87", ,0,"17,410","12,306.20","12,156.60","17,744.13", 
2018-10-25,"49,500","54,000","48,550","51,800","51,820.00","53,420.00","60,965.00","75,830.47", ,70,"27,611","15,570.60","12,999.85","18,204.32", 
2018-10-26,"51,800","51,800","49,400","51,300","51,280.00","52,880.00","60,030.00","75,183.73", ,0,"9,829","15,669.40","13,019.10","18,368.13", 
2018-10-29,"51,300","52,100","47,850","47,850","50,250.00","52,065.00","58,702.50","74,479.50", ,0,"8,774","16,338.80","12,639.75","18,514.37", 
2018-10-30,"46,000","48,850","46,000","46,950","49,620.00","51,310.00","57,425.00","73,760.27", ,0,"12,810","15,286.80","13,033.35","18,727.87", 
2018-10-31,"47,000","47,650","46,250","46,250","48,830.00","50,505.00","56,217.50","73,029.37", ,0,"14,161","14,637.00","13,360.70","18,963.88", 
2018-11-01,"46,750","50,400","46,300","48,900","48,250.00","50,035.00","55,162.50","72,342.63", ,0,"13,410","11,796.80","13,838.75","19,187.38", 
2018-11-02,"48,950","51,800","48,950","50,100","48,010.00","49,645.00","54,172.50","71,675.90", ,0,"8,921","11,615.20","13,928.10","19,336.07", 
2018-11-05,"50,100","51,500","49,200","50,700","48,580.00","49,415.00","53,322.50","71,019.17", ,0,"9,387","11,737.80","13,577.35","19,492.52", 
2018-11-06,"50,800","51,700","49,600","50,200","49,230.00","49,425.00","52,502.50","70,097.50", ,0,"4,500","10,075.80","13,686.50","14,481.55", 
2018-11-07,"50,300","51,400","46,100","46,900","49,360.00","49,095.00","51,752.50","69,365.83", ,0,"19,930","11,229.60","14,176.05","12,451.52", 
2018-11-08,"47,850","50,800","47,850","49,700","49,520.00","48,885.00","51,152.50","68,740.83", ,58,"12,116","10,970.80","14,364.05","11,921.82", 
2018-11-09,"49,500","51,000","48,200","50,000","49,500.00","48,755.00","50,817.50","68,220.83", ,59,"7,554","10,697.40","12,889.00","11,108.73", 
2018-11-12,"51,100","51,100","48,000","48,050","48,970.00","48,775.00","50,420.00","67,588.33", ,2,"11,135","11,047.00","12,965.45","10,519.73", 
2018-11-13,"48,000","62,400","48,000","62,400","51,410.00","50,320.00","50,815.00","67,198.33", ,70,"113,308","32,808.60","17,791.25","12,026.60", 
2018-11-14,"64,900","66,500","59,600","64,700","54,970.00","52,165.00","51,335.00","66,831.67", ,0,"99,244","48,671.40","21,711.05","13,580.05", 
2018-11-15,"64,100","64,300","61,600","63,100","57,650.00","53,585.00","51,810.00","66,476.67", ,0,"28,591","51,966.40","22,576.15","13,892.50", 
2018-11-16,"62,200","63,100","60,300","61,500","59,950.00","54,725.00","52,185.00","66,110.00", ,0,"18,016","54,058.80","23,010.20","14,082.38", 
2018-11-19,"61,500","62,500","61,100","62,500","62,840.00","55,905.00","52,660.00","65,741.67", ,0,"10,609","53,953.60","23,269.30","14,192.80", 
2018-11-20,"61,600","62,000","57,500","59,200","62,200.00","56,805.00","53,115.00","65,291.67", ,0,"12,961","33,884.20","23,013.85","14,209.87", 
2018-11-21,"59,100","62,800","57,700","62,800","61,820.00","58,395.00","53,745.00","64,935.00", ,0,"15,779","17,191.20","22,932.30","14,389.90", 
2018-11-22,"62,800","62,800","60,000","60,500","61,300.00","59,475.00","54,180.00","64,580.00", ,30,"9,000","13,273.00","22,001.75","14,396.55", 
2018-11-23,"60,300","61,600","59,300","60,600","61,120.00","60,535.00","54,645.00","64,226.67", ,0,"5,369","10,743.60","21,778.75","14,338.07", 
2018-11-26,"59,500","67,500","59,500","64,100","61,440.00","62,140.00","55,457.50","63,981.67", ,0,"17,331","12,088.00","22,206.60","14,430.40", 
2018-11-27,"63,600","64,000","61,800","61,800","61,960.00","62,080.00","56,200.00","63,666.67", ,0,"8,680","11,231.80","22,000.10","14,454.00", 
2018-11-28,"61,800","62,800","59,600","59,900","61,380.00","61,600.00","56,882.50","63,341.67", ,0,"12,289","10,533.80","21,906.50","14,567.98", 
2018-11-29,"60,400","62,500","60,300","61,200","61,520.00","61,410.00","57,497.50","63,061.67", ,0,"10,200","10,773.80","21,746.00","14,549.88", 
2018-11-30,"61,600","62,400","59,600","61,300","61,660.00","61,390.00","58,057.50","62,758.33", ,0,"9,544","11,608.80","21,777.15","14,565.90", 
2018-12-03,"61,600","63,900","60,400","62,700","61,380.00","61,410.00","58,657.50","62,493.33", ,0,"7,620","9,666.60","21,688.80","14,659.67", 
2018-12-04,"62,700","63,700","60,100","60,200","61,060.00","61,510.00","59,157.50","62,146.67", ,0,"12,751","10,480.80","22,101.35","14,723.37", 
2018-12-05,"60,200","61,500","58,100","58,500","60,780.00","61,080.00","59,737.50","61,781.67", ,0,"411,896","90,402.20","41,699.65","21,498.58", 
2018-12-06,"59,800","59,800","57,300","58,800","60,300.00","60,910.00","60,192.50","61,440.00", ,0,"8,170","89,996.20","41,502.35","21,524.78", 
2018-12-07,"58,800","58,800","55,700","55,900","59,220.00","60,440.00","60,487.50","61,041.67", ,0,"12,761","90,639.60","41,762.70","21,588.02", 
2018-12-10,"55,800","55,800","54,400","55,600","57,800.00","59,590.00","60,865.00","60,671.67", ,0,"7,276","90,570.80","41,569.75","21,549.23", 
2018-12-11,"54,600","55,800","54,000","54,600","56,680.00","58,870.00","60,475.00","60,273.33", ,0,"12,086","90,437.80","36,508.65","21,613.90", 
2018-12-12,"53,700","56,700","53,700","54,800","55,940.00","58,360.00","59,980.00","59,871.67", ,0,"8,993","9,857.20","31,996.10","21,657.72", 
2018-12-13,"54,200","61,600","54,200","59,200","56,020.00","58,160.00","59,785.00","59,510.00", ,0,"45,567","17,336.60","32,844.90","22,228.45", 
2018-12-14,"59,100","59,200","55,100","55,600","55,960.00","57,590.00","59,490.00","59,098.33", ,0,"16,641","18,112.60","32,776.15","22,446.97", 
2018-12-17,"55,700","56,500","54,200","55,800","56,000.00","56,900.00","59,155.00","58,725.00", ,0,"10,536","18,764.60","32,772.50","22,500.38", 
2018-12-18,"55,700","56,800","53,900","56,100","56,300.00","56,490.00","59,000.00","58,385.00","72,277.98",0,"24,757","21,298.80","33,362.30","22,717.10","19,376.85"
2018-12-19,"56,100","57,800","54,600","54,900","56,320.00","56,130.00","58,605.00","58,085.00","71,976.77",0,"7,466","20,993.40","32,946.65","22,678.52","19,148.20"
2018-12-20,"57,100","57,200","53,800","54,100","55,300.00","55,660.00","58,285.00","57,810.00","71,676.73",0,"13,719","14,623.80","33,182.60","22,728.07","18,299.55"
2018-12-21,"54,800","54,800","52,000","52,400","54,660.00","55,310.00","57,875.00","57,516.67","71,362.53",0,"11,726","13,640.80","33,500.45","22,766.10","18,397.27"
2018-12-24,"51,900","53,000","51,700","52,600","54,020.00","55,010.00","57,300.00","57,153.33","71,050.00",0,"4,982","12,530.00","32,883.00","22,576.45","18,438.78"
2018-12-26,"53,400","53,400","50,400","51,500","53,100.00","54,700.00","56,785.00","56,803.33","70,728.30",0,"17,587","11,096.00","33,328.35","22,787.27","18,585.34"
2018-12-27,"50,600","54,300","50,600","53,100","52,740.00","54,530.00","56,445.00","56,515.00","70,419.93",0,"8,366","11,276.00","33,132.20","22,799.80","18,655.06"
2018-12-28,"54,300","54,300","51,900","52,100","52,340.00","53,820.00","55,990.00","56,216.67","70,103.23",0,"7,795","10,091.20","33,011.95","22,865.57","18,720.02"
2019-01-02,"52,100","54,700","51,900","54,700","52,800.00","53,730.00","55,660.00","55,963.33","69,808.20",70,"6,890","9,124.00","32,879.25","22,861.50","18,777.43"
2019-01-03,"55,500","56,000","53,200","54,500","53,180.00","53,600.00","55,250.00","55,743.33","69,511.50",0,"5,211","9,169.80","32,758.80","22,674.98","18,820.86"
2019-01-04,"54,300","57,000","53,200","56,300","54,140.00","53,620.00","55,055.00","55,571.67","69,229.80",70,"8,583","7,369.00","32,550.40","22,779.42","18,892.38"
2019-01-07,"58,000","59,000","56,400","58,500","55,220.00","53,980.00","55,055.00","55,515.00","68,966.43",0,"7,522","7,200.20","12,331.70","22,735.80","18,955.07"
2019-01-08,"58,700","60,100","57,200","59,200","56,640.00","54,490.00","55,075.00","55,473.33","68,708.90",0,"8,153","7,271.80","12,330.85","22,732.42","19,023.01"
2019-01-09,"58,100","61,600","58,100","59,500","57,600.00","55,200.00","55,255.00","55,520.00","68,453.87",0,"6,319","7,157.60","12,008.75","22,220.15","19,075.67"
2019-01-10,"59,200","61,200","58,400","58,400","58,380.00","55,780.00","55,395.00","55,560.00","68,189.67",0,"3,189","6,753.20","11,804.40","22,113.20","19,102.24"
2019-01-11,"57,500","60,000","56,900","57,900","58,700.00","56,420.00","55,560.00","55,616.67","67,921.30",0,"4,182","5,873.00","11,409.20","21,903.03","19,137.09"
2019-01-14,"57,300","60,500","57,300","59,400","58,880.00","57,050.00","55,790.00","55,701.67","67,665.43",0,"5,404","5,449.40","11,229.75","21,645.63","19,182.13"
2019-01-15,"59,600","62,000","59,000","59,000","58,840.00","57,740.00","55,780.00","55,791.67","67,406.23",0,"9,924","5,803.60","9,447.60","21,622.88","19,264.83"
2019-01-16,"61,500","61,500","58,900","59,000","58,740.00","58,170.00","55,950.00","55,875.00","67,147.03",34,"7,764","6,092.60","9,003.75","21,596.70","19,329.53"
2019-01-17,"59,100","60,600","58,800","59,300","58,920.00","58,650.00","56,125.00","55,980.00","66,890.33",0,"4,242","6,303.20","8,689.05","21,576.95","19,364.88"
2019-01-18,"61,400","61,400","58,100","58,400","59,020.00","58,860.00","56,240.00","56,118.33","66,626.13",39,"5,411","6,549.00","7,721.75","21,365.97","19,409.97"
2019-01-21,"58,400","59,400","57,400","57,500","58,640.00","58,760.00","56,370.00","56,240.00","66,354.43",40,"3,853","6,238.80","7,541.10","21,140.02","19,442.08"
2019-01-22,"57,000","58,600","56,100","56,500","58,140.00","58,490.00","56,490.00","56,318.33","66,074.40",0,"4,328","5,119.60","7,071.55","20,751.97","19,478.14"
2019-01-23,"57,300","57,800","56,700","57,300","57,800.00","58,270.00","56,735.00","56,418.33","65,801.03",0,"3,883","4,343.40","6,679.40","20,652.87","19,510.50"
2019-01-24,"56,400","58,100","56,400","56,500","57,240.00","58,080.00","56,930.00","56,562.50","65,521.00",0,"6,417","4,778.40","6,751.15","20,613.58","19,563.97"
2019-01-25,"56,000","58,500","55,800","58,000","57,160.00","58,090.00","57,255.00","56,746.67","65,253.47",0,"6,547","5,005.60","6,199.15","20,509.20","19,618.53"
2019-01-28,"57,300","58,900","57,300","58,900","57,440.00","58,040.00","57,545.00","56,957.50","64,993.43",0,"4,749","5,184.80","6,018.30","20,352.33","19,658.11"
2019-01-29,"58,900","59,300","56,700","56,900","57,520.00","57,830.00","57,785.00","57,090.83","64,716.73",0,"5,934","5,506.00","5,925.25","20,227.73","19,707.56"
2019-01-30,"57,400","59,800","56,900","58,200","57,700.00","57,750.00","57,960.00","57,225.83","64,450.87",0,"6,296","5,988.60","5,895.55","20,183.98","19,760.03"
2019-01-31,"58,500","58,600","57,000","58,000","58,000.00","57,620.00","58,135.00","57,347.50","64,183.33",0,"7,400","6,185.20","6,005.00","20,150.87","19,821.69"
2019-02-01,"58,200","59,500","58,000","59,100","58,220.00","57,690.00","58,275.00","57,495.83","63,796.67",0,"8,200","6,515.80","5,985.85","20,212.53","17,347.04"
2019-02-07,"59,700","76,700","58,500","66,500","59,740.00","58,590.00","58,675.00","57,822.50","63,594.17",0,"54,005","16,367.00","8,310.00","20,780.45","16,615.98"
2019-02-08,"67,000","67,000","63,800","63,800","61,120.00","59,320.00","58,905.00","58,057.50","63,399.17",0,"14,312","18,042.60","8,617.95","20,817.05","16,369.43"
2019-02-11,"63,800","66,000","63,000","64,900","62,460.00","60,080.00","59,175.00","58,305.83","63,263.33",0,"14,180","19,619.40","9,011.00","20,927.48","16,018.11"
2019-02-12,"64,700","65,000","61,500","61,500","63,160.00","60,580.00","59,330.00","58,530.00","63,059.17",0,"12,373","20,614.00","9,470.20","20,948.12","15,733.92"
2019-02-13,"61,200","62,500","60,500","61,500","63,640.00","60,930.00","59,510.00","58,515.00","62,856.67",0,"7,548","20,483.60","9,638.50","19,185.45","15,606.03"
2019-02-14,"63,500","63,900","60,700","63,900","63,120.00","61,430.00","59,735.00","58,501.67","62,666.67",0,"10,682","11,819.00","9,902.40","17,709.42","15,644.73"
2019-02-15,"63,500","63,900","61,100","61,800","62,720.00","61,920.00","59,875.00","58,480.00","62,478.33",30,"6,338","10,224.20","9,723.10","17,338.53","15,615.52"
2019-02-18,"62,500","63,400","61,800","62,500","62,240.00","62,350.00","60,050.00","58,496.67","62,303.33",0,"3,874","8,163.00","9,528.60","17,102.83","15,592.61"
2019-02-19,"62,100","64,200","61,600","63,500","62,640.00","62,900.00","60,260.00","58,513.33","62,127.50",0,"6,752","7,038.80","9,654.10","17,038.55","15,615.67"
2019-02-20,"63,800","64,300","62,500","62,700","62,880.00","63,260.00","60,475.00","58,571.67","61,931.67",0,"7,406","7,010.40","9,753.85","16,945.97","15,577.92"
2019-02-21,"62,100","62,500","61,600","62,100","62,520.00","62,820.00","60,705.00","58,560.00","61,747.50",0,"4,024","5,678.80","9,762.40","16,750.05","15,569.98"
2019-02-22,"62,100","62,400","61,200","61,400","62,440.00","62,580.00","60,950.00","58,575.00","61,577.50",0,"3,961","5,203.40","9,744.05","16,666.07","15,531.31"
2019-02-25,"61,500","63,000","61,100","62,000","62,340.00","62,290.00","61,185.00","58,598.33","61,412.50",0,"4,980","5,424.60","9,798.90","16,659.58","15,498.83"
2019-02-26,"61,400","62,700","61,300","61,700","61,980.00","62,310.00","61,445.00","58,558.33","61,270.00",0,"5,451","5,164.40","9,750.60","16,461.58","15,445.99"
2019-02-27,"61,800","62,300","60,800","61,600","61,760.00","62,320.00","61,625.00","58,555.00","61,110.83",0,"6,815","5,046.20","9,764.00","16,430.50","15,442.25"
2019-02-28,"61,600","62,700","59,700","59,700","61,280.00","61,900.00","61,665.00","58,551.67","60,946.67",0,"12,427","6,726.80","10,147.90","16,432.80","15,500.39"
2019-03-04,"61,000","61,000","58,600","59,200","60,840.00","61,640.00","61,780.00","58,518.33","60,790.00",0,"11,591","8,252.80","10,430.75","16,455.98","15,502.93"
2019-03-05,"58,700","59,200","57,500","57,900","60,020.00","61,180.00","61,765.00","58,461.67","60,610.00",0,"9,852","9,227.20","10,608.55","16,461.12","15,513.51"
2019-03-06,"58,300","58,300","56,600","56,700","59,020.00","60,500.00","61,700.00","58,361.67","60,427.50",0,"7,440","9,625.00","10,610.55","16,458.12","15,558.89"
2019-03-07,"56,200","56,500","52,700","53,500","57,400.00","59,580.00","61,420.00","58,250.00","60,198.33",0,"22,548","12,771.60","11,327.95","16,621.40","15,672.38"
2019-03-08,"53,200","55,300","52,600","54,000","56,260.00","58,770.00","60,795.00","58,175.00","59,978.33",0,"8,402","11,966.60","9,047.80","9,896.50","15,697.54"
2019-03-11,"54,000","54,200","52,900","53,600","55,140.00","57,990.00","60,285.00","58,088.33","59,764.17",0,"7,361","11,120.60","8,700.25","9,883.02","15,703.90"
2019-03-12,"53,700","54,300","53,100","53,700","54,300.00","57,160.00","59,725.00","58,051.67","59,546.67",0,"12,100","11,570.20","8,596.25","9,872.00","15,730.01"
2019-03-13,"53,800","54,200","52,600","53,000","53,560.00","56,290.00","59,300.00","58,008.33","59,340.00",0,"11,377","12,357.60","8,546.45","9,940.35","15,744.79"
2019-03-14,"53,000","54,300","51,900","53,700","53,600.00","55,500.00","58,910.00","57,993.33","59,133.33",0,"22,458","12,339.60","9,291.95","10,113.22","15,863.56"
2019-03-15,"54,100","55,600","53,100","53,200","53,440.00","54,850.00","58,375.00","57,966.67","58,919.17",0,"15,098","13,678.80","9,512.75","10,214.97","15,936.34"
2019-03-18,"53,800","53,800","52,500","53,200","53,360.00","54,250.00","57,945.00","57,866.67","58,688.33",0,"11,423","14,491.20","9,767.00","9,645.90","15,937.17"
2019-03-19,"53,500","55,300","53,300","53,300","53,280.00","53,790.00","57,485.00","57,828.33","58,463.33",0,"11,867","14,444.60","10,166.65","9,566.33","16,006.65"
2019-03-20,"53,300","55,100","52,300","54,800","53,640.00","53,600.00","57,050.00","57,811.67","58,268.33",0,"14,113","14,991.80","10,534.70","9,625.95","16,063.17"
2019-03-21,"54,800","55,900","54,200","54,900","53,880.00","53,740.00","56,660.00","57,791.67","58,088.33",0,"20,774","14,655.00","11,203.10","9,559.57","16,138.33"
2019-03-22,"55,400","56,800","54,300","55,100","54,260.00","53,850.00","56,310.00","57,795.00","57,940.00",0,"12,843","14,204.00","11,644.05","9,649.18","16,163.85"
2019-03-25,"55,100","55,100","53,000","53,000","54,220.00","53,790.00","55,890.00","57,776.67","57,793.33",2,"8,447","13,608.80","11,868.35","9,561.32","16,144.69"
2019-03-26,"53,000","54,400","52,600","53,200","54,200.00","53,740.00","55,450.00","57,790.00","57,653.33",54,"8,302","12,895.80","12,034.45","9,504.25","16,135.17"
2019-03-27,"53,300","53,600","53,000","53,000","53,840.00","53,740.00","55,015.00","57,796.67","57,475.00",0,"8,916","11,856.40","12,207.70","9,569.82","16,073.13"
2019-03-28,"52,600","53,300","51,700","52,600","53,380.00","53,630.00","54,565.00","57,815.00","57,309.17",0,"9,211","9,543.80","12,327.50","9,430.22","16,108.74"
2019-03-29,"54,100","55,100","52,700","54,700","53,300.00","53,780.00","54,315.00","57,841.67","57,178.33",0,"13,378","9,650.80","12,375.05","9,513.75","16,156.78"
2019-04-01,"54,700","56,600","54,700","56,600","54,020.00","54,120.00","54,185.00","57,916.67","57,066.67",18,"9,896","9,940.60","12,290.30","9,548.77","16,207.17"
2019-04-02,"56,100","57,200","55,200","56,600","54,700.00","54,450.00","54,120.00","57,948.33","56,955.83",0,"8,472","9,974.60","12,221.30","9,575.13","16,218.32"
2019-04-03,"56,600","57,600","56,300","57,400","55,580.00","54,710.00","54,155.00","57,996.67","56,870.00",0,"6,337","9,458.80","12,166.15","9,593.90","16,134.44"
2019-04-04,"57,800","57,800","56,600","57,300","56,520.00","54,950.00","54,345.00","58,013.33","56,792.50",0,"5,403","8,697.20","11,308.90","9,540.90","16,160.16"
2019-04-05,"57,000","58,100","56,600","57,700","57,120.00","55,210.00","54,530.00","58,000.00","56,757.50",0,"8,335","7,688.60","11,305.55","9,554.45","16,145.13"
2019-04-08,"58,000","58,300","57,700","58,000","57,400.00","55,710.00","54,750.00","57,980.00","56,726.67",0,"4,749","6,659.20","11,174.95","9,497.72","16,115.07"
2019-04-09,"58,000","58,700","57,300","57,300","57,540.00","56,120.00","54,930.00","57,943.33","56,731.67",0,"4,538","5,872.40","10,796.85","9,468.03","15,844.09"
2019-04-10,"57,300","58,100","56,500","57,700","57,600.00","56,590.00","55,165.00","57,931.67","56,745.83",0,"4,033","5,411.60","10,429.65","9,482.10","15,797.65"
2019-04-11,"57,200","58,300","57,200","58,100","57,760.00","57,140.00","55,385.00","57,935.00","56,775.83",0,"6,333","5,597.60","9,623.40","9,517.95","15,710.49"
2019-04-12,"58,400","58,400","56,000","57,500","57,720.00","57,420.00","55,600.00","57,903.33","56,802.50",0,"9,541","5,838.80","9,345.55","9,586.90","15,616.27"
2019-04-15,"57,300","58,200","57,200","57,700","57,660.00","57,530.00","55,825.00","57,881.67","56,836.67",0,"5,779","6,044.80","9,063.35","9,517.82","15,570.35"
2019-04-16,"57,500","58,500","56,600","58,000","57,800.00","57,670.00","56,060.00","57,865.00","56,870.00",0,"12,975","7,732.20","9,118.75","9,604.67","15,600.68"
2019-04-17,"58,000","61,600","57,700","61,500","58,560.00","58,080.00","56,395.00","57,901.67","56,940.83",18,"16,163","10,158.20","9,221.25","9,803.35","15,690.15"
2019-04-18,"61,500","61,900","58,800","59,000","58,740.00","58,250.00","56,600.00","57,911.67","57,015.00",0,"16,064","12,104.40","8,985.75","9,980.90","15,673.43"
2019-04-19,"59,200","60,900","59,200","60,600","59,360.00","58,540.00","56,875.00","57,963.33","57,101.67",0,"6,418","11,479.80","8,664.50","10,023.65","15,581.83"
2019-04-22,"61,200","63,000","60,700","62,100","60,240.00","58,950.00","57,330.00","58,056.67","57,187.50",0,"11,192","12,562.40","8,801.75","10,138.05","15,445.01"
2019-04-23,"62,700","62,700","59,600","59,700","60,580.00","59,190.00","57,655.00","58,096.67","57,257.50",39,"9,078","11,783.00","8,840.55","10,224.63","15,438.75"
2019-04-24,"59,900","60,000","58,600","58,800","60,040.00","59,300.00","57,945.00","58,135.00","57,348.75",40,"6,887","9,927.80","8,739.10","10,232.47","15,423.03"
2019-04-25,"59,000","59,000","57,600","57,600","59,760.00","59,250.00","58,195.00","58,128.33","57,437.50",42,"7,461","8,207.20","8,651.60","10,247.70","15,378.45"
2019-04-26,"57,700","57,700","57,100","57,300","59,100.00","59,230.00","58,325.00","58,101.67","57,529.58",42,"13,063","9,536.20","8,635.85","10,386.27","15,369.30"
2019-04-29,"57,700","58,000","57,300","57,400","58,160.00","59,200.00","58,365.00","58,110.00","57,600.42",0,"6,003","8,498.40","8,441.20","10,387.42","15,307.58"
2019-04-30,"57,500","58,300","57,000","57,000","57,620.00","59,100.00","58,385.00","58,090.00","57,657.92",0,"10,090","8,700.80","8,522.10","10,450.65","15,317.32"
2019-05-02,"56,800","57,100","56,500","56,600","57,180.00","58,610.00","58,345.00","58,066.67","57,707.08",0,"8,967","9,116.80","8,653.60","10,476.77","15,313.82"
2019-05-03,"56,300","56,400","55,800","55,900","56,840.00","58,300.00","58,275.00","58,013.33","57,754.58",0,"12,006","10,025.80","8,983.75","10,540.20","15,376.37"
2019-05-07,"55,000","55,800","54,700","55,000","56,380.00","57,740.00","58,140.00","57,821.67","57,822.08",0,"9,484","9,310.00","9,041.20","9,798.18","15,289.32"
2019-05-08,"54,300","56,300","54,300","55,100","55,920.00","57,040.00","57,995.00","57,676.67","57,867.08",0,"6,652","9,439.80","9,136.35","9,670.52","15,243.78"
2019-05-09,"55,100","55,800","54,500","54,500","55,420.00","56,520.00","57,855.00","57,503.33","57,904.58",0,"15,816","10,585.00","9,700.25","9,697.78","15,312.63"
2019-05-10,"54,500","56,400","54,500","55,100","55,120.00","56,150.00","57,725.00","57,396.67","57,963.33",70,"7,981","10,387.80","9,897.65","9,624.58","15,286.35"
2019-05-13,"54,600","54,700","54,000","54,000","54,740.00","55,790.00","57,520.00","57,271.67","57,893.33",0,"10,479","10,082.40","10,104.95","9,673.43","14,429.44"
2019-05-14,"55,000","55,100","53,800","54,100","54,560.00","55,470.00","57,350.00","57,108.33","57,805.00",0,"13,911","10,967.80","10,323.45","9,727.25","13,718.33"
2019-05-15,"54,000","55,700","53,600","55,500","54,640.00","55,280.00","57,240.00","57,003.33","57,741.67",60,"8,524","11,342.20","10,460.70","9,763.68","13,551.11"
2019-05-16,"54,500","55,300","54,500","55,300","54,800.00","55,110.00","57,105.00","56,883.33","57,690.00",0,"8,431","9,865.20","10,233.50","9,839.63","13,471.23"
2019-05-17,"56,000","57,000","55,800","56,200","55,020.00","55,070.00","56,840.00","56,761.67","57,637.50",0,"7,280","9,725.00","9,789.35","9,848.43","13,443.49"
2019-05-20,"55,600","57,500","55,200","55,500","55,320.00","55,030.00","56,665.00","56,641.67","57,606.67",0,"3,736","8,376.40","9,172.95","9,787.27","13,366.62"
2019-05-21,"55,100","56,100","54,100","54,400","55,380.00","54,970.00","56,355.00","56,513.33","57,536.67",0,"6,545","6,903.20","9,179.30","9,829.28","13,289.67"
2019-05-22,"54,100","55,200","50,300","51,400","54,560.00","54,600.00","55,820.00","56,346.67","57,460.83",0,"53,729","15,944.20","11,306.15","10,658.75","13,662.41"
2019-05-23,"51,700","52,100","50,200","51,000","53,700.00","54,250.00","55,385.00","56,163.33","57,380.83",0,"10,186","16,295.20","11,361.55","10,745.52","13,702.55"
2019-05-24,"50,600","51,900","50,500","51,900","52,840.00","53,930.00","55,040.00","56,000.00","57,279.17",0,"8,396","16,518.40","11,437.00","10,794.60","13,628.09"
2019-05-27,"51,400","52,600","51,000","52,500","52,240.00","53,780.00","54,785.00","55,848.33","57,201.67",0,"4,867","16,744.60","11,307.30","10,762.13","13,596.32"
2019-05-28,"52,700","53,500","51,600","53,500","52,060.00","53,720.00","54,595.00","55,745.00","57,148.33",0,"9,074","17,250.40","11,107.85","10,706.25","13,569.53"
2019-05-29,"53,500","54,000","51,200","51,300","52,040.00","53,300.00","54,290.00","55,613.33","57,065.83",0,"8,936","8,291.80","11,254.50","10,662.00","13,558.99"
2019-05-30,"51,700","51,700","50,600","50,800","52,000.00","52,850.00","53,980.00","55,495.00","56,978.33",0,"7,033","7,661.20","11,101.65","10,615.02","13,538.07"
2019-05-31,"50,800","51,900","50,500","51,400","51,900.00","52,370.00","53,720.00","55,406.67","56,884.17",0,"10,453","8,072.60","11,175.95","10,665.23","13,561.67"
2019-06-03,"51,500","52,000","50,900","51,200","51,640.00","51,940.00","53,485.00","55,368.33","56,809.17",0,"13,603","9,819.80","11,255.80","10,516.15","13,568.78"
2019-06-04,"52,100","53,100","51,300","51,500","51,240.00","51,650.00","53,310.00","55,326.67","56,750.83",0,"11,484","10,301.80","11,355.80","10,567.52","10,232.01"
2019-06-05,"51,400","53,000","51,400","52,200","51,420.00","51,730.00","53,165.00","55,303.33","56,695.83",0,"4,919","9,498.40","11,269.15","10,526.82","10,204.92"
2019-06-07,"52,100","53,100","52,100","52,400","51,740.00","51,870.00","53,060.00","55,281.67","56,666.67",0,"7,958","9,683.40","10,876.25","10,457.78","10,164.89"
2019-06-10,"53,400","53,600","52,100","53,500","52,160.00","52,030.00","52,980.00","55,290.00","56,649.17",70,"7,173","9,027.40","10,835.85","10,387.72","10,164.03"
2019-06-11,"54,000","54,900","53,100","54,600","52,840.00","52,240.00","53,010.00","55,305.00","56,649.17",0,"12,063","8,719.40","10,915.05","10,214.47","10,163.84"
2019-06-12,"55,200","55,800","52,100","52,500","53,040.00","52,140.00","52,930.00","55,293.33","56,630.00",39,"24,750","11,372.60","11,457.00","10,375.33","10,295.15"
2019-06-13,"52,100","59,500","51,700","55,300","53,660.00","52,540.00","52,920.00","55,328.33","56,597.50",60,"120,068","34,402.40","17,034.20","12,186.08","10,915.99"
2019-06-14,"55,100","56,900","53,600","54,200","54,020.00","52,880.00","52,865.00","55,343.33","56,585.83",37,"20,161","36,843.00","17,620.70","12,324.32","10,945.33"
2019-06-17,"54,200","56,900","54,200","55,500","54,420.00","53,290.00","52,830.00","55,355.00","56,583.33",30,"11,977","37,803.80","17,855.55","12,288.72","10,957.33"
2019-06-18,"55,700","56,400","52,000","52,000","53,900.00","53,370.00","52,655.00","55,306.67","56,549.17",39,"47,267","44,844.60","20,032.10","12,730.27","11,144.92"
2019-06-19,"52,300","54,100","52,000","53,200","54,040.00","53,540.00","52,595.00","55,275.00","56,535.00",70,"11,935","42,281.60","20,301.60","12,715.13","11,182.16"
2019-06-20,"53,600","54,500","52,700","53,800","53,740.00","53,700.00","52,715.00","55,288.33","56,532.50",59,"7,274","19,722.80","17,978.85","12,695.58","11,128.45"
2019-06-21,"53,800","54,500","53,200","53,800","53,660.00","53,840.00","52,855.00","55,298.33","56,544.17",30,"12,014","18,093.40","18,070.25","12,757.45","11,130.85"
2019-06-24,"53,800","54,400","53,300","53,700","53,300.00","53,860.00","52,945.00","55,310.00","56,553.33",0,"4,944","16,686.80","17,897.65","12,691.25","11,130.53"
2019-06-25,"54,500","54,800","53,000","53,000","53,500.00","53,700.00","52,970.00","55,316.67","56,565.83",0,"6,908","8,615.00","17,999.70","12,652.87","11,041.54"
2019-06-26,"53,700","53,800","52,700","53,300","53,520.00","53,780.00","52,960.00","55,293.33","56,567.50",0,"3,184","6,864.80","17,705.20","12,482.97","10,998.36"
2019-06-27,"53,200","53,800","53,100","53,100","53,380.00","53,560.00","53,050.00","55,235.00","56,575.83",30,"4,892","6,388.40","17,503.00","12,399.57","10,974.17"
2019-06-28,"52,700","53,200","52,600","52,600","53,140.00","53,400.00","53,140.00","55,168.33","56,558.33",0,"4,569","4,899.40","17,379.80","12,334.52","10,954.83"
2019-07-01,"53,200","54,800","52,600","52,900","52,980.00","53,140.00","53,215.00","55,093.33","56,545.00",70,"3,611","4,632.80","17,037.70","12,289.08","10,941.49"
2019-07-02,"52,900","53,400","52,500","53,000","52,980.00","53,240.00","53,305.00","55,021.67","56,517.50",0,"1,978","3,646.80","16,456.45","12,232.00","10,886.45"
2019-07-03,"54,100","54,100","52,700","52,700","52,860.00","53,190.00","53,365.00","54,938.33","56,469.17",2,"1,848","3,379.60","15,974.65","12,123.88","10,839.17"
2019-07-04,"52,700","53,200","52,500","52,500","52,740.00","53,060.00","53,380.00","54,846.67","56,413.33",0,"3,581","3,117.40","15,907.75","12,104.42","10,801.07"
2019-07-05,"52,100","53,600","52,100","53,400","52,900.00","53,020.00","53,430.00","54,781.67","56,362.50",60,"4,721","3,147.80","15,745.90","12,107.47","10,787.75"
2019-07-08,"53,400","53,400","52,400","52,500","52,820.00","52,900.00","53,380.00","54,695.00","56,313.33",0,"11,069","4,639.40","15,940.70","12,224.73","10,853.42"
2019-07-09,"52,500","53,200","51,900","52,000","52,620.00","52,800.00","53,250.00","54,593.33","56,264.17",0,"11,165","6,476.80","15,895.80","12,305.27","10,911.61"
2019-07-10,"52,400","53,400","51,900","53,300","52,740.00","52,800.00","53,290.00","54,523.33","56,213.33",70,"4,278","6,962.80","14,872.20","12,217.55","10,902.23"
2019-07-11,"54,000","54,000","52,400","52,400","52,720.00","52,730.00","53,145.00","54,435.00","56,158.33",2,"2,863","6,819.20","9,011.95","12,168.95","10,843.38"
2019-07-12,"52,300","52,800","52,200","52,200","52,480.00","52,690.00","53,045.00","54,338.33","56,101.67",0,"2,899","6,454.80","8,148.85","12,001.02","10,802.84"
2019-07-15,"52,300","52,300","51,400","51,500","52,280.00","52,550.00","52,845.00","54,171.67","56,036.67",0,"11,467","6,534.40","8,123.35","11,922.75","10,863.05"
2019-07-16,"51,500","52,200","51,400","51,900","52,260.00","52,440.00","52,840.00","54,053.33","55,982.50",70,"6,336","5,568.60","6,076.80","11,760.62","10,870.76"
2019-07-17,"51,800","52,300","51,300","51,800","51,960.00","52,350.00","52,770.00","53,906.67","55,935.00",0,"4,718","5,656.60","5,715.95","11,732.28","10,877.97"
2019-07-18,"51,800","52,200","51,400","52,000","51,880.00","52,300.00","52,680.00","53,738.33","55,897.50",0,"2,723","5,628.60","5,488.40","11,591.13","10,864.59"
2019-07-19,"52,300","52,600","52,000","52,300","51,900.00","52,190.00","52,605.00","53,615.00","55,855.83",0,"2,824","5,613.60","5,028.90","11,486.90","10,855.77"
2019-07-22,"52,000","52,100","51,500","51,600","51,920.00","52,100.00","52,500.00","53,495.00","55,815.00",0,"5,041","4,328.40","5,033.75","11,456.13","10,844.30"
2019-07-23,"51,600","52,500","51,600","52,200","51,980.00","52,120.00","52,460.00","53,405.00","55,766.67",0,"2,372","3,535.60","4,806.95","11,371.32","10,809.51"
2019-07-24,"52,100","52,900","51,700","51,700","51,960.00","51,960.00","52,380.00","53,311.67","55,706.67",0,"2,052","3,002.40","4,750.35","11,187.80","10,787.03"
2019-07-25,"51,800","51,800","50,900","50,900","51,740.00","51,810.00","52,270.00","53,203.33","55,656.67",2,"10,665","4,590.80","5,039.00","11,265.50","10,826.46"
2019-07-26,"50,300","50,800","50,300","50,500","51,380.00","51,640.00","52,165.00","53,095.00","55,592.50",0,"5,454","5,116.80","5,083.25","11,188.23","10,819.44"
2019-07-29,"52,600","52,600","49,600","49,600","50,980.00","51,450.00","52,000.00","52,978.33","55,522.50",2,"7,579","5,624.40","5,281.65","11,165.10","10,820.93"
2019-07-30,"49,000","50,800","49,000","49,550","50,450.00","51,215.00","51,827.50","52,872.50","55,442.92",66,"6,811","6,512.20","5,523.30","11,078.52","10,809.36"
2019-07-31,"50,100","50,100","49,050","49,400","49,990.00","50,975.00","51,662.50","52,779.17","55,300.42",0,"3,823","6,866.40","5,622.05","10,984.17","10,391.17"
2019-08-01,"49,400","50,300","49,050","49,550","49,720.00","50,730.00","51,515.00","52,686.67","55,181.67",70,"3,912","5,515.80","5,638.60","10,938.50","10,304.51"
2019-08-02,"49,400","49,450","49,050","49,350","49,490.00","50,435.00","51,312.50","52,600.83","55,052.08",70,"8,617","6,148.40","5,833.40","10,818.52","10,258.15"
2019-08-05,"50,400","50,400","46,500","46,700","48,910.00","49,945.00","51,022.50","52,460.83","54,928.75",2,"17,991","8,230.80","6,179.50","10,985.35","10,304.97"
2019-08-06,"46,700","46,800","44,950","45,300","48,060.00","49,255.00","50,687.50","52,315.83","54,793.75",0,"14,147","9,698.00","6,328.60","11,046.48","10,359.96"
2019-08-07,"45,150","46,600","45,150","45,650","47,310.00","48,650.00","50,305.00","52,175.00","54,641.67",0,"9,808","10,895.00","6,605.10","10,978.10","10,352.67"
2019-08-08,"45,650","47,400","45,400","47,400","46,880.00","48,300.00","50,055.00","52,040.00","54,521.67",0,"7,968","11,706.20","6,860.35","10,968.83","10,366.26"
2019-08-09,"47,400","49,000","46,650","46,900","46,390.00","47,940.00","49,790.00","51,900.00","54,391.67",0,"3,448","10,672.40","6,887.80","10,885.78","10,362.71"
2019-08-12,"46,950","47,300","46,200","46,650","46,380.00","47,645.00","49,547.50","51,740.83","54,251.25",0,"3,706","7,815.40","6,499.75","10,826.22","10,337.33"
2019-08-13,"46,650","46,650","45,850","46,100","46,540.00","47,300.00","49,257.50","51,584.17","54,112.92",0,"7,513","6,488.60","6,558.60","10,889.17","10,338.22"
2019-08-14,"46,050","47,500","46,000","46,150","46,640.00","46,975.00","48,975.00","51,446.67","53,980.00",0,"9,261","6,379.20","6,785.75","10,934.43","10,381.86"
2019-08-16,"46,150","47,150","46,150","46,350","46,430.00","46,655.00","48,692.50","51,362.50","53,854.58",0,"2,128","5,211.20","6,756.00","10,074.42","10,366.58"
2019-08-19,"46,900","46,900","46,050","46,100","46,270.00","46,330.00","48,382.50","51,280.83","53,722.08",0,"5,033","5,528.20","6,866.45","9,988.53","10,367.03"
2019-08-20,"46,500","46,700","46,000","46,300","46,200.00","46,290.00","48,117.50","51,187.50","53,593.75",0,"5,424","5,871.80","6,885.60","9,939.00","10,366.80"
2019-08-21,"46,150","47,800","46,150","47,800","46,540.00","46,540.00","47,897.50","51,109.17","53,478.75",60,"5,913","5,551.80","7,062.65","9,956.43","10,359.28"
2019-08-22,"47,600","49,100","47,400","48,700","47,050.00","46,845.00","47,747.50","51,029.17","53,387.08",61,"2,647","4,229.00","7,092.40","9,849.32","10,277.78"
2019-08-23,"48,200","49,500","47,500","48,450","47,470.00","46,950.00","47,625.00","50,981.67","53,297.50",0,"5,600","4,923.40","6,839.15","9,793.72","10,227.86"
2019-08-26,"47,750","48,700","47,000","47,650","47,780.00","47,025.00","47,482.50","50,929.17","53,212.08",0,"3,427","4,602.20","6,737.80","9,733.62","10,174.32"
2019-08-27,"47,200","48,200","47,100","47,500","48,020.00","47,110.00","47,377.50","50,864.17","53,135.42",0,"1,517","3,820.80","6,434.70","9,584.68","10,124.96"
2019-08-28,"47,400","47,600","47,000","47,350","47,930.00","47,235.00","47,267.50","50,800.00","53,084.17",0,"1,999","3,038.00","6,194.10","9,391.28","9,953.72"
2019-08-29,"47,050","47,700","47,050","47,600","47,710.00","47,380.00","47,177.50","50,735.00","53,030.83",0,"1,263","2,761.20","6,066.10","9,220.93","9,894.23"
2019-08-30,"47,300","48,400","47,300","48,050","47,630.00","47,550.00","47,102.50","50,665.83","52,984.58",0,"2,070","2,055.20","5,974.00","9,173.45","9,850.13"
2019-09-02,"48,050","48,650","47,700","47,700","47,640.00","47,710.00","47,020.00","50,587.50","52,934.58",0,"2,746","1,919.00","5,680.45","9,086.58","9,772.18"
2019-09-03,"47,700","48,900","47,700","48,400","47,820.00","47,920.00","47,105.00","50,502.50","52,896.25",0,"1,858","1,987.20","4,873.80","8,998.00","9,692.86"
2019-09-04,"48,400","48,400","47,500","48,050","47,960.00","47,945.00","47,242.50","50,393.33","52,849.17",0,"5,734","2,734.20","4,453.15","8,892.52","9,553.49"
2019-09-05,"47,550","48,300","47,400","48,000","48,040.00","47,875.00","47,360.00","50,318.33","52,805.83",0,"7,619","4,005.40","4,343.70","8,607.00","9,491.17"
2019-09-06,"48,000","48,000","47,500","47,900","48,010.00","47,820.00","47,385.00","50,195.00","52,761.67",0,"2,099","4,011.20","4,050.25","6,640.85","9,413.47"
2019-09-09,"47,500","48,150","47,500","47,800","48,030.00","47,835.00","47,430.00","50,088.33","52,715.83",0,575,"3,577.00","3,906.60","6,314.42","9,319.37"
2019-09-10,"47,850","49,500","47,850","47,900","47,930.00","47,875.00","47,492.50","49,961.67","52,658.33",29,"4,784","4,162.20","3,960.50","6,194.53","9,241.63"
2019-09-11,"48,800","48,900","48,100","48,100","47,940.00","47,950.00","47,592.50","49,896.67","52,601.67",0,"2,477","3,510.80","3,708.70","5,448.03","9,089.15"
2019-09-16,"48,150","49,500","48,150","49,000","48,140.00","48,090.00","47,735.00","49,826.67","52,550.83",0,"3,591","2,705.20","3,425.20","5,308.97","9,012.05"
2019-09-17,"49,000","49,450","48,350","48,350","48,230.00","48,120.00","47,835.00","49,735.83","52,512.08",0,"6,422","3,569.80","3,639.90","5,294.77","8,995.17"
2019-09-18,"48,950","48,950","48,300","48,300","48,330.00","48,180.00","47,945.00","49,644.17","52,471.25",0,"3,540","4,162.80","3,565.25","5,153.53","8,955.49"
2019-09-19,"48,300","49,350","48,200","48,550","48,460.00","48,195.00","48,057.50","49,558.33","52,434.17",29,"2,861","3,778.20","3,437.10","5,118.82","8,905.03"
2019-09-20,"48,400","49,200","48,400","48,750","48,590.00","48,265.00","48,105.00","49,487.50","52,402.08",0,"2,997","3,882.20","3,291.30","5,053.63","8,853.25"
2019-09-23,"48,850","49,350","48,500","48,950","48,580.00","48,360.00","48,117.50","49,415.00","52,354.17",0,"1,842","3,532.40","3,251.05","5,031.27","8,757.12"
2019-09-24,"49,050","49,200","48,700","48,900","48,690.00","48,460.00","48,140.00","49,345.00","52,290.00",0,"2,411","2,730.20","3,091.60","4,989.92","8,694.74"
2019-09-25,"48,400","49,450","48,400","49,000","48,830.00","48,580.00","48,207.50","49,285.00","52,226.67",0,"3,492","2,720.60","3,094.85","4,971.97","8,653.24"
2019-09-26,"49,450","51,400","48,900","49,100","48,940.00","48,700.00","48,287.50","49,221.67","52,157.50",29,"7,412","3,630.80","3,389.60","5,035.32","8,662.20"
2019-09-27,"51,200","51,200","48,800","49,700","49,130.00","48,860.00","48,405.00","49,166.67","52,094.17",0,"4,896","4,010.60","3,534.45","5,083.95","8,657.98"
2019-09-30,"50,400","50,400","49,100","49,800","49,300.00","48,940.00","48,515.00","49,118.33","52,028.33",0,"1,778","3,997.80","3,560.20","5,082.78","8,603.33"
2019-10-01,"49,800","51,300","49,800","51,300","49,780.00","49,235.00","48,677.50","49,098.33","51,972.50",18,"2,963","4,108.20","3,604.85","5,072.48","8,588.45"
2019-10-02,"51,200","51,500","50,400","51,300","50,240.00","49,535.00","48,857.50","49,063.33","51,922.50",0,"2,779","3,965.60","3,606.50","5,040.12","8,573.79"
2019-10-04,"50,100","51,100","49,750","50,000","50,420.00","49,680.00","48,937.50","49,021.67","51,858.33",0,"4,186","3,320.40","3,722.90","4,925.40","8,575.07"
2019-10-07,"50,000","50,000","48,700","49,350","50,350.00","49,740.00","49,002.50","48,977.50","51,785.42",0,"4,331","3,207.40","3,652.75","4,811.50","8,558.38"
2019-10-08,"48,850","50,200","48,850","49,150","50,220.00","49,760.00","49,060.00","48,908.33","51,715.83",0,"4,112","3,674.20","3,477.40","4,808.73","8,513.14"
2019-10-10,"49,150","49,700","48,500","48,700","49,700.00","49,740.00","49,100.00","48,846.67","51,640.83",0,"3,169","3,715.40","3,530.90","4,813.83","8,491.39"
2019-10-11,"48,700","49,600","48,150","48,950","49,230.00","49,735.00","49,157.50","48,792.50","51,565.42",0,"6,089","4,377.40","3,806.60","4,867.00","8,434.01"
2019-10-14,"49,550","49,700","48,550","48,600","48,950.00","49,685.00","49,192.50","48,744.17","51,457.92",0,"4,702","4,480.60","3,802.50","4,754.25","8,338.50"
2019-10-15,"48,600","49,400","48,200","49,200","48,920.00","49,635.00","49,247.50","48,699.17","51,376.25",0,"4,284","4,471.20","3,892.85","4,720.05","8,240.33"
2019-10-16,"48,500","49,750","48,500","49,600","49,010.00","49,615.00","49,277.50","48,662.50","51,284.58",0,"4,328","4,514.40","3,929.70","4,713.55","8,222.92"
2019-10-17,"51,000","51,000","49,000","49,450","49,160.00","49,430.00","49,332.50","48,620.00","51,179.17",0,"3,088","4,498.20","3,763.00","4,719.63","8,155.38"
2019-10-18,"49,400","50,300","49,400","49,500","49,270.00","49,250.00","49,392.50","48,573.33","51,094.17",0,"3,409","3,962.20","3,756.45","4,729.38","8,108.14"
2019-10-21,"49,500","50,100","49,200","49,350","49,420.00","49,185.00","49,432.50","48,535.83","51,015.42",0,"1,567","3,335.20","3,691.75","4,671.48","8,063.81"
2019-10-22,"49,200","50,400","49,200","50,200","49,620.00","49,270.00","49,505.00","48,502.50","50,953.75",70,"3,061","3,090.60","3,694.95","4,682.97","8,027.14"
2019-10-23,"50,100","50,100","49,050","49,200","49,540.00","49,275.00","49,517.50","48,460.83","50,886.25",0,"4,354","3,095.80","3,820.55","4,721.33","7,954.57"
2019-10-24,"49,250","49,600","49,000","49,000","49,450.00","49,305.00","49,522.50","48,429.17","50,816.25",0,"4,427","3,363.60","3,921.35","4,617.37","7,941.43"
2019-10-25,"48,150","49,000","48,150","48,700","49,290.00","49,280.00","49,507.50","48,399.17","50,747.08",0,"3,927","3,467.20","3,943.10","4,591.92","7,890.07"
2019-10-28,"48,500","49,100","48,500","48,800","49,180.00","49,300.00","49,492.50","48,385.83","50,682.08",0,"2,744","3,702.60","3,709.70","4,511.33","7,838.22"
2019-10-29,"48,750","49,200","48,700","48,750","48,890.00","49,255.00","49,445.00","48,372.50","50,622.50",0,"2,224","3,535.20","3,576.10","4,434.88","7,756.70"
2019-10-30,"49,500","49,500","48,200","48,200","48,690.00","49,115.00","49,365.00","48,352.50","50,565.83",2,"3,344","3,333.20","3,654.40","4,426.90","7,705.53"
2019-10-31,"48,950","48,950","47,750","47,800","48,450.00","48,950.00","49,190.00","48,323.33","50,505.00",2,"5,789","3,605.60","3,795.70","4,458.18","7,698.34"
2019-11-01,"48,200","48,300","47,800","47,800","48,270.00","48,780.00","49,015.00","48,297.50","50,449.17",49,"2,478","3,315.80","3,780.65","4,355.87","7,587.19"
2019-11-04,"48,300","48,950","48,000","48,950","48,300.00","48,740.00","48,962.50","48,335.00","50,397.92",0,"3,690","3,505.00","3,755.85","4,117.52","7,551.43"
2019-11-05,"49,400","49,450","48,500","49,250","48,400.00","48,645.00","48,957.50","48,400.83","50,358.33",20,"4,322","3,924.60","3,755.40","3,953.77","7,500.13"
2019-11-06,"49,400","49,450","48,850","48,950","48,550.00","48,620.00","48,947.50","48,455.83","50,315.42",30,"5,029","4,261.60","3,801.25","3,874.12","7,426.11"
2019-11-07,"48,850","50,200","48,650","50,200","49,030.00","48,740.00","49,022.50","48,502.50","50,271.25",0,"4,958","4,095.40","3,890.70","3,823.95","7,396.39"
2019-11-08,"50,600","50,800","49,450","49,750","49,420.00","48,845.00","49,062.50","48,550.00","50,225.00",0,"4,577","4,515.20","3,815.10","3,842.77","7,364.27"
2019-11-11,"49,750","50,400","49,200","50,200","49,670.00","48,985.00","49,142.50","48,609.17","50,175.00",0,"2,679","4,313.00","3,713.95","3,825.65","7,325.93"
2019-11-12,"49,450","50,200","49,450","49,600","49,740.00","49,070.00","49,162.50","48,667.50","50,125.83",0,"2,984","4,045.40","3,648.95","3,750.17","7,319.67"
2019-11-13,"49,500","49,800","49,050","49,100","49,770.00","49,160.00","49,137.50","48,716.67","50,081.67",0,"4,273","3,894.20","3,646.20","3,667.03","7,300.73"
2019-11-14,"49,100","49,300","49,000","49,000","49,530.00","49,280.00","49,115.00","48,760.83","50,061.67",0,"3,306","3,563.80","3,657.10","3,686.67","6,880.54"
2019-11-15,"48,550","49,200","48,050","48,050","49,190.00","49,305.00","49,042.50","48,793.33","50,037.08",0,"9,713","4,591.00","3,972.30","3,764.67","6,876.60"
2019-11-18,"48,050","48,100","46,700","46,800","48,510.00","49,090.00","48,915.00","48,801.67","49,994.58",2,"12,231","6,501.40","4,505.50","3,878.12","6,908.56"
2019-11-19,"47,000","47,000","45,600","45,950","47,780.00","48,760.00","48,702.50","48,770.83","49,940.00",0,"11,365","8,177.60","4,920.70","3,968.98","6,962.71"
2019-11-20,"46,050","46,050","44,700","44,700","46,900.00","48,335.00","48,477.50","48,704.17","49,866.67",0,"11,794","9,681.80","5,292.70","4,121.43","6,985.38"
2019-11-21,"45,000","45,050","43,000","43,250","45,750.00","47,640.00","48,190.00","48,617.50","49,799.58",0,"15,258","12,072.20","5,834.25","4,282.40","7,038.06"
2019-11-22,"43,700","43,700","42,450","42,500","44,640.00","46,915.00","47,880.00","48,531.67","49,730.42",0,"12,902","12,710.00","6,283.00","4,440.32","7,086.97"
2019-11-25,"43,000","43,450","42,450","42,550","43,790.00","46,150.00","47,567.50","48,449.17","49,656.67",70,"10,202","12,304.20","6,655.90","4,585.07","7,084.88"
2019-11-26,"42,700","43,750","42,500","43,000","43,200.00","45,490.00","47,280.00","48,376.67","49,588.33",0,"37,622","17,555.60","8,425.80","5,178.78","7,285.03"
2019-11-27,"43,000","44,450","43,000","43,950","43,050.00","44,975.00","47,067.50","48,315.83","49,525.42",0,"5,775","16,351.80","8,547.35","5,253.98","7,237.46"
2019-11-28,"44,200","44,900","44,050","44,250","43,250.00","44,500.00","46,890.00","48,252.50","49,459.17",0,"2,809","13,862.00","8,398.35","5,266.30","7,219.88"
2019-11-29,"44,850","45,700","44,200","45,200","43,790.00","44,215.00","46,760.00","48,210.83","49,399.17",0,"6,909","12,663.40","8,619.90","5,335.68","7,211.13"
2019-12-02,"44,550","45,350","43,550","43,900","44,060.00","43,925.00","46,507.50","48,135.83","49,319.17",0,"4,780","11,579.00","8,674.40","5,384.38","7,191.19"
2019-12-03,"43,900","43,900","42,800","43,650","44,190.00","43,695.00","46,227.50","48,062.50","49,227.92",0,"8,519","5,758.40","8,884.25","5,430.80","7,161.66"
2019-12-04,"43,500","43,500","42,300","42,300","43,860.00","43,455.00","45,895.00","47,967.50","49,142.92",0,"8,952","6,393.80","9,080.40","5,453.02","7,030.01"
2019-12-05,"42,350","43,900","42,050","43,800","43,770.00","43,510.00","45,575.00","47,899.17","49,047.08",0,"9,108","7,653.60","9,287.90","5,569.83","6,105.34"
2019-12-06,"43,800","44,800","43,650","44,350","43,600.00","43,695.00","45,305.00","47,841.67","48,965.00",0,"3,118","6,895.40","9,214.95","5,612.22","5,963.32"
2019-12-09,"43,550","45,300","43,550","45,100","43,840.00","43,950.00","45,050.00","47,795.00","48,878.33",0,"7,372","7,413.80","9,449.60","5,655.35","5,924.94"
2019-12-10,"45,100","45,400","43,700","44,150","43,940.00","44,065.00","44,777.50","47,729.17","48,812.92",0,"12,264","8,162.80","9,913.60","5,818.47","5,633.25"
2019-12-11,"44,000","44,500","43,000","43,550","44,190.00","44,025.00","44,500.00","47,638.33","48,732.50",0,"10,600","8,492.40","10,229.95","5,935.28","5,622.13"
2019-12-12,"42,750","45,000","42,750","45,000","44,430.00","44,100.00","44,300.00","47,582.50","48,659.17",60,"9,581","8,587.00","10,543.70","5,987.93","5,641.35"
2019-12-13,"45,350","45,350","43,550","43,600","44,280.00","43,940.00","44,077.50","47,504.17","48,574.17",0,"21,471","12,257.60","11,131.60","6,286.78","5,720.16"
2019-12-16,"43,600","44,250","42,650","42,650","43,790.00","43,815.00","43,870.00","47,405.83","48,482.08",0,"27,190","16,221.20","11,879.55","6,692.27","5,905.54"
2019-12-17,"42,800","43,650","42,600","43,600","43,680.00","43,810.00","43,752.50","47,320.00","48,403.75",0,"9,557","15,679.80","11,789.15","6,801.60","5,927.62"
2019-12-18,"43,600","44,750","43,600","44,400","43,850.00","44,020.00","43,737.50","47,244.17","48,329.58",0,"5,946","14,749.00","11,496.75","6,870.00","5,950.63"
2019-12-19,"44,800","44,800","43,650","44,450","43,740.00","44,085.00","43,797.50","47,170.00","48,257.50",0,"5,170","13,866.80","10,992.35","6,915.98","5,952.95"
2019-12-20,"44,450","44,700","44,200","44,450","43,910.00","44,095.00","43,895.00","47,094.17","48,189.58",0,"3,248","10,222.20","10,509.65","6,911.92","5,941.94"
2019-12-23,"44,450","44,850","44,200","44,550","44,290.00","44,040.00","43,995.00","47,018.33","48,120.00",0,"2,414","5,267.00","10,120.25","6,828.62","5,931.97"
2019-12-24,"44,250","44,700","43,900","44,000","44,370.00","44,025.00","44,045.00","46,923.33","48,045.00",0,"4,177","4,191.00","8,448.00","6,816.63","5,950.29"
2019-12-26,"44,600","45,100","44,100","44,900","44,470.00","44,160.00","44,092.50","46,841.67","47,980.00",0,"5,718","4,145.40","8,445.15","6,882.30","5,982.54"
2019-12-27,"44,200","44,200","43,250","43,800","44,340.00","44,040.00","44,070.00","46,716.67","47,907.50",0,"5,124","4,136.20","8,560.90","6,918.32","5,995.40"
2019-12-30,"43,800","43,900","43,150","43,900","44,230.00","44,070.00","44,005.00","46,593.33","47,828.33",0,"3,516","4,189.80","8,391.25","6,930.60","5,985.36"
2020-01-02,"44,000","44,000","42,350","42,750","43,870.00","44,080.00","43,947.50","46,472.50","47,747.08",0,"6,198","4,946.60","8,462.15","6,964.13","5,944.77"
2020-01-03,"42,950","43,000","42,300","42,450","43,560.00","43,965.00","43,887.50","46,357.50","47,667.50",0,"5,656","5,242.40","8,319.00","6,986.22","5,898.86"
2020-01-06,"42,400","42,450","41,450","41,700","42,920.00","43,695.00","43,857.50","46,233.33","47,570.83",0,"6,305","5,359.80","8,186.65","7,022.77","5,915.75"
2020-01-07,"41,750","42,150","41,400","41,450","42,450.00","43,395.00","43,740.00","46,112.50","47,479.58",0,"3,466","5,028.20","7,904.55","7,027.72","5,920.77"
2020-01-08,"41,950","42,000","40,000","40,550","41,780.00","43,005.00","43,550.00","45,972.50","47,382.50",0,"5,544","5,433.80","8,025.85","7,018.63","5,942.82"
2020-01-09,"41,300","41,300","40,500","40,550","41,340.00","42,605.00","43,322.50","45,838.33","47,291.25",49,"3,997","4,993.60","7,857.10","7,006.88","5,880.57"
2020-01-10,"41,250","41,250","40,300","40,950","41,040.00","42,300.00","43,162.50","45,700.83","47,200.00",0,"1,837","4,229.80","7,335.75","6,966.10","5,843.07"
2020-01-13,"40,750","41,550","40,700","41,000","40,900.00","41,910.00","43,035.00","45,557.50","47,110.00",0,"2,153","3,399.40","6,913.40","6,929.85","5,821.70"
2020-01-14,"41,050","41,800","41,050","41,250","40,860.00","41,655.00","42,847.50","45,420.83","47,020.42",0,"1,392","2,984.60","6,503.95","6,901.58","5,810.61"
2020-01-15,"41,250","42,300","41,050","42,100","41,170.00","41,475.00","42,772.50","45,297.50","46,935.42",70,"5,440","2,963.80","5,702.40","6,935.43","5,832.41"
2020-01-16,"42,050","42,050","41,400","41,400","41,340.00","41,340.00","42,710.00","45,165.00","46,850.42",0,"1,273","2,419.00","4,406.55","6,930.53","5,801.01"
2020-01-17,"41,400","42,000","41,350","41,350","41,420.00","41,230.00","42,597.50","45,017.50","46,760.00",0,"1,266","2,304.80","3,992.00","6,900.62","5,791.79"
2020-01-20,"41,350","41,700","41,050","41,050","41,430.00","41,165.00","42,430.00","44,881.67","46,671.25",0,"1,668","2,207.80","3,778.10","6,855.85","5,788.59"
2020-01-21,"41,250","41,450","40,800","40,850","41,350.00","41,105.00","42,250.00","44,745.83","46,587.50",0,"2,159","2,361.20","3,627.55","6,818.05","5,717.71"
2020-01-22,"40,750","41,000","40,350","41,000","41,130.00","41,150.00","42,077.50","44,617.50","46,508.33",0,"1,597","1,592.60","3,545.00","6,779.22","5,685.57"
2020-01-23,"40,900","42,000","40,550","40,800","41,010.00","41,175.00","41,890.00","44,484.17","46,435.00",0,"2,757","1,889.40","3,562.15","6,779.43","5,645.38"
2020-01-28,"40,750","40,750","39,750","39,800","40,700.00","41,060.00","41,680.00","44,335.00","46,353.75",2,"5,741","2,784.40","3,640.35","6,838.05","5,636.47"
2020-01-29,"39,950","40,150","39,200","39,300","40,350.00","40,890.00","41,400.00","44,186.67","46,269.58",0,"9,265","4,303.80","3,817.70","6,936.73","5,681.82"
2020-01-30,"39,700","39,700","37,500","37,700","39,720.00","40,535.00","41,095.00","44,018.33","46,170.83",2,"13,445","6,561.00","4,233.75","7,064.33","5,761.26"
2020-01-31,"38,750","38,750","37,300","37,950","39,110.00","40,120.00","40,797.50","43,854.17","46,075.83",69,"9,995","8,240.60","4,557.70","7,189.62","5,772.74"
2020-02-03,"37,750","38,500","36,700","37,100","38,370.00","39,690.00","40,515.00","43,656.67","45,995.83",0,"9,434","9,576.00","4,719.50","7,285.35","5,701.43"
2020-02-04,"37,050","37,600","36,800","37,000","37,810.00","39,255.00","40,242.50","43,452.50","45,926.67",0,"4,627","9,353.20","4,668.05","7,290.43","5,622.10"
2020-02-05,"37,750","37,800","36,500","37,350","37,420.00","38,885.00","40,025.00","43,259.17","45,857.50",71,"6,357","8,771.60","4,670.65","7,312.57","5,593.34"
2020-02-06,"37,800","39,150","37,300","38,250","37,530.00","38,625.00","39,865.00","43,060.00","45,781.25",0,"7,971","7,676.80","4,895.90","7,362.78","5,593.37"
2020-02-07,"38,350","38,850","38,300","38,800","37,700.00","38,405.00","39,777.50","42,877.50","45,713.75",0,"2,590","6,195.80","4,748.20","7,329.67","5,586.22"
2020-02-10,"38,850","39,100","38,400","38,700","38,020.00","38,195.00","39,685.00","42,685.83","45,647.50",0,"2,078","4,724.60","4,652.25","7,319.65","5,572.65"
2020-02-11,"39,250","39,250","38,100","38,850","38,390.00","38,100.00","39,580.00","42,506.67","45,587.08",0,"4,682","4,735.60","4,794.50","7,347.95","5,549.06"
2020-02-12,"38,850","38,850","38,050","38,400","38,600.00","38,010.00","39,450.00","42,328.33","45,522.50",0,"4,708","4,405.80","4,922.25","7,355.20","5,511.12"
2020-02-13,"38,250","38,950","38,250","38,950","38,740.00","38,135.00","39,335.00","42,160.83","45,460.83",0,"6,267","4,065.00","5,166.00","7,404.55","5,545.61"
2020-02-14,"38,550","39,300","38,550","38,950","38,770.00","38,235.00","39,177.50","42,009.17","45,401.25",0,"3,361","4,219.20","5,062.05","7,298.68","5,531.68"
2020-02-17,"39,000","39,350","38,650","39,250","38,880.00","38,450.00","39,070.00","41,883.33","45,342.50",0,"3,668","4,537.20","5,181.80","7,155.97","5,517.04"
2020-02-18,"38,900","39,300","38,150","38,500","38,810.00","38,600.00","38,927.50","41,759.17","45,265.00",0,"7,631","5,127.00","5,500.05","7,093.73","5,531.36"
2020-02-19,"38,500","39,200","37,150","37,500","38,630.00","38,615.00","38,750.00","41,639.17","45,171.67",0,"11,026","6,390.60","5,967.95","7,080.93","5,601.18"
2020-02-20,"37,500","37,650","36,200","36,400","38,120.00","38,430.00","38,527.50","41,525.00","45,071.25",0,"8,063","6,749.80","6,263.15","6,961.02","5,621.71"
2020-02-21,"36,600","36,600","35,500","35,800","37,490.00","38,130.00","38,267.50","41,413.33","44,972.50",0,"5,036","7,084.80","6,435.10","6,829.92","5,635.12"
2020-02-24,"35,000","35,700","34,000","34,350","36,510.00","37,695.00","37,945.00","41,276.67","44,862.92",0,"10,085","8,368.20","6,801.50","6,827.97","5,706.52"
2020-02-25,"34,250","34,650","33,500","34,550","35,720.00","37,265.00","37,682.50","41,135.83","44,756.25",0,"8,790","8,600.00","6,953.95","6,347.43","5,763.11"
2020-02-26,"34,100","35,300","34,100","35,050","35,230.00","36,930.00","37,470.00","40,987.50","44,651.67",0,"3,316","7,058.00","6,656.50","6,306.45","5,780.22"
2020-02-27,"35,650","35,650","34,400","34,600","34,870.00","36,495.00","37,315.00","40,826.67","44,539.58",0,"5,062","6,457.80","6,237.35","6,344.00","5,805.15"
2020-02-28,"35,200","35,200","33,550","33,700","34,450.00","35,970.00","37,102.50","40,635.00","44,422.92",0,"4,990","6,448.60","5,987.10","6,312.02","5,823.85"
2020-03-02,"33,100","34,950","33,100","34,800","34,540.00","35,525.00","36,987.50","40,483.33","44,309.58",0,"2,821","4,995.80","5,656.45","6,279.37","5,831.88"
2020-03-03,"35,200","36,150","35,000","35,900","34,810.00","35,265.00","36,932.50","40,354.17","44,208.33",0,"4,960","4,229.80","5,673.10","6,220.05","5,825.43"
2020-03-04,"35,900","35,900","35,350","35,800","34,960.00","35,095.00","36,855.00","40,245.83","44,106.67",0,"3,002","4,167.00","5,505.35","6,120.88","5,786.95"
2020-03-05,"36,100","36,100","35,100","35,100","35,060.00","34,965.00","36,697.50","40,100.83","44,000.00",0,"2,613","3,677.20","5,237.45","6,012.63","5,791.23"
2020-03-06,"35,100","41,200","34,600","35,750","35,470.00","34,960.00","36,545.00","39,957.50","43,899.58",66,"56,943","14,067.80","7,955.10","6,909.72","6,260.97"
2020-03-09,"35,750","35,750","34,600","34,650","35,440.00","34,990.00","36,342.50","39,783.33","43,789.17",70,"5,543","14,612.20","8,128.35","6,879.23","6,267.29"
2020-03-10,"34,450","35,300","33,700","35,300","35,320.00","35,065.00","36,165.00","39,635.83","43,682.50",0,"8,311","15,282.40","8,309.80","6,813.35","6,315.91"
2020-03-11,"34,650","35,250","34,250","34,850","35,130.00","35,045.00","35,987.50","39,490.83","43,564.58",0,"8,506","16,383.20","8,499.70","6,778.45","6,356.87"
2020-03-12,"34,050","35,000","33,200","34,000","34,910.00","34,985.00","35,740.00","39,307.50","43,445.00",0,"15,543","18,969.20","8,963.50","6,877.82","6,432.88"
2020-03-13,"32,050","34,200","30,500","31,450","34,050.00","34,760.00","35,365.00","39,105.00","43,304.58",0,"13,780","10,336.60","9,484.45","6,749.63","6,518.21"
2020-03-16,"31,400","32,350","30,650","30,650","33,250.00","34,345.00","34,935.00","38,905.00","43,155.42",0,"3,963","10,020.60","9,499.20","6,362.52","6,527.39"
2020-03-17,"30,400","30,400","28,250","28,950","31,980.00","33,650.00","34,457.50","38,660.83","42,990.42",0,"10,957","10,549.80","9,665.50","6,385.85","6,593.73"
2020-03-18,"29,100","29,800","28,400","28,400","30,690.00","32,910.00","34,002.50","38,394.17","42,819.17",0,"5,051","9,858.80","9,366.75","6,370.93","6,620.47"
2020-03-19,"27,800","29,100","27,400","27,450","29,380.00","32,145.00","33,555.00","38,110.83","42,640.42",0,"10,990","8,948.20","9,513.10","6,467.93","6,691.96"
2020-03-20,"27,700","29,400","27,700","29,400","28,970.00","31,510.00","33,235.00","37,860.00","42,477.08",0,"9,105","8,013.20","9,716.55","6,565.55","6,738.73"
2020-03-23,"28,850","29,800","28,000","29,000","28,640.00","30,945.00","32,967.50","37,600.83","42,309.58",0,"10,156","9,251.80","9,720.10","6,694.58","6,761.60"
2020-03-24,"28,800","31,000","28,800","30,550","28,960.00","30,470.00","32,767.50","37,376.67","42,150.00",0,"6,244","8,309.20","9,592.80","6,729.03","6,772.83"
2020-03-25,"31,100","33,700","31,050","32,350","29,750.00","30,220.00","32,632.50","37,167.50","42,004.58",0,"4,848","8,268.60","9,669.40","6,714.53","6,798.42"
2020-03-26,"33,600","33,650","32,350","33,050","30,870.00","30,125.00","32,555.00","36,988.33","41,852.50",0,"4,709","7,012.40","9,651.75","6,707.62","6,812.97"
2020-03-27,"33,100","33,900","32,950","33,000","31,590.00","30,280.00","32,520.00","36,806.67","41,700.00",0,"6,956","6,582.60","9,750.05","6,764.95","6,847.77"
2020-03-30,"32,350","34,000","32,000","34,000","32,590.00","30,615.00","32,480.00","36,660.83","41,566.67",0,"10,223","6,596.00","10,120.15","6,832.03","6,898.08"
2020-03-31,"34,050","34,700","33,600","34,050","33,290.00","31,125.00","32,387.50","36,520.83","41,439.17",0,"5,633","6,473.80","10,153.80","6,831.65","6,908.93"
2020-04-01,"33,350","34,100","33,350","34,050","33,630.00","31,690.00","32,300.00","36,393.33","41,313.33",0,"6,060","6,716.20","10,306.70","6,827.57","6,925.17"
2020-04-02,"33,250","36,500","33,250","34,050","33,830.00","32,350.00","32,247.50","36,270.00","41,191.25",29,"10,683","7,911.00","10,710.20","6,947.85","6,987.78"
2020-04-03,"34,250","35,500","34,100","34,200","34,070.00","32,830.00","32,170.00","36,164.17","41,068.33",0,"8,902","8,300.20","8,308.15","7,003.82","7,011.23"
2020-04-06,"34,200","36,400","34,050","35,600","34,390.00","33,490.00","32,217.50","36,081.67","40,960.00",0,"5,660","7,387.60","8,314.00","7,031.53","7,019.21"
2020-04-07,"35,600","37,200","35,400","36,400","34,860.00","34,075.00","32,272.50","36,005.83","40,853.33",0,"7,590","7,779.00","8,277.95","7,127.42","7,046.76"
2020-04-08,"36,450","36,800","35,750","36,350","35,320.00","34,475.00","32,347.50","35,928.33","40,742.92",0,"4,007","7,368.40","8,053.00","7,158.32","7,044.08"
2020-04-09,"37,350","37,700","36,300","37,300","35,970.00","34,900.00","32,512.50","35,862.50","40,641.67",0,"4,959","6,223.60","7,523.80","7,217.77","7,059.68"
2020-04-10,"37,350","38,550","37,250","38,100","36,750.00","35,410.00","32,845.00","35,795.83","40,546.67",0,"5,086","5,460.40","7,089.10","7,211.87","7,073.65"
2020-04-13,"38,600","38,600","37,550","38,050","37,240.00","35,815.00","33,215.00","35,740.00","40,452.50",0,"5,737","5,475.80","7,177.80","7,286.27","7,108.40"
2020-04-14,"38,150","38,550","38,100","38,400","37,640.00","36,250.00","33,687.50","35,690.83","40,354.17",0,"5,226","5,003.00","6,891.25","7,352.27","7,126.44"
2020-04-16,"37,300","38,800","37,300","38,650","38,100.00","36,710.00","34,200.00","35,650.83","40,266.25",0,"3,095","4,820.60","6,793.45","7,376.05","7,115.95"
2020-04-17,"38,150","40,000","38,150","38,900","38,420.00","37,195.00","34,772.50","35,618.33","40,182.08",0,"5,562","4,941.20","6,522.05","7,432.77","7,125.41"
2020-04-20,"38,950","40,200","38,950","40,100","38,820.00","37,785.00","35,307.50","35,603.33","40,110.42",0,"2,845","4,493.00","6,209.05","7,453.57","7,116.39"
2020-04-21,"40,600","40,600","39,450","40,000","39,210.00","38,225.00","35,857.50","35,590.00","40,037.08",0,"7,917","4,929.00","6,097.10","7,539.57","7,159.50"
2020-04-22,"39,150","41,850","39,100","41,850","39,900.00","38,770.00","36,422.50","35,624.17","39,979.58",18,"14,245","6,732.80","6,497.15","7,681.30","7,259.68"
2020-04-23,"42,500","42,500","40,800","41,500","40,470.00","39,285.00","36,880.00","35,660.83","39,923.75",0,"3,415","6,796.80","6,425.50","7,583.80","7,260.27"
2020-04-24,"41,500","41,500","40,250","40,400","40,770.00","39,595.00","37,247.50","35,705.83","39,862.08",0,"2,930","6,270.40","6,336.55","7,408.55","7,236.44"
2020-04-27,"40,050","41,000","40,000","40,100","40,770.00","39,795.00","37,602.50","35,741.67","39,797.92",0,"5,083","6,718.00","6,242.90","7,326.68","7,258.15"
2020-04-28,"39,950","41,100","39,800","40,600","40,890.00","40,050.00","37,932.50","35,800.00","39,728.33",0,"6,975","6,529.60","6,080.50","7,285.70","7,285.52"
2020-04-29,"40,750","42,500","40,750","42,500","41,020.00","40,460.00","38,355.00","35,891.67","39,672.08",0,"4,711","4,622.80","6,034.40","7,287.10","7,288.77"
2020-05-04,"42,300","43,000","42,050","42,950","41,310.00","40,890.00","38,800.00","35,985.00","39,622.08",0,"5,459","5,031.60","6,004.35","7,272.13","7,292.35"
2020-05-06,"42,600","43,600","42,600","43,600","41,950.00","41,360.00","39,277.50","36,074.17","39,567.08",0,"6,805","5,806.60","5,810.45","7,252.70","7,307.74"
2020-05-07,"43,600","44,200","43,600","44,050","42,740.00","41,755.00","39,770.00","36,161.67","39,519.58",0,"5,025","5,795.00","5,616.60","7,293.28","7,311.48"
2020-05-08,"43,950","44,400","43,600","44,000","43,420.00","42,155.00","40,190.00","36,250.00","39,467.92",0,"6,361","5,672.20","5,651.65","7,364.67","7,342.16"
2020-05-11,"43,600","44,900","42,550","43,750","43,670.00","42,345.00","40,557.50","36,331.67","39,419.17",0,"8,148","6,359.60","5,679.55","7,422.43","7,385.19"
2020-05-12,"43,650","43,900","42,100","43,700","43,820.00","42,565.00","40,925.00","36,420.00","39,374.17",0,"6,044","6,476.60","5,781.40","7,444.70","7,399.95"
2020-05-13,"42,800","44,000","42,800","43,900","43,880.00","42,915.00","41,255.00","36,502.50","39,331.67",0,"5,467","6,209.00","5,806.80","7,431.37","7,417.96"
2020-05-14,"43,300","44,550","43,200","44,550","43,980.00","43,360.00","41,577.50","36,595.83","39,302.50",0,"4,487","6,101.40","5,776.85","7,450.13","7,374.41"
2020-05-15,"43,900","45,950","43,900","45,200","44,220.00","43,820.00","41,935.00","36,695.00","39,289.17",0,"7,947","6,418.60","5,887.35","7,521.45","7,338.71"
2020-05-18,"45,300","46,100","44,800","45,900","44,650.00","44,160.00","42,310.00","36,818.33","39,288.75",0,"8,921","6,573.20","6,072.10","7,542.95","7,318.34"
2020-05-19,"46,100","46,500","45,900","46,400","45,190.00","44,505.00","42,697.50","36,966.67","39,302.92",0,"6,212","6,606.80","6,227.95","7,462.72","7,271.82"
2020-05-20,"46,400","46,800","46,150","46,700","45,750.00","44,815.00","43,087.50","37,138.33","39,331.67",0,"4,689","6,451.20","6,184.30","7,406.48","7,183.75"
2020-05-21,"46,700","46,750","46,150","46,550","46,150.00","45,065.00","43,410.00","37,317.50","39,365.42",0,"6,303","6,814.40","6,357.20","7,427.60","7,128.76"
2020-05-22,"46,500","46,700","46,400","46,400","46,390.00","45,305.00","43,730.00","37,518.33","39,397.50",0,"7,300","6,685.00","6,326.35","7,381.18","7,104.57"
2020-05-25,"46,400","46,650","46,050","46,550","46,520.00","45,585.00","43,965.00","37,718.33","39,427.08",0,"3,891","5,679.00","5,808.65","7,299.53","6,823.48"
2020-05-26,"46,250","47,000","46,250","46,900","46,620.00","45,905.00","44,235.00","37,915.83","39,451.67",0,"1,982","4,833.00","5,737.00","7,277.30","6,791.88"
2020-05-27,"46,600","47,400","46,450","47,100","46,700.00","46,225.00","44,570.00","38,124.17","39,475.42",0,"2,247","4,344.60","5,702.85","7,230.38","6,787.19"
2020-05-28,"47,100","47,400","46,250","47,100","46,810.00","46,480.00","44,920.00","38,347.50","39,491.25",30,"5,785","4,241.00","5,737.95","7,243.63","6,777.82"
2020-05-29,"47,000","47,100","46,250","46,950","46,920.00","46,655.00","45,237.50","38,550.00","39,516.67",0,"1,741","3,129.20","5,476.25","7,225.63","6,752.50"
2020-06-01,"46,350","47,300","46,350","47,300","47,070.00","46,795.00","45,477.50","38,740.00","39,547.08",18,"3,374","3,025.80","5,409.40","7,199.20","6,709.63"
2020-06-02,"47,300","47,450","47,150","47,250","47,140.00","46,880.00","45,692.50","38,930.83","39,588.33",33,"1,662","2,961.80","5,219.55","7,176.87","6,648.88"
2020-06-03,"47,300","47,700","47,250","47,450","47,210.00","46,955.00","45,885.00","39,136.67","39,618.75",0,"3,401","3,192.60","5,049.35","7,190.00","6,601.32"
2020-06-04,"47,450","47,800","47,050","47,550","47,300.00","47,055.00","46,060.00","39,333.33","39,645.42",0,"2,299","2,495.40","4,913.05","6,279.27","6,594.49"
2020-06-05,"47,550","47,900","47,100","47,600","47,430.00","47,175.00","46,240.00","39,549.17","39,666.25",12,"3,512","2,849.60","4,770.60","6,245.42","6,562.32"
2020-06-08,"47,600","47,800","47,450","47,450","47,460.00","47,265.00","46,425.00","39,751.67","39,693.75",0,"2,864","2,747.60","4,506.40","6,154.63","6,483.99"
2020-06-09,"47,450","48,450","47,450","48,000","47,610.00","47,375.00","46,640.00","39,970.83","39,730.83",0,"7,777","3,970.60","4,593.05","6,142.48","6,460.47"
2020-06-10,"48,000","48,400","46,500","47,200","47,560.00","47,385.00","46,805.00","40,190.83","39,749.17",0,"13,197","5,929.80","4,979.55","6,103.38","6,490.60"
2020-06-11,"47,200","47,200","41,850","42,750","46,600.00","46,950.00","46,715.00","40,379.17","39,742.08",0,"65,277","18,525.40","8,019.05","6,961.67","6,855.65"
2020-06-12,"42,200","48,400","40,750","48,400","46,760.00","47,095.00","46,875.00","40,675.00","39,790.00",60,"26,121","23,047.20","8,927.75","7,330.97","6,846.74"
2020-06-15,"48,400","48,400","45,500","46,900","46,650.00","47,055.00","46,925.00","40,974.17","39,817.50",30,"15,036","25,481.60","9,233.50","7,398.95","6,892.40"
2020-06-16,"46,350","48,100","46,200","47,200","46,490.00","47,050.00","46,965.00","41,287.50","39,840.83",0,"8,881","25,702.40","9,366.95","7,462.78","6,916.86"
2020-06-17,"47,150","47,900","46,550","47,550","46,560.00","47,060.00","47,007.50","41,622.50","39,866.67",0,"9,186","24,900.20","9,591.80","7,432.72","6,950.32"
2020-06-18,"47,550","47,900","46,650","47,850","47,580.00","47,090.00","47,072.50","41,930.00","39,895.00",30,"9,560","13,756.80","9,754.65","7,440.30","7,002.93"
2020-06-19,"48,000","48,100","45,150","46,750","47,250.00","47,005.00","47,090.00","42,225.83","39,913.33",0,"20,936","12,719.80","10,436.45","7,619.97","7,157.27"
2020-06-22,"46,750","47,350","46,350","46,850","47,240.00","46,945.00","47,105.00","42,497.50","39,937.08",0,"5,485","10,809.60","10,516.15","7,607.32","7,168.18"
2020-06-23,"46,850","46,850","45,900","46,100","47,020.00","46,755.00","47,065.00","42,726.67","39,947.08",0,"4,805","9,994.40","10,657.30","7,606.60","7,160.57"
2020-06-24,"46,300","46,300","45,500","45,700","46,650.00","46,605.00","46,995.00","42,937.50","39,962.92",0,"2,007","8,558.60","10,645.30","7,561.57","7,134.59"
2020-06-25,"45,350","45,950","44,050","45,800","46,240.00","46,910.00","46,930.00","43,150.83","39,978.75",0,"2,515","7,149.60","10,481.80","7,487.55","7,126.25"
2020-06-26,"45,800","46,500","45,400","45,850","46,060.00","46,655.00","46,875.00","43,348.33","40,004.58",0,"1,603","3,283.00","10,474.90","7,343.88","7,087.96"
2020-06-29,"44,350","46,050","44,350","45,850","45,860.00","46,550.00","46,802.50","43,545.00","40,032.92",0,"1,391","2,464.20","10,375.75","7,273.18","7,052.42"
2020-06-30,"46,000","46,300","45,000","45,900","45,820.00","46,420.00","46,735.00","43,742.50","40,067.92",0,"1,198","1,742.80","10,352.55","7,192.15","7,009.86"
2020-07-01,"45,850","47,000","45,800","46,450","45,970.00","46,310.00","46,685.00","43,949.17","40,109.58",0,"4,227","2,186.80","10,393.85","7,084.55","7,016.20"
2020-07-02,"46,500","47,500","45,900","46,850","46,180.00","46,210.00","46,650.00","44,160.00","40,162.08",0,"3,680","2,419.80","10,462.90","6,997.52","7,000.67"
2020-07-03,"47,350","47,800","46,850","47,150","46,440.00","46,250.00","46,627.50","44,352.50","40,217.08",0,"5,829","3,265.00","10,578.75","7,000.33","7,015.93"
2020-07-06,"47,200","47,750","46,100","46,950","46,660.00","46,260.00","46,602.50","44,528.33","40,267.08",0,"4,193","3,825.40","10,645.20","6,943.72","7,035.57"
2020-07-07,"46,950","47,400","46,450","47,350","46,950.00","46,385.00","46,570.00","44,711.67","40,320.00",0,"1,433","3,872.40","10,328.00","6,900.82","7,029.57"
2020-07-08,"47,350","48,350","46,850","48,100","47,280.00","46,625.00","46,615.00","44,891.67","40,377.08",0,"5,006","4,028.20","9,918.45","6,901.60","7,059.68"
2020-07-09,"48,500","48,500","47,550","47,800","47,470.00","46,825.00","46,867.50","45,053.33","40,424.58",0,"1,210","3,534.20","6,715.10","6,837.00","7,024.43"
2020-07-10,"47,850","48,400","46,800","46,800","47,400.00","46,920.00","46,787.50","45,199.17","40,469.58",0,"1,881","2,744.60","5,503.10","6,772.73","7,029.50"
2020-07-13,"46,400","47,550","45,350","47,550","47,520.00","47,090.00","46,820.00","45,351.67","40,521.25",0,"3,669","2,639.80","4,934.75","6,746.78","7,049.52"
2020-07-14,"47,550","48,100","47,050","47,500","47,550.00","47,250.00","46,835.00","45,499.17","40,575.00",33,"2,873","2,927.80","4,634.35","6,743.08","7,059.57"
2020-07-15,"47,450","47,450","46,400","46,500","47,230.00","47,255.00","46,782.50","45,625.83","40,622.08",0,"4,563","2,839.20","4,403.20","6,726.43","7,079.60"
2020-07-16,"45,550","46,050","44,500","44,600","46,590.00","47,030.00","46,620.00","45,700.83","40,652.08",0,"7,881","4,173.40","4,319.25","6,810.37","7,131.97"
2020-07-17,"44,400","45,250","44,000","44,500","46,130.00","46,765.00","46,507.50","45,775.83","40,682.92",0,"4,115","4,620.20","3,478.20","6,747.00","7,143.28"
2020-07-20,"44,550","44,900","44,050","44,650","45,550.00","46,535.00","46,397.50","45,822.50","40,723.33",0,"2,218","4,330.00","3,314.85","6,546.55","7,113.93"
2020-07-21,"44,500","44,500","43,500","43,900","44,830.00","46,190.00","46,287.50","45,862.50","40,761.67",0,"6,289","5,013.20","3,389.05","6,594.45","7,089.13"
2020-07-22,"43,900","44,750","43,550","44,250","44,380.00","45,805.00","46,215.00","45,926.67","40,816.25",0,"1,842","4,469.00","3,380.80","6,576.32","6,992.43"
2020-07-23,"43,600","44,700","43,300","44,350","44,330.00","45,460.00","46,142.50","45,997.50","40,869.58",0,"3,647","3,622.20","3,437.40","6,552.38","6,939.53"
2020-07-24,"43,300","44,500","43,300","44,200","44,270.00","45,200.00","46,060.00","46,057.50","40,928.75",70,"1,990","3,197.20","3,456.75","6,469.30","6,877.50"
2020-07-27,"44,200","44,600","43,850","44,350","44,210.00","44,880.00","45,985.00","46,088.33","40,990.00",0,"1,624","3,078.40","3,468.40","6,417.85","6,852.48"
2020-07-28,"44,350","44,400","43,750","43,900","44,210.00","44,520.00","45,885.00","46,104.17","41,044.58",0,"1,221","2,064.80","3,469.55","6,347.22","6,809.68"
2020-07-29,"44,450","44,450","43,100","43,600","44,080.00","44,230.00","45,742.50","46,104.17","41,089.17",0,"2,501","2,196.60","3,383.25","6,275.48","6,764.09"
2020-07-30,"43,400","44,200","43,350","44,150","44,040.00","44,185.00","45,607.50","46,105.83","41,133.75",0,"1,044","1,676.00","3,251.45","6,209.13","6,751.21"
2020-07-31,"44,100","44,200","43,750","44,150","44,030.00","44,150.00","45,457.50","46,108.33","41,179.17",0,750,"1,428.00","2,997.50","6,115.62","6,740.14"
2020-08-03,"43,250","44,150","43,250","44,100","43,980.00","44,095.00","45,315.00","46,114.17","41,222.92",0,692,"1,241.60","2,822.45","5,991.35","6,706.89"
2020-08-04,"44,100","45,700","44,100","45,700","44,340.00","44,275.00","45,232.50","46,147.50","41,283.75",18,"3,711","1,739.60","2,936.35","5,952.47","6,698.58"
2020-08-05,"47,100","47,100","45,150","46,350","44,890.00","44,485.00","45,145.00","46,188.33","41,345.42",0,870,"1,413.40","2,729.55","5,875.85","6,653.61"
2020-08-06,"46,300","46,600","45,500","45,950","45,250.00","44,645.00","45,052.50","46,211.67","41,403.75",0,"1,438","1,492.20","2,740.95","5,825.03","6,637.58"
2020-08-07,"46,350","46,750","45,400","46,500","45,720.00","44,875.00","45,037.50","46,233.33","41,464.17",0,"2,550","1,852.20","2,774.40","5,735.08","6,628.27"
2020-08-10,"46,000","46,600","45,150","46,250","46,150.00","45,065.00","44,972.50","46,239.17","41,528.75",0,"3,333","2,380.40","2,757.60","5,641.95","6,592.45"
2020-08-11,"46,000","46,350","45,800","45,800","46,170.00","45,255.00","44,887.50","46,229.17","41,597.92",0,"2,682","2,174.60","2,748.05","5,583.12","6,522.92"
2020-08-12,"47,200","47,200","45,800","46,400","46,180.00","45,535.00","44,882.50","46,224.17","41,681.25",0,"3,362","2,673.00","2,688.00","5,561.00","6,483.74"
2020-08-13,"45,950","46,550","45,900","46,150","46,220.00","45,735.00","44,960.00","46,217.50","41,767.50",0,"1,370","2,659.40","2,362.45","5,478.78","6,453.19"
2020-08-14,"46,150","46,500","45,650","45,900","46,100.00","45,910.00","45,030.00","46,209.17","41,863.75",0,558,"2,261.00","2,184.60","5,366.42","6,373.80"
2020-08-18,"44,800","46,500","44,800","46,300","46,110.00","46,130.00","45,112.50","46,205.00","41,961.67",30,"8,952","3,384.80","2,521.30","5,450.77","6,375.15"
2020-08-19,"45,600","46,500","45,150","45,150","45,980.00","46,075.00","45,175.00","46,175.83","42,045.83",37,"2,198","3,288.00","2,316.75","5,454.37","6,365.83"
2020-08-20,"45,300","45,550","44,500","44,950","45,690.00","45,935.00","45,210.00","46,140.00","42,132.08",38,"10,213","4,658.20","2,735.30","5,587.13","6,408.76"
2020-08-21,"43,700","45,700","43,600","45,200","45,500.00","45,860.00","45,252.50","46,108.33","42,227.92",0,"2,881","4,960.40","2,697.00","5,538.73","6,391.18"
2020-08-24,"47,100","47,250","44,400","44,650","45,250.00","45,675.00","45,275.00","46,070.00","42,310.00",2,"2,657","5,380.20","2,730.35","5,554.00","6,389.82"
2020-08-25,"44,650","45,500","44,650","45,500","45,090.00","45,600.00","45,332.50","46,040.00","42,390.00",0,"2,287","4,047.20","2,763.50","5,535.88","6,367.54"
2020-08-26,"45,500","46,200","45,400","46,000","45,260.00","45,620.00","45,437.50","46,019.17","42,475.00",0,"3,976","4,402.80","2,901.25","5,574.45","6,375.66"
2020-08-27,"46,000","46,850","44,850","46,450","45,560.00","45,625.00","45,580.00","46,002.50","42,569.58",12,"1,586","2,677.40","2,855.50","5,544.20","6,367.10"
2020-08-28,"46,600","46,700","46,450","46,450","45,810.00","45,655.00","45,695.00","45,984.17","42,658.75",0,"3,659","2,833.00","2,986.25","5,566.87","5,923.07"
2020-08-31,"46,800","46,800","46,000","46,500","46,180.00","45,715.00","45,812.50","45,965.83","42,757.50",0,905,"2,482.60","2,994.00","5,523.42","5,884.42"
2020-09-01,"46,500","47,000","46,150","46,900","46,460.00","45,775.00","45,952.50","45,956.67","42,854.17",0,"2,294","2,484.00","3,074.10","5,513.92","5,834.27"
2020-09-02,"46,900","47,850","46,550","47,400","46,740.00","46,000.00","46,037.50","45,946.67","42,958.75",0,"2,069","2,102.60","2,992.00","5,418.78","5,780.63"
2020-09-03,"47,800","47,900","47,100","47,600","46,970.00","46,265.00","46,100.00","45,953.33","43,072.08",0,"1,478","2,081.00","3,022.40","5,223.47","5,663.43"
2020-09-04,"46,800","48,050","45,900","47,650","47,210.00","46,510.00","46,185.00","46,035.00","43,207.08",0,"1,643","1,677.80","3,032.65","4,162.90","5,562.28"
2020-09-07,"48,100","48,200","47,150","47,750","47,460.00","46,820.00","46,247.50","46,024.17","43,349.58",0,"1,531","1,803.00","2,981.70","3,753.07","5,542.02"
2020-09-08,"47,750","48,300","47,400","48,050","47,690.00","47,075.00","46,337.50","46,043.33","43,508.75",0,"2,107","1,765.60","2,920.40","3,537.58","5,468.27"
2020-09-09,"48,000","49,100","47,650","48,300","47,870.00","47,305.00","46,462.50","46,061.67","43,674.58",0,"2,521","1,856.00","2,912.35","3,431.58","5,447.18"
2020-09-10,"48,300","49,000","47,300","48,950","48,140.00","47,555.00","46,590.00","46,085.00","43,853.75",0,"4,549","2,470.20","2,971.70","3,354.30","5,393.51"
2020-09-11,"48,450","48,850","47,700","48,250","48,260.00","47,735.00","46,695.00","46,091.67","44,010.83",0,"1,949","2,531.40","3,000.65","3,227.45","5,333.88"
2020-09-14,"48,250","48,500","47,750","48,300","48,370.00","47,915.00","46,815.00","46,117.50","44,171.67",0,779,"2,381.00","3,011.70","2,891.50","5,255.73"
2020-09-15,"48,750","48,900","47,400","48,250","48,410.00","48,050.00","46,912.50","46,140.83","44,319.17",0,926,"2,144.80","2,610.40","2,815.52","5,211.42"
2020-09-16,"49,100","49,100","47,100","47,400","48,230.00","48,050.00","47,025.00","46,162.50","44,444.58",0,"1,412","1,923.00","2,571.10","2,758.97","5,182.78"
2020-09-17,"47,500","47,500","46,300","46,550","47,750.00","47,945.00","47,105.00","46,176.67","44,557.08",0,"1,306","1,274.40","2,125.75","2,747.28","5,154.43"
2020-09-18,"46,300","47,250","46,300","47,250","47,550.00","47,905.00","47,207.50","46,200.83","44,675.83",70,"1,790","1,242.60","2,071.20","2,735.20","5,111.38"
2020-09-21,"47,800","47,800","46,300","46,500","47,190.00","47,780.00","47,300.00","46,211.67","44,780.00",0,489,"1,184.60","1,962.80","2,716.63","5,030.26"
2020-09-22,"45,850","46,000","45,300","46,000","46,740.00","47,575.00","47,325.00","46,214.17","44,879.58",0,639,"1,127.20","1,880.40","2,704.10","4,988.64"
2020-09-23,"46,000","46,000","44,500","44,700","46,200.00","47,215.00","47,260.00","46,194.17","44,968.33",0,"2,351","1,315.00","1,799.15","2,723.32","4,957.73"
2020-09-24,"44,050","44,250","43,400","43,650","45,620.00","46,685.00","47,120.00","46,147.50","45,048.33",0,"4,124","1,878.60","1,926.05","2,721.60","4,903.07"
2020-09-25,"43,650","44,100","43,550","43,600","44,890.00","46,220.00","46,977.50","46,093.33","45,126.67",0,"1,369","1,794.40","1,811.55","2,683.08","4,840.30"
2020-09-28,"43,850","45,350","43,850","44,350","44,460.00","45,825.00","46,870.00","46,046.67","45,199.58",0,627,"1,822.00","1,797.65","2,596.38","4,798.36"
2020-09-29,"44,500","44,500","43,750","44,150","44,090.00","45,415.00","46,732.50","46,000.00","45,264.17",0,"1,092","1,912.60","1,737.55","2,544.70","4,744.21"
2020-10-05,"44,150","44,250","43,800","44,100","43,970.00","45,085.00","46,567.50","45,945.83","45,328.75",0,"2,351","1,912.60","1,751.65","2,560.00","4,730.41"
2020-10-06,"44,300","44,650","43,750","44,000","44,040.00","44,830.00","46,387.50","45,877.50","45,384.58",0,"1,459","1,379.60","1,750.70","2,500.88","4,701.24"
2020-10-07,"44,000","44,600","43,600","43,950","44,110.00","44,500.00","46,202.50","45,813.33","45,433.33",0,"2,411","1,588.00","1,789.10","2,520.90","4,678.95"
2020-10-08,"44,850","44,850","44,000","44,050","44,050.00","44,255.00","46,017.50","45,767.50","45,483.33",2,922,"1,647.00","1,758.65","2,504.92","4,638.82"
2020-10-12,"44,050","44,400","43,850","43,950","44,010.00","44,050.00","45,812.50","45,707.50","45,529.58",0,"3,256","2,079.80","1,816.10","2,498.03","4,622.41"
2020-10-13,"43,500","45,050","43,500","44,800","44,150.00","44,060.00","45,637.50","45,662.50","45,580.83",60,"2,966","2,202.80","1,838.35","2,499.58","4,621.33"
2020-10-14,"51,500","52,500","45,300","47,150","44,780.00","44,410.00","45,547.50","45,673.33","45,649.58",0,"37,663","9,443.60","3,494.05","3,051.25","4,888.84"
2020-10-15,"47,600","49,100","46,350","47,200","45,430.00","44,770.00","45,495.00","45,716.67","45,708.75",0,"17,339","12,429.20","4,263.55","3,208.88","5,009.63"
2020-10-16,"47,300","47,350","46,200","46,600","45,940.00","44,995.00","45,410.00","45,751.67","45,763.75",0,"9,918","14,228.40","4,720.50","3,305.60","5,026.30"
2020-10-19,"47,100","47,400","46,050","47,000","46,550.00","45,280.00","45,347.50","45,790.83","45,806.67",0,"4,376","14,452.40","4,893.00","3,341.57","4,944.06"
2020-10-20,"46,300","47,600","46,000","46,850","46,960.00","45,555.00","45,320.00","45,840.00","45,851.25",0,"3,811","14,621.40","5,012.95","3,300.27","4,947.36"
2020-10-21,"47,300","47,500","46,300","47,400","47,010.00","45,895.00","45,362.50","45,892.50","45,909.58",0,"3,918","7,872.40","5,143.55","3,334.87","4,955.59"
2020-10-22,"47,400","48,200","46,600","46,600","46,890.00","46,160.00","45,330.00","45,930.00","45,963.75",0,"3,134","5,031.40","5,210.75","3,326.32","4,939.35"
2020-10-23,"47,400","47,400","46,100","46,650","46,900.00","46,420.00","45,337.50","45,970.83","46,014.17",0,"5,122","4,072.20","5,442.40","3,378.52","4,923.91"
2020-10-26,"46,400","46,650","45,350","45,500","46,600.00","46,575.00","45,312.50","45,990.00","46,039.17",0,"4,348","4,066.60","5,627.85","3,423.92","4,920.88"
2020-10-27,"45,500","45,500","44,950","44,950","46,220.00","46,590.00","45,325.00","46,007.50","46,055.83",0,"3,954","4,095.20","5,708.00","3,469.47","4,908.34"
2020-10-28,"44,750","45,400","44,700","45,400","45,820.00","46,415.00","45,412.50","46,037.50","46,070.83",0,"2,185","3,748.60","5,611.05","3,464.20","4,869.84"
2020-10-29,"45,400","46,950","44,900","45,100","45,520.00","46,205.00","45,487.50","46,053.33","46,079.58",66,"2,689","3,659.60","5,677.05","3,491.62","4,850.38"
2020-10-30,"44,950","45,300","44,750","45,050","45,200.00","46,050.00","45,522.50","46,068.33","46,088.33",0,"3,018","3,238.80","5,796.60","3,529.42","4,822.52"
2020-11-02,"45,100","46,400","45,050","46,100","45,320.00","45,960.00","45,620.00","46,101.67","46,107.92",0,"3,000","2,969.20","5,892.00","3,567.88","4,779.62"
2020-11-03,"47,000","47,500","46,300","47,350","45,800.00","46,010.00","45,782.50","46,129.17","46,138.33",0,"3,441","2,866.60","5,946.50","3,563.38","4,757.93"
2020-11-04,"47,400","47,600","47,100","47,500","46,220.00","46,020.00","45,957.50","46,148.33","46,168.33",0,"3,869","3,203.40","6,067.00","3,613.37","4,744.61"
2020-11-05,"47,500","48,150","47,500","48,150","46,830.00","46,175.00","46,167.50","46,185.00","46,198.33",0,"5,211","3,707.80","6,207.00","3,676.25","4,750.64"
2020-11-06,"48,000","48,000","46,900","47,150","47,250.00","46,225.00","46,322.50","46,195.83","46,214.58",0,"4,444","3,993.00","6,383.10","3,707.82","4,721.45"
2020-11-09,"47,150","47,900","47,100","47,500","47,530.00","46,425.00","46,500.00","46,216.67","46,227.92",0,"1,680","3,729.00","6,304.30","3,680.27","4,661.11"
2020-11-10,"47,550","48,950","47,550","48,450","47,750.00","46,775.00","46,682.50","46,260.83","46,245.00",0,"6,504","4,341.60","6,481.20","3,743.97","4,663.54"
2020-11-11,"48,450","49,300","47,850","48,700","47,990.00","47,105.00","46,760.00","46,299.17","46,261.67",0,"2,259","4,019.60","4,711.00","3,725.58","4,643.29"
2020-11-12,"48,700","50,000","48,250","49,500","48,260.00","47,545.00","46,875.00","46,355.00","46,286.25",0,"5,564","4,090.20","4,122.25","3,795.48","4,637.13"
2020-11-13,"50,800","50,800","49,200","49,900","48,810.00","48,030.00","47,040.00","46,421.67","46,315.42",0,"3,257","3,852.80","3,789.20","3,840.47","4,603.44"
2020-11-16,"49,800","50,300","49,450","49,600","49,230.00","48,380.00","47,170.00","46,476.67","46,340.83",0,"3,818","4,280.40","3,761.30","3,754.90","4,602.83"
2020-11-17,"49,500","52,200","49,500","52,000","49,940.00","48,845.00","47,427.50","46,590.83","46,383.33",18,"8,830","4,745.60","4,012.25","3,865.43","4,659.90"
2020-11-18,"52,000","53,000","51,900","52,600","50,720.00","49,355.00","47,687.50","46,718.33","46,429.17",0,"4,336","5,161.00","4,033.15","3,767.48","4,677.31"
2020-11-19,"52,600","52,800","52,200","52,600","51,340.00","49,800.00","47,987.50","46,841.67","46,475.00",0,"4,374","4,923.00","4,095.15","3,792.37","4,665.55"
2020-11-20,"52,600","53,700","52,300","53,600","52,080.00","50,445.00","48,335.00","46,990.83","46,530.42",0,"7,342","5,740.00","4,206.15","3,870.45","4,712.23"
2020-11-23,"52,900","54,300","52,900","53,200","52,800.00","51,015.00","48,720.00","47,119.17","46,579.58",0,"2,356","5,447.60","4,106.55","3,871.60","4,703.74"
2020-11-24,"53,600","53,600","53,000","53,200","53,040.00","51,490.00","49,132.50","47,239.17","46,629.17",0,"2,363","4,154.20","4,027.00","3,844.72","4,709.58"
2020-11-25,"53,800","53,800","51,600","52,300","52,980.00","51,850.00","49,477.50","47,336.67","46,669.58",0,"6,011","4,489.20","4,218.30","3,918.47","4,731.33"
2020-11-26,"52,400","52,900","51,800","52,100","52,880.00","52,110.00","49,827.50","47,430.83","46,707.50",0,"1,019","3,818.20","4,134.80","3,874.47","4,720.67"
2020-11-27,"52,100","52,900","51,900","52,900","52,740.00","52,410.00","50,220.00","47,537.50","46,751.67",30,"1,242","2,598.20","4,046.00","3,880.08","4,701.75"
2020-11-30,"53,800","53,800","52,900","53,000","52,700.00","52,750.00","50,565.00","47,639.17","46,797.92",0,"2,607","2,648.40","4,026.35","3,885.30","4,699.61"
