2018-07-02,"24,800","25,200","21,250","21,700", , , , , ,0,"272,481", , , , 
2018-07-03,"21,800","22,500","20,300","22,300", , , , , ,0,"225,705", , , , 
2018-07-04,"22,450","26,000","22,300","23,550", , , , , ,0,"1,245,039", , , , 
2018-07-05,"24,500","25,400","22,500","22,850", , , , , ,0,"684,369", , , , 
2018-07-06,"23,300","23,950","21,450","22,800","22,640.00", , , , ,0,"368,571","559,233.00", , , 
2018-07-09,"20,700","21,200","18,700","18,700","22,040.00", , , , ,0,"409,168","586,570.40", , , 
2018-07-10,"18,950","19,400","18,650","18,700","21,320.00", , , , ,0,"181,394","577,708.20", , , 
2018-07-11,"19,050","21,150","18,350","19,850","20,580.00", , , , ,0,"522,651","433,230.60", , , 
2018-07-12,"19,750","20,300","19,300","19,350","19,880.00", , , , ,0,"160,182","328,393.20", , , 
2018-07-13,"19,650","21,000","19,550","20,750","19,470.00","21,055.00", , , ,0,"240,170","302,713.00", , , 
2018-07-16,"21,000","21,500","20,150","21,000","19,930.00","20,985.00", , , ,0,"123,356","245,550.60", , , 
2018-07-17,"21,150","21,800","20,550","20,700","20,330.00","20,825.00", , , ,0,"93,674","228,006.60", , , 
2018-07-18,"20,700","20,700","19,050","19,250","20,210.00","20,395.00", , , ,0,"132,845","150,045.40", , , 
2018-07-19,"19,150","20,500","18,500","18,800","20,100.00","19,990.00", , , ,0,"198,238","157,656.60", , , 
2018-07-20,"19,050","20,300","18,400","18,400","19,630.00","19,550.00", , , ,0,"111,656","131,953.80", , , 
2018-07-23,"18,200","18,400","16,850","17,000","18,830.00","19,380.00", , , ,0,"106,813","128,645.20", , , 
2018-07-24,"17,350","20,150","17,350","19,150","18,520.00","19,425.00", , , ,0,"392,248","188,360.00", , , 
2018-07-25,"19,350","19,750","18,400","19,100","18,490.00","19,350.00", , , ,0,"168,841","195,559.20", , , 
2018-07-26,"19,550","24,800","19,300","24,800","19,690.00","19,895.00", , , ,0,"2,148,740","585,659.60", , , 
2018-07-27,"24,800","29,100","24,000","26,400","21,290.00","20,460.00","20,757.50", , ,0,"3,566,635","1,276,655.00","567,638.80", , 
2018-07-30,"26,400","28,850","26,150","26,450","23,180.00","21,005.00","20,995.00", , ,29,"1,301,961","1,515,685.00","619,112.80", , 
2018-07-31,"27,100","27,400","24,700","25,200","24,390.00","21,455.00","21,140.00", , ,0,"463,907","1,530,017.00","631,022.90", , 
2018-08-01,"25,050","26,100","24,300","25,150","25,600.00","22,045.00","21,220.00", , ,0,"426,480","1,581,545.00","590,094.95", , 
2018-08-02,"25,250","25,850","23,650","25,250","25,690.00","22,690.00","21,340.00", , ,0,"313,953","1,214,587.00","571,574.15", , 
2018-08-03,"26,950","29,100","25,700","25,700","25,550.00","23,420.00","21,485.00", , ,0,"991,441","699,548.40","602,717.65", , 
2018-08-06,"25,300","28,500","25,050","27,300","25,720.00","24,450.00","21,915.00", , ,0,"872,020","613,560.20","625,860.25", , 
2018-08-07,"27,650","27,900","26,800","27,500","26,180.00","25,285.00","22,355.00", , ,0,"326,689","586,116.60","633,125.00", , 
2018-08-08,"28,000","33,550","27,300","31,850","27,520.00","26,560.00","22,955.00", , ,0,"2,888,096","1,078,440.00","751,397.25", , 
2018-08-09,"31,800","32,600","30,750","31,450","28,760.00","27,225.00","23,560.00", , ,37,"819,192","1,179,488.00","784,347.75", , 
2018-08-10,"33,400","36,800","32,400","32,900","30,200.00","27,875.00","24,167.50", , ,0,"1,903,722","1,361,944.00","867,525.35", , 
2018-08-13,"33,700","34,700","28,300","29,750","30,690.00","28,205.00","24,605.00", , ,0,"918,101","1,371,160.00","907,262.60", , 
2018-08-14,"30,550","35,350","28,750","34,150","32,020.00","29,100.00","25,277.50", , ,0,"1,887,942","1,683,411.00","996,976.00", , 
2018-08-16,"34,350","36,000","32,800","34,200","32,490.00","30,005.00","26,025.00", , ,33,"1,463,453","1,398,482.00","1,063,506.00", , 
2018-08-17,"34,500","35,300","33,950","34,500","33,100.00","30,930.00","26,810.00", , ,0,"408,808","1,316,405.00","1,074,035.00", , 
2018-08-20,"33,850","34,950","33,850","34,000","33,320.00","31,760.00","27,590.00", , ,0,"232,956","982,252.00","1,080,100.00", , 
2018-08-21,"34,450","34,700","33,050","34,600","34,290.00","32,490.00","28,470.00", , ,0,"324,821","863,596.00","1,091,000.00", , 
2018-08-22,"34,200","36,750","33,600","34,700","34,400.00","33,210.00","29,247.50", , ,0,"723,108","630,629.20","1,107,543.00", , 
2018-08-23,"34,550","35,600","34,200","34,700","34,500.00","33,495.00","30,027.50", , ,0,"260,340","390,006.60","1,112,118.00", , 
2018-08-24,"35,000","35,350","34,250","34,600","34,520.00","33,810.00","30,517.50", , ,0,"224,261","353,097.20","1,015,894.00", , 
2018-08-27,"31,400","32,800","30,700","31,150","33,950.00","33,635.00","30,755.00", , ,0,"364,317","379,369.40","855,778.40", , 
2018-08-28,"31,400","31,750","28,900","29,550","32,940.00","33,615.00","30,910.00", , ,0,"304,212","375,247.60","805,890.95", , 
2018-08-29,"29,000","30,250","28,800","29,000","31,800.00","33,100.00","31,100.00", , ,0,"229,397","276,505.40","794,165.45", , 
2018-08-30,"29,250","31,950","29,200","29,750","30,810.00","32,655.00","31,330.00", , ,66,"611,153","346,668.00","803,399.10", , 
2018-08-31,"29,200","29,550","28,400","29,400","29,770.00","32,145.00","31,537.50", , ,0,"224,056","346,627.00","798,904.25", , 
2018-09-03,"30,850","30,900","29,900","30,200","29,580.00","31,765.00","31,762.50", , ,0,"166,748","307,113.20","757,669.60", , 
2018-09-04,"30,050","36,050","30,000","33,050","30,280.00","31,610.00","32,050.00", , ,60,"2,589,739","764,218.60","843,555.55", , 
2018-09-05,"34,500","35,900","32,550","33,200","31,120.00","31,460.00","32,335.00", , ,33,"751,845","868,708.20","864,813.35", , 
2018-09-06,"34,500","34,800","31,250","31,500","31,470.00","31,140.00","32,317.50", , ,26,"601,503","866,778.20","750,483.70", , 
2018-09-07,"32,000","33,500","31,700","32,600","32,110.00","30,940.00","32,375.00", , ,58,"302,296","882,426.20","724,638.90", , 
2018-09-10,"32,650","38,550","32,600","36,700","33,410.00","31,495.00","32,565.00", , ,59,"2,366,120","1,322,301.00","747,758.80", , 
2018-09-11,"37,450","37,550","34,200","34,500","33,700.00","31,990.00","32,802.50", , ,0,"1,268,258","1,058,004.00","765,266.65", , 
2018-09-12,"34,950","35,000","33,100","34,200","33,900.00","32,510.00","32,805.00", , ,0,"422,634","992,162.20","692,001.25", , 
2018-09-13,"34,200","34,950","33,400","34,400","34,480.00","32,975.00","32,815.00", , ,0,"339,191","939,699.80","635,788.15", , 
2018-09-14,"34,550","34,600","32,650","33,600","34,680.00","33,395.00","32,770.00", , ,0,"299,111","939,062.80","630,303.30", , 
2018-09-17,"34,100","34,550","33,200","33,500","34,040.00","33,725.00","32,745.00", , ,0,"294,502","524,739.20","633,380.60", , 
2018-09-18,"33,650","34,550","32,000","32,150","33,570.00","33,635.00","32,622.50", , ,42,"492,861","369,659.80","641,782.60", , 
2018-09-19,"32,500","34,050","30,000","30,050","32,740.00","33,320.00","32,390.00", , ,42,"684,585","422,050.00","639,856.45", , 
2018-09-20,"31,250","31,400","29,000","29,850","31,830.00","33,155.00","32,147.50", , ,0,"396,085","433,428.80","646,643.70", , 
2018-09-21,"29,700","31,700","29,350","30,600","31,230.00","32,955.00","31,947.50", , ,0,"278,779","429,362.40","649,369.60", , 
2018-09-27,"31,250","31,250","29,800","29,800","30,490.00","32,265.00","31,880.00","27,797.50", ,0,"121,576","394,777.20","637,232.55","686,883.25", 
2018-09-28,"29,650","29,700","28,400","28,700","29,800.00","31,685.00","31,837.50","27,914.17", ,0,"138,267","323,858.40","628,935.30","684,646.35", 
2018-10-01,"29,000","29,700","28,350","28,350","29,460.00","31,100.00","31,805.00","28,015.00", ,0,"114,651","209,871.60","623,198.00","682,795.45", 
2018-10-02,"27,600","31,300","27,600","29,150","29,320.00","30,575.00","31,775.00","28,108.33", ,0,"528,537","236,362.00","619,067.20","670,853.75", 
2018-10-04,"30,550","31,500","29,300","29,850","29,170.00","30,200.00","31,797.50","28,225.00", ,0,"286,518","237,909.80","622,190.30","664,222.90", 
2018-10-05,"29,400","30,250","29,000","29,000","29,010.00","29,750.00","31,737.50","28,328.33", ,0,"97,347","233,064.00","618,720.25","659,702.50", 
2018-10-08,"28,300","29,400","28,300","28,300","28,930.00","29,365.00","31,500.00","28,488.33", ,0,"80,914","221,593.40","493,279.00","654,231.60", 
2018-10-10,"27,700","27,800","24,250","24,250","28,110.00","28,785.00","31,052.50","28,580.83", ,2,"206,715","240,006.20","466,022.50","654,653.62", 
2018-10-11,"21,600","25,950","21,600","24,000","27,080.00","28,200.00","30,677.50","28,650.00", ,0,"398,536","214,006.00","455,874.15","652,585.03", 
2018-10-12,"23,900","25,150","23,650","24,650","26,040.00","27,605.00","30,280.00","28,738.33", ,0,"111,942","179,090.80","446,356.45","651,781.03", 
2018-10-15,"24,500","25,750","23,900","24,300","25,100.00","27,055.00","29,660.00","28,797.50", ,0,"100,103","179,642.00","333,055.60","649,446.58", 
2018-10-16,"24,300","25,150","24,150","24,550","24,350.00","26,640.00","29,162.50","28,856.67", ,0,"71,099","177,679.00","273,197.65","648,575.63", 
2018-10-17,"25,200","29,750","24,650","27,100","24,920.00","26,515.00","28,807.50","28,963.33", ,0,"1,350,846","406,505.20","319,608.25","669,528.50", 
2018-10-18,"27,300","27,350","26,350","26,600","25,440.00","26,260.00","28,417.50","29,085.83", ,0,"193,528","365,503.60","312,325.10","670,539.88", 
2018-10-19,"26,500","27,450","26,150","26,400","25,790.00","25,915.00","28,057.50","29,212.50", ,0,"167,525","376,620.20","305,745.80","670,028.00", 
2018-10-22,"25,300","25,350","24,000","24,900","25,910.00","25,505.00","27,627.50","29,320.83", ,0,"108,935","378,386.60","296,467.45","669,982.65", 
2018-10-23,"25,900","30,550","25,800","26,850","26,370.00","25,360.00","27,362.50","29,485.00", ,66,"1,935,538","751,274.40","368,601.30","700,461.40", 
2018-10-24,"26,800","27,550","23,800","24,000","25,750.00","25,335.00","27,060.00","29,565.83", ,0,"318,981","544,901.40","350,321.10","699,240.28", 
2018-10-25,"22,900","25,250","22,900","23,800","25,190.00","25,315.00","26,757.50","29,644.17", ,54,"250,526","556,301.00","343,043.15","700,601.70", 
2018-10-26,"24,050","24,750","21,700","21,700","24,250.00","25,020.00","26,312.50","29,592.50", ,0,"158,835","554,563.00","337,045.95","667,436.62", 
2018-10-29,"21,100","21,900","18,650","18,650","23,000.00","24,455.00","25,755.00","29,463.33", ,0,"197,709","572,317.80","340,852.60","611,287.85", 
2018-10-30,"18,000","21,000","17,700","20,050","21,640.00","24,005.00","25,322.50","29,356.67", ,0,"339,201","253,050.40","350,899.30","595,241.85", 
2018-10-31,"20,350","23,350","20,350","20,950","21,030.00","23,390.00","24,952.50","29,285.83", ,66,"476,985","284,651.20","369,016.00","595,459.82", 
2018-11-01,"22,000","22,650","21,250","21,600","20,590.00","22,890.00","24,575.00","29,226.67", ,0,"247,481","284,042.20","354,963.20","592,476.50", 
2018-11-02,"22,150","22,900","22,000","22,750","20,800.00","22,525.00","24,220.00","29,185.00", ,0,"188,215","289,918.20","350,048.05","590,380.87", 
2018-11-05,"22,750","24,050","21,900","23,050","21,680.00","22,340.00","23,922.50","29,140.83", ,0,"195,713","289,519.00","354,966.35","577,118.73", 
2018-11-06,"23,300","23,800","22,400","23,700","22,410.00","22,025.00","23,692.50","29,080.83", ,0,"169,327","255,544.20","359,387.00","565,407.18", 
2018-11-07,"24,400","26,450","22,300","22,450","22,710.00","21,870.00","23,602.50","28,996.67", ,0,"773,265","314,800.20","387,714.50","572,850.12", 
2018-11-08,"23,400","24,250","23,050","23,350","23,060.00","21,825.00","23,570.00","28,855.00", ,0,"157,686","296,841.20","375,672.00","527,343.28", 
2018-11-09,"23,400","23,550","22,500","23,050","23,120.00","21,960.00","23,490.00","28,715.00", ,0,"75,111","274,220.40","373,830.45","514,941.93", 
2018-11-12,"22,300","23,550","22,300","22,600","23,030.00","22,355.00","23,405.00","28,543.33", ,0,"85,113","252,100.40","373,080.95","484,631.78", 
2018-11-13,"21,800","22,500","21,350","22,250","22,740.00","22,575.00","23,290.00","28,418.33", ,0,"77,684","233,771.80","373,410.20","470,624.83", 
2018-11-14,"23,100","23,250","22,400","22,800","22,810.00","22,760.00","23,075.00","28,229.17", ,0,"81,218","95,362.40","309,928.80","440,512.77", 
2018-11-15,"22,500","23,650","22,050","23,550","22,850.00","22,955.00","22,922.50","28,051.67", ,0,"105,726","84,970.40","305,538.70","417,883.98", 
2018-11-16,"23,550","24,250","22,800","23,250","22,890.00","23,005.00","22,765.00","27,864.17", ,0,"90,177","87,983.60","301,671.30","412,573.47", 
2018-11-19,"24,000","24,500","23,600","24,300","23,230.00","23,130.00","22,735.00","27,702.50", ,0,"124,004","95,761.80","302,424.75","410,757.60", 
2018-11-20,"23,850","24,350","23,650","24,300","23,640.00","23,190.00","22,607.50","27,530.83", ,0,"78,037","95,832.40","209,549.70","406,644.53", 
2018-11-21,"24,300","25,200","23,900","24,700","24,020.00","23,415.00","22,642.50","27,364.17", ,0,"186,663","116,921.40","202,933.80","397,703.78", 
2018-11-22,"25,250","25,250","23,950","24,200","24,150.00","23,500.00","22,662.50","27,189.17", ,39,"70,799","109,936.00","193,947.45","394,544.77", 
2018-11-23,"24,500","25,150","23,750","24,450","24,390.00","23,640.00","22,800.00","27,020.00", ,0,"156,528","123,206.20","193,832.10","393,415.88", 
2018-11-26,"25,000","25,100","24,050","24,100","24,350.00","23,790.00","23,072.50","26,902.50", ,0,"94,597","117,324.80","188,676.50","388,920.55", 
2018-11-27,"23,900","24,350","23,400","24,300","24,350.00","23,995.00","23,285.00","26,815.00", ,0,"66,725","115,062.40","175,052.70","384,962.43", 
2018-11-28,"24,500","24,750","23,550","24,400","24,290.00","24,155.00","23,457.50","26,738.33", ,0,"135,567","104,843.20","157,981.80","383,398.60", 
2018-11-29,"24,600","25,200","23,900","24,150","24,280.00","24,215.00","23,585.00","26,645.00", ,0,"141,548","118,993.00","152,685.15","375,571.85", 
2018-11-30,"24,100","24,450","23,600","23,900","24,170.00","24,280.00","23,642.50","26,553.33", ,0,"48,422","97,371.80","145,695.50","372,644.62", 
2018-12-03,"24,550","25,350","24,000","25,200","24,390.00","24,370.00","23,750.00","26,470.00", ,0,"164,782","111,408.80","144,148.95","372,611.85", 
2018-12-04,"25,300","27,150","25,150","26,050","24,740.00","24,545.00","23,867.50","26,353.33", ,0,"477,402","193,544.20","159,552.70","337,406.23", 
2018-12-05,"25,550","26,200","25,400","25,650","24,990.00","24,640.00","24,027.50","26,227.50", ,0,"123,054","191,041.60","127,042.15","326,926.38", 
2018-12-06,"25,550","25,950","24,300","24,400","25,040.00","24,660.00","24,080.00","26,109.17", ,0,"74,981","177,728.20","122,906.90","318,151.02", 
2018-12-07,"24,900","26,250","24,850","26,250","25,510.00","24,840.00","24,240.00","26,003.33", ,18,"162,008","200,445.40","127,251.75","315,812.88", 
2018-12-10,"25,100","25,850","24,800","25,350","25,540.00","24,965.00","24,377.50","25,814.17", ,0,"117,064","190,901.80","128,849.30","278,328.62", 
2018-12-11,"25,350","25,400","23,700","24,000","25,130.00","24,935.00","24,465.00","25,639.17", ,0,"130,567","121,534.80","131,493.45","259,367.10", 
2018-12-12,"23,550","24,250","22,300","22,750","24,550.00","24,770.00","24,462.50","25,448.33", ,0,"94,341","115,792.20","132,149.60","253,895.55", 
2018-12-13,"22,650","23,650","22,650","23,300","24,330.00","24,685.00","24,450.00","25,263.33", ,0,"51,063","111,008.60","129,416.45","249,093.42", 
2018-12-14,"23,300","23,450","22,500","23,150","23,710.00","24,610.00","24,445.00","25,089.17", ,0,"40,534","86,713.80","126,934.30","244,783.80", 
2018-12-17,"22,600","22,900","21,800","22,150","23,070.00","24,305.00","24,337.50","24,900.00", ,0,"60,582","75,417.40","123,763.20","240,885.13", 
2018-12-18,"21,550","22,400","21,350","21,750","22,620.00","23,875.00","24,210.00","24,726.67", ,0,"41,786","57,661.20","121,950.65","233,367.22", 
2018-12-19,"21,950","22,050","21,400","21,750","22,420.00","23,485.00","24,062.50","24,588.33", ,0,"42,425","47,278.00","114,738.75","222,664.55", 
2018-12-20,"25,000","25,750","22,500","22,600","22,280.00","23,305.00","23,982.50","24,467.50", ,0,"302,050","97,475.40","126,301.30","221,097.30", 
2018-12-21,"23,250","23,700","22,950","23,700","22,390.00","23,050.00","23,945.00","24,352.50", ,58,"95,549","108,478.40","123,252.35","218,043.47", 
2018-12-24,"23,950","24,400","23,300","23,600","22,680.00","22,875.00","23,920.00","24,249.17","26,023.33",0,"120,581","120,478.20","124,551.55","218,026.88","452,455.07"
2018-12-26,"22,750","23,250","22,100","22,100","22,750.00","22,685.00","23,810.00","24,139.17","26,026.67",0,"68,363","125,793.60","124,633.45","216,861.82","450,754.08"
2018-12-27,"22,700","23,250","22,350","22,450","22,890.00","22,655.00","23,712.50","24,040.83","26,027.92",0,"41,002","125,509.00","119,905.20","215,634.33","449,214.89"
2018-12-28,"22,450","23,300","22,450","23,200","23,010.00","22,645.00","23,665.00","23,941.67","26,025.00",0,"40,451","73,189.20","114,850.35","207,499.57","439,176.66"
2019-01-02,"24,000","24,000","22,100","22,400","22,750.00","22,570.00","23,590.00","23,817.50","26,021.25",0,"67,713","67,622.00","115,814.90","203,852.82","434,037.86"
2019-01-03,"22,600","25,200","21,800","23,650","22,760.00","22,720.00","23,512.50","23,728.33","26,028.33",58,"284,900","100,485.80","121,820.80","206,978.70","433,340.60"
2019-01-04,"23,250","23,500","22,650","23,400","23,020.00","22,885.00","23,380.00","23,646.67","26,067.50",0,"80,972","103,007.60","101,999.30","206,979.67","430,605.63"
2019-01-07,"23,800","25,550","23,500","25,250","23,580.00","23,235.00","23,360.00","23,663.33","26,122.08",0,"217,020","138,211.20","106,697.60","207,151.42","430,902.52"
2019-01-08,"25,500","26,600","24,650","25,500","24,040.00","23,525.00","23,415.00","23,688.33","26,169.17",0,"332,134","196,547.80","119,555.25","206,044.72","429,314.88"
2019-01-09,"25,400","27,100","25,200","26,600","24,880.00","23,815.00","23,432.50","23,720.83","26,229.58",0,"271,094","237,224.00","125,009.55","208,697.25","430,239.14"
2019-01-10,"26,600","26,850","25,700","25,850","25,320.00","24,040.00","23,457.50","23,746.67","26,272.08",0,"114,783","203,200.60","124,895.50","208,941.92","429,194.25"
2019-01-11,"25,750","30,400","25,700","28,350","26,310.00","24,665.00","23,675.00","23,810.00","26,333.33",0,"1,024,898","391,985.80","169,612.05","224,838.57","436,707.10"
2019-01-14,"29,400","33,300","28,400","31,650","27,590.00","25,585.00","24,120.00","23,885.83","26,424.58",0,"2,508,780","850,337.80","290,334.00","244,137.47","456,832.98"
2019-01-15,"31,200","32,550","30,200","31,500","28,790.00","26,415.00","24,530.00","23,967.50","26,526.67",0,"717,515","927,414.00","323,656.60","252,870.58","461,705.23"
2019-01-16,"31,750","32,850","31,050","31,350","29,740.00","27,310.00","24,940.00","24,050.00","26,631.25",0,"555,725","984,340.20","349,416.15","259,340.58","464,684.29"
2019-01-17,"32,300","32,500","30,900","31,450","30,860.00","28,090.00","25,405.00","24,159.17","26,740.00",0,"363,347","1,034,053.00","364,554.40","263,580.78","466,781.72"
2019-01-18,"31,450","33,350","30,400","31,750","31,540.00","28,925.00","25,905.00","24,240.83","26,862.92",0,"639,733","957,020.00","394,451.75","241,984.03","471,222.72"
2019-01-21,"32,050","32,150","31,000","31,050","31,420.00","29,505.00","26,370.00","24,358.33","26,962.08",0,"149,278","485,119.60","399,794.40","239,155.65","469,197.97"
2019-01-22,"31,250","32,700","31,000","31,000","31,320.00","30,055.00","26,790.00","24,478.33","27,061.25",0,"314,529","404,522.40","400,418.35","240,222.37","470,412.03"
2019-01-23,"30,550","31,550","30,500","31,150","31,280.00","30,510.00","27,162.50","24,635.83","27,114.17",0,"150,940","323,565.40","403,187.90","240,090.78","453,763.70"
2019-01-24,"32,600","34,850","31,400","32,550","31,500.00","31,180.00","27,610.00","24,867.50","27,165.42",0,"1,222,174","495,330.80","458,267.55","257,165.20","434,226.53"
2019-01-25,"32,600","33,650","32,050","32,250","31,600.00","31,570.00","28,117.50","25,070.83","27,213.75",0,"409,623","449,308.80","475,330.55","258,338.90","426,790.38"
2019-01-28,"32,100","32,150","30,800","30,900","31,570.00","31,495.00","28,540.00","25,236.67","27,261.25",23,"184,289","456,311.00","482,494.90","253,460.63","424,460.22"
2019-01-29,"31,000","31,300","29,600","29,900","31,350.00","31,335.00","28,875.00","25,375.00","27,300.83",23,"175,625","428,530.20","489,253.60","252,263.03","422,369.77"
2019-01-30,"29,900","30,950","29,850","30,250","31,170.00","31,225.00","29,267.50","25,500.00","27,342.50",0,"139,935","426,329.20","492,864.70","251,458.37","420,919.62"
2019-01-31,"30,950","31,750","30,250","31,400","30,940.00","31,220.00","29,655.00","25,639.17","27,390.00",0,"232,852","228,464.80","490,262.30","252,077.35","414,598.04"
2019-02-01,"31,900","32,750","31,350","32,300","30,950.00","31,275.00","30,100.00","25,782.50","27,431.67",0,"269,830","200,506.20","499,705.20","253,752.40","409,579.79"
2019-02-07,"33,000","33,000","31,650","31,950","31,160.00","31,365.00","30,435.00","25,940.83","27,468.75",0,"137,570","191,162.40","495,732.70","243,157.48","408,003.80"
2019-02-08,"31,950","33,100","31,450","32,000","31,580.00","31,465.00","30,760.00","26,085.00","27,470.00",0,"191,113","194,260.00","488,681.65","243,714.60","385,528.94"
2019-02-11,"32,100","32,150","30,800","30,800","31,690.00","31,430.00","30,970.00","26,214.17","27,464.58",39,"90,916","184,456.20","479,672.75","243,978.02","379,459.97"
2019-02-12,"30,700","31,700","30,650","30,650","31,540.00","31,240.00","31,210.00","26,348.33","27,445.83",40,"97,673","157,420.40","478,817.25","244,187.35","364,409.57"
2019-02-13,"30,950","31,050","30,000","30,550","31,190.00","31,070.00","31,320.00","26,486.67","27,452.50",0,"78,245","119,103.40","431,484.60","244,196.70","357,410.77"
2019-02-14,"30,800","30,850","29,150","29,700","30,740.00","30,950.00","31,222.50","26,601.67","27,415.42",0,"88,466","109,282.60","310,468.90","244,317.50","342,415.13"
2019-02-15,"29,300","30,150","29,150","29,650","30,270.00","30,925.00","31,130.00","26,703.33","27,377.50",70,"47,514","80,562.80","276,968.85","243,347.30","330,615.64"
2019-02-18,"29,950","30,000","29,450","29,600","30,030.00","30,860.00","31,042.50","26,809.17","27,336.67",0,"31,115","68,602.60","250,738.35","242,362.93","327,468.20"
2019-02-19,"29,600","30,650","29,550","30,100","29,920.00","30,730.00","30,975.00","26,905.83","27,304.17",0,"68,297","62,727.40","235,985.85","241,434.48","326,096.04"
2019-02-20,"30,250","30,350","28,800","28,800","29,570.00","30,380.00","30,827.50","26,980.83","27,255.83",2,"102,142","67,506.80","209,106.30","241,836.23","324,240.38"
2019-02-21,"29,000","29,150","27,650","28,150","29,260.00","30,000.00","30,682.50","27,038.33","27,201.25",0,"88,115","67,436.60","206,048.15","240,193.77","318,948.78"
2019-02-22,"27,800","30,100","27,800","29,200","29,170.00","29,720.00","30,592.50","27,121.67","27,155.42",0,"206,030","99,139.80","200,623.20","242,447.62","318,496.19"
2019-02-25,"29,300","29,700","28,300","28,500","28,950.00","29,490.00","30,460.00","27,189.17","27,104.58",0,"73,492","107,615.20","196,750.80","241,063.68","317,239.78"
2019-02-26,"28,800","29,650","28,500","29,550","28,840.00","29,380.00","30,310.00","27,280.00","27,091.25",0,"112,237","116,403.20","141,253.95","241,357.68","315,139.12"
2019-02-27,"29,650","29,900","29,150","29,400","28,960.00","29,265.00","30,167.50","27,365.00","27,090.00",0,"106,823","117,339.40","126,113.95","242,025.98","313,494.21"
2019-02-28,"29,600","29,700","23,000","23,750","28,080.00","28,670.00","29,810.00","27,354.17","27,046.25",0,"239,379","147,592.20","128,868.45","243,756.18","313,577.39"
2019-03-04,"22,000","23,450","21,650","22,450","26,730.00","27,950.00","29,437.50","27,325.83","26,985.42",0,"242,416","154,869.40","132,208.00","245,437.32","310,504.58"
2019-03-05,"22,450","23,050","22,050","22,800","25,590.00","27,270.00","29,065.00","27,307.50","26,930.42",0,"111,462","162,463.40","130,784.35","246,487.98","309,566.30"
2019-03-06,"22,600","23,150","22,250","22,500","24,180.00","26,510.00","28,620.00","27,262.50","26,866.25",0,"62,590","152,534.00","122,271.25","244,784.78","308,698.32"
2019-03-07,"22,150","22,450","21,250","21,350","22,570.00","25,765.00","28,072.50","27,184.17","26,768.75",0,"73,924","145,954.20","112,475.95","238,060.15","287,733.19"
2019-03-08,"20,800","21,550","20,450","21,200","22,060.00","25,070.00","27,535.00","27,110.00","26,668.75",0,"66,100","111,298.40","108,902.45","237,110.92","282,018.65"
2019-03-11,"20,900","21,550","20,800","21,350","21,840.00","24,285.00","27,002.50","27,059.17","26,584.17",0,"36,136","70,042.40","101,153.60","236,463.50","277,307.26"
2019-03-12,"21,500","22,100","21,350","21,700","21,620.00","23,605.00","26,547.50","26,983.33","26,493.33",0,"53,253","58,400.60","99,270.45","234,650.92","275,231.90"
2019-03-13,"21,800","21,800","21,300","21,350","21,390.00","22,785.00","26,082.50","26,916.67","26,365.42",0,"27,960","51,474.60","95,784.80","233,165.85","255,747.23"
2019-03-14,"21,300","21,750","21,300","21,650","21,450.00","22,010.00","25,637.50","26,877.50","26,258.33",70,"17,874","40,264.60","92,766.25","231,287.63","245,327.37"
2019-03-15,"21,900","21,900","19,450","19,850","21,180.00","21,620.00","25,145.00","26,829.17","26,138.75",0,"157,641","58,572.80","96,225.00","232,342.63","243,119.09"
2019-03-18,"20,450","21,750","20,450","21,200","21,150.00","21,495.00","24,722.50","26,794.17","26,028.75",58,"107,616","72,868.80","99,230.10","233,285.18","241,189.30"
2019-03-19,"21,700","23,300","21,250","22,600","21,330.00","21,475.00","24,372.50","26,785.00","25,937.08",59,"216,409","105,500.00","108,494.80","236,216.43","240,500.12"
2019-03-20,"22,100","22,400","21,300","22,100","21,480.00","21,435.00","23,972.50","26,784.17","25,842.08",0,"61,119","112,131.80","108,135.90","236,225.38","238,555.26"
2019-03-21,"22,100","22,100","21,350","21,400","21,430.00","21,440.00","23,602.50","26,778.33","25,752.50",0,"35,783","115,713.60","104,817.95","236,125.33","234,746.27"
2019-03-22,"21,250","21,650","20,750","21,250","21,710.00","21,445.00","23,257.50","26,770.00","25,679.17",0,"29,755","90,136.40","101,899.95","235,914.17","229,289.36"
2019-03-25,"20,650","22,000","20,550","21,400","21,750.00","21,450.00","22,867.50","26,750.00","25,608.75",0,"71,130","82,839.20","95,154.95","232,065.50","226,581.40"
2019-03-26,"21,700","21,750","20,950","21,150","21,460.00","21,395.00","22,500.00","26,707.50","25,530.00",0,"38,969","47,351.20","93,428.80","231,122.50","224,582.98"
2019-03-27,"21,100","21,450","20,750","20,850","21,210.00","21,345.00","22,065.00","26,661.67","25,455.42",0,"30,232","41,173.80","89,328.55","229,616.68","223,821.78"
2019-03-28,"20,750","21,150","20,600","20,600","21,050.00","21,240.00","21,625.00","26,636.67","25,387.92",0,"17,207","37,458.60","84,847.75","228,764.08","222,812.95"
2019-03-29,"20,550","22,350","20,500","22,350","21,270.00","21,490.00","21,555.00","26,635.00","25,337.92",60,"155,702","62,648.00","80,663.90","230,675.75","223,155.04"
2019-04-01,"23,200","23,200","22,100","22,500","21,490.00","21,620.00","21,557.50","26,623.33","25,282.50",0,"63,001","61,022.20","71,693.15","231,051.58","219,275.58"
2019-04-02,"22,400","22,650","22,150","22,350","21,730.00","21,595.00","21,535.00","26,622.50","25,220.00",0,"34,474","60,123.20","67,843.75","230,497.60","217,175.21"
2019-04-03,"22,400","22,850","22,400","22,550","22,070.00","21,640.00","21,537.50","26,604.17","25,166.25",0,"42,859","62,648.60","66,857.20","226,463.58","216,721.14"
2019-04-04,"22,400","22,550","22,000","22,200","22,390.00","21,720.00","21,580.00","26,584.17","25,115.42",0,"29,907","65,188.60","64,656.35","225,612.50","216,296.08"
2019-04-05,"22,350","23,350","22,350","22,800","22,480.00","21,875.00","21,660.00","26,543.33","25,103.33",0,"111,584","56,365.00","66,930.55","223,855.23","215,503.33"
2019-04-08,"23,000","23,300","22,100","22,550","22,490.00","21,990.00","21,720.00","26,494.17","25,091.25",0,"34,640","50,692.80","66,855.75","218,897.00","212,470.86"
2019-04-09,"22,350","22,650","22,100","22,650","22,550.00","22,140.00","21,767.50","26,428.33","25,074.58",0,"25,998","48,997.60","65,493.00","214,812.07","211,754.66"
2019-04-10,"22,650","23,000","22,300","22,550","22,550.00","22,310.00","21,827.50","26,373.33","25,060.00",0,"38,762","48,178.20","66,033.10","213,545.05","211,243.48"
2019-04-11,"22,900","24,300","22,650","23,600","22,830.00","22,610.00","21,925.00","26,294.17","25,052.08",0,"243,079","90,812.60","77,293.35","200,514.73","212,676.65"
2019-04-12,"23,000","23,000","22,450","22,700","22,810.00","22,645.00","22,067.50","26,145.00","25,015.42",0,"90,511","86,598.00","73,936.85","160,210.25","202,173.86"
2019-04-15,"23,100","23,150","22,550","22,550","22,810.00","22,650.00","22,135.00","25,995.83","24,981.67",0,"46,725","89,015.00","70,892.30","149,030.42","200,950.50"
2019-04-16,"22,400","23,400","21,650","22,350","22,750.00","22,650.00","22,122.50","25,845.83","24,947.92",0,"89,451","101,705.60","64,544.40","141,259.18","200,299.88"
2019-04-17,"22,300","22,350","21,800","21,900","22,620.00","22,585.00","22,112.50","25,686.67","24,922.92",0,"35,630","101,079.20","63,269.95","135,797.23","199,689.01"
2019-04-18,"21,600","21,850","21,350","21,450","22,190.00","22,510.00","22,115.00","25,515.00","24,877.92",0,"29,250","58,313.40","62,943.30","125,622.52","183,803.27"
2019-04-19,"21,600","22,000","21,450","21,500","21,950.00","22,380.00","22,127.50","25,355.83","24,857.08",0,"22,572","44,725.60","62,584.15","123,510.75","181,333.20"
2019-04-22,"21,600","21,950","21,500","21,500","21,740.00","22,275.00","22,132.50","25,197.50","24,837.92",0,"17,888","38,958.20","59,922.05","118,566.73","179,394.55"
2019-04-23,"21,350","21,650","21,150","21,550","21,580.00","22,165.00","22,152.50","25,037.50","24,836.67",0,"25,483","26,164.60","59,247.75","116,475.78","178,283.28"
2019-04-24,"21,700","21,700","21,250","21,250","21,450.00","22,035.00","22,172.50","24,849.17","24,858.33",0,"20,460","23,130.60","58,759.15","96,447.22","176,806.21"
2019-04-25,"21,250","21,250","20,650","20,700","21,300.00","21,745.00","22,177.50","24,656.67","24,863.75",0,"25,829","22,446.40","59,190.25","90,050.65","174,194.77"
2019-04-26,"20,450","21,450","20,450","20,750","21,150.00","21,550.00","22,097.50","24,487.50","24,862.08",66,"35,892","25,110.40","53,199.75","87,577.37","170,519.00"
2019-04-29,"20,700","20,750","20,150","20,150","20,880.00","21,310.00","21,980.00","24,325.00","24,850.00",0,"30,642","27,661.20","51,581.80","85,160.98","168,712.01"
2019-04-30,"20,150","20,300","19,850","20,000","20,570.00","21,075.00","21,862.50","24,154.17","24,827.08",0,"22,407","27,046.00","50,978.45","83,202.18","167,330.27"
2019-05-02,"20,350","20,650","20,200","20,200","20,360.00","20,905.00","21,745.00","23,967.50","24,803.33",0,"30,718","29,097.60","50,371.40","79,833.28","165,955.32"
2019-05-03,"20,250","20,600","20,100","20,350","20,290.00","20,795.00","21,652.50","23,768.33","24,775.42",0,"19,283","27,788.40","49,840.20","75,657.50","164,704.95"
2019-05-07,"19,800","23,000","19,700","21,400","20,420.00","20,785.00","21,582.50","23,592.50","24,766.67",0,"257,101","72,030.20","57,116.05","77,649.68","160,403.58"
2019-05-08,"23,200","27,800","23,150","25,500","21,490.00","21,185.00","21,730.00","23,484.17","24,784.58",0,"2,642,836","594,469.00","187,525.85","118,511.73","181,113.17"
2019-05-09,"25,900","26,200","24,250","25,250","22,540.00","21,555.00","21,860.00","23,391.67","24,802.92",0,"774,702","744,928.00","224,961.05","129,908.17","186,943.09"
2019-05-10,"23,600","24,150","22,550","22,550","23,010.00","21,685.00","21,860.00","23,256.67","24,802.50",0,"454,655","829,715.40","245,755.70","135,857.87","190,022.61"
2019-05-13,"22,000","22,950","21,350","21,350","23,210.00","21,750.00","21,747.50","23,103.33","24,795.00",0,"186,033","863,065.40","242,903.40","137,654.33","190,925.52"
2019-05-14,"21,000","22,750","20,950","22,000","23,330.00","21,875.00","21,712.50","22,975.00","24,788.33",0,"201,407","851,926.60","248,448.20","139,536.68","191,927.09"
2019-05-15,"21,800","22,400","21,650","22,200","22,670.00","22,080.00","21,695.00","22,850.83","24,777.08",0,"98,005","342,960.40","251,012.20","140,378.20","191,862.75"
2019-05-16,"23,650","24,450","22,500","22,900","22,200.00","22,370.00","21,722.50","22,739.17","24,774.17",0,"249,520","237,924.00","259,015.65","144,018.28","193,190.61"
2019-05-17,"22,850","27,700","22,800","26,500","22,990.00","23,000.00","21,952.50","22,679.17","24,792.50",0,"2,884,468","723,886.60","401,457.55","190,954.47","216,194.48"
2019-05-20,"26,800","27,300","24,700","24,850","23,690.00","23,450.00","22,122.50","22,613.33","24,797.08",0,"479,410","782,562.00","423,965.55","197,242.27","219,539.25"
2019-05-21,"24,400","25,500","24,050","24,050","24,100.00","23,715.00","22,250.00","22,545.00","24,791.67",0,"189,699","780,220.40","432,321.90","198,935.33","219,564.55"
2019-05-22,"24,100","27,500","24,100","25,250","24,710.00","23,690.00","22,437.50","22,479.17","24,800.42",0,"763,301","913,279.60","469,592.55","208,223.18","225,335.40"
2019-05-23,"25,000","25,150","23,950","24,550","25,040.00","23,620.00","22,587.50","22,413.33","24,801.25",0,"165,131","896,401.80","476,574.95","209,750.50","225,407.09"
2019-05-24,"23,900","24,200","22,950","23,400","24,420.00","23,705.00","22,695.00","22,310.83","24,795.42",0,"162,990","352,106.20","483,701.45","210,596.38","225,977.03"
2019-05-27,"23,400","24,450","23,150","23,800","24,210.00","23,950.00","22,850.00","22,217.50","24,791.25",0,"190,526","294,329.40","491,936.30","211,991.43","227,008.71"
2019-05-28,"23,800","25,250","23,800","24,400","24,280.00","24,190.00","23,032.50","22,228.33","24,791.25",0,"204,827","297,355.00","500,383.05","211,415.57","227,585.88"
2019-05-29,"24,300","24,350","23,400","24,050","24,040.00","24,375.00","23,227.50","22,255.00","24,790.42",0,"106,576","166,010.00","504,179.75","209,151.57","227,294.44"
2019-05-30,"23,900","24,700","23,350","24,500","24,030.00","24,535.00","23,452.50","22,283.33","24,795.42",0,"133,791","159,742.00","509,748.95","209,523.72","228,005.85"
2019-05-31,"24,450","26,700","24,000","25,750","24,500.00","24,460.00","23,730.00","22,337.50","24,800.00",0,"526,666","232,477.20","534,546.35","217,258.32","231,021.55"
2019-06-03,"25,300","26,350","24,900","25,750","24,890.00","24,550.00","24,000.00","22,410.83","24,797.50",0,"225,336","239,439.20","544,849.00","219,781.85","228,921.00"
2019-06-04,"26,000","26,250","25,250","25,950","25,200.00","24,740.00","24,227.50","22,490.00","24,800.00",0,"200,571","238,588.00","542,022.50","222,023.03","229,566.98"
2019-06-05,"26,150","26,800","25,750","26,650","25,720.00","24,880.00","24,285.00","22,578.33","24,818.75",0,"237,107","264,694.20","421,736.05","225,372.55","230,918.02"
2019-06-07,"26,650","26,850","26,100","26,350","26,090.00","25,060.00","24,340.00","22,655.83","24,819.58",0,"209,923","279,920.60","393,497.10","227,983.72","231,317.32"
2019-06-10,"27,050","27,200","26,300","26,450","26,230.00","25,365.00","24,535.00","22,740.83","24,828.75",0,"293,635","233,314.40","385,446.10","232,411.63","232,788.74"
2019-06-11,"26,650","26,950","25,900","26,800","26,440.00","25,665.00","24,807.50","22,826.67","24,852.08",0,"215,028","231,252.80","386,895.85","235,697.53","233,492.58"
2019-06-12,"27,600","27,800","26,100","26,200","26,490.00","25,845.00","25,017.50","22,932.50","24,880.83",39,"354,391","262,016.80","394,545.05","238,976.70","235,659.67"
2019-06-13,"25,900","26,550","25,550","26,450","26,450.00","26,085.00","25,230.00","23,020.00","24,907.08",0,"113,839","237,363.20","395,336.75","239,080.42","236,182.80"
2019-06-14,"26,400","27,050","26,100","27,000","26,580.00","26,335.00","25,435.00","23,093.33","24,939.17",0,"199,123","235,203.20","392,816.90","238,792.32","237,504.38"
2019-06-17,"26,800","26,950","26,200","26,300","26,550.00","26,390.00","25,425.00","23,163.33","24,973.75",0,"86,249","193,726.00","252,905.95","239,211.15","237,718.27"
2019-06-18,"26,300","26,750","25,250","25,550","26,300.00","26,370.00","25,460.00","23,232.50","25,005.42",0,"112,184","173,157.20","234,544.65","240,484.50","238,304.92"
2019-06-19,"25,800","27,750","25,800","26,800","26,420.00","26,455.00","25,597.50","23,325.00","25,047.50",0,"436,587","189,596.40","246,889.05","247,265.03","241,589.60"
2019-06-20,"27,600","28,200","26,800","26,800","26,490.00","26,470.00","25,675.00","23,415.00","25,082.50",0,"307,481","228,324.80","224,098.05","251,204.22","241,634.86"
2019-06-21,"26,500","26,700","25,750","25,750","26,240.00","26,410.00","25,735.00","23,491.67","25,099.58",0,"99,180","208,336.20","220,800.50","252,207.73","241,665.12"
2019-06-24,"26,800","26,950","26,100","26,400","26,260.00","26,405.00","25,885.00","23,584.17","25,122.92",0,"142,088","219,504.00","219,755.40","254,072.00","241,844.34"
2019-06-25,"26,300","26,600","24,950","25,150","26,180.00","26,240.00","25,952.50","23,660.00","25,148.33",0,"106,668","218,400.80","215,562.50","255,563.02","242,163.55"
2019-06-26,"25,100","25,100","24,050","24,500","25,720.00","26,070.00","25,957.50","23,695.83","25,165.42",23,"113,066","153,696.60","210,974.45","254,852.42","242,764.08"
2019-06-27,"24,500","24,850","23,500","23,600","25,080.00","25,785.00","25,935.00","23,714.17","25,168.75",0,"105,810","113,362.40","210,936.15","255,565.90","243,308.74"
2019-06-28,"23,600","23,600","22,450","23,400","24,610.00","25,425.00","25,880.00","23,731.67","25,177.08",0,"118,331","117,192.60","210,163.15","256,963.52","243,730.56"
2019-07-01,"25,000","25,050","23,950","24,100","24,150.00","25,205.00","25,797.50","23,757.50","25,180.83",0,"128,854","114,545.80","190,272.55","258,396.77","242,430.17"
2019-07-02,"24,100","24,500","23,450","24,150","23,950.00","25,065.00","25,717.50","23,790.00","25,187.08",0,"70,870","107,386.20","182,549.25","259,079.48","242,345.99"
2019-07-03,"24,300","24,300","23,250","23,250","23,700.00","24,710.00","25,582.50","23,797.50","25,170.42",0,"54,572","95,687.40","175,249.30","258,129.28","240,992.26"
2019-07-04,"23,150","23,500","22,950","23,250","23,630.00","24,355.00","25,412.50","23,809.17","25,151.67",0,"51,276","84,780.60","165,957.75","258,406.55","238,651.77"
2019-07-05,"23,400","23,650","23,250","23,450","23,640.00","24,125.00","25,267.50","23,822.50","25,125.42",0,"30,391","67,192.60","156,981.15","258,479.77","236,645.92"
2019-07-08,"23,100","23,250","21,600","21,700","23,160.00","23,655.00","25,030.00","23,808.33","25,090.83",2,"99,413","61,304.40","147,270.05","259,490.62","236,517.83"
2019-07-09,"21,500","21,900","20,700","20,850","22,500.00","23,225.00","24,732.50","23,762.50","25,028.33",0,"75,613","62,253.00","140,299.30","256,699.52","228,607.13"
2019-07-10,"20,600","21,400","20,600","21,250","22,100.00","22,900.00","24,485.00","23,738.33","24,941.67",0,"42,758","59,890.20","124,717.65","255,903.63","208,056.94"
2019-07-11,"21,500","22,500","21,300","22,500","21,950.00","22,790.00","24,287.50","23,737.50","24,866.67",0,"53,530","60,341.00","121,702.20","256,017.05","202,523.73"
2019-07-12,"22,200","22,350","21,750","22,150","21,690.00","22,665.00","24,045.00","23,734.17","24,790.00",0,"35,752","61,413.20","113,533.65","255,122.07","198,190.63"
2019-07-15,"22,000","22,350","21,750","22,000","21,750.00","22,455.00","23,830.00","23,735.83","24,711.25",70,"24,967","46,524.00","110,469.55","254,944.35","195,370.79"
2019-07-16,"22,100","22,100","21,550","21,950","21,970.00","22,235.00","23,650.00","23,744.17","24,629.58",0,"19,526","35,306.60","105,836.65","254,782.28","190,202.40"
2019-07-17,"21,550","21,650","20,950","21,150","21,950.00","22,025.00","23,367.50","23,738.33","24,547.08",0,"35,983","33,951.60","85,806.45","255,005.80","189,258.27"
2019-07-18,"20,850","21,700","20,800","21,100","21,670.00","21,810.00","23,082.50","23,731.67","24,464.58",66,"28,926","29,030.80","71,878.70","255,189.77","186,878.25"
2019-07-19,"21,100","21,700","21,100","21,550","21,550.00","21,620.00","22,872.50","23,731.67","24,384.58",0,"23,429","26,566.20","68,091.15","255,155.53","185,815.66"
2019-07-22,"21,550","21,550","21,100","21,450","21,440.00","21,595.00","22,625.00","23,735.00","24,292.08",70,"14,156","24,404.00","61,694.55","255,050.47","175,748.84"
2019-07-23,"21,850","22,050","21,100","21,100","21,270.00","21,620.00","22,422.50","23,741.67","24,199.17",70,"26,728","25,844.40","57,697.55","255,065.45","172,558.05"
2019-07-24,"20,850","21,200","20,000","20,300","21,100.00","21,525.00","22,212.50","23,734.17","24,110.83",0,"45,054","27,658.60","54,296.95","255,218.15","171,397.76"
2019-07-25,"19,550","20,050","19,500","19,600","20,800.00","21,235.00","22,012.50","23,725.00","24,025.00",0,"60,849","34,043.20","52,048.90","255,721.60","170,441.29"
2019-07-26,"19,200","19,550","18,550","18,900","20,270.00","20,910.00","21,787.50","23,706.67","23,930.42",0,"66,577","42,672.80","49,461.20","256,457.77","169,829.98"
2019-07-29,"18,550","18,750","17,650","17,650","19,510.00","20,475.00","21,465.00","23,664.17","23,815.83",0,"57,991","51,439.80","45,918.05","256,912.32","168,372.80"
2019-07-30,"17,400","19,100","17,400","18,150","18,920.00","20,095.00","21,165.00","23,627.50","23,697.92",0,"103,131","66,720.40","47,531.10","258,309.78","166,983.64"
2019-07-31,"17,950","18,900","17,850","18,650","18,590.00","19,845.00","20,935.00","23,581.67","23,587.08",0,"42,688","66,247.20","46,936.90","254,736.23","166,192.96"
2019-08-01,"18,300","18,950","18,050","18,400","18,350.00","19,575.00","20,692.50","23,463.33","23,473.75",0,"21,933","58,464.00","45,469.75","211,054.52","164,783.13"
2019-08-02,"18,000","18,600","17,800","18,350","18,240.00","19,255.00","20,437.50","23,348.33","23,370.00",0,"24,020","49,952.60","45,151.20","198,543.15","164,225.66"
2019-08-05,"18,100","18,250","16,400","16,400","17,990.00","18,750.00","20,172.50","23,245.83","23,251.25",2,"61,945","50,743.40","43,277.80","191,997.98","163,927.92"
2019-08-06,"15,300","17,450","15,000","15,650","17,490.00","18,205.00","19,912.50","23,150.83","23,127.08",0,"89,649","48,047.00","43,979.60","190,391.58","164,022.96"
2019-08-07,"15,700","16,650","15,700","16,150","16,990.00","17,790.00","19,657.50","23,053.33","23,014.17",0,"74,369","54,383.20","45,560.15","188,274.28","163,905.48"
2019-08-08,"16,600","17,650","16,500","17,450","16,800.00","17,575.00","19,405.00","22,974.17","22,912.50",0,"46,670","59,330.60","45,217.15","187,418.70","163,898.45"
2019-08-09,"17,700","18,200","17,500","17,800","16,690.00","17,465.00","19,187.50","22,889.17","22,814.17",0,"34,776","61,481.80","45,168.35","183,839.63","163,928.96"
2019-08-12,"18,100","18,950","17,850","18,350","17,080.00","17,535.00","19,005.00","22,753.33","22,716.25",0,"53,566","59,806.00","46,598.30","136,657.93","163,806.20"
2019-08-13,"18,100","18,700","17,950","18,500","17,650.00","17,570.00","18,832.50","22,647.50","22,630.42",0,"30,602","47,996.60","47,152.10","129,177.80","163,210.03"
2019-08-14,"18,700","19,000","18,350","18,750","18,170.00","17,580.00","18,712.50","22,559.17","22,552.08",0,"34,178","39,958.40","47,061.85","126,585.78","162,760.56"
2019-08-16,"18,250","18,500","17,900","17,900","18,260.00","17,530.00","18,552.50","22,436.67","22,457.92",0,"33,258","37,276.00","47,278.45","114,418.40","161,320.79"
2019-08-19,"18,300","18,900","18,150","18,900","18,480.00","17,585.00","18,420.00","22,342.50","22,377.92",0,"40,835","38,487.80","48,148.75","112,346.80","161,048.65"
2019-08-20,"19,000","19,300","18,550","18,900","18,590.00","17,835.00","18,292.50","22,267.50","22,289.17",0,"24,055","32,585.60","48,643.70","110,031.22","160,313.80"
2019-08-21,"18,450","18,950","18,450","18,900","18,670.00","18,160.00","18,182.50","22,185.83","22,201.67",0,"24,371","31,339.40","48,525.85","107,261.97","159,626.70"
2019-08-22,"18,900","18,900","18,350","18,500","18,620.00","18,395.00","18,092.50","22,087.50","22,157.92",0,"26,754","29,854.60","47,610.85","104,294.08","157,854.83"
2019-08-23,"18,550","18,700","17,900","17,950","18,630.00","18,445.00","18,010.00","21,985.83","22,120.42",0,"27,117","28,626.40","45,924.25","102,969.77","156,060.67"
2019-08-26,"17,350","17,600","16,900","17,050","18,260.00","18,370.00","17,917.50","21,861.67","22,072.50",0,"34,483","27,356.00","44,319.55","101,314.63","155,419.17"
2019-08-27,"17,450","17,800","17,050","17,300","17,940.00","18,265.00","17,900.00","21,720.83","22,029.17",0,"25,810","27,707.00","42,710.50","92,967.03","155,112.67"
2019-08-28,"17,300","17,850","17,250","17,700","17,700.00","18,185.00","17,877.50","21,586.67","21,998.75",0,"18,632","26,559.20","38,485.55","89,521.97","154,651.91"
2019-08-29,"18,150","18,150","17,550","17,900","17,580.00","18,100.00","17,840.00","21,452.50","21,971.25",0,"14,030","24,014.40","37,052.65","86,412.95","154,217.99"
2019-08-30,"17,900","18,500","17,900","18,450","17,680.00","18,155.00","17,842.50","21,315.83","21,947.08",0,"23,177","23,226.40","37,114.85","82,847.45","154,110.00"
2019-09-02,"18,200","18,300","17,900","18,000","17,870.00","18,065.00","17,825.00","21,176.67","21,916.25",0,"17,817","19,893.20","36,804.70","79,645.68","153,814.70"
2019-09-03,"17,900","18,500","17,900","18,350","18,080.00","18,010.00","17,922.50","21,041.67","21,891.25",0,"14,215","17,574.20","34,418.20","74,988.68","153,700.16"
2019-09-04,"18,150","18,450","18,000","18,350","18,210.00","17,955.00","18,057.50","20,900.83","21,863.75",0,"18,208","17,489.40","30,846.15","71,708.35","153,702.94"
2019-09-05,"18,500","18,550","18,250","18,450","18,320.00","17,950.00","18,172.50","20,771.67","21,852.08",0,"21,428","18,969.00","28,199.10","66,158.97","152,567.83"
2019-09-06,"18,650","18,950","18,350","18,850","18,400.00","18,040.00","18,242.50","20,645.00","21,832.50",0,"59,369","26,207.40","28,834.05","65,251.13","152,165.77"
2019-09-09,"18,950","18,950","18,000","18,050","18,410.00","18,140.00","18,255.00","20,495.83","21,794.58",39,"70,925","36,829.00","30,641.50","63,114.50","150,953.41"
2019-09-10,"18,800","20,600","18,400","19,800","18,700.00","18,390.00","18,327.50","20,387.50","21,775.42",0,"255,990","85,184.00","40,762.70","65,943.52","152,577.33"
2019-09-11,"20,400","21,200","19,650","20,350","19,100.00","18,655.00","18,420.00","20,300.83","21,766.67",0,"159,916","113,525.60","47,228.40","66,739.05","153,611.77"
2019-09-16,"21,200","23,000","20,350","21,600","19,730.00","19,025.00","18,562.50","20,214.17","21,769.58",0,"568,728","222,985.60","73,955.90","68,941.40","158,103.22"
2019-09-17,"21,050","21,750","20,900","21,300","20,220.00","19,310.00","18,732.50","20,122.50","21,768.75",0,"110,756","233,263.00","77,830.80","65,662.65","158,433.43"
2019-09-18,"21,300","22,000","20,800","21,650","20,940.00","19,675.00","18,870.00","20,054.17","21,772.92",0,"100,956","239,269.20","80,836.85","65,692.25","158,949.99"
2019-09-19,"22,000","22,000","21,250","21,750","21,330.00","20,015.00","19,012.50","19,976.67","21,780.42",30,"68,645","201,800.20","83,066.35","64,468.20","159,270.10"
2019-09-20,"22,150","22,150","21,600","22,000","21,660.00","20,380.00","19,167.50","19,924.17","21,792.08",0,"66,407","183,098.40","85,168.15","63,797.18","159,680.10"
2019-09-23,"22,700","22,850","22,050","22,100","21,760.00","20,745.00","19,347.50","19,884.17","21,790.00",0,"85,440","86,440.80","88,102.45","63,336.75","159,094.58"
2019-09-24,"21,800","22,150","21,400","21,850","21,870.00","21,045.00","19,542.50","19,855.00","21,784.58",0,"66,933","77,676.20","90,093.25","62,688.80","159,127.35"
2019-09-25,"21,850","21,850","20,200","20,500","21,640.00","21,290.00","19,715.00","19,806.67","21,769.17",0,"92,134","75,911.80","92,975.80","62,252.18","159,607.85"
2019-09-26,"20,800","21,100","19,700","20,550","21,400.00","21,365.00","19,877.50","19,747.50","21,752.50",0,"59,208","74,024.40","94,645.70","61,091.42","159,744.09"
2019-09-27,"20,550","20,750","20,100","20,450","21,090.00","21,375.00","20,015.00","19,685.83","21,737.92",0,"22,783","65,299.60","94,853.25","60,289.97","159,684.73"
2019-09-30,"20,200","20,350","19,650","20,050","20,680.00","21,220.00","20,122.50","19,632.50","21,715.00",0,"25,048","53,221.20","95,404.15","59,797.90","158,963.59"
2019-10-01,"19,850","20,250","19,550","20,000","20,310.00","21,090.00","20,200.00","19,578.33","21,693.75",0,"19,032","43,641.00","95,196.90","59,260.50","158,833.52"
2019-10-02,"21,300","21,300","20,450","20,550","20,320.00","20,980.00","20,327.50","19,530.00","21,676.25",0,"53,852","35,984.60","96,998.65","59,651.52","159,065.64"
2019-10-04,"20,800","20,800","19,950","20,150","20,240.00","20,820.00","20,417.50","19,504.17","21,656.25",0,"24,800","29,103.00","97,527.90","58,407.97","158,949.29"
2019-10-07,"17,550","18,150","17,350","17,800","19,710.00","20,400.00","20,390.00","19,453.33","21,607.92",0,"146,859","53,918.20","103,960.45","59,595.40","158,147.46"
2019-10-08,"17,500","17,950","17,500","17,850","19,270.00","19,975.00","20,360.00","19,396.67","21,567.50",0,"51,468","59,202.20","105,462.45","59,740.57","157,822.10"
2019-10-10,"17,700","17,950","17,600","17,900","18,850.00","19,580.00","20,312.50","19,320.00","21,528.75",0,"30,312","61,458.20","104,009.60","59,353.60","157,685.33"
2019-10-11,"17,950","18,050","17,850","17,900","18,320.00","19,320.00","20,305.00","19,249.17","21,491.67",0,"23,304","55,348.60","101,628.55","59,146.13","157,134.10"
2019-10-14,"18,250","18,800","18,000","18,450","17,980.00","19,110.00","20,237.50","19,190.00","21,462.92",0,"39,739","58,336.40","90,816.00","59,392.33","157,168.34"
2019-10-15,"18,300","18,500","18,200","18,300","18,080.00","18,895.00","20,135.00","19,129.17","21,436.67",0,"12,810","31,526.60","83,460.70","59,280.40","157,031.34"
2019-10-16,"18,400","18,550","18,200","18,400","18,190.00","18,730.00","19,975.00","19,083.33","21,410.83",70,"13,796","23,992.20","55,714.10","58,910.62","156,958.21"
2019-10-17,"18,500","18,500","17,850","18,000","18,210.00","18,530.00","19,810.00","19,031.67","21,381.67",0,"20,520","22,033.80","51,202.30","58,770.52","156,980.14"
2019-10-18,"18,050","18,400","17,950","18,000","18,230.00","18,275.00","19,627.50","18,972.50","21,352.08",0,"24,783","22,329.60","47,393.65","58,793.08","156,974.31"
2019-10-21,"17,900","17,950","17,400","17,550","18,050.00","18,015.00","19,417.50","18,907.50","21,321.25",0,"27,571","19,896.00","45,339.95","59,016.67","157,033.57"
2019-10-22,"17,700","18,100","17,600","17,950","17,980.00","18,030.00","19,215.00","18,855.00","21,298.33",8,"22,774","21,888.80","43,158.30","58,950.77","157,008.11"
2019-10-23,"17,600","17,600","17,100","17,100","17,720.00","17,955.00","18,965.00","18,801.67","21,267.92",2,"44,024","27,934.40","41,087.50","58,933.60","157,075.88"
2019-10-24,"17,400","17,600","17,000","17,500","17,620.00","17,915.00","18,747.50","18,766.67","21,245.83",58,"22,130","28,256.40","38,847.35","58,288.28","157,004.94"
2019-10-25,"17,600","17,650","17,150","17,150","17,450.00","17,840.00","18,580.00","18,737.50","21,222.08",0,"14,295","26,158.80","34,955.40","57,416.92","156,937.34"
2019-10-28,"16,950","17,350","16,850","17,150","17,370.00","17,710.00","18,410.00","18,729.17","21,196.67",0,"15,600","23,764.60","32,775.00","56,710.40","156,811.36"
2019-10-29,"17,100","17,350","17,100","17,350","17,250.00","17,615.00","18,255.00","18,715.83","21,171.67",0,"8,910","20,991.80","32,081.35","55,140.05","156,724.92"
2019-10-30,"17,050","17,200","16,900","16,950","17,220.00","17,470.00","18,100.00","18,687.50","21,134.58",0,"14,219","15,030.80","31,539.90","54,665.57","154,700.90"
2019-10-31,"16,950","17,150","16,900","16,950","17,110.00","17,365.00","17,947.50","18,663.33","21,063.33",70,"10,142","12,633.20","31,095.40","54,469.05","132,761.78"
2019-11-01,"16,850","17,050","16,800","17,000","17,080.00","17,265.00","17,770.00","18,640.83","20,994.58",0,"15,602","12,894.60","29,182.90","54,328.75","126,435.95"
2019-11-04,"17,050","17,300","17,000","17,300","17,110.00","17,240.00","17,627.50","18,655.83","20,950.83",0,"18,454","13,465.40","28,865.60","53,603.90","122,800.94"
2019-11-05,"17,800","18,150","17,400","17,450","17,130.00","17,190.00","17,610.00","18,685.83","20,918.33",0,"20,571","15,797.60","22,551.20","52,452.60","121,422.09"
2019-11-06,"17,500","18,000","17,500","17,800","17,300.00","17,260.00","17,607.50","18,713.33","20,883.33",0,"26,471","18,248.00","21,301.35","51,654.30","119,964.29"
2019-11-07,"17,800","18,000","17,400","17,500","17,410.00","17,260.00","17,587.50","18,714.17","20,844.17",30,"26,064","21,432.40","21,088.95","51,310.87","119,364.78"
2019-11-08,"17,600","17,700","17,250","17,650","17,540.00","17,310.00","17,575.00","18,711.67","20,800.42",0,"10,524","20,416.80","20,449.95","50,906.67","117,373.15"
2019-11-11,"17,700","17,700","17,150","17,350","17,550.00","17,330.00","17,520.00","18,695.00","20,724.17",30,"9,403","18,606.60","18,933.15","50,170.62","93,414.27"
2019-11-12,"17,400","17,400","17,100","17,300","17,520.00","17,325.00","17,470.00","18,675.00","20,661.25",0,"5,517","15,595.80","18,568.50","49,752.53","89,465.17"
2019-11-13,"17,300","17,500","17,050","17,250","17,410.00","17,355.00","17,412.50","18,650.00","20,604.58",0,"10,121","12,325.80","18,384.75","49,351.58","87,968.68"
2019-11-14,"17,300","17,550","17,200","17,550","17,420.00","17,415.00","17,390.00","18,644.17","20,540.42",0,"11,051","9,323.20","17,911.30","48,981.47","81,699.93"
2019-11-15,"17,550","17,700","17,300","17,500","17,390.00","17,465.00","17,365.00","18,620.83","20,481.67",0,"17,273","10,673.00","17,535.80","48,588.77","80,467.78"
2019-11-18,"17,900","18,350","17,650","18,150","17,550.00","17,550.00","17,395.00","18,608.33","20,437.92",0,"63,339","21,460.20","19,324.20","49,243.50","79,637.36"
2019-11-19,"18,150","18,150","17,600","17,650","17,620.00","17,570.00","17,380.00","18,587.50","20,386.67",34,"14,599","23,276.60","18,915.45","49,080.63","78,171.30"
2019-11-20,"17,650","17,650","16,900","17,100","17,590.00","17,500.00","17,380.00","18,564.17","20,325.83",0,"18,039","24,860.20","17,616.20","48,935.38","76,614.73"
2019-11-21,"17,050","17,100","16,300","16,850","17,450.00","17,435.00","17,347.50","18,545.83","20,265.83",71,"24,712","27,592.40","17,745.30","48,895.30","75,932.53"
2019-11-22,"16,650","16,950","16,250","16,500","17,250.00","17,320.00","17,315.00","18,536.67","20,199.17",0,"17,739","27,685.60","17,917.50","48,616.23","74,965.43"
2019-11-25,"16,450","16,700","16,300","16,600","16,940.00","17,245.00","17,287.50","18,525.00","20,122.92",0,"13,041","17,626.00","17,789.55","48,403.42","70,685.23"
2019-11-26,"16,650","16,750","16,550","16,700","16,750.00","17,185.00","17,255.00","18,508.33","20,047.50",0,"9,843","16,674.80","17,836.20","48,256.93","68,889.45"
2019-11-27,"16,650","16,750","16,400","16,450","16,620.00","17,105.00","17,230.00","18,484.17","19,968.33",0,"12,304","15,527.80","17,740.45","48,228.17","67,320.56"
2019-11-28,"16,400","16,500","16,150","16,350","16,520.00","16,985.00","17,200.00","18,449.17","19,882.50",0,"6,810","11,947.40","17,573.85","47,955.38","65,401.42"
2019-11-29,"16,350","16,450","16,100","16,200","16,460.00","16,855.00","17,160.00","18,419.17","19,797.92",0,"11,405","10,680.60","17,364.00","47,848.52","63,747.10"
2019-12-02,"16,000","16,250","15,350","15,700","16,280.00","16,610.00","17,080.00","18,375.00","19,708.33",0,"29,886","14,049.60","17,935.60","48,109.70","61,549.19"
2019-12-03,"15,350","16,250","15,000","15,800","16,100.00","16,425.00","16,997.50","18,332.50","19,616.67",0,"51,010","22,283.00","19,457.55","48,656.40","60,182.38"
2019-12-04,"15,400","15,450","15,050","15,100","15,830.00","16,225.00","16,862.50","18,276.67","19,524.17",0,"33,008","26,423.80","19,784.40","48,849.40","57,504.18"
2019-12-05,"15,100","15,200","14,500","14,750","15,510.00","16,015.00","16,725.00","18,208.33","19,426.67",0,"27,533","30,568.40","19,857.85","48,318.80","56,784.97"
2019-12-06,"14,650","15,100","14,650","15,100","15,290.00","15,875.00","16,597.50","18,159.17","19,327.50",0,"13,231","30,933.60","19,993.20","47,357.23","55,235.87"
2019-12-09,"15,100","15,100","14,600","15,000","15,150.00","15,715.00","16,480.00","18,079.17","19,233.33",0,"12,770","27,510.40","20,161.55","43,303.57","54,623.54"
2019-12-10,"14,800","15,100","14,800","14,850","14,960.00","15,530.00","16,357.50","17,987.50","19,144.17",0,"10,818","19,472.00","20,426.60","40,818.60","53,778.82"
2019-12-11,"14,800","15,200","14,800","15,200","14,980.00","15,405.00","16,255.00","17,880.83","19,047.50",70,"7,196","14,309.60","20,280.35","31,459.73","50,200.57"
2019-12-12,"15,400","15,900","15,250","15,700","15,170.00","15,340.00","16,162.50","17,787.50","18,955.00",0,"19,637","12,730.40","20,709.65","29,941.08","47,801.87"
2019-12-13,"15,800","15,800","15,550","15,700","15,290.00","15,290.00","16,072.50","17,688.33","18,871.25",0,"14,953","13,074.80","20,593.65","28,507.70","47,099.97"
2019-12-16,"15,600","16,000","15,500","15,700","15,430.00","15,290.00","15,950.00","17,587.50","18,782.08",0,"17,290","13,978.80","18,291.20","27,651.78","46,059.99"
2019-12-17,"15,800","15,800","15,050","15,150","15,490.00","15,225.00","15,825.00","17,473.33","18,698.75",0,"29,694","17,754.00","19,045.95","27,039.90","45,418.54"
2019-12-18,"15,000","15,550","15,000","15,550","15,560.00","15,270.00","15,747.50","17,364.17","18,624.17",0,"25,077","21,330.20","19,397.85","26,033.85","44,685.30"
2019-12-19,"15,600","15,600","15,350","15,350","15,490.00","15,330.00","15,672.50","17,255.83","18,555.42",0,"9,782","19,359.20","18,651.35","25,081.33","43,885.07"
2019-12-20,"15,350","15,600","15,350","15,450","15,440.00","15,365.00","15,620.00","17,171.67","18,489.17",70,"8,471","18,062.80","18,187.95","23,686.95","42,969.57"
2019-12-23,"15,450","15,650","14,950","14,950","15,290.00","15,360.00","15,537.50","17,078.33","18,412.92",0,"22,726","19,150.00","18,672.20","23,078.92","42,085.17"
2019-12-24,"15,000","15,200","14,700","14,700","15,200.00","15,345.00","15,437.50","16,982.50","18,334.17",0,"14,679","16,147.00","18,914.00","22,943.85","41,616.91"
2019-12-26,"14,650","15,000","14,600","14,900","15,070.00","15,315.00","15,360.00","16,896.67","18,264.58",0,"15,490","14,229.60","19,073.30","22,784.55","41,291.22"
2019-12-27,"14,950","15,150","14,800","15,150","15,030.00","15,260.00","15,300.00","16,815.83","18,197.08",0,"12,723","14,817.80","19,368.95","22,679.40","40,969.95"
2019-12-30,"15,000","15,300","15,000","15,300","15,000.00","15,220.00","15,255.00","16,728.33","18,129.17",0,"14,103","15,944.20","19,503.85","22,016.92","40,834.22"
2020-01-02,"15,300","15,400","15,200","15,400","15,090.00","15,190.00","15,240.00","16,649.17","18,076.67",67,"12,517","13,902.40","18,635.40","21,812.20","40,110.08"
2020-01-03,"15,500","15,600","15,350","15,450","15,240.00","15,220.00","15,222.50","16,610.00","18,031.67",0,"12,465","13,459.60","16,708.15","19,572.30","39,583.85"
2020-01-06,"15,350","15,350","14,700","14,750","15,210.00","15,140.00","15,205.00","16,558.33","17,977.50",2,"24,874","15,336.40","16,301.45","19,129.07","39,434.82"
2020-01-07,"14,750","15,100","14,750","14,900","15,160.00","15,095.00","15,212.50","16,508.33","17,914.17",0,"10,872","14,966.20","15,468.40","18,805.07","39,079.33"
2020-01-08,"14,900","14,900","13,800","13,900","14,880.00","14,940.00","15,152.50","16,441.67","17,845.42",2,"44,850","21,115.60","17,049.35","19,164.17","39,155.15"
2020-01-09,"14,350","14,850","14,200","14,600","14,720.00","14,905.00","15,132.50","16,377.50","17,783.75",58,"25,956","23,803.40","17,708.65","18,934.45","39,163.39"
2020-01-10,"14,450","15,250","14,450","15,050","14,640.00","14,940.00","15,142.50","16,323.33","17,726.25",59,"20,383","25,387.00","18,186.90","19,060.67","39,170.53"
2020-01-13,"14,750","15,900","14,750","15,900","14,870.00","15,040.00","15,177.50","16,281.67","17,682.50",67,"54,827","31,377.60","20,568.45","19,744.52","39,327.57"
2020-01-14,"15,950","16,000","15,350","15,500","14,990.00","15,075.00","15,167.50","16,240.00","17,635.83",0,"23,157","33,834.60","20,744.45","19,788.47","39,279.49"
2020-01-15,"15,400","15,900","15,400","15,900","15,390.00","15,135.00","15,177.50","16,205.00","17,588.75",0,"22,875","29,439.60","21,140.55","19,756.67","39,274.88"
2020-01-16,"16,050","16,100","15,750","15,950","15,660.00","15,190.00","15,190.00","16,178.33","17,542.92",0,"26,956","29,639.60","21,623.85","19,746.42","39,381.54"
2020-01-17,"15,750","16,150","15,750","15,950","15,840.00","15,240.00","15,230.00","16,145.00","17,500.00",0,"23,318","30,226.60","21,305.05","19,755.48","39,353.13"
2020-01-20,"16,200","16,850","15,900","16,350","15,930.00","15,400.00","15,270.00","16,132.50","17,467.08",0,"56,443","30,549.80","22,873.35","19,962.47","39,448.03"
2020-01-21,"16,650","18,300","15,950","15,950","16,020.00","15,505.00","15,300.00","16,106.67","17,436.67",29,"145,833","55,085.00","29,675.90","22,024.18","40,156.23"
2020-01-22,"16,000","16,150","15,450","15,750","15,990.00","15,690.00","15,315.00","16,083.33","17,410.42",0,"39,031","58,316.20","31,203.90","22,436.45","39,926.68"
2020-01-23,"15,800","15,800","15,450","15,500","15,900.00","15,780.00","15,342.50","16,055.83","17,392.50",42,"14,698","55,864.60","30,802.50","22,421.42","39,565.91"
2020-01-28,"14,950","15,500","14,800","15,250","15,760.00","15,800.00","15,370.00","16,020.83","17,368.33",0,"28,464","56,893.80","31,491.75","22,747.32","38,943.68"
2020-01-29,"15,100","15,400","15,000","15,300","15,550.00","15,740.00","15,390.00","15,993.33","17,340.42",0,"12,441","48,093.40","31,339.30","22,717.68","38,691.63"
2020-01-30,"15,150","15,400","14,500","14,600","15,280.00","15,650.00","15,362.50","15,954.17","17,308.75",0,"23,025","23,531.80","31,854.40","22,932.40","38,700.72"
2020-01-31,"14,450","14,750","14,000","14,000","14,930.00","15,460.00","15,297.50","15,904.17","17,272.50",0,"23,917","20,509.00","32,345.10","23,070.98","38,699.87"
2020-02-03,"13,500","14,200","13,100","14,000","14,630.00","15,265.00","15,227.50","15,849.17","17,252.50",0,"28,989","23,367.20","33,168.70","23,246.57","38,425.23"
2020-02-04,"14,200","14,900","14,000","14,550","14,490.00","15,125.00","15,182.50","15,800.83","17,243.33",0,"19,800","21,634.40","33,535.45","23,233.72","37,843.16"
2020-02-05,"14,600","15,000","14,300","14,700","14,370.00","14,960.00","15,180.00","15,749.17","17,231.25",0,"17,540","22,654.20","33,168.75","23,084.87","37,369.58"
2020-02-06,"14,600","15,150","14,600","15,050","14,460.00","14,870.00","15,187.50","15,708.33","17,211.25",0,"9,963","20,041.80","33,123.30","22,816.52","37,063.69"
2020-02-07,"15,300","15,300","14,900","15,200","14,700.00","14,815.00","15,252.50","15,667.50","17,189.58",0,"7,719","16,802.20","31,266.75","22,769.77","36,838.22"
2020-02-10,"15,500","15,500","15,000","15,250","14,950.00","14,790.00","15,285.00","15,632.50","17,163.75",0,"14,443","13,893.00","30,691.10","22,853.77","36,512.19"
2020-02-11,"15,100","15,300","14,800","14,900","15,020.00","14,755.00","15,277.50","15,592.50","17,133.75",0,"17,652","13,463.40","30,554.55","23,056.02","36,404.28"
2020-02-12,"14,850","14,950","14,600","14,900","15,060.00","14,715.00","15,227.50","15,553.33","17,101.67",0,"16,432","13,241.80","28,634.80","23,161.20","36,256.39"
2020-02-13,"14,750","15,200","14,750","14,900","15,030.00","14,745.00","15,197.50","15,509.17","17,076.67",0,"9,793","13,207.80","27,966.60","23,140.23","36,060.85"
2020-02-14,"14,900","15,050","14,550","14,650","14,920.00","14,810.00","15,135.00","15,461.67","17,041.25",0,"12,069","14,077.80","27,426.30","23,053.50","35,821.13"
2020-02-17,"14,500","14,850","14,500","14,700","14,810.00","14,880.00","15,072.50","15,404.17","17,006.25",0,"9,683","13,125.80","26,562.65","22,159.23","35,701.37"
2020-02-18,"14,600","14,800","14,150","14,300","14,690.00","14,855.00","14,990.00","15,348.33","16,967.92",0,"23,050","14,205.40","26,549.25","22,300.08","35,690.36"
2020-02-19,"14,500","14,500","13,850","14,000","14,510.00","14,785.00","14,872.50","15,296.67","16,930.42",0,"21,825","15,284.00","24,818.35","22,363.18","35,649.28"
2020-02-20,"14,150","14,250","13,750","13,900","14,310.00","14,670.00","14,770.00","15,247.50","16,896.67",0,"19,908","17,307.00","18,522.10","22,283.12","35,589.21"
2020-02-21,"13,750","14,050","13,550","13,850","14,150.00","14,535.00","14,675.00","15,203.33","16,870.00",0,"26,948","20,282.80","17,917.95","22,436.60","35,526.42"
2020-02-24,"13,300","13,600","12,900","12,900","13,790.00","14,300.00","14,545.00","15,141.67","16,833.33",0,"57,046","29,755.40","20,035.35","23,170.02","35,786.72"
2020-02-25,"12,900","13,900","12,650","13,350","13,600.00","14,145.00","14,450.00","15,085.83","16,797.08",0,"20,299","29,205.20","19,627.10","23,344.28","35,800.61"
2020-02-26,"13,050","13,900","13,000","13,800","13,560.00","14,035.00","14,375.00","15,041.67","16,762.92",0,"25,408","29,921.80","20,275.45","23,562.68","35,895.43"
2020-02-27,"13,750","13,950","13,100","13,300","13,440.00","13,875.00","14,310.00","14,990.83","16,720.00",0,"23,972","30,734.60","20,322.80","23,848.72","35,902.05"
2020-02-28,"12,950","13,000","12,550","12,550","13,180.00","13,665.00","14,237.50","14,930.00","16,674.58",0,"35,540","32,453.00","20,903.95","24,250.97","36,049.74"
2020-03-02,"12,700","13,100","12,350","12,750","13,150.00","13,470.00","14,175.00","14,880.83","16,627.92",8,"15,808","24,205.40","20,244.90","24,016.33","36,063.02"
2020-03-03,"12,800","13,500","12,800","13,100","13,100.00","13,350.00","14,102.50","14,835.83","16,584.17",0,"24,075","24,960.60","20,458.65","23,567.42","36,111.91"
2020-03-04,"12,850","13,450","12,850","13,350","13,010.00","13,285.00","14,035.00","14,806.67","16,541.67",0,"9,113","21,701.60","20,037.30","23,169.17","36,009.28"
2020-03-05,"13,400","13,700","13,400","13,650","13,080.00","13,260.00","13,965.00","14,788.33","16,498.33",0,"9,428","18,792.80","20,010.55","22,867.42","35,593.11"
2020-03-06,"14,100","14,100","13,200","13,650","13,300.00","13,240.00","13,887.50","14,764.17","16,461.67",0,"44,090","20,502.80","21,829.10","23,381.73","35,369.48"
2020-03-09,"13,350","13,400","12,900","12,900","13,330.00","13,240.00","13,770.00","14,729.17","16,404.17",0,"27,736","22,888.40","22,493.75","23,631.17","33,467.37"
2020-03-10,"12,500","13,150","12,500","12,900","13,290.00","13,195.00","13,670.00","14,696.67","16,342.08",0,"28,452","23,763.80","23,033.75","23,925.07","32,371.83"
2020-03-11,"12,800","13,000","12,500","12,500","13,120.00","13,065.00","13,550.00","14,651.67","16,266.25",70,"33,365","28,614.20","23,880.40","24,361.22","27,910.47"
2020-03-12,"12,500","12,500","11,100","11,200","12,630.00","12,855.00","13,365.00","14,576.67","16,182.08",2,"60,764","38,881.40","26,428.95","25,046.67","27,493.88"
2020-03-13,"9,450","10,200","9,080","9,870","11,874.00","12,587.00","13,126.00","14,479.50","16,083.92",0,"120,737","54,210.80","31,862.35","26,809.73","27,658.72"
2020-03-16,"9,770","10,150","9,550","9,550","11,204.00","12,267.00","12,868.50","14,377.00","15,982.25",0,"47,343","58,132.20","33,745.35","27,310.62","27,481.20"
2020-03-17,"8,610","9,580","8,610","9,300","10,484.00","11,887.00","12,618.50","14,279.50","15,876.42",0,"67,847","66,011.20","35,985.20","27,946.50","27,493.20"
2020-03-18,"9,260","9,800","8,800","8,800","9,744.00","11,432.00","12,358.50","14,167.00","15,765.58",0,"43,065","67,951.20","37,047.20","28,246.30","27,140.08"
2020-03-19,"8,820","9,140","7,240","7,320","8,968.00","10,799.00","12,029.50","14,033.17","15,644.50",0,"71,741","70,146.60","39,638.85","29,278.95","27,180.14"
2020-03-20,"7,370","7,870","7,360","7,700","8,534.00","10,204.00","11,722.00","13,904.00","15,537.83",58,"49,010","55,801.20","40,741.95","29,954.60","26,820.78"
2020-03-23,"7,310","7,490","6,800","7,300","8,084.00","9,644.00","11,442.00","13,776.50","15,427.42",0,"38,095","53,951.60","39,794.40","30,210.75","26,644.83"
2020-03-24,"7,430","7,800","7,430","7,780","7,780.00","9,132.00","11,163.50","13,661.17","15,321.83",0,"30,006","46,383.40","40,279.75","30,466.20","26,705.03"
2020-03-25,"8,040","9,170","8,040","8,910","7,802.00","8,773.00","10,919.00","13,561.33","15,229.00",0,"80,738","53,918.00","43,046.25","31,553.67","27,169.11"
2020-03-26,"8,910","9,390","8,670","9,060","8,150.00","8,559.00","10,707.00","13,459.83","15,137.83",0,"58,579","51,285.60","44,776.60","32,317.93","27,498.67"
2020-03-27,"9,380","9,750","9,040","9,360","8,482.00","8,508.00","10,547.50","13,360.83","15,044.58",0,"61,540","53,791.60","46,076.60","33,108.55","27,562.73"
2020-03-30,"8,950","9,500","8,860","9,500","8,922.00","8,503.00","10,385.00","13,262.50","14,955.83",0,"24,482","51,069.00","46,510.30","33,307.97","27,560.08"
2020-03-31,"9,600","12,350","9,600","12,350","9,836.00","8,808.00","10,347.50","13,210.83","14,910.42",18,"145,893","74,246.40","52,601.20","35,531.77","27,552.03"
2020-04-01,"14,150","15,550","12,600","13,100","10,674.00","9,238.00","10,335.00","13,183.33","14,870.83",0,"721,851","202,469.00","88,238.10","47,148.05","33,138.56"
2020-04-02,"12,850","16,500","12,250","15,700","12,002.00","10,076.00","10,437.50","13,196.67","14,852.50",0,"1,068,559","404,465.00","141,194.65","64,776.17","41,790.62"
2020-04-03,"15,050","15,750","14,500","15,100","13,150.00","10,816.00","10,510.00","13,216.67","14,829.17",0,"500,864","492,329.80","164,033.35","72,376.40","45,770.28"
2020-04-06,"15,850","17,400","15,500","16,050","14,460.00","11,691.00","10,667.50","13,240.83","14,809.17",0,"614,259","610,285.20","193,359.50","82,181.45","50,557.95"
2020-04-07,"15,850","16,150","15,000","15,400","15,070.00","12,453.00","10,792.50","13,246.67","14,785.00",17,"283,187","637,744.00","206,096.25","86,561.52","52,811.09"
2020-04-08,"15,100","16,450","14,500","15,450","15,540.00","13,107.00","10,940.00","13,239.17","14,760.42",0,"411,565","575,686.80","225,006.25","92,507.15","56,125.83"
2020-04-09,"15,800","17,350","15,250","15,900","15,580.00","13,791.00","11,175.00","13,245.83","14,742.92",0,"779,968","517,968.60","260,966.45","105,120.67","62,454.57"
2020-04-10,"15,700","15,900","14,750","15,200","15,600.00","14,375.00","11,441.50","13,234.17","14,719.58",0,"153,777","448,551.20","262,618.45","107,302.37","63,529.52"
2020-04-13,"15,600","16,650","15,100","16,000","15,590.00","15,025.00","11,764.00","13,235.00","14,706.67",0,"313,028","388,305.00","275,902.70","112,070.23","65,908.32"
2020-04-14,"16,900","18,400","16,200","17,350","15,980.00","15,525.00","12,166.50","13,258.33","14,701.67",0,"807,289","493,125.40","312,874.80","125,136.42","72,445.95"
2020-04-16,"17,350","18,950","16,550","18,000","16,490.00","16,015.00","12,626.50","13,285.83","14,709.17",0,"721,322","555,076.80","346,787.65","136,217.73","78,090.10"
2020-04-17,"18,000","18,050","17,350","17,650","16,840.00","16,210.00","13,143.00","13,314.17","14,710.42",0,"171,454","433,374.00","351,773.30","136,644.75","79,334.47"
2020-04-20,"17,850","18,800","17,650","18,300","17,460.00","16,530.00","13,673.00","13,356.67","14,720.00",0,"321,251","466,868.80","365,385.35","141,348.42","81,892.43"
2020-04-21,"18,450","18,550","15,050","16,850","17,630.00","16,610.00","14,150.50","13,379.17","14,717.50",39,"437,770","491,817.20","385,369.10","148,399.62","85,410.52"
2020-04-22,"16,400","18,000","16,150","17,700","17,700.00","16,840.00","14,646.50","13,420.00","14,720.42",0,"158,672","362,093.80","391,802.40","150,569.75","86,658.53"
2020-04-23,"17,800","18,050","16,500","18,000","17,700.00","17,095.00","15,101.00","13,465.00","14,729.17",0,"152,858","248,401.00","395,408.40","152,910.03","87,813.86"
2020-04-24,"17,800","18,150","17,050","17,150","17,600.00","17,220.00","15,505.50","13,507.50","14,730.83",24,"137,275","241,565.20","399,343.20","154,814.20","88,873.30"
2020-04-27,"17,250","17,600","16,800","16,900","17,320.00","17,390.00","15,882.50","13,555.83","14,730.00",0,"132,349","203,784.80","402,883.65","156,621.40","89,846.19"
2020-04-28,"17,100","17,100","16,150","16,450","17,240.00","17,435.00","16,230.00","13,596.67","14,722.92",42,"134,214","143,073.60","408,370.25","158,375.15","90,810.86"
2020-04-29,"16,500","16,650","16,200","16,300","16,960.00","17,330.00","16,427.50","13,625.83","14,713.33",42,"59,608","123,260.80","404,056.00","159,038.62","91,136.17"
2020-05-04,"17,200","17,300","16,650","16,800","16,720.00","17,210.00","16,612.50","13,660.83","14,705.00",0,"166,302","125,949.60","376,278.55","161,517.98","92,301.43"
2020-05-06,"16,800","17,200","16,700","17,200","16,730.00","17,165.00","16,687.50","13,696.67","14,702.50",0,"92,407","116,976.00","327,470.95","162,892.05","92,854.28"
2020-05-07,"17,200","17,900","17,000","17,400","16,830.00","17,075.00","16,802.50","13,733.33","14,700.42",0,"112,783","113,062.80","308,066.90","164,643.12","93,706.44"
2020-05-08,"17,600","17,600","17,150","17,550","17,050.00","17,145.00","16,877.50","13,771.67","14,702.08",0,"73,025","100,825.00","281,005.20","165,619.48","94,236.63"
2020-05-11,"17,300","17,300","16,500","16,600","17,110.00","17,035.00","16,937.50","13,800.00","14,696.25",0,"99,484","108,800.20","271,820.05","166,983.35","95,019.68"
2020-05-12,"16,600","16,950","16,000","16,400","17,030.00","16,875.00","16,985.00","13,825.00","14,689.17",0,"86,204","92,780.60","255,552.00","168,146.22","95,653.71"
2020-05-13,"16,150","16,500","16,100","16,300","16,850.00","16,790.00","17,005.00","13,848.33","14,678.75",0,"30,225","80,344.20","218,064.85","168,486.75","95,813.49"
2020-05-14,"16,150","16,700","16,100","16,250","16,620.00","16,725.00","17,057.50","13,875.00","14,668.33",70,"39,931","65,773.80","212,372.55","168,951.12","96,002.31"
2020-05-15,"16,350","16,350","15,800","16,200","16,350.00","16,700.00","17,067.50","13,900.00","14,652.08",0,"32,912","57,751.20","198,366.75","169,338.27","95,748.75"
2020-05-18,"16,200","16,400","15,850","16,050","16,240.00","16,675.00","17,002.50","13,929.17","14,638.75",0,"26,598","43,174.00","159,332.20","169,397.40","95,848.74"
2020-05-19,"16,250","16,550","16,050","16,300","16,220.00","16,625.00","16,917.50","13,967.50","14,632.08",0,"46,312","35,195.60","125,581.70","169,805.52","96,084.35"
2020-05-20,"16,400","16,900","16,150","16,450","16,250.00","16,550.00","16,857.50","14,010.00","14,628.75",0,"60,004","41,151.40","120,009.20","170,473.78","96,378.45"
2020-05-21,"16,650","16,650","16,200","16,350","16,270.00","16,445.00","16,760.00","14,051.67","14,627.50",0,"40,154","41,196.00","105,954.35","170,693.88","96,565.24"
2020-05-22,"16,350","16,600","16,100","16,250","16,280.00","16,315.00","16,730.00","14,107.50","14,624.58",0,"37,871","42,187.80","85,959.40","170,374.30","96,772.16"
2020-05-25,"16,250","16,250","15,800","16,050","16,280.00","16,260.00","16,647.50","14,152.50","14,619.17",0,"32,843","43,436.80","79,667.95","170,583.37","96,963.82"
2020-05-26,"16,000","16,850","15,950","16,450","16,310.00","16,265.00","16,570.00","14,196.67","14,619.17",60,"76,306","49,435.60","75,840.35","171,431.67","97,497.18"
2020-05-27,"16,550","16,600","16,250","16,300","16,280.00","16,265.00","16,527.50","14,246.67","14,618.75",0,"30,616","43,558.00","70,507.40","171,542.40","97,695.56"
2020-05-28,"16,300","18,500","16,100","16,850","16,380.00","16,325.00","16,525.00","14,318.33","14,624.17",29,"619,208","159,368.80","94,850.35","181,270.20","102,760.58"
2020-05-29,"16,500","17,150","16,500","16,650","16,460.00","16,370.00","16,535.00","14,383.33","14,632.08",0,"84,862","168,767.00","92,382.75","182,421.10","103,218.72"
2020-06-01,"16,650","16,900","16,500","16,500","16,550.00","16,415.00","16,545.00","14,440.00","14,637.92",0,"53,516","172,901.60","92,078.15","182,911.78","103,239.60"
2020-06-02,"16,550","17,200","16,550","16,800","16,620.00","16,465.00","16,545.00","14,497.50","14,652.08",0,"77,295","173,099.40","87,627.80","184,048.15","103,608.66"
2020-06-03,"16,800","16,950","16,700","16,800","16,720.00","16,500.00","16,525.00","14,550.00","14,669.17",0,"55,513","178,078.80","85,783.10","184,816.23","103,841.83"
2020-06-04,"16,850","17,200","16,800","17,000","16,750.00","16,565.00","16,505.00","14,605.83","14,685.00",0,"80,284","70,294.00","84,158.15","185,419.47","104,400.60"
2020-06-05,"17,200","18,600","16,950","17,200","16,860.00","16,660.00","16,487.50","14,677.50","14,703.33",0,"406,574","134,636.40","100,835.60","191,733.43","107,682.30"
2020-06-08,"16,900","16,950","16,550","16,700","16,900.00","16,725.00","16,492.50","14,740.83","14,718.75",0,"87,788","141,490.80","100,250.80","192,722.37","108,323.72"
2020-06-09,"16,450","16,500","16,100","16,250","16,790.00","16,705.00","16,485.00","14,803.33","14,727.50",0,"87,988","143,629.40","100,340.00","193,632.75","108,996.98"
2020-06-10,"16,200","16,200","15,800","15,950","16,620.00","16,670.00","16,467.50","14,882.50","14,729.58",0,"64,917","145,510.20","102,074.60","193,701.97","109,374.32"
2020-06-11,"16,150","16,450","15,900","16,050","16,430.00","16,590.00","16,457.50","14,985.50","14,732.50",0,"55,386","140,530.60","102,847.35","192,612.78","109,711.26"
2020-06-12,"15,100","15,900","15,000","15,550","16,100.00","16,480.00","16,425.00","15,085.50","14,731.25",0,"62,676","71,751.00","104,335.55","192,868.33","110,089.48"
2020-06-15,"15,450","15,550","13,900","13,950","15,550.00","16,225.00","16,320.00","15,163.00","14,721.25",2,"73,200","68,833.40","106,665.65","192,957.55","110,452.02"
2020-06-16,"14,200","15,100","14,100","14,750","15,250.00","16,020.00","16,242.50","15,262.17","14,714.58",58,"54,028","62,041.40","107,051.45","193,140.27","110,693.28"
2020-06-17,"14,300","14,500","13,900","14,150","14,890.00","15,755.00","16,127.50","15,376.00","14,704.58",0,"49,298","58,917.60","106,516.15","192,766.22","111,022.58"
2020-06-18,"14,000","14,700","14,000","14,650","14,610.00","15,520.00","16,042.50","15,491.83","14,697.92",0,"41,546","56,149.60","106,585.75","192,641.82","111,298.21"
2020-06-19,"14,700","16,150","14,500","15,500","14,600.00","15,350.00","16,005.00","15,628.50","14,702.50",0,"222,458","88,106.00","115,815.10","195,714.53","112,962.64"
2020-06-22,"15,250","15,650","14,750","14,950","14,800.00","15,175.00","15,950.00","15,748.00","14,704.58",0,"52,057","83,877.40","116,775.80","196,082.05","113,274.13"
2020-06-23,"14,950","15,000","14,350","14,500","14,750.00","15,000.00","15,852.50","15,841.17","14,701.25",0,"39,449","80,961.60","114,932.95","195,393.90","113,473.78"
2020-06-24,"15,950","16,400","15,100","15,750","15,070.00","14,980.00","15,825.00","15,952.67","14,706.25",0,"204,292","111,960.40","123,616.75","197,822.45","115,070.19"
2020-06-25,"15,350","15,600","14,900","15,200","15,180.00","14,895.00","15,742.50","16,050.00","14,705.42",0,"71,829","118,017.00","96,247.80","197,993.93","115,551.24"
2020-06-26,"15,250","15,350","14,800","15,200","15,120.00","14,860.00","15,670.00","16,145.00","14,703.75",0,"38,848","81,295.00","93,947.10","198,233.37","115,770.67"
2020-06-29,"14,900","16,900","14,750","16,100","15,350.00","15,075.00","15,650.00","16,207.50","14,709.17",60,"334,384","137,760.40","107,990.50","201,374.88","118,453.33"
2020-06-30,"16,150","16,450","15,600","15,700","15,590.00","15,170.00","15,595.00","16,250.83","14,717.08",0,"93,910","148,652.60","108,821.25","190,909.20","119,028.63"
2020-07-01,"16,200","20,100","15,700","17,700","15,980.00","15,525.00","15,640.00","16,284.17","14,740.42",0,"2,670,606","641,915.40","239,575.90","217,609.98","141,193.08"
2020-07-02,"17,500","18,100","17,250","17,900","16,520.00","15,850.00","15,685.00","16,330.83","14,773.75",0,"411,223","709,794.20","256,122.85","216,115.97","144,246.18"
2020-07-03,"18,300","19,000","17,700","19,000","17,280.00","16,200.00","15,775.00","16,380.00","14,810.42",0,"823,533","866,731.20","276,970.80","219,603.87","150,892.66"
2020-07-06,"20,500","24,200","20,350","21,450","18,350.00","16,850.00","16,012.50","16,480.83","14,863.75",29,"3,594,616","1,518,778.00","452,312.20","274,794.35","180,677.93"
2020-07-07,"21,100","21,200","19,750","20,450","19,300.00","17,445.00","16,222.50","16,564.17","14,901.67",17,"602,928","1,620,581.00","478,059.20","277,983.73","185,245.44"
2020-07-08,"20,150","24,300","19,850","22,350","20,230.00","18,105.00","16,542.50","16,671.67","14,958.75",0,"2,518,505","1,590,161.00","600,738.60","306,959.35","206,040.01"
2020-07-09,"22,000","23,200","21,500","21,500","20,950.00","18,735.00","16,815.00","16,776.67","15,005.42",37,"652,222","1,638,361.00","630,580.40","315,266.77","211,284.57"
2020-07-10,"21,300","23,000","21,300","21,500","21,450.00","19,365.00","17,112.50","16,868.33","15,051.67",0,"482,520","1,570,158.00","651,572.60","318,091.63","215,080.93"
2020-07-13,"21,500","21,600","20,650","21,050","21,370.00","19,860.00","17,467.50","16,930.00","15,094.17",0,"206,390","892,513.00","658,232.10","308,076.65","216,606.53"
2020-07-14,"21,050","21,750","20,900","21,000","21,480.00","20,390.00","17,780.00","16,980.00","15,132.92",0,"163,495","804,626.40","663,705.45","298,779.53","217,498.63"
2020-07-15,"21,000","22,750","20,900","21,650","21,340.00","20,785.00","18,155.00","17,046.67","15,180.42",0,"406,755","382,276.40","681,578.30","302,701.22","219,672.98"
2020-07-16,"21,600","22,000","21,300","21,500","21,340.00","21,145.00","18,497.50","17,100.00","15,228.33",0,"140,255","279,883.00","686,513.75","299,684.62","220,516.52"
2020-07-17,"21,900","22,000","21,550","21,700","21,380.00","21,415.00","18,807.50","17,180.83","15,280.00",30,"215,720","226,523.00","686,176.85","295,983.78","222,191.70"
2020-07-20,"21,950","22,150","21,100","21,550","21,480.00","21,425.00","19,137.50","17,245.00","15,332.50",0,"166,301","218,505.20","691,889.05","296,110.93","223,340.34"
2020-07-21,"21,650","22,900","21,300","22,150","21,710.00","21,595.00","19,520.00","17,314.17","15,389.58",0,"434,435","272,693.20","711,638.35","300,803.88","226,856.96"
2020-07-22,"22,050","22,300","21,750","22,050","21,790.00","21,565.00","19,835.00","17,395.83","15,451.67",0,"151,582","221,658.60","709,002.85","301,042.33","227,928.27"
2020-07-23,"22,300","24,500","22,050","22,900","22,070.00","21,705.00","20,220.00","17,495.83","15,525.83",0,"792,051","352,017.80","745,013.95","312,037.37","234,329.38"
2020-07-24,"23,200","23,700","22,600","23,450","22,420.00","21,900.00","20,632.50","17,612.50","15,604.58",0,"375,053","383,884.40","761,824.20","316,051.35","237,213.25"
2020-07-27,"23,800","26,550","23,350","26,550","23,420.00","22,450.00","21,155.00","17,783.33","15,704.58",0,"1,336,738","617,971.80","811,941.90","337,336.85","248,187.73"
2020-07-28,"25,500","25,650","24,250","24,600","23,910.00","22,810.00","21,600.00","17,913.33","15,787.08",37,"504,195","631,923.80","832,456.15","342,968.40","252,243.19"
2020-07-29,"24,400","25,450","24,200","24,550","24,410.00","23,100.00","21,942.50","18,035.83","15,866.25",0,"227,291","647,065.60","710,290.40","345,216.47","254,054.26"
2020-07-30,"25,050","25,050","23,450","23,850","24,600.00","23,335.00","22,240.00","18,143.33","15,938.33",0,"361,878","561,031.00","707,823.15","349,368.05","257,005.58"
2020-07-31,"23,900","24,000","22,900","22,900","24,490.00","23,455.00","22,435.00","18,232.50","16,002.08",0,"151,374","516,295.20","674,215.20","350,673.87","258,146.67"
2020-08-03,"23,050","24,850","23,050","23,850","23,950.00","23,685.00","22,555.00","18,353.33","16,076.67",0,"537,159","356,379.40","521,342.35","357,968.45","262,475.90"
2020-08-04,"24,450","24,600","23,500","24,050","23,840.00","23,875.00","22,735.00","18,480.83","16,152.92",0,"207,588","297,058.00","501,575.35","359,991.52","264,068.87"
2020-08-05,"23,900","24,300","23,600","23,650","23,660.00","24,035.00","22,800.00","18,603.33","16,225.83",0,"133,965","278,392.80","382,348.35","361,720.52","265,103.63"
2020-08-06,"24,100","28,900","23,950","25,700","24,030.00","24,315.00","23,010.00","18,760.83","16,317.92",0,"3,915,018","989,020.80","545,488.15","426,305.30","297,628.21"
2020-08-07,"25,700","25,800","24,600","24,700","24,390.00","24,440.00","23,170.00","18,902.50","16,401.25",0,"375,324","1,033,811.00","540,128.35","432,012.17","300,675.22"
2020-08-10,"26,000","29,900","25,750","26,250","24,870.00","24,410.00","23,430.00","19,072.50","16,500.83",29,"2,555,296","1,437,438.00","657,573.65","474,157.13","321,777.27"
2020-08-11,"26,950","27,650","26,200","26,550","25,370.00","24,605.00","23,707.50","19,243.33","16,605.42",0,"397,308","1,475,382.00","669,264.30","480,007.07","324,906.29"
2020-08-12,"26,550","26,550","24,650","25,000","25,640.00","24,650.00","23,875.00","19,385.83","16,697.92",0,"236,277","1,495,845.00","660,740.40","482,944.95","326,709.37"
2020-08-13,"25,050","25,550","24,450","24,850","25,470.00","24,750.00","24,042.50","19,527.50","16,789.58",42,"149,973","742,835.60","661,226.30","484,775.27","327,734.58"
2020-08-14,"24,300","24,800","23,100","23,750","25,280.00","24,835.00","24,145.00","19,652.50","16,880.00",0,"173,123","702,395.40","659,096.45","487,029.47","328,701.88"
2020-08-18,"23,200","23,200","21,000","21,300","24,290.00","24,580.00","24,132.50","19,740.00","16,946.25",0,"232,713","237,878.80","662,417.05","490,360.63","330,472.00"
2020-08-19,"21,300","22,400","21,300","22,200","23,420.00","24,395.00","24,135.00","19,835.83","17,016.25",8,"84,399","175,297.00","644,915.25","490,495.52","330,963.59"
2020-08-20,"21,750","22,150","20,050","20,450","22,510.00","24,075.00","24,055.00","19,905.00","17,075.83",0,"139,205","155,882.60","644,296.40","492,305.33","331,923.87"
2020-08-21,"20,750","22,100","20,750","21,150","21,770.00","23,620.00","23,967.50","19,976.67","17,147.50",0,"160,184","157,924.80","612,703.05","484,654.93","332,962.57"
2020-08-24,"21,450","22,700","21,400","22,550","21,530.00","23,405.00","23,922.50","20,075.00","17,229.17",0,"203,782","164,056.60","604,139.50","486,636.93","334,529.02"
2020-08-25,"23,250","24,000","22,250","24,000","22,070.00","23,180.00","23,795.00","20,200.00","17,320.00",0,"235,834","164,680.80","549,094.30","489,675.57","336,293.67"
2020-08-26,"24,950","26,600","24,050","24,600","22,550.00","22,985.00","23,795.00","20,330.00","17,413.75",0,"1,180,399","383,880.80","582,904.50","508,060.63","346,054.39"
2020-08-27,"23,100","23,350","22,350","22,500","22,960.00","22,735.00","23,692.50","20,425.00","17,487.50",0,"318,698","419,779.40","587,474.85","512,447.05","348,631.64"
2020-08-28,"22,600","23,500","22,600","23,100","23,350.00","22,560.00","23,655.00","20,526.67","17,566.25",0,"177,531","423,248.80","578,257.50","514,067.83","349,743.65"
2020-08-31,"24,350","25,250","23,900","25,200","23,880.00","22,705.00","23,770.00","20,660.00","17,668.75",0,"303,992","443,290.80","585,888.40","512,358.13","352,045.78"
2020-09-01,"24,800","25,400","24,450","25,200","24,120.00","23,095.00","23,837.50","20,801.67","17,771.25",0,"270,024","450,128.80","572,531.65","515,395.40","354,058.88"
2020-09-02,"25,550","25,550","24,650","24,800","24,160.00","23,355.00","23,875.00","20,944.17","17,873.75",0,"265,433","267,135.60","575,423.90","518,352.82","355,992.78"
2020-09-03,"24,050","24,600","23,700","24,100","24,480.00","23,720.00","23,897.50","21,080.00","17,981.25",0,"205,864","244,568.80","579,018.85","520,701.93","357,201.95"
2020-09-04,"23,100","23,450","22,750","23,400","24,540.00","23,945.00","23,782.50","21,202.50","18,094.00",0,"152,821","239,626.80","390,909.00","522,325.85","357,469.32"
2020-09-07,"23,100","23,200","22,000","22,400","23,980.00","23,930.00","23,667.50","21,316.67","18,201.08",0,"164,964","211,821.20","380,391.00","524,030.65","358,449.49"
2020-09-08,"22,450","22,600","21,950","22,050","23,350.00","23,735.00","23,457.50","21,451.67","18,307.33",0,"112,655","180,347.40","258,258.95","524,688.23","358,822.89"
2020-09-09,"21,500","22,650","21,400","22,400","22,870.00","23,515.00","23,250.00","21,579.17","18,420.67",0,"102,438","147,748.40","243,515.45","525,495.07","359,317.67"
2020-09-10,"22,450","22,600","22,100","22,200","22,490.00","23,485.00","23,110.00","21,713.33","18,544.67",0,"53,526","117,280.80","234,377.90","525,565.53","359,165.88"
2020-09-11,"24,100","24,300","22,700","22,800","22,370.00","23,455.00","23,007.50","21,849.17","18,670.50",0,"330,666","152,849.80","243,412.55","530,384.20","361,513.01"
2020-09-14,"22,800","23,450","22,350","23,200","22,530.00","23,255.00","22,980.00","21,977.50","18,803.00",0,"105,760","141,009.00","240,044.40","528,439.23","362,076.88"
2020-09-15,"23,250","23,300","22,650","23,050","22,730.00","23,040.00","23,067.50","22,112.50","18,930.25",0,"108,933","140,264.60","233,855.40","529,387.17","362,734.61"
2020-09-16,"23,850","24,150","22,850","23,000","22,850.00","22,860.00","23,107.50","22,254.17","19,047.67",0,"291,206","178,018.20","244,195.75","533,583.12","364,488.51"
2020-09-17,"22,900","23,150","22,400","22,450","22,900.00","22,695.00","23,207.50","22,365.83","19,159.25",0,"62,098","179,732.60","240,340.40","531,213.22","364,517.83"
2020-09-18,"22,450","22,800","22,050","22,400","22,820.00","22,595.00","23,270.00","22,485.83","19,267.92",0,"53,109","124,221.20","234,986.65","530,901.22","364,447.58"
2020-09-21,"22,600","23,700","22,150","22,400","22,660.00","22,595.00","23,262.50","22,605.83","19,375.42",0,"184,680","140,005.20","234,031.55","533,331.75","365,782.56"
2020-09-22,"22,400","22,400","21,250","21,300","22,310.00","22,520.00","23,127.50","22,692.50","19,450.00",0,"77,988","133,816.20","226,139.25","529,058.48","365,216.68"
2020-09-23,"21,350","21,700","20,300","20,800","21,870.00","22,360.00","22,937.50","22,777.50","19,514.17",0,"52,217","86,018.40","169,730.15","528,363.60","359,636.40"
2020-09-24,"20,250","21,250","19,950","20,000","21,380.00","22,140.00","22,812.50","22,815.83","19,550.00",66,"83,379","90,274.60","157,964.20","485,243.15","351,426.57"
2020-09-25,"20,000","21,900","19,000","21,050","21,110.00","21,965.00","22,710.00","22,868.33","19,599.58",0,"235,066","126,666.00","160,840.95","482,307.20","349,211.58"
2020-09-28,"20,900","21,300","20,050","21,000","20,830.00","21,745.00","22,500.00","22,901.67","19,640.83",0,"68,181","103,366.20","149,050.40","469,718.00","344,660.93"
2020-09-29,"21,200","21,750","20,900","21,550","20,880.00","21,595.00","22,317.50","22,903.33","19,692.08",0,"42,182","96,205.00","137,658.30","410,510.77","342,652.56"
2020-10-05,"20,700","21,000","20,550","20,750","20,870.00","21,370.00","22,115.00","22,908.33","19,736.25",0,"49,907","95,743.00","126,882.00","401,293.75","339,638.74"
2020-10-06,"20,700","21,000","20,450","20,650","21,000.00","21,190.00","21,942.50","22,880.00","19,775.83",0,"25,330","84,133.20","117,855.30","359,740.83","333,350.09"
2020-10-07,"20,550","20,700","20,350","20,550","20,900.00","21,005.00","21,800.00","22,864.17","19,820.42",0,"22,011","41,522.20","111,314.80","349,237.32","332,252.04"
2020-10-08,"20,550","20,750","20,450","20,550","20,810.00","20,820.00","21,707.50","22,848.33","19,858.33",0,"28,443","33,574.60","104,488.75","341,669.37","329,880.50"
2020-10-12,"21,200","21,500","21,000","21,200","20,740.00","20,810.00","21,665.00","22,850.83","19,890.42",0,"74,682","40,074.60","102,590.10","339,474.23","323,775.44"
2020-10-13,"21,200","21,250","20,800","20,800","20,750.00","20,810.00","21,585.00","22,847.50","19,913.75",0,"17,044","33,502.00","98,320.40","337,033.38","317,906.46"
2020-10-14,"20,950","20,950","20,450","20,550","20,730.00","20,865.00","21,502.50","22,829.17","19,937.92",0,"21,850","32,806.00","96,736.60","330,618.30","316,659.76"
2020-10-15,"20,450","20,700","20,000","20,250","20,670.00","20,785.00","21,375.00","22,808.33","19,954.17",0,"31,706","34,745.00","81,788.60","328,809.15","314,246.88"
2020-10-16,"20,500","20,500","19,050","19,450","20,450.00","20,630.00","21,187.50","22,770.83","19,975.83",0,"47,591","38,574.60","78,880.15","326,007.00","310,995.39"
2020-10-19,"19,300","19,500","19,050","19,150","20,040.00","20,390.00","20,992.50","22,730.83","19,987.92",70,"23,340","28,306.20","74,600.50","323,624.32","309,867.63"
2020-10-20,"19,200","19,200","18,200","18,750","19,630.00","20,190.00","20,780.00","22,674.17","19,994.17",0,"39,420","32,781.40","62,011.20","317,040.73","308,922.31"
2020-10-21,"18,400","18,950","18,400","18,650","19,250.00","19,990.00","20,590.00","22,617.50","20,006.67",0,"24,972","33,405.80","60,154.90","314,930.57","307,986.45"
2020-10-22,"18,600","18,600","18,000","18,050","18,810.00","19,740.00","20,372.50","22,536.67","20,016.25",0,"41,881","35,440.80","59,593.50","302,427.73","307,232.55"
2020-10-23,"18,100","18,300","17,850","17,950","18,510.00","19,480.00","20,150.00","22,445.00","20,028.75",0,"18,523","29,627.20","51,285.65","296,485.57","306,268.46"
2020-10-26,"17,950","18,000","17,100","17,100","18,100.00","19,070.00","19,940.00","22,287.50","20,035.42",0,"41,938","33,346.80","49,483.15","274,905.57","306,121.21"
2020-10-27,"16,700","17,400","16,550","17,150","17,780.00","18,705.00","19,757.50","22,163.33","20,038.33",0,"39,200","33,302.80","48,832.30","267,155.65","305,062.03"
2020-10-28,"17,000","17,650","17,000","17,600","17,570.00","18,410.00","19,637.50","22,047.50","20,041.67",0,"19,257","32,159.80","45,626.20","263,688.42","304,452.44"
2020-10-29,"17,400","17,450","17,000","17,400","17,440.00","18,125.00","19,455.00","21,940.00","20,041.67",70,"15,815","26,946.60","34,663.65","257,920.70","303,644.38"
2020-10-30,"17,300","17,500","17,100","17,350","17,320.00","17,915.00","19,272.50","21,847.50","20,040.00",0,"10,341","25,310.20","31,771.65","255,570.15","303,122.01"
2020-11-02,"17,350","17,800","17,100","17,550","17,410.00","17,755.00","19,072.50","21,742.50","20,047.92",70,"21,517","21,226.00","30,738.40","246,976.12","302,472.28"
2020-11-03,"17,750","18,350","17,500","18,050","17,590.00","17,685.00","18,937.50","21,642.50","20,061.67",0,"28,558","19,097.60","29,670.95","243,992.28","301,991.90"
2020-11-04,"18,050","19,800","17,750","19,550","17,980.00","17,775.00","18,882.50","21,574.17","20,088.75",0,"150,947","45,435.60","35,951.80","244,275.32","302,997.92"
2020-11-05,"18,100","18,300","17,850","18,200","18,140.00","17,790.00","18,765.00","21,449.17","20,105.00",0,"76,851","57,642.80","38,693.80","180,305.87","303,305.58"
2020-11-06,"18,250","18,250","17,750","17,800","18,230.00","17,775.00","18,627.50","21,334.17","20,118.33",0,"37,364","63,047.40","39,139.85","174,673.20","303,342.68"
2020-11-09,"17,700","18,150","17,650","18,000","18,320.00","17,865.00","18,467.50","21,196.67","20,134.58",0,"44,923","67,728.60","37,651.90","132,833.65","303,495.39"
2020-11-10,"18,000","18,200","17,700","18,200","18,350.00","17,970.00","18,337.50","21,057.50","20,150.42",0,"41,103","70,237.60","38,854.85","126,896.90","303,451.98"
2020-11-11,"18,050","18,750","17,900","18,300","18,100.00","18,040.00","18,225.00","20,945.83","20,165.83",67,"43,295","48,707.20","39,927.10","123,680.53","303,312.74"
2020-11-12,"18,300","19,150","18,200","18,850","18,230.00","18,185.00","18,155.00","20,845.83","20,186.67",67,"70,408","47,418.60","41,862.20","122,354.45","303,564.86"
2020-11-13,"19,200","19,200","18,350","18,400","18,350.00","18,290.00","18,102.50","20,756.67","20,204.58",0,"41,759","48,297.60","41,570.60","120,165.05","303,597.26"
2020-11-16,"18,600","19,000","18,400","18,800","18,510.00","18,415.00","18,085.00","20,715.00","20,227.50",0,"38,280","46,969.00","42,317.60","116,924.50","303,642.57"
2020-11-17,"18,500","19,000","18,500","18,600","18,590.00","18,470.00","18,077.50","20,655.00","20,245.42",30,"25,119","43,772.20","41,602.55","115,936.50","303,216.01"
2020-11-18,"18,950","20,250","18,800","20,150","18,960.00","18,530.00","18,152.50","20,650.00","20,277.50",0,"192,204","73,554.00","49,964.15","116,819.82","304,562.58"
2020-11-19,"20,100","20,100","19,350","19,800","19,150.00","18,690.00","18,240.00","20,627.50","20,302.08",37,"70,048","73,482.00","51,372.50","115,317.55","299,986.24"
2020-11-20,"19,700","19,950","19,400","19,400","19,350.00","18,850.00","18,312.50","20,575.00","20,325.00",38,"44,829","74,096.00","52,687.80","112,668.33","299,652.63"
2020-11-23,"19,200","20,200","19,200","19,550","19,500.00","19,005.00","18,435.00","20,500.83","20,350.42",0,"48,226","76,085.20","53,002.20","109,541.53","299,608.55"
2020-11-24,"19,750","19,750","19,350","19,450","19,670.00","19,130.00","18,550.00","20,415.00","20,372.50",0,"33,921","77,845.60","52,738.25","90,433.57","299,247.10"
2020-11-25,"19,600","19,600","18,750","18,900","19,420.00","19,190.00","18,615.00","20,355.00","20,390.00",0,"39,774","47,359.60","53,764.10","85,784.83","299,115.94"
2020-11-26,"19,300","20,400","19,250","20,250","19,510.00","19,330.00","18,757.50","20,307.50","20,417.08",0,"155,506","64,451.20","60,748.65","85,417.75","299,742.79"
2020-11-27,"20,300","20,350","19,850","20,350","19,700.00","19,525.00","18,907.50","20,226.67","20,443.33",0,"48,388","65,163.00","62,651.00","81,157.68","296,757.91"
2020-11-30,"20,350","20,400","19,250","19,350","19,660.00","19,580.00","18,997.50","20,129.17","20,465.42",0,"117,756","79,069.00","67,462.95","78,619.88","297,007.64"
2020-12-01,"19,400","19,500","19,150","19,450","19,660.00","19,665.00","19,067.50","20,040.00","20,492.08",0,"24,294","77,143.60","67,249.75","74,600.90","296,476.86"
2020-12-02,"19,450","19,500","19,200","19,450","19,770.00","19,595.00","19,062.50","19,962.50","20,521.25",30,"25,868","74,362.40","60,995.80","71,600.97","296,151.45"
2020-12-03,"19,450","19,450","18,900","19,000","19,520.00","19,515.00","19,102.50","19,889.17","20,545.83",0,"34,856","50,232.40","58,896.05","69,634.88","295,980.37"
2020-12-04,"19,000","19,000","18,600","18,700","19,190.00","19,445.00","19,147.50","19,827.50","20,572.08",0,"32,760","47,106.80","58,665.85","67,431.48","295,731.07"
