"2020/11/23292,000","296,000","291,000","291,500","290,200.00","294,050.00","293,425.00","316,433.33","340,475.00",0,"51,904","52,864.80","33,639.65","29,211.65","33,826.66"
"2020/11/20288,000","289,500","288,000","288,500","291,800.00","295,150.00","293,325.00","317,600.00","340,758.33",0,"41,043","48,034.00","32,070.20","28,765.00","33,671.18"
"2020/11/19292,500","293,000","287,000","288,000","293,900.00","296,350.00","293,550.00","318,808.33","340,983.33",0,"51,740","45,138.80","31,279.95","28,429.75","33,575.30"
"2020/11/18291,500","294,000","291,500","292,000","296,200.00","297,900.00","294,075.00","320,025.00","341,241.67",58,"43,448","42,488.00","30,310.60","28,126.85","33,642.35"
"2020/11/17300,000","300,000","291,000","291,000","296,900.00","298,350.00","294,575.00","321,216.67","341,537.50",39,"76,189","39,204.40","29,127.35","27,971.12","33,654.75"
"2020/11/16299,000","300,000","297,500","299,500","297,900.00","298,000.00","294,875.00","322,600.00","341,808.33",0,"27,750","32,509.00","26,202.80","27,216.25","33,238.03"
"2020/11/13298,000","299,500","295,000","299,000","298,500.00","296,600.00","294,850.00","323,741.67","342,020.83",0,"26,567","31,452.00","25,872.70","27,443.68","33,245.95"
"2020/11/12297,500","300,500","296,000","299,500","298,800.00","295,500.00","294,950.00","324,933.33","342,208.33",0,"38,486","30,372.00","25,490.60","27,664.48","33,310.47"
"2020/11/11295,500","298,000","293,500","295,500","299,600.00","294,300.00","295,025.00","326,258.33","342,420.83",0,"27,030","30,485.60","24,445.35","28,091.03","33,516.02"
"2020/11/10302,000","302,000","295,000","296,000","299,800.00","293,700.00","295,350.00","327,633.33","342,550.00",0,"42,712","31,685","25,540.00","28,814.57","33,719.97"
"2020/11/09304,000","304,500","300,500","302,500","298,100.00","292,800.00","296,100.00","328,933.33","342,691.67",0,"22,465","26,505","24,692.55","28,639.80","34,088.22"
"2020/11/06304,500","305,000","300,000","300,500","294,700.00","291,500.00","296,750.00","330,100.00","342,895.83",0,"21,167","25,327","25,262.45","28,782.45","34,543.51"
"2020/11/05300,500","304,500","298,500","303,500","292,200.00","290,750.00","297,475.00","331,366.67","343,100.00",0,"39,054","27,016","25,662.65","28,820.25","35,049.63"
"2020/11/04289,000","296,500","288,000","296,500","289,000.00","290,250.00","298,100.00","332,541.67","343,258.33",0,"33,027","23,038.80","25,561.20","28,929.02","34,972.08"
"2020/11/03286,500","289,500","285,500","287,500","287,600.00","290,800.00","299,225.00","333,950.00","343,466.67",0,"16,811","21,409.00","24,996.30","28,890.30","35,251.59"
"2020/11/02289,500","289,500","284,000","285,500","287,500.00","291,750.00","300,825.00","335,491.67","343,641.67",0,"16,575","22,680.00","25,379.85","29,125.70","35,777.74"
"2020/10/30286,500","293,000","285,500","288,000","288,300.00","293,100.00","302,250.00","337,091.67","343,750.00",0,"29,613","23,468.00","25,468.30","29,694.18","35,787.33"
"2020/10/29286,000","288,500","285,000","287,500","289,300.00","294,400.00","303,650.00","338,441.67","343,825.00",0,"19,168","22,593.00","24,500.40","29,851.18","35,787.32"
"2020/10/28286,000","289,500","284,000","289,500","291,500.00","295,750.00","304,800.00","339,650.00","343,929.17",0,"24,878","25,230.00","24,513.20","29,900.47","35,792.19"
"2020/10/27288,500","290,000","285,000","287,000","294,000.00","297,000.00","306,025.00","340,858.33","343,987.50",0,"23,166","24,211.00","24,362.35","29,891.62","35,757.06"
"2020/10/26293,000","295,000","289,000","289,500","296,000.00","299,400.00","307,900.00","342,158.33","344,054.17",0,"20,515","23,117.40","24,309.00","30,090.10","35,777.59"
"2020/10/23298,500","298,500","291,500","293,000","297,900.00","302,000.00","309,525.00","343,416.67","344,104.17",0,"25,238","23,244.00","24,415.90","30,159.95","35,924.81"
"2020/10/22301,000","301,000","297,000","298,500","299,500.00","304,200.00","311,425.00","344,650.00","344,175.00",0,"32,353","21,981.40","24,261.35","30,182.57","35,915.20"
"2020/10/21297,000","302,500","296,500","302,000","300,000.00","305,950.00","313,175.00","345,800.00","344,220.83",0,"19,783","19,027.00","24,629.75","30,163.95","35,922.76"
"2020/10/20300,000","300,500","294,000","297,000","300,000.00","307,650.00","314,925.00","346,900.00","344,245.83",0,"17,698","24,855.00","25,029.05","30,350.13","36,534.43"
"2020/10/19296,000","303,500","296,000","299,000","302,800.00","309,900.00","317,200.00","348,133.33","344,204.17",0,"21,148","26,468.00","25,446.45","30,587.75","36,664.18"
"2020/10/16301,500","303,500","297,500","301,000","306,100.00","311,400.00","319,525.00","349,383.33","344,120.83",0,"18,925","29,011.00","25,713.05","30,788.72","36,714.87"
"2020/10/15302,000","303,000","299,000","301,000","308,900.00","312,900.00","321,650.00","350,541.67","343,975.00",0,"17,581","31,060.20","25,692.45","30,910.23","36,841.42"
"2020/10/14310,500","310,500","301,500","302,000","311,900.00","313,850.00","323,850.00","351,800.00","343,870.83",2,"48,923","34,949.00","25,759.10","31,040.65","36,977.05"
"2020/10/13316,000","316,000","310,000","311,000","315,300.00","315,050.00","326,200.00","353,158.33","343,758.33",0,"25,763","29,510.20","24,642.35","30,712.02","36,902.09"
"2020/10/12317,000","317,000","315,000","315,500","317,000.00","316,400.00","327,800.00","354,500.00","343,595.83",70,"33,863","29,254.00","24,702.65","31,052.40","36,949.29"
"2020/10/08318,500","319,000","315,000","315,000","316,700.00","317,050.00","329,575.00","355,691.67","343,387.50",70,"29,171","26,150.20","24,813.15","30,971.28","36,896.40"
"2020/10/07317,500","318,500","315,000","316,000","316,900.00","318,650.00","330,975.00","356,833.33","343,183.33",0,"37,025","22,367.00","25,078.65","30,809.13","36,901.75"
"2020/10/06318,000","323,500","316,000","319,000","315,800.00","320,400.00","332,550.00","357,983.33","342,962.50",0,"21,729","18,846.80","25,100.80","30,735.63","36,947.49"
"2020/10/05316,000","320,000","315,000","319,500","314,800.00","322,200.00","334,325.00","359,008.33","342,762.50",0,"24,482","18,873.20","25,806.55","30,807.20","37,297.47"
"2020/09/29318,500","320,000","312,500","314,000","315,800.00","324,500.00","336,150.00","360,016.67","342,600.00",0,"18,344","18,396.60","25,623.25","30,864.47","37,604.92"
"2020/09/28311,000","317,000","311,000","316,000","317,400.00","327,650.00","338,350.00","361,100.00","342,466.67",0,"10,255","19,258.40","25,931.95","31,207.57","37,983.20"
"2020/09/25315,500","316,500","308,000","310,500","320,400.00","330,400.00","340,525.00","361,933.33","342,358.33",0,"19,424","21,636.80","26,808.85","31,596.68","38,838.76"
"2020/09/24323,000","323,500","312,000","314,000","325,000.00","333,850.00","343,200.00","362,875.00","342,245.83",0,"21,861","25,696.20","28,100.25","31,635.18","38,967.18"
"2020/09/23322,000","326,000","314,000","324,500","329,600.00","337,350.00","346,250.00","363,700.00","342,070.83",8,"22,099","26,877.80","29,589.40","31,604.03","39,111.38"
"2020/09/22330,000","332,500","321,500","322,000","333,200.00","339,200.00","347,975.00","364,383.33","341,783.33",0,"22,653","27,667.20","29,686.30","31,828.17","39,783.85"
"2020/09/21338,000","338,500","331,000","331,000","337,900.00","342,100.00","349,950.00","365,191.67","341,504.17",0,"22,147","28,432.60","29,808.90","31,913.47","40,163.98"
"2020/09/18337,000","337,500","331,500","333,500","340,400.00","343,300.00","351,450.00","365,983.33","341,087.50",0,"39,721","27,705.80","29,747.95","31,954.75","40,538.28"
"2020/09/17342,500","342,500","336,500","337,000","342,700.00","344,700.00","352,825.00","366,758.33","340,525.00",0,"27,769","23,544.40","29,440.20","32,202.25","40,685.07"
"2020/09/16344,000","345,500","341,500","342,500","345,100.00","346,450.00","354,150.00","367,366.67","339,920.83",0,"26,046","23,308.20","29,756.95","32,260.85","41,122.13"
"2020/09/15344,000","346,500","341,000","345,500","345,200.00","347,800.00","355,725.00","367,950.00","339,179.17",70,"26,480","23,492.80","29,999.50","32,540.73","41,420.35"
"2020/09/14346,000","346,000","341,000","343,500","346,300.00","349,050.00","356,850.00","368,366.67","338,450.00",0,"18,513","25,411.40","30,745.30","32,583.57","41,536.68"
"2020/09/11349,000","350,500","345,000","345,000","346,200.00","350,650.00","358,200.00","368,800.00","337,729.17",0,"18,914","28,605.00","31,810.40","32,949.45","41,630.32"
"2020/09/10345,000","349,000","340,500","349,000","346,700.00","352,550.00","359,900.00","369,183.33","337,037.50",0,"26,588","32,315.80","34,068.65","33,367.03","41,722.88"
"2020/09/09349,000","349,500","341,500","343,000","347,800.00","355,150.00","361,350.00","369,616.67","336,229.17",0,"26,969","34,167.00","36,261.35","34,317.72","41,868.38"
"2020/09/08345,500","353,500","344,500","351,000","350,400.00","356,750.00","362,900.00","369,825.00","335,545.83",0,"36,073","32,936.40","36,524.20","35,020.55","41,951.14"
"2020/09/07349,000","349,500","341,500","343,000","351,800.00","357,800.00","363,975.00","369,708.33","334,854.17",0,"34,481","30,625.40","36,271.75","36,265.78","42,101.91"
"2020/09/04352,000","352,500","346,500","347,500","355,100.00","359,600.00","365,650.00","369,691.67","334,145.83",0,"37,468","29,287.80","35,719.45","37,625.43","42,231.79"
"2020/09/03360,000","360,500","353,500","354,500","358,400.00","360,950.00","366,975.00","369,283.33","333,283.33",0,"35,844","30,844.60","36,125.05","38,477.70","42,408.32"
"2020/09/02361,500","361,500","355,000","356,000","362,500.00","361,850.00","368,300.00","368,758.33","332,466.67",70,"20,816","34,004.60","35,868.05","38,562.32","42,629.12"
"2020/09/01359,500","359,500","355,000","358,000","363,100.00","363,650.00","369,500.00","368,100.00","331,675.00",0,"24,518","34,648.80","36,374.00","38,902.68","42,700.58"
"2020/08/31365,500","367,500","358,500","359,500","363,800.00","364,650.00","370,675.00","367,441.67","330,879.17",0,"27,793","34,766.20","37,682.30","38,849.12","42,817.61"
"2020/08/28376,500","376,500","363,000","364,000","364,100.00","365,750.00","371,150.00","366,791.67","330,120.83",0,"45,252","33,393.20","38,244.30","38,727.37","42,989.51"
"2020/08/27359,000","375,000","359,000","375,000","363,500.00","367,250.00","370,950.00","366,041.67","329,333.33",18,"51,644","31,056.00","37,087.95","38,464.30","42,869.20"
"2020/08/26362,500","362,500","357,000","359,000","361,200.00","367,550.00","370,300.00","365,075.00","328,475.00",0,"24,037","27,548.00","35,723.10","38,372.70","42,743.17"
"2020/08/25365,500","365,500","359,500","361,500","364,200.00","369,050.00","370,600.00","364,516.67","327,762.50",0,"25,105","28,920.00","36,275.00","38,441.67","43,160.83"
"2020/08/24362,000","366,500","360,500","361,000","365,500.00","370,150.00","370,775.00","363,916.67","326,887.50",70,"20,928","32,178.20","36,255.05","38,577.37","43,438.10"
"2020/08/21365,000","370,000","360,500","361,000","367,400.00","371,700.00","371,075.00","363,158.33","326,087.50",0,"33,566","35,955.60","36,538.40","38,720.85","43,560.21"
"2020/08/20374,000","378,000","362,000","363,500","371,000.00","373,000.00","371,400.00","362,458.33","325,279.17",0,"34,104","42,058.20","36,421.90","39,157.85","43,874.14"
"2020/08/19366,500","378,500","366,500","374,000","373,900.00","374,750.00","371,625.00","361,858.33","324,525.00",0,"30,897","49,325.80","36,264.40","39,338.38","43,904.93"
"2020/08/18374,000","376,500","367,500","368,000","373,900.00","375,350.00","371,475.00","361,016.67","323,704.17",0,"41,396","49,591.60","36,317.30","39,259.82","44,093.03"
"2020/08/14378,000","382,000","370,500","370,500","374,800.00","376,700.00","371,775.00","360,300.00","322,945.83",0,"39,815","47,517.20","35,907.80","39,048.22","44,425.78"
"2020/08/13381,000","384,000","371,000","379,000","376,000.00","376,550.00","371,775.00","359,483.33","322,191.67",0,"64,079","44,241.20","35,227.85","38,956.45","45,287.15"
"2020/08/12377,000","392,000","375,000","378,000","375,000.00","374,650.00","371,650.00","358,583.33","321,379.17",0,"70,442","40,541.40","33,294.20","38,941.00","45,371.31"
"2020/08/11373,000","376,500","370,500","374,000","375,600.00","373,050.00","371,925.00","357,466.67","320,525.00",70,"32,226","32,593.80","31,232.35","38,625.38","45,247.35"
"2020/08/10376,500","377,000","370,500","372,500","376,800.00","372,150.00","372,800.00","356,450.00","319,691.67",0,"31,024","32,335.60","31,930.35","39,536.63","45,587.68"
"2020/08/07372,000","378,000","372,000","376,500","378,600.00","371,400.00","373,525.00","355,691.67","318,770.83",0,"23,435","36,267.60","31,828.95","40,304.57","45,533.71"
"2020/08/06381,000","386,000","372,500","374,000","377,100.00","370,450.00","373,875.00","354,833.33","317,800.00",0,"45,580","39,387.20","31,629.30","41,279.02","45,659.65"
"2020/08/05380,500","383,000","376,000","381,000","374,300.00","369,800.00","374,425.00","353,975.00","316,825.00",0,"30,704","34,696.20","30,981.05","41,015.15","45,561.72"
"2020/08/04381,000","386,000","373,500","380,000","370,500.00","368,500.00","374,400.00","352,983.33","315,795.83",37,"30,935","33,424.80","30,747.00","41,612.88","45,740.59"
"2020/08/03370,000","384,000","365,000","381,500","367,500.00","367,600.00","374,400.00","351,791.67","314,779.17",0,"50,684","34,252.80","30,596","42,429.78","46,542.53"
"2020/07/31362,000","369,500","359,000","369,000","364,200.00","366,850.00","374,275.00","350,408.33","313,650.00",70,"39,033","29,057.20","30,008","41,880.48","46,619.74"
"2020/07/30362,000","365,000","359,000","360,000","363,800.00","367,000.00","374,125.00","349,208.33","312,537.50",0,"22,125","26,569.60","29,737","41,723.45","46,405.95"
"2020/07/29363,000","368,500","361,000","362,000","365,300.00","368,650.00","374,475.00","348,208.33","311,475.00",70,"24,347","28,391.80","29,717","41,683.92","46,356.45"
"2020/07/28363,500","366,000","361,000","365,000","366,500.00","370,800.00","374,550.00","347,116.67","310,429.17",0,"35,075","29,713.20","29,500","41,622.50","46,433.13"
"2020/07/27367,000","369,000","362,500","365,000","367,700.00","373,450.00","374,575.00","345,950.00","309,316.67",0,"24,706","29,089.20","29,523","41,465.08","46,295.22"
"2020/07/24367,500","370,500","365,500","367,000","369,500.00","375,650.00","374,850.00","344,791.67","308,200.00",0,"26,595","30,789.20","29,676","41,689.67","46,212.12"
"2020/07/23372,000","375,500","367,500","367,500","370,200.00","377,300.00","375,425.00","343,700.00","307,070.83",0,"31,236","30,713.40","29,578","41,647.83","46,209.44"
"2020/07/22370,000","373,500","366,000","368,000","372,000.00","379,050.00","376,050.00","342,641.67","305,933.33",0,"30,954","29,547","30,745","41,681.57","46,076.02"
"2020/07/21376,500","383,000","370,500","371,000","375,100.00","380,300.00","376,325.00","341,591.67","304,775.00",70,"31,955","29,198","30,761","42,718.73","45,921.41"
"2020/07/20373,000","379,000","370,500","374,000","379,200.00","381,200.00","376,650.00","340,275.00","303,600.00",0,"33,206","32,044","31,305","42,740.62","45,842.13"
"2020/07/17378,000","379,000","367,000","370,500","381,800.00","381,700.00","376,475.00","338,858.33","302,408.33",42,"26,216","31,202","31,098","42,641.02","45,967.81"
"2020/07/16384,000","387,000","375,000","376,500","384,400.00","381,250.00","376,425.00","337,408.33","301,212.50",40,"25,406","29,847","31,810","42,772.60","45,902.25"
"2020/07/15396,500","396,500","381,000","383,500","386,100.00","380,300.00","376,000.00","335,941.67","299,954.17",39,"29,205","31,289","32,738","42,913.45","45,823.43"
"2020/07/14388,000","401,500","386,000","391,500","385,500.00","378,300.00","375,575.00","334,358.33","298,629.17",0,"46,186","30,652","35,459","43,092.17","45,656.47"
"2020/07/13389,000","389,500","383,000","387,000","383,200.00","375,700.00","373,775.00","332,691.67","297,233.33",0,"28,996","26,999","36,607","42,846.18","45,360.57"
"2020/07/10383,500","388,500","382,500","383,500","381,600.00","374,050.00","371,625.00","331,083.33","295,870.83",30,"19,442","28,985.60","40,696.65","42,821.52","45,248.07"
"2020/07/09381,500","388,500","378,000","385,000","378,100.00","373,550.00","369,550.00","329,533.33","294,550.00",0,"32,615","31,817.60","45,527.55","42,994.37","45,199.54"
"2020/07/08380,000","383,500","372,500","380,500","374,500.00","373,050.00","366,450.00","327,941.67","293,225.00",0,"26,023","29,641.40","48,327.00","43,159.35","45,010.60"
"2020/07/07380,500","383,000","374,500","380,000","371,100.00","372,350.00","363,575.00","326,516.67","291,933.33",0,"27,918","28,435.20","49,072","43,787.73","44,955.27"
"2020/07/06370,000","382,500","367,500","379,000","368,200.00","372,100.00","360,400.00","325,183.33","290,645.83",0,"38,930","29,961.00","49,738","44,345.37","44,822.49"
"2020/07/03371,500","374,000","362,500","366,000","366,500.00","371,250.00","357,375.00","323,833.33","289,354.17",0,"33,602","27,729.20","48,857","44,758.83","44,624.20"
"2020/07/02366,500","374,500","365,500","367,000","369,000.00","371,600.00","355,100.00","322,783.33","288,162.50",0,"21,734","25,933.60","48,201","46,080.83","44,471.04"
"2020/07/01365,500","370,000","362,000","363,500","371,600.00","371,700.00","352,700.00","321,616.67","286,970.83",42,"19,992","32,501.00","48,588","46,299.18","44,424.76"
"2020/06/30372,500","373,000","362,000","365,500","373,600.00","372,850.00","350,375.00","320,441.67","285,858.33",0,"35,547","34,759.60","49,895","46,618.73","44,352.42"
"2020/06/29374,000","383,500","370,000","370,500","376,000.00","371,850.00","348,375.00","319,183.33","284,737.50",0,"27,771","36,218","49,527","47,739.53","44,183.95"
"2020/06/26387,000","390,000","376,000","378,500","376,000.00","369,200.00","346,125.00","317,816.67","283,612.50",0,"24,624","36,474","49,801","48,414.50","44,043.70"
"2020/06/25371,000","388,500","367,500","380,000","374,200.00","365,550.00","342,975.00","316,191.67","282,433.33",30,"54,571","39,642","50,046.25","49,121.82","43,932.97"
"2020/06/24384,000","388,500","373,500","373,500","371,800.00","359,850.00","339,925.00","314,291.67","281,270.83",0,"31,285","37,522","50,307.00","49,167.90","43,576.43"
"2020/06/23371,000","380,000","370,000","377,500","372,100.00","354,800.00","337,625.00","312,475.00","280,137.50",0,"42,839","47,991","50,989.55","49,983.40","43,432.10"
"2020/06/22364,500","372,500","363,000","370,500","367,700.00","348,700.00","334,925.00","310,408.33","278,966.67",0,"29,050","53,251","50,156.75","50,299.97","43,191.44"
"2020/06/19368,000","373,500","361,000","369,500","362,400.00","343,500.00","332,650.00","308,533.33","277,820.83",0,"40,466","69,598.00","50,139.25","50,489.78","43,009.22"
"2020/06/18379,500","383,500","367,000","368,000","356,900.00","338,600.00","330,250.00","306,658.33","276,675.00",0,"43,969","84,716.80","49,831.40","50,311.20","42,748.03"
"2020/06/17359,000","380,000","359,000","375,000","347,900.00","333,700.00","328,100.00","304,891.67","275,537.50",0,"83,629","93,643.80","50,790.55","50,078.73","42,470.14"
"2020/06/16359,500","363,000","350,000","355,500","337,500.00","327,900.00","324,900.00","302,841.67","274,354.17",0,"69,139","85,102","49,184.35","49,419.03","41,823.28"
"2020/06/15344,500","365,000","340,000","344,000","329,700.00","324,900.00","322,775.00","301,266.67","273,337.50",0,"110,787","79,522","50,072.45","48,881.73","41,292.07"
"2020/06/12319,500","346,000","315,000","342,000","324,600.00","323,050.00","321,925.00","300,000.00","272,420.83",0,"116,060","61,625","48,388.10","47,938.03","40,435.86"
"2020/06/11325,500","339,000","321,500","323,000","320,300.00","320,400.00","321,075.00","298,600.00","271,541.67",29,"88,604","42,511","46,680.20","46,838.15","39,574.47"
"2020/06/10318,000","326,000","316,000","323,000","319,500.00","320,000.00","321,050.00","297,283.33","270,808.33",0,"40,921","30,684","43,737.40","46,338.95","38,902.56"
"2020/06/09318,500","323,500","312,000","316,500","318,300.00","320,450.00","320,975.00","296,175.00","270,058.33",0,"41,238","31,729","45,019.75","46,695.92","38,689.28"
"2020/06/08326,500","327,000","318,500","318,500","320,100.00","321,150.00","320,575.00","295,250.00","269,354.17",0,"21,304","29,116.60","46,955.30","46,498.48","38,399.36"
"2020/06/05320,000","320,500","316,000","320,500","321,500.00","321,800.00","319,575.00","294,316.67","268,616.67",0,"20,488","31,505.20","46,776.40","46,786.10","38,267.99"
"2020/06/04317,000","321,000","314,000","319,000","320,500.00","321,900.00","318,400.00","293,450.00","267,870.83",0,"29,468","33,315.00","47,232.55","47,251.65","38,133.89"
"2020/06/03324,500","327,000","316,500","317,000","320,500.00","322,500.00","317,450.00","292,625.00","267,158.33",0,"46,148","39,378.60","46,746.80","47,274.10","37,944.36"
"2020/06/02322,500","327,500","320,500","325,500","322,600.00","321,900.00","316,425.00","291,875.00","266,433.33",0,"28,175","39,136.20","45,472.50","47,113.63","37,606.60"
"2020/06/01314,500","326,500","314,500","325,500","322,200.00","320,650.00","314,900.00","291,008.33","265,658.33",0,"33,247","38,737.80","45,345.25","47,880.00","37,438.58"
"2020/05/29318,000","322,500","315,500","315,500","322,100.00","320,800.00","313,400.00","289,858.33","264,875.00",0,"29,537","37,828.40","45,591.95","48,298.83","37,224.74"
"2020/05/28326,500","327,000","315,500","319,000","323,300.00","321,750.00","312,700.00","289,016.67","264,195.83",0,"59,786","38,782.80","45,319.35","48,399.57","37,028.28"
"2020/05/27327,500","336,000","327,000","327,500","324,500.00","322,100.00","311,950.00","288,100.00","263,491.67",0,"44,936","39,456.00","43,993.05","48,590.43","36,621.83"
"2020/05/26328,500","328,500","321,000","323,500","321,200.00","321,500.00","310,825.00","287,191.67","262,750.00",0,"26,183","40,769.80","46,405.45","48,471.48","36,340.77"
"2020/05/25324,000","328,000","319,000","325,000","319,100.00","320,000.00","309,250.00","286,391.67","262,041.67",30,"28,700","52,913.40","46,759.70","48,926.23","36,197.33"
"2020/05/22326,000","328,000","318,500","321,500","319,500.00","317,350.00","307,450.00","285,591.67","261,300.00",0,"34,309","62,593.40","46,686.20","49,803.33","36,057.84"
"2020/05/21314,000","325,000","311,000","325,000","320,200.00","314,900.00","305,550.00","284,900.00","260,587.50",0,"63,152","72,112.00","46,676.30","51,617.85","35,857.49"
"2020/05/20315,000","320,000","310,500","311,000","319,700.00","312,400.00","303,725.00","284,175.00","259,825.00",0,"51,505","65,431.20","45,211.55","51,801.62","35,397.97"
"2020/05/19322,000","323,000","305,000","313,000","321,800.00","310,950.00","302,600.00","283,583.33","259,187.50",0,"86,901","68,443.80","44,632.70","51,869.32","35,050.99"
"2020/05/18330,000","342,000","323,000","327,000","320,900.00","309,150.00","301,525.00","282,933.33","258,541.67",0,"77,100","67,053.40","41,859.00","51,638.72","34,479.78"
"2020/05/15329,500","337,000","319,500","325,000","315,200.00","306,000.00","299,700.00","281,850.00","257,833.33",0,"81,902","55,178.60","39,379.80","50,762.85","33,953.30"
"2020/05/14319,500","322,500","314,500","322,500","309,600.00","303,650.00","297,975.00","280,766.67","257,120.83",0,"29,748","44,720.40","36,775.35","50,040.28","33,557.93"
"2020/05/13309,000","321,500","304,500","321,500","305,100.00","301,800.00","296,325.00","279,675.00","256,475.00",0,"66,568","42,721.40","37,413.65","50,108.30","33,406.58"
"2020/05/12299,000","313,000","297,500","308,500","300,100.00","300,150.00","295,000.00","278,608.33","255,820.83",0,"79,949","33,540.20","37,271.55","49,868.30","32,977.80"
"2020/05/11299,500","299,500","296,000","298,500","297,400.00","298,500.00","294,575.00","277,766.67","255,320.83",0,"17,726","22,676.40","36,342.90","50,655.28","32,386.56"
"2020/05/08303,000","305,500","296,500","297,000","296,800.00","297,550.00","294,550.00","276,891.67","254,904.17",0,"29,611","26,767.40","38,643.50","51,359.00","32,328.06"
"2020/05/07296,000","302,000","295,000","300,000","297,700.00","296,200.00","294,850.00","275,866.67","254,479.17",0,"19,753","25,662.20","42,809.05","51,088.45","32,170.03"
"2020/05/06298,000","298,000","295,000","296,500","298,500.00","295,050.00","294,700.00","274,741.67","254,008.33",0,"20,662","28,363.60","43,563.15","51,028.98","32,094.09"
"2020/05/04291,500","299,000","288,500","295,000","300,200.00","294,250.00","294,525.00","273,741.67","253,579.17",0,"25,630","42,868.00","44,488.30","51,243.77","32,016.76"
"2020/04/29300,000","301,000","295,500","295,500","299,600.00","293,900.00","294,275.00","272,683.33","253,166.67",0,"38,181","44,395.60","48,346.55","51,125.35","32,088.92"
"2020/04/28304,500","305,000","299,000","301,500","298,300.00","293,400.00","293,925.00","271,608.33","252,800.00",0,"24,085","42,205.40","49,850.95","50,734.57","31,832.80"
"2020/04/27307,000","310,000","302,000","304,000","294,700.00","292,300.00","292,900.00","270,441.67","252,379.17",0,"33,260","44,210.60","51,999.85","50,771.05","31,726.28"
"2020/04/24292,000","306,000","289,000","305,000","291,600.00","290,850.00","291,000.00","269,225.00","251,879.17",0,"93,184","44,330.00","53,203.65","50,470.47","31,523.94"
"2020/04/23288,000","293,000","285,000","292,000","288,300.00","289,850.00","288,975.00","267,958.33","251,354.17",0,"33,268","33,678.80","52,555.20","49,124.08","30,815.41"
"2020/04/22283,000","289,000","277,500","289,000","288,200.00","290,650.00","287,050.00","266,925.00","250,920.83",0,"27,230","33,310.60","53,983.45","48,943.63","30,621.99"
"2020/04/21289,000","291,000","278,000","283,500","288,500.00","291,550.00","285,500.00","265,958.33","250,533.33",30,"34,111","33,367.80","54,643.90","49,294.60","30,493.63"
"2020/04/20288,500","291,000","287,000","288,500","289,900.00","293,500.00","284,175.00","265,016.67","250,229.17",0,"33,857","32,508.20","54,425.90","49,031.90","30,277.38"
"2020/04/17292,000","295,000","288,000","288,500","290,100.00","294,350.00","282,850.00","263,966.67","249,883.33",0,"39,928","34,239.60","54,234.10","48,733.42","30,096.50"
"2020/04/16287,500","292,000","283,000","291,500","291,400.00","294,800.00","281,025.00","262,900.00","249,562.50",30,"31,427","38,999.20","54,440.05","48,220.77","29,847.92"
"2020/04/14289,000","292,000","289,000","290,500","293,100.00","294,650.00","279,500.00","261,775.00","249,187.50",0,"27,516","44,989.00","54,713.75","47,874.95","29,662.80"
"2020/04/13287,500","292,500","285,000","290,500","294,600.00","294,450.00","278,375.00","260,658.33","248,862.50",0,"29,813","52,233.40","56,046.20","47,674.63","29,522.46"
"2020/04/10295,000","296,000","284,500","289,500","297,100.00","293,500.00","276,750.00","259,566.67","248,545.83",42,"42,514","68,855.20","57,058.90","47,404.72","29,375.27"
"2020/04/09303,000","303,500","291,500","295,000","298,600.00","291,150.00","274,475.00","258,508.33","248,237.50",0,"63,726","67,319.40","57,865.80","46,861.85","29,147.28"
"2020/04/08304,000","309,000","300,000","300,000","298,200.00","288,100.00","272,550.00","257,350.00","247,887.50",30,"61,376","62,407.20","57,796.45","46,122.80","28,690.26"
"2020/04/07308,500","309,000","294,000","298,000","296,200.00","283,450.00","270,600.00","256,108.33","247,500.00",0,"63,738","70,691.00","56,197.25","45,299.62","28,336.88"
"2020/04/06304,500","324,000","300,500","303,000","294,300.00","279,450.00","268,825.00","254,875.00","247,100.00",0,"112,922","71,597.20","54,938.40","44,489.57","27,882.76"
"2020/04/03290,500","298,000","287,500","297,000","289,900.00","274,850.00","267,100.00","253,541.67","246,633.33",0,"34,835","62,425.40","51,713.35","42,861.25","27,048.17"
"2020/04/02294,000","298,500","282,000","293,000","283,700.00","271,350.00","265,725.00","252,325.00","246,187.50",0,"39,165","66,925.60","51,512.35","42,550.33","26,836.06"
"2020/04/01294,500","308,500","287,000","290,000","278,000.00","267,250.00","264,675.00","251,275.00","245,766.67",0,"102,795","75,135.60","51,380.10","42,086.10","26,644.56"
"2020/03/31282,500","298,500","282,500","288,500","270,700.00","264,350.00","263,850.00","250,291.67","245,416.67",0,"68,269","66,943.20","49,948.20","40,628.37","25,938.60"
"2020/03/30263,500","281,000","263,500","281,000","264,600.00","262,300.00","262,250.00","249,408.33","245,104.17",0,"67,063","61,377.20","49,453.60","39,672.90","25,484.51"
"2020/03/27275,000","275,000","259,500","266,000","259,800.00","260,000.00","261,450.00","248,675.00","244,808.33",0,"57,336","53,914.80","47,879.50","38,744.13","24,998.29"
"2020/03/26253,500","271,500","251,500","264,500","259,000.00","257,800.00","261,350.00","248,250.00","244,645.83",0,"80,215","48,451.80","48,574.60","37,984.95","24,600.04"
"2020/03/25260,500","261,000","251,000","253,500","256,500.00","257,000.00","261,775.00","247,800.00","244,533.33",0,"61,833","41,218.20","46,453.80","36,880.80","24,001.91"
"2020/03/24257,500","261,000","253,500","258,000","258,000.00","257,750.00","262,875.00","247,525.00","244,500.00",0,"40,439","36,231.80","46,035.55","36,082.92","23,535.13"
"2020/03/23256,500","262,500","250,000","257,000","260,000.00","258,200.00","263,825.00","247,108.33","244,433.33",0,"29,751","38,977.00","48,079.90","35,528.65","23,252.03"
"2020/03/20258,500","262,500","248,000","262,000","260,200.00","259,350.00","264,975.00","246,691.67","244,391.67",71,"30,021","43,040.20","53,751.35","35,184.85","23,066.07"
"2020/03/19264,500","267,000","247,500","252,000","256,600.00","260,100.00","265,950.00","246,183.33","244,316.67",0,"44,047","48,766.40","55,959.20","34,861.55","22,886.41"
"2020/03/18271,000","271,500","261,000","261,000","257,500.00","262,100.00","267,125.00","245,866.67","244,366.67",2,"36,901","52,424.80","56,535.20","34,227.52","22,677.35"
"2020/03/17252,000","273,000","251,500","268,000","257,500.00","263,350.00","267,775.00","245,408.33","244,300.00",0,"54,165","50,923.00","58,343.40","33,702.40","22,507.18"
"2020/03/16250,000","265,000","247,000","258,000","256,400.00","262,200.00","267,475.00","244,841.67","244,125.00",0,"50,067","47,802.20","56,862.55","32,933.68","22,148.61"
"2020/03/13245,500","248,500","233,000","244,000","258,500.00","262,900.00","267,575.00","244,483.33","244,029.17",0,"58,652","47,473.00","56,286.60","32,310.78","21,823.83"
"2020/03/12261,000","264,500","254,000","256,500","263,600.00","264,900.00","268,225.00","244,333.33","244,050.00",0,"62,339","41,905.60","55,045.45","31,466.17","21,408.07"
"2020/03/11262,500","264,500","258,500","261,000","266,700.00","266,550.00","268,275.00","243,941.67","243,975.00",0,"29,392","36,741.80","54,536.90","30,682.65","20,986.91"
"2020/03/10264,000","267,500","257,500","262,500","269,200.00","268,000.00","268,125.00","243,458.33","243,850.00",0,"38,561","45,694.80","59,425.70","30,300.23","20,824.83"
"2020/03/09272,000","275,500","263,500","268,500","268,000.00","269,450.00","267,300.00","242,916.67","243,700.00",0,"48,421","49,658.00","60,495.10","29,749.88","20,680.58"
"2020/03/06269,000","272,000","264,500","269,500","267,300.00","270,600.00","265,650.00","242,291.67","243,508.33",0,"30,815","47,090.00","58,742.95","29,016.13","20,373.38"
"2020/03/05271,000","279,000","268,000","272,000","266,200.00","271,800.00","263,800.00","241,691.67","243,275.00",0,"36,520","55,174.60","58,011.45","28,614.62","20,187.55"
"2020/03/04258,000","275,500","257,500","273,500","266,400.00","272,150.00","262,025.00","240,991.67","243,008.33",0,"74,157","55,430.40","57,862.90","28,099.57","19,988.57"
"2020/03/03265,000","268,500","255,500","256,500","266,800.00","272,200.00","259,925.00","240,308.33","242,766.67",30,"58,377","51,292.60","55,081.30","26,997.17","19,509.35"
"2020/03/02266,500","268,500","260,000","265,000","270,900.00","272,750.00","258,650.00","239,891.67","242,725.00",0,"35,581","55,882.40","52,899.15","26,150.65","19,234.88"
"2020/02/28271,500","271,500","257,000","264,000","273,900.00","272,250.00","256,975.00","239,375.00","242,529.17",0,"71,238","77,402.20","52,433.80","25,656.98","19,044.14"
"2020/02/27271,500","278,500","271,500","273,000","277,400.00","271,550.00","255,325.00","238,883.33","242,283.33",0,"37,799","77,990.20","49,633.15","24,653.23","18,513.79"
"2020/02/26278,000","282,000","272,500","275,500","277,900.00","270,000.00","253,125.00","238,308.33","242,008.33",43,"53,468","81,543.80","48,363.25","24,210.05","18,325.09"
"2020/02/25280,000","285,500","270,500","277,000","277,600.00","268,250.00","250,850.00","237,691.67","241,629.17",0,"81,326","85,463.20","46,811.90","23,468.43","17,942.33"
"2020/02/24293,000","301,000","279,000","280,000","274,600.00","265,150.00","248,550.00","237,008.33","241,229.17",0,"143,180","74,107.60","45,160.00","22,312.35","17,328.49"
"2020/02/21276,500","286,000","276,500","281,500","270,600.00","260,700.00","245,900.00","236,275.00","240,795.83",0,"74,178","53,181.20","38,918.45","20,097.13","16,206.48"
"2020/02/20276,000","280,500","270,500","275,500","265,700.00","255,800.00","243,100.00","235,475.00","240,329.17",0,"55,567","45,111.40","36,006.95","18,994.33","15,645.44"
"2020/02/19263,000","275,500","261,000","274,000","262,100.00","251,900.00","240,550.00","234,791.67","239,945.83",0,"73,065","44,431.60","33,687.05","18,232.67","15,247.98"
"2020/02/18260,000","262,500","258,000","262,000","258,900.00","247,650.00","238,050.00","234,150.00","239,591.67",0,"24,548","55,252.20","30,567.70","17,320.85","14,715.88"
"2020/02/17261,500","264,000","257,500","260,000","255,700.00","244,550.00","236,125.00","233,816.67","239,300.00",0,"38,548","62,332.40","30,115.15","17,143.75","14,579.51"
"2020/02/14257,500","262,000","255,000","257,000","250,800.00","241,700.00","234,375.00","233,475.00","239,037.50",0,"33,829","57,298.40","28,868.65","17,075.58","14,315.44"
"2020/02/13262,500","263,000","255,000","257,500","245,900.00","239,100.00","232,825.00","233,275.00","238,775.00",0,"52,168","53,769.60","27,674.30","16,704.87","14,105.63"
"2020/02/12260,000","272,000","251,000","258,000","241,700.00","236,250.00","231,225.00","233,033.33","238,483.33",0,"127,168","50,045.80","26,035.05","16,087.30","13,788.96"
"2020/02/11238,000","248,000","238,000","246,000","236,400.00","233,450.00","229,600.00","232,875.00","238,208.33",0,"59,949","28,317.20","20,275.90","14,117.83","12,849.67"
"2020/02/10232,500","237,000","228,000","235,500","233,400.00","231,950.00","228,500.00","232,916.67","238,058.33",0,"13,378","19,274.20","18,035.20","13,297.12","12,446.83"
"2020/02/07237,000","240,000","231,500","232,500","232,600.00","231,100.00","227,875.00","233,091.67","237,991.67",39,"16,185","21,853.40","18,127.45","13,251.60","12,378.23"
"2020/02/06233,500","241,000","233,000","236,500","232,300.00","230,400.00","227,450.00","233,275.00","237,966.67",0,"33,549","21,661.40","18,127.20","13,159.20","12,302.91"
"2020/02/05230,000","233,500","229,500","231,500","230,800.00","229,200.00","227,125.00","233,416.67","237,912.50",30,"18,525","17,431.80","17,015.30","12,789.75","12,132.83"
"2020/02/04228,500","233,500","228,500","231,000","230,500.00","228,450.00","227,100.00","233,650.00","237,875.00",0,"14,734","18,215.00","16,855.60","13,052.48","12,076.83"
"2020/02/03234,000","239,500","231,000","231,500","230,500.00","227,700.00","227,325.00","233,991.67","237,841.67",29,"26,274","24,925.80","16,665.95","12,931.03","12,105.53"
"2020/01/31231,500","232,500","228,500","231,000","229,600.00","227,050.00","227,600.00","234,316.67","237,787.50",0,"15,225","23,340.80","15,919.10","12,681.52","12,019.82"
"2020/01/30228,000","232,000","226,500","229,000","228,500.00","226,550.00","228,075.00","234,533.33","237,779.17",0,"12,401","23,485.40","15,747.10","12,577.42","11,964.43"
"2020/01/29232,000","235,000","228,000","230,000","227,600.00","226,200.00","228,500.00","234,750.00","237,800.00",0,"22,441","22,839.00","15,825.35","12,506.73","11,926.78"
"2020/01/28229,000","237,000","227,500","231,000","226,400.00","225,750.00","228,850.00","234,916.67","237,841.67",0,"48,288","20,486.40","15,401.30","12,300.35","11,801.65"
"2020/01/23225,000","229,000","223,500","227,000","224,900.00","225,050.00","228,950.00","235,108.33","237,845.83",0,"18,349","13,928.20","13,346.05","11,692.67","11,452.53"
"2020/01/22225,500","226,500","224,500","225,500","224,500.00","224,650.00","229,200.00","235,441.67","237,900.00",0,"15,948","12,982.00","12,884.75","11,522.87","11,352.11"
"2020/01/21224,000","225,500","224,000","224,500","224,600.00","224,500.00","229,500.00","235,800.00","238,000.00",0,"9,169","11,780.80","12,618.50","11,459.58","11,267.57"
"2020/01/20223,500","225,500","223,000","224,000","224,800.00","225,050.00","229,925.00","236,225.00","238,116.67",70,"10,678","13,823.60","12,460.30","11,475.07","11,255.44"
"2020/01/17224,500","227,000","223,000","223,500","225,100.00","225,750.00","230,400.00","236,600.00","238,250.00",0,"15,497","14,085.00","12,196.10","11,450.65","11,228.88"
"2020/01/16226,000","226,000","224,000","225,000","225,200.00","226,950.00","230,925.00","237,066.67","238,420.83",70,"13,618","14,012.60","11,823.35","11,370.28","11,195.92"
"2020/01/15226,000","226,500","224,000","226,000","224,800.00","228,150.00","231,500.00","237,525.00","238,558.33",70,"9,942","14,333.60","11,777.10","11,345.82","11,147.81"
"2020/01/14226,000","226,000","224,000","225,500","224,400.00","229,600.00","231,950.00","237,966.67","238,675.00",0,"19,383","15,581.20","11,678.75","11,432.70","11,181.65"
"2020/01/13225,500","226,500","223,000","225,500","225,300.00","230,800.00","232,325.00","238,425.00","238,791.67",0,"11,985","13,966.80","11,476.00","11,257.72","11,166.32"
"2020/01/10223,000","226,000","222,500","224,000","226,400.00","231,950.00","232,650.00","238,891.67","238,850.00",70,"15,135","14,636.00","11,199.10","11,374.13","11,250.49"
"2020/01/09225,000","228,000","222,500","223,000","228,700.00","232,850.00","232,950.00","239,325.00","238,962.50",0,"15,223","13,797.20","10,719.35","11,275.95","11,205.42"
"2020/01/08228,000","228,500","223,000","224,000","231,500.00","233,750.00","233,350.00","239,725.00","239,104.17",0,"16,180","13,020.00","10,178.00","11,235.10","11,146.94"
"2020/01/07231,000","233,000","229,500","230,000","234,800.00","234,500.00","233,825.00","240,050.00","239,270.83",70,"11,311","12,141.00","9,705.20","11,121.78","11,103.22"
"2020/01/06234,500","237,000","229,500","231,000","236,300.00","234,800.00","233,825.00","240,258.33","239,404.17",0,"15,331","12,672.00","9,420.50","11,203.02","11,095.73"
"2020/01/03240,000","240,000","234,500","235,500","237,500.00","235,050.00","233,900.00","240,541.67","239,508.33",0,"10,941","12,397.80","9,054.60","11,248.83","11,033.07"
"2020/01/02240,500","242,000","236,500","237,000","237,000.00","234,900.00","233,700.00","240,800.00","239,554.17",30,"11,337","11,646.20","8,886.85","11,296.12","11,032.33"
"2019/12/30237,500","242,000","237,500","240,500","236,000.00","234,850.00","233,550.00","240,941.67","239,645.83",0,"11,785","11,203.40","8,618.05","11,252.45","11,027.26"
"2019/12/27235,000","239,500","233,500","237,500","234,200.00","234,300.00","233,250.00","241,041.67","239,762.50",0,"13,966","10,971.00","8,579.45","11,215.13","11,003.31"
"2019/12/26235,000","237,500","233,500","237,000","233,300.00","233,850.00","233,300.00","241,266.67","239,879.17",59,"13,960","9,378.80","8,441.55","11,123.02","10,957.51"
"2019/12/24232,500","234,000","232,000","233,000","232,600.00","233,350.00","233,375.00","241,475.00","239,962.50",58,"7,183","7,665.60","8,192.10","10,987.33","10,898.82"
"2019/12/23234,000","235,000","231,000","232,000","232,800.00","233,050.00","233,525.00","241,758.33","240,075.00",0,"9,123","7,837.40","8,431.00","10,975.40","10,893.31"
"2019/12/20232,500","234,000","231,500","231,500","233,700.00","232,950.00","233,725.00","242,091.67","240,225.00",0,"10,623","8,551.40","8,488.20","10,947.28","10,891.06"
"2019/12/19233,000","234,500","232,000","233,000","234,400.00","233,150.00","233,825.00","242,450.00","240,412.50",0,"6,005","8,021.80","8,357.55","10,911.27","10,903.64"
"2019/12/18234,000","236,000","233,000","233,500","234,400.00","232,850.00","233,900.00","242,866.67","240,558.33",0,"5,394","9,886.40","8,550.65","11,127.18","10,977.48"
"2019/12/17233,500","235,500","233,500","234,000","234,100.00","232,750.00","234,000.00","243,191.67","240,729.17",0,"8,042","10,097.00","9,198.75","11,311.97","11,064.08"
"2019/12/16235,000","237,000","230,500","236,500","233,300.00","232,500.00","234,400.00","243,408.33","240,862.50",20,"12,693","9,596.60","9,492.75","11,363.53","11,056.49"
"2019/12/13233,500","235,500","233,500","235,000","232,200.00","232,250.00","234,550.00","243,575.00","240,962.50",0,"7,975","7,937.20","10,581.00","11,336.88","11,017.91"
"2019/12/12234,000","235,000","231,000","233,000","231,900.00","232,200.00","235,050.00","243,766.67","241,083.33",0,"15,328","7,687.00","10,761.55","11,349.97","11,084.01"
"2019/12/11232,000","234,500","230,500","232,000","231,300.00","232,750.00","235,550.00","244,008.33","241,229.17",0,"6,447","5,744.80","10,750.85","11,291.17","11,001.96"
"2019/12/10230,000","232,500","229,500","230,000","231,400.00","233,400.00","236,375.00","244,241.67","241,375.00",0,"5,540","6,058.00","10,878.50","11,349.43","11,003.07"
"2019/12/09232,500","234,500","230,500","231,000","231,700.00","234,000.00","237,300.00","244,483.33","241,541.67",0,"4,396","6,467.20","11,136.80","11,611.28","11,017.79"
"2019/12/06228,000","234,500","228,000","233,500","232,300.00","234,500.00","238,050.00","244,725.00","241,691.67",60,"6,724","6,780.20","11,449.35","11,730.62","11,079.86"
"2019/12/05230,500","234,000","229,500","230,000","232,500.00","234,500.00","238,550.00","244,858.33","241,866.67",70,"5,617","7,638.00","11,645.20","11,760.48","11,200.92"
"2019/12/04230,000","233,500","229,500","232,500","234,200.00","234,950.00","239,300.00","245,025.00","242,058.33",0,"8,013","8,756.20","11,933.45","11,877.57","11,324.33"
"2019/12/03234,000","236,000","230,500","231,500","235,400.00","235,250.00","239,950.00","245,225.00","242,191.67",0,"7,586","8,947.80","13,247.25","12,021.53","11,346.98"
"2019/12/02235,000","237,500","233,500","234,000","236,300.00","236,300.00","240,950.00","245,558.33","242,329.17",70,"5,961","9,822.80","13,240.30","12,319.12","11,355.72"
"2019/11/29240,000","240,000","233,500","234,500","236,700.00","236,850.00","241,800.00","245,683.33","242,429.17",0,"11,013","10,684.00","13,507.40","12,431.30","11,374.88"
"2019/11/28236,500","239,500","235,000","238,500","236,500.00","237,900.00","242,275.00","245,683.33","242,495.83",0,"11,208","10,083.40","13,405.70","12,374.35","11,351.33"
"2019/11/27239,000","239,500","236,000","238,500","235,700.00","238,350.00","242,450.00","245,708.33","242,541.67",0,"8,971","9,815.20","13,253.30","12,440.13","11,372.66"
"2019/11/26236,000","238,000","234,000","236,000","235,100.00","239,350.00","242,525.00","245,566.67","242,575.00",0,"11,961","11,692.20","13,307.65","12,416.23","11,458.58"
"2019/11/25235,000","237,500","232,000","236,000","236,300.00","240,600.00","242,850.00","245,450.00","242,616.67",0,"10,267","12,084.40","13,300.95","12,344.63","11,469.58"
"2019/11/22238,000","238,000","232,500","233,500","237,000.00","241,600.00","243,400.00","245,316.67","242,662.50",0,"8,010","16,922.60","13,195.65","12,315.83","11,503.02"
"2019/11/21234,500","236,500","233,000","234,500","239,300.00","242,600.00","244,075.00","245,183.33","242,741.67",0,"9,867","17,637.80","13,402.70","12,296.55","11,529.99"
"2019/11/20240,000","240,500","235,500","235,500","241,000.00","243,650.00","244,850.00","245,100.00","242,829.17",0,"18,356","18,687.20","13,414.25","12,263.28","11,525.24"
"2019/11/19236,500","243,000","236,500","242,000","243,600.00","244,650.00","245,400.00","245,033.33","242,929.17",0,"13,922","16,816.00","12,957.10","12,110.92","11,490.21"
"2019/11/18243,500","247,500","234,500","239,500","244,900.00","245,600.00","245,875.00","244,783.33","242,954.17",0,"34,458","16,172.80","12,794.75","12,015.27","11,513.63"
"2019/11/15242,500","248,500","241,500","245,000","246,200.00","246,750.00","246,525.00","244,600.00","243,058.33",9,"11,586","11,410.60","11,679.35","11,555.30","11,344.45"
"2019/11/14249,000","252,000","243,000","243,000","245,900.00","246,650.00","246,900.00","244,275.00","243,137.50",0,"15,114","11,221.60","11,857.80","11,506.38","11,403.83"
"2019/11/13248,500","251,500","248,000","248,500","246,300.00","246,550.00","247,400.00","243,933.33","243,183.33",0,"9,000","10,475.20","11,546.30","11,490.62","11,441.29"
"2019/11/12247,500","250,000","246,000","248,500","245,700.00","245,700.00","247,650.00","243,541.67","243,258.33",0,"10,706","15,533.00","12,044.80","11,581.52","11,497.82"
"2019/11/11245,500","248,000","243,500","246,000","246,300.00","245,100.00","247,725.00","243,200.00","243,304.17",0,"10,647","14,881.20","11,971.70","11,596.55","11,584.09"
"2019/11/08244,500","245,500","242,000","243,500","247,300.00","245,200.00","247,775.00","242,891.67","243,383.33",0,"10,641","15,012.40","12,077.95","11,504.87","11,725.48"
"2019/11/07243,500","247,000","243,500","245,000","247,400.00","245,550.00","247,775.00","242,658.33","243,554.17",0,"11,382","14,680.00","12,014.95","11,446.62","11,899.56"
"2019/11/06249,500","249,500","242,000","245,500","246,800.00","246,050.00","247,650.00","242,408.33","243,825.00",0,"34,289","14,035.60","12,255.10","11,475.90","11,931.19"
"2019/11/05248,000","254,000","248,000","251,500","245,700.00","246,150.00","247,775.00","242,100.00","244,062.50",0,"7,447","9,189.40","11,444.65","11,101.17","11,716.49"
"2019/11/04244,500","251,500","244,500","251,000","243,900.00","246,150.00","247,750.00","241,691.67","244,233.33",18,"11,303","10,065.40","11,761.20","11,280.03","11,729.48"
"2019/11/01242,000","245,500","239,500","244,000","243,100.00","246,300.00","247,475.00","241,258.33","244,429.17",0,"8,979","9,437.00","11,631.90","11,358.12","11,802.97"
"2019/10/31243,500","245,000","236,000","242,000","243,700.00","247,150.00","247,600.00","241,025.00","244,683.33",0,"8,160","10,071.40","11,660.25","11,351.45","11,900.73"
"2019/10/30240,500","242,500","239,000","240,000","245,300.00","248,250.00","248,050.00","240,850.00","245,008.33",0,"10,058","10,459.00","11,674.20","11,346.83","11,959.98"
"2019/10/29247,500","248,000","241,500","242,500","246,600.00","249,600.00","248,525.00","240,766.67","245,308.33",0,"11,827","10,290.00","11,462.25","11,302.95","11,986.11"
"2019/10/28246,500","248,500","245,000","247,000","248,400.00","250,350.00","248,900.00","240,583.33","245,600.00",0,"8,161","10,059.60","11,194.25","11,212.38","12,064.90"
"2019/10/25248,000","251,500","244,500","247,000","249,500.00","250,350.00","249,150.00","240,358.33","245,854.17",0,"12,151","10,857.40","11,158.00","11,181.35","12,120.31"
"2019/10/24246,000","251,000","244,500","250,000","250,600.00","250,000.00","249,450.00","240,200.00","246,133.33",0,"10,098","11,458.20","10,973.55","11,075.55","12,111.05"
"2019/10/23250,500","252,500","246,000","246,500","251,200.00","249,250.00","249,850.00","240,008.33","246,395.83",0,"9,213","11,215.40","11,416.65","11,035.82","12,119.82"
"2019/10/22250,500","254,500","250,000","251,500","252,600.00","249,400.00","250,175.00","239,900.00","246,670.83",0,"10,675","13,166.80","11,780.05","11,007.12","12,175.74"
"2019/10/21254,000","254,000","247,500","252,500","252,300.00","249,350.00","249,950.00","239,775.00","246,895.83",20,"12,150","12,880.60","11,803.10","11,021.55","12,173.83"
"2019/10/18255,000","256,000","251,500","252,500","251,200.00","248,650.00","249,650.00","239,591.67","247,125.00",30,"15,155","13,005.00","11,750.30","10,949.80","12,282.11"
"2019/10/17251,500","256,000","251,500","253,000","249,400.00","248,050.00","249,350.00","239,383.33","247,337.50",0,"8,884","11,850.20","11,430.55","10,930.60","12,300.30"
"2019/10/16253,000","254,000","248,000","253,500","247,300.00","247,850.00","249,075.00","239,158.33","247,541.67",0,"18,970","13,310.40","11,576.35","11,074.92","12,369.50"
"2019/10/15246,000","253,500","246,000","250,000","246,200.00","247,450.00","248,700.00","238,808.33","247,687.50",0,"9,244","13,132.40","11,125.00","11,126.85","12,365.26"
"2019/10/14246,500","247,500","244,000","247,000","246,400.00","247,450.00","248,425.00","238,600.00","247,895.83",0,"12,772","14,039.20","11,725.35","11,134.90","12,600.22"
"2019/10/11245,500","248,500","243,500","243,500","246,100.00","247,950.00","248,350.00","238,483.33","248,208.33",0,"9,381","13,228.20","11,664.55","11,058.78","12,670.15"
"2019/10/10249,000","251,000","242,500","242,500","246,700.00","248,900.00","248,250.00","238,491.67","248,595.83",0,"16,185","13,261.20","11,621.30","11,084.65","12,689.77"
"2019/10/08251,000","253,500","245,500","248,000","248,400.00","250,450.00","248,125.00","238,550.00","249,012.50",0,"18,080","11,712.00","11,444.15","10,988.43","12,688.08"
"2019/10/07246,000","254,500","246,000","251,000","248,700.00","250,950.00","247,950.00","238,475.00","249,391.67",0,"13,778","9,259.80","11,372.70","10,817.30","12,667.80"
"2019/10/04247,500","251,500","243,500","245,500","248,500.00","250,550.00","247,975.00","238,308.33","249,729.17",0,"8,717","7,797.60","11,955.85","10,768.55","12,795.42"
"2019/10/02249,000","254,000","246,500","246,500","249,800.00","250,650.00","247,775.00","238,350.00","250,079.17",0,"9,546","7,541.40","12,154.60","10,802.07","12,843.58"
"2019/10/01248,000","253,000","248,000","251,000","251,100.00","250,650.00","247,175.00","238,483.33","250,416.67",0,"8,439","7,324.60","12,057.10","10,791.48","12,921.95"
"2019/09/30252,000","252,000","248,000","249,500","252,500.00","250,300.00","246,625.00","238,491.67","250,741.67",0,"5,819","9,428.80","12,392.90","10,792.00","12,946.26"
"2019/09/27253,500","255,000","249,000","250,000","253,200.00","249,950.00","245,650.00","238,450.00","251,062.50",0,"6,467","11,561.20","12,478.80","10,810.30","13,106.62"
"2019/09/26253,000","256,000","249,000","252,000","252,600.00","249,400.00","244,600.00","238,391.67","251,416.67",0,"7,436","12,495.00","12,538.70","10,811.22","13,345.15"
"2019/09/25260,000","262,000","252,500","253,000","251,500.00","248,750.00","243,400.00","238,358.33","251,770.83",0,"8,462","13,226.60","12,593.85","10,834.83","13,528.58"
"2019/09/24252,500","260,000","252,500","258,000","250,200.00","247,600.00","242,025.00","238,375.00","252,183.33",0,"18,960","13,286.20","12,513.40","10,896.02","13,617.98"
"2019/09/23248,500","254,000","247,000","253,000","248,100.00","245,800.00","240,600.00","238,250.00","252,608.33",0,"16,481","11,854.20","11,958.95","10,827.77","13,608.28"
"2019/09/20245,500","248,500","244,500","247,000","246,700.00","244,950.00","239,525.00","238,266.67","253,075.00",0,"11,136","10,546.60","11,595.60","10,816.20","13,661.44"
"2019/09/19245,500","250,000","245,000","246,500","246,200.00","245,400.00","238,525.00","238,316.67","253,625.00",0,"11,094","12,569.60","11,447.95","10,749.45","13,707.09"
"2019/09/18246,500","249,000","245,000","246,500","246,000.00","244,900.00","237,625.00","238,350.00","254,183.33",0,"8,760","12,662.00","11,236.25","10,698.93","13,786.15"
"2019/09/17246,000","250,000","246,000","247,500","245,000.00","243,700.00","236,575.00","238,400.00","254,704.17",0,"11,800","12,613.20","11,230.80","10,818.05","13,919.63"
"2019/09/16244,500","248,500","244,500","246,000","243,500.00","242,950.00","235,325.00","238,450.00","255,154.17",0,"9,943","12,781.60","11,349.20","10,712.75","14,001.25"
"2019/09/11244,500","248,000","243,000","244,500","243,200.00","241,350.00","234,275.00","238,508.33","255,595.83",0,"21,251","14,123.20","11,574.75","10,656.70","14,043.16"
"2019/09/10241,500","246,500","241,500","245,500","244,600.00","239,800.00","233,450.00","238,600.00","256,012.50",0,"11,556","14,961.20","11,092.60","10,424.30","14,009.70"
"2019/09/09239,000","245,000","239,000","241,500","243,800.00","238,050.00","232,550.00","238,658.33","256,475.00",0,"8,516","15,188.40","10,772.10","10,429.10","13,978.48"
"2019/09/06248,000","248,000","237,000","240,000","242,400.00","236,450.00","231,950.00","238,875.00","256,962.50",38,"12,642","15,004.40","10,703.60","10,641.37","14,005.53"
"2019/09/05249,000","250,500","244,000","244,500","242,400.00","235,400.00","231,450.00","239,091.67","257,475.00",37,"16,651","15,507.00","10,728.45","10,771.08","13,991.61"
"2019/09/04239,500","251,500","239,000","251,500","239,500.00","234,100.00","230,575.00","239,158.33","257,954.17",18,"25,441","13,684.20","10,486.15","10,672.43","14,042.69"
"2019/09/03233,000","244,000","233,000","241,500","235,000.00","231,650.00","229,350.00","239,100.00","258,366.67",0,"12,692","10,129.00","10,123.05","10,392.32","13,961.77"
"2019/09/02237,500","240,000","234,000","234,500","232,300.00","230,350.00","228,525.00","239,175.00","258,841.67",37,"7,596","9,298.40","10,287.85","10,318.45","13,963.97"
"2019/08/30232,500","241,500","232,500","240,000","230,500.00","229,450.00","228,300.00","239,308.33","259,370.83",0,"15,155","9,149.80","10,337.00","10,328.30","14,091.28"
"2019/08/29229,000","230,500","227,000","230,000","228,400.00","227,700.00","227,875.00","239,375.00","259,833.33",0,"7,537","7,693.00","9,973.40","10,305.18","14,487.89"
"2019/08/28231,000","231,000","224,500","229,000","228,700.00","227,200.00","228,125.00","239,583.33","260,241.67",70,"7,665","8,028.40","9,967.80","10,500.93","14,495.31"
"2019/08/27225,500","232,500","224,500","228,000","228,300.00","227,100.00","228,250.00","239,783.33","260,679.17",0,"8,539","8,132.00","9,904.20","10,594.53","14,526.54"
"2019/08/26226,000","229,000","225,000","225,500","228,400.00","227,050.00","228,525.00","240,008.33","261,137.50",0,"6,853","7,796.20","9,792.20","10,690.20","14,579.55"
"2019/08/23227,000","230,000","226,000","229,500","228,400.00","227,450.00","229,125.00","240,300.00","261,608.33",0,"7,871","8,155.80","9,739.70","10,763.43","14,646.38"
"2019/08/22227,000","231,500","226,000","231,500","227,000.00","227,500.00","229,575.00","240,558.33","262,008.33",0,"9,214","9,415.20","9,731.85","10,787.20","14,725.02"
"2019/08/21225,500","228,000","225,000","227,000","225,700.00","227,050.00","230,000.00","240,825.00","262,320.83",0,"8,183","10,463.20","9,645.70","10,869.50","14,822.20"
"2019/08/20223,000","228,500","223,000","228,500","225,900.00","227,050.00","230,850.00","241,125.00","262,704.17",0,"6,860","11,148.20","9,813.60","11,011.98","14,829.15"
"2019/08/19221,000","228,000","220,500","225,500","225,700.00","226,700.00","231,500.00","241,516.67","263,062.50",70,"8,651","10,805.40","9,862.85","11,133.60","14,895.68"
"2019/08/16224,000","224,000","220,500","222,500","226,500.00","227,150.00","232,225.00","242,000.00","263,479.17",0,"14,168","10,504.40","10,130.45","11,301.27","14,889.14"
"2019/08/14228,000","230,000","224,000","225,000","228,000.00","228,050.00","233,075.00","242,433.33","263,916.67",0,"14,454","10,298.60","10,299.20","11,391.97","14,875.88"
"2019/08/13227,500","229,500","225,500","228,000","228,400.00","229,050.00","233,450.00","242,975.00","264,312.50",70,"11,608","9,768.80","10,680.80","11,414.12","14,842.70"
"2019/08/12226,500","231,500","225,500","227,500","228,200.00","229,400.00","233,925.00","243,408.33","264,679.17",0,"5,146","11,083.00","10,586.75","11,571.63","14,874.08"
"2019/08/09230,000","233,500","228,500","229,500","227,700.00","230,000.00","234,550.00","243,875.00","265,070.83",0,"7,146","13,251.40","10,739.70","11,946.08","14,949.58"
"2019/08/08233,000","233,000","225,500","230,000","227,800.00","230,800.00","235,275.00","244,450.00","265,466.67",0,"13,139","13,538.00","10,929.05","12,352.50","15,016.54"
"2019/08/07224,500","227,000","221,000","227,000","228,100.00","231,650.00","236,075.00","245,241.67","265,862.50",0,"11,805","12,486.80","10,792.70","12,386.48","14,949.22"
"2019/08/06217,500","228,500","217,000","227,000","229,700.00","232,950.00","236,900.00","246,025.00","266,300.00",0,"18,179","11,610.80","10,593.05","12,331.82","15,008.53"
"2019/08/05229,000","232,000","223,000","225,000","230,600.00","234,650.00","237,600.00","246,775.00","266,720.83",0,"15,988","9,253.60","10,226.75","12,178.93","14,998.07"
"2019/08/02230,000","234,000","230,000","230,000","232,300.00","236,300.00","238,750.00","247,600.00","267,104.17",0,"8,579","7,315.80","9,963.75","12,247.82","15,102.48"
"2019/08/01232,500","238,000","229,500","231,500","233,800.00","237,300.00","239,975.00","248,341.67","267,562.50",0,"7,883","6,760.60","9,980.35","12,450.00","15,146.10"
"2019/07/31232,500","238,000","232,000","235,000","235,200.00","238,100.00","240,975.00","249,166.67","267,979.17",0,"7,425","6,726.80","10,009.70","12,573.12","15,155.04"
"2019/07/30235,000","236,500","230,500","231,500","236,200.00","237,850.00","241,575.00","249,850.00","268,350.00",0,"6,393","6,740.00","9,984.30","12,669.27","15,196.68"
"2019/07/29237,500","239,000","233,000","233,500","238,700.00","238,450.00","242,325.00","250,616.67","268,779.17",0,"6,299","7,769.60","9,990.75","12,917.42","15,278.35"
"2019/07/26236,000","239,500","235,000","237,500","240,300.00","239,100.00","243,150.00","251,350.00","269,162.50",0,"5,803","8,078.80","10,118.45","13,059.27","15,360.52"
"2019/07/25239,000","241,000","235,500","238,500","240,800.00","239,750.00","243,975.00","252,066.67","269,500.00",0,"7,714","9,718.80","10,434.95","13,146.55","15,436.17"
"2019/07/24243,500","245,500","239,000","240,000","241,000.00","240,500.00","244,575.00","252,783.33","269,825.00",70,"7,491","11,684.60","10,792.50","13,203.82","15,465.56"
"2019/07/23243,500","247,500","239,000","244,000","239,500.00","240,850.00","245,275.00","253,441.67","270,137.50",0,"11,541","14,603.60","11,207.30","13,344.37","15,610.63"
"2019/07/22238,000","243,000","235,000","241,500","238,200.00","240,550.00","245,575.00","254,016.67","270,425.00",68,"7,845","14,240.80","10,986.80","13,326.12","15,740.98"
"2019/07/19237,500","242,500","237,500","240,000","237,900.00","241,200.00","245,925.00","254,658.33","270,791.67",0,"14,003","14,312.80","10,997.70","13,614.42","15,806.37"
"2019/07/18232,500","239,500","231,500","239,500","238,700.00","242,650.00","246,400.00","255,291.67","271,216.67",0,"17,543","13,698.80","11,092.90","13,670.00","15,897.71"
"2019/07/17237,500","238,000","231,000","232,500","240,000.00","243,850.00","246,950.00","255,925.00","271,604.17",0,"22,086","12,272.60","10,489.85","13,664.08","15,966.78"
"2019/07/16240,500","243,000","237,000","237,500","242,200.00","245,300.00","247,800.00","256,566.67","271,958.33",0,"9,727","9,417.80","9,714.55","13,603.67","15,940.03"
"2019/07/15244,000","246,000","240,000","240,000","242,900.00","246,200.00","248,425.00","257,191.67","272,325.00",0,"8,205","9,643.00","9,593.55","14,065.53","15,984.43"
"2019/07/12243,500","247,500","242,000","244,000","244,500.00","247,200.00","248,875.00","257,933.33","272,666.67",0,"10,933","10,147.60","9,775.50","14,281.52","16,086.61"
"2019/07/11243,500","249,000","243,000","246,000","246,600.00","248,200.00","249,400.00","258,700.00","273,033.33",0,"10,412","9,743.20","10,291.45","14,294.88","16,123.98"
"2019/07/10242,000","244,500","239,500","243,500","247,700.00","248,650.00","249,750.00","259,475.00","273,383.33",8,"7,812","9,354.80","10,792.10","14,387.72","16,234.51"
"2019/07/09246,500","248,000","241,000","241,000","248,400.00","249,700.00","250,000.00","260,308.33","273,758.33",40,"10,853","9,175.80","10,938.10","14,518.30","16,415.83"
"2019/07/08256,000","256,500","247,000","248,000","249,500.00","250,600.00","250,350.00","261,150.00","274,108.33",39,"10,728","8,309.60","10,827.15","14,822.28","16,656.40"
"2019/07/05252,000","257,000","251,500","254,500","249,900.00","250,650.00","250,250.00","261,808.33","274,333.33",0,"8,911","7,934.60","10,703.75","14,885.08","16,732.97"
"2019/07/04249,500","251,500","248,000","251,500","249,800.00","250,150.00","249,650.00","262,350.00","274,475.00",0,"8,470","8,579.00","10,667.55","15,052.42","16,817.26"
"2019/07/03249,000","251,500","246,000","247,000","249,600.00","250,050.00","249,275.00","262,991.67","274,679.17",0,"6,917","9,858.00","10,932.45","15,100.52","17,007.44"
"2019/07/02250,000","251,000","246,500","246,500","251,000.00","250,300.00","249,050.00","263,675.00","274,875.00",0,"6,522","11,632.00","11,550.70","15,402.93","17,175.14"
"2019/07/01255,000","256,500","249,500","250,000","251,700.00","250,650.00","248,775.00","264,441.67","275,125.00",30,"8,853","11,753.80","11,888.65","15,879.08","17,635.95"
"2019/06/28250,000","256,500","250,000","254,000","251,400.00","250,550.00","248,350.00","265,183.33","275,275.00",0,"12,133","11,595.80","12,159.95","16,222.33","17,924.04"
"2019/06/27253,000","256,000","249,000","250,500","250,500.00","250,600.00","247,800.00","265,991.67","275,250.00",37,"14,865","12,350.60","12,115.65","16,339.93","17,936.61"
"2019/06/26249,000","256,000","248,000","254,000","250,500.00","250,850.00","247,525.00","266,966.67","275,283.33",0,"15,787","10,474.00","11,837.25","16,388.80","17,914.97"
"2019/06/25250,000","251,000","248,500","250,000","249,600.00","250,300.00","247,200.00","267,883.33","275,233.33",0,"7,131","8,632.60","11,755.50","16,506.68","17,906.53"
"2019/06/24251,500","251,500","248,500","248,500","249,600.00","250,100.00","246,950.00","268,933.33","275,250.00",30,"8,063","8,667.80","12,235.55","16,664.73","17,974.33"
"2019/06/21250,000","251,500","248,000","249,500","249,700.00","249,850.00","247,125.00","270,016.67","275,308.33",30,"15,907","9,424.00","12,540.25","16,873.37","17,962.28"
"2019/06/20251,500","251,500","248,500","250,500","250,700.00","249,150.00","247,375.00","271,008.33","275,395.83",0,"5,482","10,493.00","12,680.45","17,021.20","17,973.05"
"2019/06/19251,000","252,000","248,000","249,500","251,200.00","248,500.00","247,275.00","271,858.33","275,466.67",0,"6,580","13,481.60","13,386.85","17,289.75","18,092.22"
"2019/06/18249,000","251,000","248,000","250,000","251,000.00","247,800.00","247,675.00","272,683.33","275,550.00",0,"7,307","14,312.00","13,847.00","17,429.62","18,132.96"
"2019/06/17255,000","256,000","247,000","249,000","250,600.00","246,900.00","247,875.00","273,425.00","275,633.33",39,"11,844","14,577.40","14,534.60","17,595.10","18,261.95"
"2019/06/14253,500","255,500","250,000","254,500","250,000.00","246,150.00","248,200.00","274,291.67","275,687.50",0,"21,252","13,860.60","15,323.05","17,527.87","18,262.21"
"2019/06/13248,500","253,000","248,000","253,000","247,600.00","245,000.00","248,675.00","275,050.00","275,712.50",0,"20,425","11,247.60","15,837.00","17,369.70","18,195.48"
"2019/06/12250,000","250,500","247,500","248,500","245,800.00","244,200.00","249,900.00","275,858.33","275,800.00",0,"10,732","9,916.20","15,574.65","17,212.13","18,215.10"
"2019/06/11246,500","250,500","246,500","248,000","244,600.00","244,100.00","251,175.00","276,750.00","275,916.67",0,"8,634","11,626.20","15,464.30","17,412.95","18,232.94"
"2019/06/10243,000","248,000","243,000","246,000","243,200.00","243,800.00","252,375.00","277,633.33","276,033.33",0,"8,260","12,555.60","15,482.90","17,531.22","18,268.13"
"2019/06/07246,500","246,500","242,500","242,500","242,300.00","244,400.00","253,800.00","278,508.33","276,154.17",70,"8,187","13,759.40","16,075.95","17,609.48","18,368.27"
"2019/06/05242,500","247,000","242,500","244,000","242,400.00","245,600.00","255,400.00","279,433.33","276,283.33",0,"13,768","14,371.40","16,702.10","17,854.27","18,435.21"
"2019/06/04244,500","245,000","240,500","242,500","242,600.00","246,050.00","257,250.00","280,291.67","276,391.67",0,"19,282","13,477.20","16,777.20","18,670.60","18,459.69"
"2019/06/03240,000","244,000","240,000","241,000","243,600.00","247,550.00","258,925.00","280,900.00","276,512.50",0,"13,281","12,451.20","16,472.80","18,489.68","18,537.22"
"2019/05/31243,000","245,000","240,500","241,500","244,400.00","248,850.00","260,750.00","281,575.00","276,587.50",0,"14,279","13,141.40","16,872.85","18,458.55","18,502.11"
"2019/05/30242,500","246,000","241,000","243,000","246,500.00","250,250.00","262,550.00","282,266.67","276,670.83",0,"11,247","13,117.00","16,899.40","18,468.90","18,480.08"
"2019/05/29250,000","250,500","244,500","245,000","248,800.00","252,350.00","264,425.00","282,916.67","276,737.50",0,"9,297","14,609.80","16,889.05","18,529.33","18,571.62"
"2019/05/28246,000","251,000","246,000","247,500","249,500.00","255,600.00","266,250.00","283,458.33","276,775.00",8,"14,152","16,672.40","16,981.70","18,662.83","18,592.66"
"2019/05/27250,500","251,500","243,500","245,000","251,500.00","258,250.00","267,850.00","283,816.67","276,829.17",0,"16,732","16,998.60","17,070.30","18,774.90","18,572.32"
"2019/05/24255,000","257,500","250,000","252,000","253,300.00","260,950.00","269,525.00","284,283.33","276,887.50",0,"14,157","17,864.00","16,756.00","18,646.32","18,513.15"
"2019/05/23246,500","256,000","246,500","254,500","254,000.00","263,200.00","270,925.00","284,608.33","276,916.67",0,"18,711","20,555.20","17,305.30","18,657.77","18,623.38"
"2019/05/22255,500","256,500","248,000","248,500","255,900.00","265,200.00","272,100.00","284,958.33","276,858.33",0,"19,610","23,119.20","17,236.65","18,477.02","18,584.54"
"2019/05/21254,000","257,500","253,500","257,500","261,700.00","268,450.00","273,550.00","285,400.00","276,850.00",0,"15,783","22,232.80","17,115.55","18,359.78","18,527.90"
"2019/05/20257,000","257,000","250,000","254,000","265,000.00","270,300.00","274,225.00","285,650.00","276,795.83",0,"21,059","20,781.20","17,249.45","18,271.28","18,566.13"
"2019/05/17264,500","264,500","250,500","255,500","268,600.00","272,650.00","275,275.00","285,950.00","276,783.33",0,"27,613","18,370.60","18,068.45","18,176.53","18,619.59"
"2019/05/16275,500","276,000","262,500","264,000","272,400.00","274,850.00","276,725.00","286,266.67","276,725.00",0,"31,531","16,872.20","17,746.00","17,953.07","18,511.00"
"2019/05/15272,000","277,500","268,000","277,500","274,500.00","276,500.00","278,025.00","286,483.33","276,600.00",67,"15,178","14,708.00","16,756.20","17,680.58","18,531.97"
"2019/05/14272,000","275,000","270,500","274,000","275,200.00","276,900.00","278,775.00","286,483.33","276,304.17",0,"8,525","14,726.40","16,796.40","17,511.95","18,802.92"
"2019/05/13271,000","276,500","270,000","272,000","275,600.00","277,450.00","279,750.00","286,575.00","275,979.17",0,"9,006","15,660.20","17,152.50","17,685.23","18,865.20"
"2019/05/10274,500","280,500","270,500","274,500","276,700.00","278,100.00","280,725.00","286,666.67","275,670.83",0,"20,121","18,115.40","18,156.80","17,817.20","19,058.42"
"2019/05/09279,500","281,500","274,500","274,500","277,300.00","278,650.00","281,375.00","286,608.33","275,320.83",0,"20,710","17,053.20","17,875.55","17,957.15","19,082.69"
"2019/05/08270,500","282,500","270,500","281,000","278,500.00","279,000.00","282,000.00","286,783.33","274,883.33",0,"15,270","15,119.20","17,787.60","17,842.20","19,097.40"
"2019/05/07273,000","279,000","267,000","276,000","278,600.00","278,650.00","282,450.00","286,791.67","274,383.33",0,"13,194","14,295.20","17,591.90","17,736.97","19,141.49"
"2019/05/03276,500","279,000","272,500","277,500","279,300.00","278,150.00","283,050.00","286,850.00","273,954.17",0,"21,282","14,841.20","18,185.30","17,724.10","19,313.81"
"2019/05/02279,500","279,500","276,000","277,500","279,500.00","277,900.00","283,800.00","286,941.67","273,475.00",0,"14,810","12,674.00","18,875.75","17,639.28","19,234.73"
"2019/04/30281,500","282,500","279,000","280,500","280,000.00","278,600.00","284,650.00","286,975.00","272,979.17",0,"11,040","14,740.60","19,607.65","17,661.77","19,224.71"
"2019/04/29280,000","282,000","276,000","281,500","279,500.00","279,550.00","285,750.00","286,933.33","272,512.50",0,"11,150","16,000.20","20,015.10","17,725.80","19,267.58"
"2019/04/26276,500","281,500","275,500","279,500","278,700.00","280,650.00","287,125.00","286,866.67","271,966.67",70,"15,924","17,207.80","20,347.45","17,727.30","19,229.33"
"2019/04/25280,000","280,500","275,500","278,500","277,000.00","282,050.00","288,600.00","286,833.33","271,454.17",0,"10,446","17,715.20","20,694.25","17,876.90","19,190.34"
"2019/04/24279,000","281,500","276,500","280,000","276,300.00","283,350.00","290,325.00","286,833.33","270,937.50",0,"25,143","23,113.80","21,002.65","18,155.83","19,247.00"
"2019/04/23277,500","282,500","275,000","278,000","277,200.00","284,100.00","292,000.00","286,925.00","270,387.50",0,"17,338","22,318.00","20,774.55","17,998.32","19,196.46"
"2019/04/22272,000","278,500","271,500","277,500","279,600.00","285,000.00","293,550.00","287,141.67","269,941.67",0,"17,188","21,197.40","21,146.50","18,125.42","19,205.46"
"2019/04/19275,000","278,000","270,500","271,000","282,600.00","286,250.00","294,750.00","287,283.33","269,525.00",0,"18,461","20,956.20","21,366.85","18,269.47","19,223.45"
"2019/04/18284,500","284,500","274,000","275,000","287,100.00","287,950.00","296,150.00","287,350.00","269,175.00",2,"37,439","20,393.40","21,192.40","18,276.38","19,176.11"
"2019/04/17289,500","290,000","283,000","284,500","290,400.00","289,700.00","297,125.00","287,458.33","268,791.67",0,"21,164","18,724.00","20,182.25","17,903.33","19,050.52"
"2019/04/16290,500","293,500","289,500","290,000","291,000.00","290,700.00","297,950.00","287,400.00","268,350.00",0,"11,735","17,390.40","19,514.55","17,891.70","19,023.21"
"2019/04/15292,000","293,500","287,500","292,500","290,400.00","291,950.00","298,450.00","287,366.67","267,820.83",0,"15,982","18,833.60","19,515.90","17,953.08","19,035.05"
"2019/04/12291,500","293,500","289,000","293,500","289,900.00","293,600.00","298,900.00","287,291.67","267,283.33",0,"15,647","17,908.40","19,265.35","18,081.30","19,016.27"
"2019/04/11289,000","293,500","288,000","291,500","288,800.00","295,150.00","299,325.00","287,208.33","266,733.33",0,"29,092","19,791.40","19,622.05","18,313.35","18,993.46"
"2019/04/10287,000","288,500","285,500","287,500","289,000.00","297,300.00","299,800.00","287,066.67","266,187.50",70,"14,496","20,991.20","18,953.95","18,490.52","18,898.03"
"2019/04/09290,500","290,500","285,500","287,000","290,400.00","299,900.00","300,350.00","286,858.33","265,687.50",0,"18,951","23,981.60","18,876.95","18,580.85","18,946.08"
"2019/04/08290,000","292,000","288,000","290,000","293,500.00","302,100.00","300,900.00","286,600.00","265,145.83",0,"11,356","24,029.20","19,073.10","18,582.10","19,015.92"
"2019/04/05294,500","294,500","287,000","288,000","297,300.00","303,250.00","301,175.00","286,366.67","264,579.17",0,"25,062","25,317.40","21,642.70","18,914.37","19,382.84"
"2019/04/04296,000","297,000","289,000","292,500","301,500.00","304,350.00","300,725.00","286,075.00","264,075.00",0,"35,091","24,877.00","20,810.95","18,947.35","19,332.04"
"2019/04/03300,500","302,500","293,500","294,500","305,600.00","304,550.00","300,175.00","285,808.33","263,550.00",0,"29,448","21,181.60","19,627.05","19,392.82","19,185.49"
"2019/04/02306,000","308,000","301,000","302,500","309,400.00","305,200.00","299,600.00","285,366.67","263,025.00",0,"19,189","19,408.20","18,899.65","19,625.75","19,152.19"
"2019/04/01309,000","316,500","305,000","309,000","310,700.00","304,950.00","298,575.00","284,508.33","262,412.50",0,"17,797","20,525.80","18,683.85","19,533.28","19,236.75"
"2019/03/29312,000","319,500","308,000","309,000","309,200.00","304,200.00","297,000.00","283,600.00","261,804.17",29,"22,860","21,285.40","18,659.35","19,441.13","19,426.30"
"2019/03/28311,500","314,500","310,000","313,000","307,200.00","303,500.00","295,000.00","282,583.33","261,241.67",15,"16,614","19,707.80","18,560.15","19,306.38","19,381.83"
"2019/03/27312,000","314,000","306,500","313,500","303,500.00","302,300.00","293,000.00","281,566.67","260,662.50",20,"20,581","19,832.20","18,180.30","19,283.93","19,432.71"
"2019/03/26300,500","311,500","299,500","309,000","301,000.00","300,800.00","290,900.00","280,600.00","260,075.00",0,"24,777","17,278.00","17,893.45","19,051.20","19,409.25"
"2019/03/25301,000","304,000","296,000","301,500","299,200.00","299,700.00","289,225.00","279,783.33","259,545.83",0,"21,595","14,675.00","17,047.90","18,924.90","19,420.10"
"2019/03/22292,000","303,000","291,000","299,000","299,200.00","299,100.00","287,900.00","279,075.00","259,050.00",0,"14,972","12,550.20","16,596.95","18,894.68","19,424.64"
"2019/03/21298,500","299,000","291,500","294,500","299,800.00","297,100.00","286,575.00","278,416.67","258,575.00",0,"17,236","14,112.00","16,372.00","18,836.30","19,469.36"
"2019/03/20298,500","301,000","297,500","301,000","301,100.00","295,800.00","285,450.00","277,841.67","258,141.67",0,"7,810","13,810.80","16,278.90","18,928.80","19,545.70"
"2019/03/19302,000","302,500","298,000","300,000","300,600.00","294,000.00","284,125.00","277,083.33","257,687.50",0,"11,762","14,840.00","16,598.65","18,996.55","19,565.77"
"2019/03/18302,000","304,000","299,000","301,500","300,200.00","292,200.00","282,975.00","276,375.00","257,254.17",30,"10,971","17,062.40","16,769.65","19,021.27","19,649.58"
"2019/03/15299,500","304,000","298,500","302,000","299,000.00","289,800.00","281,775.00","275,741.67","256,808.33",0,"22,781","27,417.80","16,474.10","19,218.07","19,780.60"
"2019/03/14300,500","301,000","296,500","301,000","294,400.00","286,500.00","280,650.00","275,083.33","256,325.00",0,"15,730","24,547.00","16,281.15","19,052.93","19,734.17"
"2019/03/13298,000","300,000","295,500","298,500","290,500.00","283,700.00","279,475.00","274,433.33","255,841.67",12,"12,956","23,683.60","16,340.85","19,005.03","19,779.75"
"2019/03/12294,000","301,500","294,000","298,000","287,400.00","281,000.00","278,100.00","273,800.00","255,387.50",0,"22,874","24,072.40","17,118.95","19,127.05","19,806.49"
"2019/03/11280,000","298,500","279,500","295,500","284,200.00","278,750.00","277,450.00","273,133.33","254,954.17",0,"62,748","22,472.20","16,665.90","19,016.15","19,715.01"
"2019/03/08281,000","282,000","277,000","279,000","280,600.00","276,700.00","276,750.00","272,491.67","254,545.83",0,"8,427","13,384.00","13,976.30","18,248.78","19,360.33"
"2019/03/07281,500","284,000","277,000","281,500","278,600.00","276,050.00","276,775.00","272,125.00","254,283.33",0,"11,413","15,873.80","14,176.05","18,584.75","19,436.78"
"2019/03/06282,000","285,500","278,000","283,000","276,900.00","275,100.00","276,850.00","271,600.00","254,012.50",12,"14,900","15,394.60","14,415.05","18,545.67","19,446.59"
"2019/03/05276,000","282,500","273,000","282,000","274,600.00","274,250.00","276,675.00","271,075.00","253,737.50",0,"14,873","15,383.40","14,478.00","18,491.25","19,467.20"
"2019/03/04269,000","278,000","268,500","277,500","273,300.00","273,750.00","276,475.00","270,558.33","253,466.67",18,"17,307","13,982.00","14,478.45","18,613.90","19,461.46"
"2019/02/28273,000","274,000","269,000","269,000","272,800.00","273,750.00","276,475.00","270,091.67","253,241.67",0,"20,876","13,035.80","14,175.10","18,522.48","19,606.33"
"2019/02/27273,000","274,000","269,500","273,000","273,500.00","274,800.00","276,900.00","269,841.67","253,041.67",70,"9,017","10,955.20","14,376.30","18,369.73","19,674.04"
"2019/02/26273,000","274,000","269,500","271,500","273,300.00","275,250.00","277,175.00","269,491.67","252,820.83",0,"14,844","12,226.60","15,284.55","18,379.98","19,877.21"
"2019/02/25277,000","278,000","273,500","275,500","273,900.00","275,200.00","277,875.00","269,225.00","252,600.00",0,"7,866","12,098.80","15,326.95","18,589.00","20,466.92"
"2019/02/22273,000","276,000","273,000","275,000","274,200.00","276,150.00","278,650.00","268,758.33","252,412.50",0,"12,576","13,562.00","16,181.85","18,692.07","20,601.83"
"2019/02/21272,000","274,500","271,500","272,500","274,700.00","276,800.00","279,200.00","268,300.00","252,254.17",70,"10,473","12,058.80","16,844.60","18,696.02","20,759.72"
"2019/02/20274,500","275,000","271,500","272,000","276,100.00","277,500.00","279,325.00","267,941.67","252,108.33",0,"15,374","13,748.60","17,264.75","18,860.97","20,896.54"
"2019/02/19278,000","280,000","272,500","274,500","277,200.00","278,600.00","279,800.00","267,616.67","252,004.17",0,"14,205","14,058.60","17,248.85","19,062.65","20,980.35"
"2019/02/18276,500","280,500","275,000","277,000","276,500.00","279,100.00","280,125.00","267,183.33","251,854.17",0,"15,182","16,921.20","17,561.90","19,068.93","21,123.97"
"2019/02/15277,000","279,500","275,500","277,500","278,100.00","279,200.00","280,675.00","266,716.67","251,695.83",0,"5,060","16,647.40","17,573.70","19,383.35","21,337.94"
"2019/02/14276,000","279,500","273,500","279,500","278,900.00","279,200.00","281,200.00","266,125.00","251,533.33",59,"18,922","17,426.60","18,504.45","20,093.88","22,304.44"
"2019/02/13273,500","279,000","271,500","277,500","278,900.00","279,000.00","281,650.00","265,383.33","251,516.67",58,"16,924","16,126.60","19,036.85","20,045.17","22,471.65"
"2019/02/12283,500","283,500","270,500","271,000","280,000.00","279,100.00","281,925.00","264,675.00","251,633.33",2,"28,518","15,980.40","20,176.75","20,299.65","22,498.69"
"2019/02/11284,000","289,500","281,000","285,000","281,700.00","280,550.00","282,125.00","264,033.33","251,808.33",0,"13,813","13,508.60","19,746.65","20,208.23","22,395.10"
"2019/02/08279,500","284,000","279,000","281,500","280,300.00","281,150.00","281,450.00","262,983.33","251,858.33",0,"8,956","13,722.40","20,007.30","20,352.60","22,409.71"
"2019/02/07283,000","285,000","277,500","279,500","279,500.00","281,600.00","281,175.00","261,975.00","251,950.00",0,"12,422","14,179.20","21,124.10","20,546.02","22,415.56"
"2019/02/01279,500","286,000","278,500","283,000","279,100.00","281,150.00","280,725.00","261,058.33","252,062.50",0,"16,193","16,674.80","21,855.05","20,903.52","22,431.89"
"2019/01/31279,000","282,000","276,000","279,500","278,200.00","281,000.00","280,400.00","260,008.33","252,150.00",70,"16,159","18,872.60","24,136.35","20,830.18","22,376.53"
"2019/01/30279,500","279,500","276,000","278,000","279,400.00","281,150.00","279,825.00","258,983.33","252,275.00",0,"14,882","18,779.20","25,499.60","20,787.65","22,369.99"
"2019/01/29277,500","280,500","275,000","277,500","282,000.00","282,150.00","278,475.00","258,091.67","252,395.83",0,"11,240","20,795.60","25,437.55","20,809.35","22,339.20"
"2019/01/28278,500","281,500","274,500","277,500","283,700.00","283,200.00","277,325.00","257,066.67","252,550.00",42,"24,900","23,713.80","25,488.95","20,731.35","22,425.41"
"2019/01/25285,500","289,000","277,000","278,500","283,200.00","284,300.00","275,850.00","256,075.00","252,687.50",0,"27,182","22,509.00","24,982.70","20,503.78","22,346.12"
"2019/01/24288,500","292,000","285,000","285,500","283,800.00","284,750.00","274,525.00","255,041.67","252,795.83",0,"15,692","20,083.80","24,386.95","20,338.17","22,203.73"
"2019/01/23287,000","293,000","284,000","291,000","282,900.00","283,700.00","273,025.00","253,850.00","252,858.33",0,"24,964","21,038.60","23,933.20","20,394.60","22,141.30"
"2019/01/22274,000","287,500","271,500","286,000","282,300.00","281,750.00","271,475.00","252,741.67","252,858.33",0,"25,831","19,129.40","23,544.95","20,285.50","22,067.08"
"2019/01/21278,000","280,500","274,500","275,000","282,700.00","280,750.00","270,125.00","251,766.67","252,929.17",0,"18,876","18,698.20","23,242.50","20,177.43","21,932.49"
"2019/01/18282,500","284,000","279,000","281,500","285,400.00","280,300.00","269,350.00","251,000.00","253,075.00",0,"15,056","20,837.00","22,872.15","20,075.83","21,890.22"
"2019/01/17287,000","288,000","280,500","281,000","285,700.00","279,800.00","268,275.00","250,125.00","253,175.00",0,"20,466","25,770.20","23,258.65","20,197.70","21,864.40"
"2019/01/16287,000","290,000","285,500","288,000","284,500.00","278,500.00","267,000.00","249,300.00","253,258.33",0,"15,418","25,660.20","22,829.10","20,154.72","21,796.78"
"2019/01/15287,500","289,500","283,000","288,000","281,200.00","274,800.00","265,475.00","248,275.00","253,287.50",30,"23,675","26,381.80","22,720.45","20,117.02","21,835.65"
"2019/01/14284,500","289,500","284,000","288,500","278,800.00","271,450.00","264,250.00","247,275.00","253,354.17",0,"29,570","27,905.20","22,675.65","19,951.23","21,723.88"
"2019/01/11275,000","285,000","275,000","283,000","275,200.00","267,400.00","262,950.00","246,258.33","253,420.83",0,"39,722","27,399.40","21,840.80","19,673.57","21,592.85"
"2019/01/10271,000","275,000","268,000","275,000","273,900.00","264,300.00","261,900.00","245,308.33","253,558.33",0,"19,916","31,818.80","20,497.50","19,305.55","21,444.64"
"2019/01/09276,000","278,500","271,500","271,500","272,500.00","262,350.00","261,175.00","244,516.67","253,754.17",0,"19,026","36,520.40","20,515.55","19,311.30","21,365.56"
"2019/01/08269,000","281,500","268,500","276,000","268,400.00","261,200.00","260,500.00","243,691.67","253,983.33",0,"31,292","35,443.40","20,375.25","19,449.75","21,505.88"
"2019/01/07278,000","278,000","269,500","270,500","264,100.00","259,500.00","259,550.00","242,791.67","254,133.33",0,"27,041","31,638.60","19,645.95","19,851.32","21,506.78"
"2019/01/04268,000","282,500","266,000","276,500","259,600.00","258,400.00","258,875.00","242,075.00","254,383.33",0,"61,819","29,185.40","19,723.15","19,716.73","21,429.06"
"2019/01/03252,500","269,000","249,500","268,000","254,700.00","256,750.00","257,550.00","241,291.67","254,587.50",0,"43,424","19,875.00","17,085.60","18,978.17","21,022.42"
"2019/01/02253,000","256,000","246,500","251,000","252,200.00","255,500.00","256,725.00","240,683.33","254,908.33",0,"13,641","12,513.60","15,496.15","18,678.63","20,758.75"
"2018/12/28245,500","258,000","245,500","254,500","254,000.00","256,150.00","256,725.00","240,316.67","255,345.83",0,"12,268","13,225.20","15,925.70","18,940.22","20,699.97"
"2018/12/27247,000","250,500","246,000","248,000","254,900.00","257,050.00","256,475.00","240,008.33","255,783.33",0,"14,775","14,728.00","15,903.40","19,411.47","20,729.62"
"2018/12/26251,000","255,500","245,500","252,000","257,200.00","258,500.00","256,775.00","239,900.00","256,254.17",0,"15,267","14,066.80","15,750.20","19,457.27","20,849.00"
"2018/12/24260,000","260,000","254,500","255,500","258,800.00","259,500.00","256,775.00","239,758.33","256,750.00",0,"6,617","15,570.60","15,468.45","19,581.48","20,979.81"
"2018/12/21261,500","262,000","256,500","260,000","258,800.00","260,000.00","256,775.00","239,550.00","257,329.17",0,"17,199","16,622.20","16,506.85","19,767.30","21,644.44"
"2018/12/20261,500","261,500","256,500","259,000","258,300.00","259,800.00","256,150.00","239,308.33","257,945.83",30,"19,782","15,831.40","16,349.40","19,915.30","21,644.32"
"2018/12/19261,000","261,500","258,000","259,500","259,200.00","259,600.00","255,575.00","239,025.00","258,633.33",0,"11,469","16,430.80","16,000.95","19,954.60","21,587.61"
"2018/12/18255,500","260,000","254,000","260,000","259,800.00","259,350.00","255,150.00","238,733.33","259,312.50",0,"22,786","16,711.60","16,446.00","20,102.42","21,678.74"
"2018/12/17256,000","261,500","255,500","255,500","260,200.00","258,350.00","254,775.00","238,441.67","260,012.50",0,"11,875","14,725.60","16,680.45","20,162.60","21,601.63"
"2018/12/14263,000","264,000","256,500","257,500","261,200.00","257,950.00","254,425.00","238,291.67","260,804.17",0,"13,245","16,406.00","16,815.80","20,134.98","21,810.26"
"2018/12/13262,500","263,500","259,000","263,500","261,300.00","257,300.00","254,000.00","238,133.33","261,487.50",30,"22,779","17,001.00","17,855.90","20,277.90","21,809.02"
"2018/12/12262,000","263,500","258,500","262,500","260,000.00","255,900.00","252,925.00","237,875.00","262,170.83",12,"12,873","15,786.40","19,101.55","20,343.13","21,756.28"
"2018/12/11258,500","262,500","257,500","262,000","258,900.00","255,050.00","251,550.00","237,566.67","262,820.83",0,"12,856","18,928.80","19,257.85","20,415.42","21,819.33"
"2018/12/10253,500","261,000","253,500","260,500","256,500.00","254,050.00","250,200.00","237,250.00", ,18,"20,277","18,171.20","20,224.70","20,554.47", 
"2018/12/07257,500","259,500","255,500","258,000","254,700.00","253,550.00","248,800.00","236,975.00", ,30,"16,220","16,442.80","20,362.50","20,485.93", 
"2018/12/06258,000","259,500","254,000","257,000","253,300.00","252,500.00","247,000.00","236,775.00", ,33,"16,706","17,645.20","20,675.25","20,413.87", 
"2018/12/05249,500","259,000","248,500","257,000","251,800.00","251,550.00","245,200.00","236,600.00", ,0,"28,585","16,668.40","20,868.00","20,471.87", 
"2018/12/04250,000","253,000","248,000","250,000","251,200.00","250,950.00","243,575.00","236,441.67", ,0,"9,068","13,293.60","21,132.35","20,288.82", 
"2018/12/03251,000","256,000","250,000","251,500","251,600.00","251,200.00","242,075.00","236,425.00", ,0,"11,635","13,406.40","21,268.60","20,347.52", 
"2018/11/30250,500","253,500","247,500","251,000","252,400.00","250,900.00","240,400.00","236,400.00", ,0,"22,232","16,556.40","21,367.20","20,443.15", 
"2018/11/29255,500","256,000","249,000","249,500","251,700.00","250,700.00","239,075.00","236,375.00", ,0,"11,822","14,920.00","21,064.80","20,309.02", 
"2018/11/28254,000","255,000","250,000","254,000","251,300.00","249,950.00","237,400.00","236,391.67", ,0,"11,711","15,118.20","20,801.70","20,690.17", 
"2018/11/27255,000","255,500","251,500","252,000","250,700.00","248,050.00","235,600.00","236,241.67", ,37,"9,632","16,850.00","20,778.45","20,978.35", 
"2018/11/26246,500","257,000","246,500","255,500","250,800.00","246,350.00","233,825.00","236,150.00", ,0,"27,385","20,418.60","21,159.10","21,374.43", 
"2018/11/23248,500","249,500","243,000","247,500","249,400.00","244,050.00","231,750.00","235,975.00", ,0,"14,050","17,858.00","20,743.75","22,344.85", 
"2018/11/22251,500","252,500","246,500","247,500","249,700.00","241,500.00","230,600.00","236,066.67", ,0,"12,813","21,857.40","20,962.15","22,511.60", 
"2018/11/21252,000","252,000","246,000","251,000","248,600.00","238,850.00","229,600.00","236,208.33", ,0,"20,370","28,833.20","21,288.85","22,823.43", 
"2018/11/20246,000","253,500","244,500","252,500","245,400.00","236,200.00","228,500.00","236,275.00", ,30,"27,475","27,959.00","20,909.35","22,932.12", 
"2018/11/19248,500","253,500","247,000","248,500","241,900.00","232,950.00","227,325.00","236,391.67", ,0,"14,582","28,902.60","20,654.00","22,898.05", 
"2018/11/16243,000","250,500","242,500","249,000","238,700.00","229,900.00","226,475.00","236,525.00", ,0,"34,047","30,592.80","20,819.25","23,179.00", 
"2018/11/15235,000","245,000","235,000","242,000","233,300.00","227,450.00","225,350.00","236,675.00", ,0,"47,692","28,278.40","19,774.70","23,292.53", 
"2018/11/14238,000","238,000","234,500","235,000","229,100.00","224,850.00","224,650.00","236,941.67", ,0,"15,999","22,852.20","18,076.50","24,515.00", 
"2018/11/13231,000","237,000","227,000","235,000","227,000.00","223,150.00","224,275.00","237,650.00", ,0,"32,193","26,426.80","17,922.05","24,898.13", 
"2018/11/12224,500","233,000","221,500","232,500","224,000.00","221,300.00","223,825.00","238,591.67", ,0,"23,033","22,346.80","17,194.45","24,697.73", 
"2018/11/09223,000","227,500","220,000","222,000","221,100.00","219,450.00","223,575.00","239,583.33", ,0,"22,475","20,461.60","17,055.85","24,581.97", 
"2018/11/08228,000","231,000","221,000","221,000","221,600.00","219,700.00","223,575.00","240,733.33", ,0,"20,561","19,203.40","17,298.75","24,466.82", 
"2018/11/07221,500","235,500","220,500","224,500","220,600.00","220,350.00","223,625.00","241,925.00", ,29,"33,872","16,403.20","19,040.00","24,285.10", 
"2018/11/06219,000","224,500","217,500","220,000","219,300.00","220,800.00","223,775.00","243,066.67", ,0,"11,793","11,878.00","18,294.70","23,960.27", 
"2018/11/05224,500","224,500","216,500","218,000","218,600.00","221,700.00","224,250.00","244,291.67", ,0,"13,607","12,968.40","18,580.30","23,922.87", 
"2018/11/02216,000","225,500","216,000","224,500","217,800.00","223,050.00","224,925.00","245,566.67", ,70,"16,184","14,062.60","19,172.55","23,952.33", 
"2018/11/01217,000","220,000","216,000","216,000","217,800.00","223,250.00","225,150.00","246,700.00", ,0,"6,560","14,509.40","19,830.15","23,869.05", 
"2018/10/31214,000","218,500","214,000","218,000","220,100.00","224,450.00","226,150.00","248,033.33", ,0,"11,246","17,066.80","21,529.30","24,119.47", 
"2018/10/30213,000","217,500","211,500","216,500","222,300.00","225,400.00","227,325.00","249,300.00", ,9,"17,245","17,373.60","21,843.15","24,188.45", 
"2018/10/29223,000","226,000","213,500","214,000","224,800.00","226,350.00","228,675.00","250,550.00", ,0,"19,078","18,398.20","22,116.90","24,069.30", 
"2018/10/26227,000","227,500","221,500","224,500","228,300.00","227,700.00","230,125.00","251,866.67", ,0,"18,418","18,160.00","22,051.30","23,888.00", 
"2018/10/25227,500","230,000","225,500","227,500","228,700.00","227,450.00","231,175.00","252,975.00", ,0,"19,347","17,107.60","22,434.35","23,848.65", 
"2018/10/24231,500","231,500","228,000","229,000","228,800.00","226,900.00","231,900.00","254,091.67", ,70,"12,780","15,983.80","22,574.00","23,687.55", 
"2018/10/23230,500","231,500","228,000","229,000","228,500.00","226,750.00","232,550.00","255,150.00", ,0,"22,368","16,009.80","22,951.90","23,704.62", 
"2018/10/22226,000","232,000","225,500","231,500","227,900.00","226,800.00","233,225.00","256,225.00", ,0,"17,887","15,064.40","23,153.35","23,531.10", 
"2018/10/19224,000","227,000","223,500","226,500","227,100.00","226,800.00","233,975.00","257,216.67", ,0,"13,156","15,539.20","22,769.90","23,438.83", 
"2018/10/18227,500","228,500","226,000","228,000","226,200.00","227,050.00","235,050.00","258,300.00", ,0,"13,728","18,374.60","23,203.10","23,554.28", 
"2018/10/17226,500","229,000","226,500","227,500","225,000.00","227,850.00","236,050.00","259,433.33", ,0,"12,910","26,706.20","23,851.35","23,496.52", 
"2018/10/16228,000","229,000","225,000","226,000","225,000.00","229,250.00","236,875.00","260,583.33", ,0,"17,641","27,917.40","24,066.35","23,512.13", 
"2018/10/15222,000","229,000","222,000","227,500","225,700.00","231,000.00","237,725.00","261,808.33", ,0,"20,261","27,890.20","24,244.25","23,583.73", 
"2018/10/12221,500","223,500","219,000","222,000","226,500.00","232,550.00","238,550.00","262,991.67", ,0,"27,333","28,928.40","24,039.45","23,419.82", 
"2018/10/11224,000","225,000","221,500","222,000","227,900.00","234,900.00","239,750.00","264,275.00", ,0,"55,386","29,329.00","23,267.60","23,562.00", 
"2018/10/10229,000","235,000","227,500","227,500","230,700.00","236,900.00","240,975.00","265,475.00", ,66,"18,966","26,360.40","21,507.60","23,162.23", 
"2018/10/08232,500","232,500","229,500","229,500","233,500.00","238,350.00","241,975.00","266,691.67", ,0,"17,505","26,071.80","21,439.40","23,141.38", 
"2018/10/05229,000","233,500","227,500","231,500","236,300.00","239,650.00","242,950.00","267,883.33", ,0,"25,452","27,114.80","21,193.65","23,066.67", 
"2018/10/04238,000","238,000","228,500","229,000","238,600.00","241,150.00","243,875.00","269,133.33", ,2,"29,336","25,577.60","20,789.70","22,838.87", 
"2018/10/02242,000","243,500","236,000","236,000","241,900.00","243,050.00","244,900.00","270,375.00", ,0,"40,543","24,926.20","20,032.10","22,459.73", 
"2018/10/01243,500","245,000","241,500","241,500","243,100.00","244,250.00","245,625.00","271,558.33", ,0,"17,523","21,245.60","19,739.50","22,047.77", 
"2018/09/28243,500","244,500","242,000","243,500","243,200.00","244,500.00","245,800.00","272,608.33", ,0,"22,720","21,808.60","20,313.45","22,240.73", 
"2018/09/27245,000","246,000","243,000","243,000","243,000.00","244,450.00","245,950.00","273,741.67", ,0,"17,766","22,544.00","20,847.30","22,378.13", 
"2018/09/21243,000","246,000","242,500","245,500","243,700.00","244,550.00","246,050.00","275,108.33", ,0,"26,079","21,034.40","24,239.50","23,521.58", 
"2018/09/20241,500","243,000","240,500","242,000","244,200.00","244,600.00","246,425.00","276,583.33", ,70,"22,140","20,182.60","24,138.30","23,373.33", 
"2018/09/19244,000","244,500","240,500","242,000","245,400.00","245,050.00","247,125.00","278,241.67", ,0,"20,338","21,093.20","24,607.45","23,220.62", 
"2018/09/18246,000","246,000","241,500","242,500","245,800.00","245,600.00","247,775.00","279,891.67", ,0,"26,397","20,467.60","24,935.10","23,255.07", 
"2018/09/17248,000","248,000","245,500","246,500","245,900.00","246,250.00","248,625.00","281,583.33", ,70,"10,218","19,428.00","24,886.80","23,040.65", 
"2018/09/14250,000","252,000","245,500","248,000","245,400.00","246,600.00","249,125.00","283,316.67", ,0,"21,820","20,617.40","25,947.85","23,485.53", 
"2018/09/13245,000","249,000","242,000","248,000","245,000.00","246,750.00","249,625.00","284,841.67", ,0,"26,693","18,632.60","26,899.80","23,340.13", 
"2018/09/12243,000","244,500","241,500","244,000","244,700.00","247,000.00","250,125.00","286,466.67", ,0,"17,210","17,331.20","31,617.15","23,169.43", 
"2018/09/11243,500","244,000","242,000","243,000","245,400.00","247,100.00","251,800.00","288,075.00", ,0,"21,199","17,409.60","32,706.00","23,223.25", 
"2018/09/10245,000","245,500","243,500","244,000","246,600.00","247,450.00","254,225.00", , ,0,"16,165","15,687.80","32,654.50", , 
"2018/09/07248,500","249,000","245,000","246,000","247,800.00","247,550.00","256,625.00", , ,0,"11,896","15,929.40","32,650.60", , 
"2018/09/06247,500","248,500","246,000","246,500","248,500.00","248,250.00","258,875.00", , ,0,"20,186","16,387.00","32,834.10", , 
"2018/09/05249,000","250,000","247,500","247,500","249,300.00","249,200.00","261,175.00", , ,0,"17,602","19,288.00","32,307.70", , 
"2018/09/04250,000","251,000","248,000","249,000","248,800.00","249,950.00","263,450.00", , ,0,"12,590","21,568.00","32,146.70", , 
"2018/09/03252,000","252,000","247,500","250,000","248,300.00","251,000.00","265,675.00", , ,0,"17,373","25,729.40","31,994.65", , 
"2018/08/31250,000","251,500","246,500","249,500","247,300.00","251,650.00","267,900.00", , ,0,"14,184","39,376.80","31,894.75", , 
"2018/08/30245,500","251,500","245,000","250,500","248,000.00","252,500.00","270,050.00", , ,70,"34,691","41,351.00","31,744.90", , 
"2018/08/29247,000","248,500","245,000","245,000","249,100.00","253,250.00","272,325.00", , ,0,"29,002","40,717.40","31,089.60", , 
"2018/08/28244,500","246,500","243,500","246,500","251,100.00","256,500.00","274,775.00", , ,0,"33,397","40,295.20","30,408.75", , 
"2018/08/27253,000","253,500","241,500","245,000","253,700.00","261,000.00","277,025.00", , ,0,"85,610","38,702.00","29,243.70", , 
"2018/08/24254,000","255,500","253,000","253,000","256,000.00","265,700.00","279,425.00", , ,0,"24,055","27,867.80","25,373.20", , 
"2018/08/23255,000","257,000","254,000","256,000","257,000.00","269,500.00","281,325.00", , ,0,"31,523","31,228.60","24,973.30", , 
"2018/08/22258,000","258,000","254,500","255,000","257,400.00","273,150.00","283,250.00", , ,0,"26,891","49,132.00","23,881.20", , 
"2018/08/21256,500","260,500","254,000","259,500","261,900.00","276,950.00","285,125.00", , ,0,"25,431","51,551.20","23,226.85", , 
"2018/08/20257,500","258,000","253,500","256,500","268,300.00","280,350.00","286,825.00", , ,0,"31,439","50,498.80","22,553.15", , 
"2018/08/17259,000","260,000","254,000","258,000","275,400.00","284,150.00","288,550.00", , ,49,"40,859","47,428.40","21,598.75", , 
"2018/08/16272,000","276,500","255,000","258,000","282,000.00","287,600.00","290,225.00", , ,0,"121,040","42,369.80","20,559.95", , 
"2018/08/14292,500","292,500","274,000","277,500","288,900.00","291,400.00","292,125.00", , ,0,"38,987","20,093.40","15,021.05", , 
"2018/08/13292,000","292,500","287,000","291,500","292,000.00","293,050.00","293,075.00", , ,71,"20,169","15,172.40","13,764.05", , 
"2018/08/10291,500","293,500","290,500","292,000","292,400.00","293,050.00","293,475.00", , ,0,"16,087","13,048.40","13,852.45", , 
"2018/08/09292,000","293,500","291,000","291,000","292,900.00","293,150.00","293,800.00", , ,0,"15,566","12,906.00","13,569.40", , 
"2018/08/08292,500","296,000","292,000","292,500","293,200.00","293,150.00","294,200.00", , ,70,"9,658","12,030.20","14,584.30", , 
"2018/08/07293,500","295,000","292,000","293,000","293,900.00","293,350.00","294,275.00", , ,0,"14,382","14,415.60","15,671.40", , 
"2018/08/06294,500","296,500","293,500","293,500","294,100.00","293,300.00","294,650.00", , ,0,"9,549","14,616.20","15,838.05", , 
"2018/08/03292,500","295,500","292,500","294,500","293,700.00","293,300.00","295,025.00", , ,0,"15,375","14,725.60","16,011.70", , 
"2018/08/02295,000","296,500","292,000","292,500","293,400.00","292,950.00","295,625.00", , ,0,"11,187","13,290.60","15,832.15", , 
"2018/08/01296,000","297,500","293,000","296,000","293,100.00","292,850.00","296,175.00", , ,0,"21,585","14,264.60","15,602.20", , 
"2018/07/31293,500","295,500","291,500","294,000","292,800.00","292,850.00","296,725.00", , ,70,"15,385","11,883.80","15,314.20", , 
"2018/07/30294,500","294,500","291,500","291,500","292,500.00","293,100.00","297,250.00", , ,70,"10,096","11,567.60","16,000.00", , 
"2018/07/27293,000","294,000","291,500","293,000","292,900.00","293,900.00","298,250.00", , ,57,"8,200","11,939.80","17,043.40", , 
"2018/07/26294,500","295,500","290,000","291,000","292,500.00","294,450.00","299,850.00", , ,0,"16,057","12,770.00","20,952.05", , 
"2018/07/25294,000","294,500","292,500","294,500","292,600.00","295,250.00","302,000.00", , ,0,"9,681","13,575.20","21,008.40", , 
"2018/07/24290,500","293,000","289,500","292,500","292,900.00","295,200.00","304,350.00", , ,0,"13,804","13,691.40","21,173.20", , 
"2018/07/23291,000","296,500","291,000","293,500","293,700.00","296,000.00","306,775.00", , ,0,"11,957","13,700.00","21,603.25", , 
"2018/07/20290,000","294,000","290,000","291,000","294,900.00","296,750.00","309,300.00", , ,0,"12,351","15,696.00","21,682.00", , 
"2018/07/19294,500","295,500","291,500","291,500","296,400.00","298,300.00","312,275.00", , ,0,"20,083","15,311","22,910.00", , 
"2018/07/18296,500","298,000","294,000","296,000","297,900.00","299,500.00","314,675.00", , ,0,"10,262","18,467","22,560.65", , 
"2018/07/17298,000","298,500","295,000","296,500","297,500.00","300,600.00","317,150.00", , ,70,"13,847","22,695","22,870.10", , 
"2018/07/16298,000","299,500","295,000","299,500","298,300.00","301,400.00","319,350.00", , ,0,"21,937","23,468","23,199.70", , 
"2018/07/13299,000","301,500","298,000","298,500","298,600.00","302,600.00", , , ,0,"10,426","21,685", , , 
"2018/07/12297,500","301,500","294,500","299,000","300,200.00","305,250.00", , , ,0,"35,864","21,957", , , 
"2018/07/11300,000","300,000","292,000","294,000","301,100.00","308,750.00", , , ,0,"31,400","16,101.80", , , 
"2018/07/10302,000","303,500","299,000","300,500","303,700.00","313,500.00", , , ,0,"17,715","12,986.80", , , 
"2018/07/09305,500","309,000","300,500","301,000","304,500.00","317,550.00", , , ,0,"13,022","15,264.00", , , 
"2018/07/06302,000","307,000","301,500","306,500","306,600.00","321,850.00", , , ,0,"11,784","18,852.40", , , 
"2018/07/05306,000","309,000","301,000","303,500","310,300.00","326,250.00", , , ,0,"6,588","33,770.20", , , 
"2018/07/04304,500","309,500","299,000","307,000","316,400.00","329,850.00", , , ,0,"15,825","35,889.40", , , 
"2018/07/03313,000","313,500","300,500","304,500","323,300.00","333,700.00", , , ,0,"29,101","35,319.80", , , 
"2018/07/02319,000","320,000","310,000","311,500","330,600.00","337,300.00", , , ,0,"30,964","33,980.60", , , 
"2018/06/29328,500","329,000","310,000","325,000","337,100.00", , , , ,0,"86,373","30,494.20", , , 
"2018/06/28341,500","341,500","330,000","334,000","342,200.00", , , , ,0,"17,184","20,601.80", , , 
"2018/06/27338,000","344,000","335,000","341,500","343,300.00", , , , ,0,"12,977","19,784.20", , , 
"2018/06/26344,000","355,000","338,500","341,000","344,100.00", , , , ,0,"22,405","20,479.00", , , 
"2018/06/25349,500","349,500","338,000","344,000","344,000.00", , , , ,0,"13,532","20,085.80", , , 
"2018/06/22335,500","353,000","335,500","350,500", , , , , ,0,"36,911", , , , 
"2018/06/21341,000","348,000","331,000","339,500", , , , , ,0,"13,096", , , , 
"2018/06/20339,000","348,500","335,000","345,500", , , , , ,0,"16,451", , , , 
"2018/06/19346,000","350,000","337,000","340,500", , , , , ,0,"20,439", , , , 
