2018-07-02,"83,000","84,400","81,600","81,600", , , , , ,0,468, , , , 
2018-07-03,"81,600","82,300","80,300","82,100", , , , , ,0,"1,049", , , , 
2018-07-04,"80,700","82,100","80,300","81,400", , , , , ,0,145, , , , 
2018-07-05,"80,500","81,700","80,500","81,600", , , , , ,0,157, , , , 
2018-07-06,"82,300","82,300","80,700","81,900","81,720.00", , , , ,0,111,386.00, , , 
2018-07-09,"81,800","83,200","80,900","82,000","81,800.00", , , , ,0,711,434.60, , , 
2018-07-10,"81,500","86,500","81,500","83,500","82,080.00", , , , ,0,644,353.60, , , 
2018-07-11,"84,200","85,500","82,300","82,900","82,380.00", , , , ,0,424,409.40, , , 
2018-07-12,"82,400","85,400","82,000","83,100","82,680.00", , , , ,0,322,442.40, , , 
2018-07-13,"83,000","88,000","82,200","84,900","83,280.00","82,500.00", , , ,0,475,515.20, , , 
2018-07-16,"89,000","89,000","84,900","87,600","84,400.00","83,100.00", , , ,0,357,444.40, , , 
2018-07-17,"87,800","89,500","86,600","89,400","85,580.00","83,830.00", , , ,0,460,407.60, , , 
2018-07-18,"90,000","90,000","84,600","88,300","86,660.00","84,520.00", , , ,0,846,492.00, , , 
2018-07-19,"88,200","88,200","83,600","83,700","86,780.00","84,730.00", , , ,0,594,546.40, , , 
2018-07-20,"83,400","85,700","83,000","83,200","86,440.00","84,860.00", , , ,0,278,507.00, , , 
2018-07-23,"82,100","85,200","82,100","83,900","85,700.00","85,050.00", , , ,0,330,501.60, , , 
2018-07-24,"83,900","84,000","82,000","84,000","84,620.00","85,100.00", , , ,0,141,437.80, , , 
2018-07-25,"82,500","83,900","82,400","83,900","83,740.00","85,200.00", , , ,0,278,324.20, , , 
2018-07-26,"83,000","84,700","82,700","84,100","83,820.00","85,300.00", , , ,0,201,245.60, , , 
2018-07-27,"85,100","86,100","83,300","85,900","84,360.00","85,400.00","83,950.00", , ,0,182,226.40,408.65, , 
2018-07-30,"84,200","86,800","84,200","85,200","84,620.00","85,160.00","84,130.00", , ,0,100,180.40,390.25, , 
2018-07-31,"85,200","85,800","83,500","85,500","84,920.00","84,770.00","84,300.00", , ,0,221,196.40,348.85, , 
2018-08-01,"84,000","85,000","82,700","84,600","85,060.00","84,400.00","84,460.00", , ,0,"1,067",354.20,394.95, , 
2018-08-02,"83,100","84,400","82,900","83,500","84,940.00","84,380.00","84,555.00", , ,0,542,422.40,414.20, , 
2018-08-03,"82,800","83,900","82,800","83,200","84,400.00","84,380.00","84,620.00", , ,0,235,433.00,420.40, , 
2018-08-06,"83,200","84,300","81,000","82,700","83,900.00","84,260.00","84,655.00", , ,0,493,511.60,409.50, , 
2018-08-07,"82,800","86,000","81,900","83,900","83,580.00","84,250.00","84,675.00", , ,0,491,565.60,401.85, , 
2018-08-08,"83,600","84,900","83,100","84,200","83,500.00","84,280.00","84,740.00", , ,0,186,389.40,389.95, , 
2018-08-09,"83,300","85,500","83,100","85,100","83,820.00","84,380.00","84,840.00", , ,70,707,422.40,409.20, , 
2018-08-10,"87,000","87,000","84,100","84,600","84,100.00","84,250.00","84,825.00", , ,0,136,402.60,392.25, , 
2018-08-13,"85,800","85,800","83,100","83,700","84,300.00","84,100.00","84,630.00", , ,0,435,391.00,396.15, , 
2018-08-14,"84,500","84,500","82,700","82,900","84,100.00","83,840.00","84,305.00", , ,0,153,323.40,380.80, , 
2018-08-16,"80,200","83,500","80,200","82,900","83,840.00","83,670.00","84,035.00", , ,0,290,344.20,353.00, , 
2018-08-17,"83,500","83,500","78,000","82,200","83,260.00","83,540.00","83,960.00", , ,71,"1,472",497.20,396.90, , 
2018-08-20,"81,300","84,000","80,800","83,700","83,080.00","83,590.00","83,985.00", , ,0,322,534.40,399.10, , 
2018-08-21,"83,800","84,400","81,800","84,100","83,160.00","83,730.00","83,995.00", , ,0,158,479.00,390.50, , 
2018-08-22,"82,500","84,600","82,500","83,800","83,340.00","83,720.00","83,985.00", , ,0,164,481.20,391.65, , 
2018-08-23,"84,400","84,400","82,200","83,500","83,460.00","83,650.00","83,965.00", , ,0,269,477.00,391.20, , 
2018-08-24,"82,700","83,900","81,000","83,700","83,760.00","83,510.00","83,945.00", , ,0,898,362.20,426.05, , 
2018-08-27,"82,500","84,800","81,700","81,700","83,360.00","83,220.00","83,735.00", , ,66,417,381.20,437.80, , 
2018-08-28,"83,000","83,300","80,900","81,900","82,920.00","83,040.00","83,570.00", , ,0,527,455.00,459.15, , 
2018-08-29,"81,900","83,100","81,000","81,200","82,400.00","82,870.00","83,355.00", , ,0,206,463.40,458.40, , 
2018-08-30,"81,300","82,000","80,100","81,900","82,080.00","82,770.00","83,220.00", , ,0,537,517.00,431.90, , 
2018-08-31,"82,800","82,800","80,500","81,900","81,720.00","82,740.00","83,140.00", , ,0,198,377.00,414.70, , 
2018-09-03,"81,100","82,700","80,700","81,900","81,760.00","82,560.00","83,075.00", , ,0,322,358.00,419.05, , 
2018-09-04,"82,400","83,100","80,500","81,300","81,640.00","82,280.00","83,005.00", , ,0,359,324.40,412.35, , 
2018-09-05,"80,600","82,000","80,500","80,800","81,560.00","81,980.00","82,850.00", , ,70,629,409.00,419.25, , 
2018-09-06,"81,500","81,500","80,300","81,200","81,420.00","81,750.00","82,700.00", , ,0,325,366.60,426.20, , 
2018-09-07,"81,200","89,200","80,700","84,000","81,840.00","81,780.00","82,645.00", , ,0,"3,907","1,108.40",586.20, , 
2018-09-10,"84,000","84,800","82,400","83,800","82,220.00","81,990.00","82,605.00", , ,33,625,"1,169.00",610.65, , 
2018-09-11,"83,400","85,000","83,200","84,000","82,760.00","82,200.00","82,620.00", , ,0,525,"1,202.20",615.15, , 
2018-09-12,"84,200","84,600","82,300","84,100","83,420.00","82,490.00","82,680.00", , ,0,"1,093","1,295.00",662.15, , 
2018-09-13,"84,100","85,700","83,600","84,700","84,120.00","82,770.00","82,770.00", , ,0,833,"1,396.60",689.30, , 
2018-09-14,"85,100","88,200","83,800","86,700","84,660.00","83,250.00","82,995.00", , ,0,"2,194","1,054.00",725.40, , 
2018-09-17,"85,800","87,100","84,600","86,100","85,120.00","83,670.00","83,115.00", , ,0,671,"1,063.20",742.85, , 
2018-09-18,"86,100","87,000","84,500","85,000","85,320.00","84,040.00","83,160.00", , ,0,374,"1,033.00",753.65, , 
2018-09-19,"86,000","86,400","83,200","84,600","85,420.00","84,420.00","83,200.00", , ,0,567,927.80,773.80, , 
2018-09-20,"83,900","84,500","81,600","82,900","85,060.00","84,590.00","83,170.00", , ,0,663,893.80,793.50, , 
2018-09-21,"83,400","83,400","81,400","82,800","84,280.00","84,470.00","83,125.00", , ,0,350,525.00,766.10, , 
2018-09-27,"83,300","83,300","82,100","82,600","83,580.00","84,350.00","83,170.00","83,618.33", ,0,172,425.20,753.85,533.43, 
2018-09-28,"82,600","83,200","82,200","83,000","83,180.00","84,250.00","83,225.00","83,641.67", ,0,209,392.20,737.95,529.12, 
2018-10-01,"83,000","83,200","82,000","82,700","82,800.00","84,110.00","83,300.00","83,651.67", ,0,384,355.60,746.85,518.03, 
2018-10-02,"87,000","87,000","82,600","83,100","82,840.00","83,950.00","83,360.00","83,680.00", ,0,"2,644",751.80,852.20,559.68, 
2018-10-04,"82,500","84,300","81,900","83,500","82,980.00","83,630.00","83,440.00","83,711.67", ,9,289,739.60,856.75,561.88, 
2018-10-05,"83,400","83,400","82,000","82,000","82,860.00","83,220.00","83,445.00","83,713.33", ,0,226,750.40,851.95,563.80, 
2018-10-08,"82,000","83,400","81,800","82,700","82,800.00","82,990.00","83,515.00","83,725.00", ,0,81,724.80,838.05,553.30, 
2018-10-10,"83,000","83,000","81,800","82,100","82,680.00","82,740.00","83,580.00","83,701.67", ,70,381,724.20,825.65,548.92, 
2018-10-11,"81,000","81,000","76,500","80,000","82,060.00","82,450.00","83,520.00","83,653.33", ,71,886,372.60,853.70,556.62, 
2018-10-12,"77,500","80,000","77,500","80,000","81,360.00","82,170.00","83,320.00","83,601.67", ,0,319,378.60,674.30,556.57, 
2018-10-15,"78,300","80,600","78,000","79,500","80,860.00","81,860.00","83,105.00","83,511.67", ,0,341,401.60,660.10,554.33, 
2018-10-16,"79,500","79,700","77,800","78,500","80,020.00","81,410.00","82,830.00","83,360.00", ,0,"1,073",600.00,687.50,566.27, 
2018-10-17,"78,500","79,700","77,500","77,700","79,140.00","80,910.00","82,510.00","83,165.00", ,0,367,597.20,651.20,564.72, 
2018-10-18,"77,300","78,500","76,900","77,300","78,600.00","80,330.00","82,140.00","82,981.67", ,0,419,503.80,630.50,557.60, 
2018-10-19,"79,200","79,200","76,000","78,700","78,340.00","79,850.00","81,740.00","82,898.33", ,71,264,492.80,534.00,552.10, 
2018-10-22,"79,600","80,100","76,400","78,000","78,040.00","79,450.00","81,335.00","82,811.67", ,0,867,598.00,543.80,561.92, 
2018-10-23,"78,800","78,800","76,100","76,300","77,600.00","78,810.00","80,900.00","82,685.00", ,2,380,459.40,544.10,562.75, 
2018-10-24,"76,300","77,800","74,700","76,600","77,380.00","78,260.00","80,500.00","82,561.67", ,0,120,410.00,521.75,562.40, 
2018-10-25,"75,100","78,500","75,000","78,300","77,580.00","78,090.00","80,270.00","82,468.33", ,0,379,402.00,507.55,564.08, 
2018-10-26,"79,800","79,800","75,100","78,100","77,460.00","77,900.00","80,035.00","82,368.33", ,0,532,455.60,516.65,569.60, 
2018-10-29,"77,300","79,100","75,500","77,500","77,360.00","77,700.00","79,780.00","82,228.33", ,0,223,326.80,519.20,570.28, 
2018-10-30,"77,000","78,600","74,000","77,100","77,520.00","77,560.00","79,485.00","82,093.33", ,0,327,316.20,525.10,574.07, 
2018-10-31,"76,000","76,700","75,000","76,400","77,480.00","77,430.00","79,170.00","81,941.67", ,0,142,320.60,513.00,572.75, 
2018-11-01,"76,400","77,800","76,400","76,900","77,200.00","77,390.00","78,860.00","81,813.33", ,0,59,256.60,383.75,555.95, 
2018-11-02,"77,200","77,200","75,400","76,500","76,880.00","77,170.00","78,510.00","81,696.67", ,0,163,182.80,377.45,549.63, 
2018-11-05,"76,500","76,500","74,300","76,200","76,620.00","76,990.00","78,220.00","81,580.00", ,0,299,198.00,381.10,550.70, 
2018-11-06,"75,000","77,200","75,000","75,600","76,320.00","76,920.00","77,865.00","81,461.67", ,0,33,139.20,378.70,543.03, 
2018-11-07,"75,600","77,000","74,700","76,500","76,340.00","76,910.00","77,585.00","81,338.33", ,0,294,169.60,374.35,539.75, 
2018-11-08,"76,200","76,900","74,300","76,300","76,220.00","76,710.00","77,400.00","81,206.67", ,0,484,254.60,354.25,544.72, 
2018-11-09,"75,200","76,300","75,200","76,300","76,180.00","76,530.00","77,215.00","81,060.00", ,0,17,225.40,339.15,533.22, 
2018-11-12,"76,300","76,300","75,000","76,100","76,160.00","76,390.00","77,045.00","80,918.33", ,0,147,195.00,329.45,533.40, 
2018-11-13,"76,100","76,800","75,000","76,800","76,400.00","76,360.00","76,960.00","80,803.33", ,70,80,204.40,279.80,527.48, 
2018-11-14,"75,300","76,900","75,000","76,900","76,480.00","76,410.00","76,920.00","80,703.33", ,70,113,168.20,267.10,526.82, 
2018-11-15,"77,100","77,800","75,500","77,000","76,620.00","76,420.00","76,905.00","80,605.00", ,0,86,88.60,250.45,523.42, 
2018-11-16,"76,900","77,000","75,900","77,000","76,760.00","76,470.00","76,820.00","80,518.33", ,0,54,96.00,239.95,499.78, 
2018-11-19,"78,500","78,500","77,800","77,800","77,100.00","76,630.00","76,810.00","80,420.00", ,0,22,71.00,197.70,494.78, 
2018-11-20,"77,600","77,800","77,600","77,800","77,300.00","76,850.00","76,885.00","80,315.00", ,0,41,63.20,180.75,492.83, 
2018-11-21,"77,600","77,800","76,700","77,800","77,480.00","76,980.00","76,945.00","80,215.00", ,30,43,49.20,176.90,490.82, 
2018-11-22,"77,300","77,300","74,500","76,500","77,380.00","77,000.00","76,855.00","80,098.33", ,71,290,90.00,172.45,491.17, 
2018-11-23,"76,300","76,500","75,100","76,400","77,260.00","77,010.00","76,770.00","79,976.67", ,0,120,103.20,151.85,478.20, 
2018-11-26,"75,600","77,500","75,500","77,200","77,140.00","77,120.00","76,755.00","79,901.67", ,0,87,116.20,145.05,472.70, 
2018-11-27,"77,300","77,400","76,900","77,400","77,060.00","77,180.00","76,770.00","79,826.67", ,0,155,139.00,136.45,466.50, 
2018-11-28,"79,000","79,000","75,600","76,700","76,840.00","77,160.00","76,785.00","79,751.67", ,39,150,160.40,136.85,465.57, 
2018-11-29,"76,700","76,800","75,900","75,900","76,720.00","77,050.00","76,735.00","79,651.67", ,40,832,268.80,175.50,470.48, 
2018-11-30,"75,600","76,200","74,000","75,000","76,440.00","76,850.00","76,660.00","79,536.67", ,0,545,353.80,194.60,476.27, 
2018-12-03,"74,900","75,900","74,000","75,600","76,120.00","76,630.00","76,630.00","79,431.67", ,70,"1,121",560.60,235.70,489.58, 
2018-12-04,"75,600","75,900","75,500","75,900","75,820.00","76,440.00","76,645.00","79,341.67", ,0,84,546.40,238.25,485.00, 
2018-12-05,"74,800","75,700","73,600","74,800","75,440.00","76,140.00","76,560.00","79,241.67", ,0,266,569.60,236.85,478.95, 
2018-12-06,"73,600","74,800","72,200","73,900","75,040.00","75,880.00","76,440.00","79,120.00", ,0,726,548.40,248.95,485.63, 
2018-12-07,"73,600","74,900","71,800","73,500","74,740.00","75,590.00","76,300.00","78,945.00", ,0,741,587.60,285.15,432.87, 
2018-12-10,"72,700","73,500","69,700","69,700","73,560.00","74,840.00","75,980.00","78,710.00", ,0,"1,394",642.20,347.50,445.68, 
2018-12-11,"71,500","71,500","67,000","68,800","72,140.00","73,980.00","75,580.00","78,456.67", ,0,991,823.60,393.05,453.45, 
2018-12-12,"69,400","70,400","64,600","66,300","70,440.00","72,940.00","75,050.00","78,160.00", ,0,"2,676","1,305.60",521.20,479.83, 
2018-12-13,"66,300","68,700","66,300","67,600","69,180.00","72,110.00","74,580.00","77,875.00", ,0,376,"1,235.60",535.70,472.22, 
2018-12-14,"67,900","68,300","67,300","67,700","68,020.00","71,380.00","74,115.00","77,558.33", ,0,257,"1,138.80",545.85,439.93, 
2018-12-17,"67,100","68,100","66,000","66,800","67,440.00","70,500.00","73,565.00","77,236.67", ,0,"1,495","1,159.00",619.50,453.67, 
2018-12-18,"66,800","67,300","63,800","65,000","66,680.00","69,410.00","72,925.00","76,903.33", ,0,"1,041","1,169.00",669.50,464.78, 
2018-12-19,"63,900","65,400","63,200","65,300","66,480.00","68,460.00","72,300.00","76,581.67", ,0,"1,293",892.40,732.00,476.88, 
2018-12-20,"64,700","65,400","64,100","65,300","66,020.00","67,600.00","71,740.00","76,288.33", ,0,192,855.60,727.10,469.03, 
2018-12-21,"65,000","66,600","65,000","65,400","65,560.00","66,790.00","71,190.00","75,998.33", ,68,406,885.40,741.40,469.97, 
2018-12-24,"65,400","65,400","63,900","64,000","65,000.00","66,220.00","70,530.00","75,688.33","79,653.33",0,302,646.80,752.15,472.13,502.78
2018-12-26,"63,200","65,000","62,500","64,800","64,960.00","65,820.00","69,900.00","75,385.00","79,513.33",0,"1,165",671.60,802.65,488.07,508.59
2018-12-27,"65,600","65,600","63,800","65,000","64,900.00","65,690.00","69,315.00","75,090.00","79,370.83",0,62,425.40,798.25,482.70,500.37
2018-12-28,"64,900","65,600","64,900","65,500","64,940.00","65,480.00","68,795.00","74,796.67","79,238.33",0,49,396.80,759.10,439.45,499.57
2019-01-02,"66,000","67,000","66,000","66,700","65,200.00","65,380.00","68,380.00","74,516.67","79,114.17",0,57,327.00,734.70,435.58,498.73
2019-01-03,"66,000","67,300","65,100","67,000","65,800.00","65,400.00","67,950.00","74,266.67","78,990.00",0,63,279.20,681.80,432.87,498.33
2019-01-04,"65,500","66,900","65,500","66,800","66,200.00","65,580.00","67,495.00","74,001.67","78,863.33",0,234,93.00,689.30,435.42,494.36
2019-01-07,"65,500","67,400","65,500","66,800","66,560.00","65,730.00","67,095.00","73,746.67","78,724.17",70,73,95.20,679.65,430.28,489.60
2019-01-08,"66,800","67,100","66,200","66,200","66,700.00","65,820.00","66,710.00","73,516.67","78,585.00",0,25,90.40,644.60,415.93,486.27
2019-01-09,"66,900","67,500","65,400","67,500","66,860.00","66,030.00","66,410.00","73,308.33","78,455.00",20,78,94.60,611.45,411.92,484.24
2019-01-10,"67,500","68,300","67,200","68,300","67,120.00","66,460.00","66,340.00","73,121.67","78,316.67",0,108,103.60,547.15,408.03,481.18
2019-01-11,"72,500","72,700","67,800","71,600","68,080.00","67,140.00","66,480.00","73,006.67","78,183.33",20,444,145.60,519.80,397.55,481.91
2019-01-14,"72,000","72,300","69,200","72,000","69,120.00","67,840.00","66,765.00","72,911.67","78,038.33",28,517,234.40,411.85,400.05,482.38
2019-01-15,"72,000","74,300","71,300","73,200","70,520.00","68,610.00","67,045.00","72,843.33","77,912.50",0,531,335.60,419.60,401.92,479.76
2019-01-16,"72,200","74,100","71,100","73,900","71,800.00","69,330.00","67,355.00","72,763.33","77,830.83",0,47,329.40,409.10,398.30,475.20
2019-01-17,"73,700","75,000","71,500","73,900","72,920.00","70,020.00","67,710.00","72,695.00","77,753.33",0,276,363.00,348.15,388.45,475.18
2019-01-18,"73,800","74,500","71,600","73,800","73,360.00","70,720.00","68,150.00","72,653.33","77,669.17",0,256,325.40,308.90,386.38,474.57
2019-01-21,"73,700","74,700","72,600","73,000","73,560.00","71,340.00","68,535.00","72,593.33","77,577.50",0,353,292.60,261.90,390.27,476.33
2019-01-22,"74,500","74,500","70,100","71,900","73,300.00","71,910.00","68,865.00","72,486.67","77,477.50",0,553,297.00,279.95,393.17,478.63
2019-01-23,"71,900","75,800","69,000","69,000","72,320.00","72,060.00","69,045.00","72,335.00","77,351.67",0,509,389.40,285.10,392.78,481.19
2019-01-24,"69,000","72,100","69,000","70,400","71,620.00","72,270.00","69,365.00","72,216.67","77,222.50",70,248,383.80,282.40,393.20,481.74
2019-01-25,"71,300","71,300","69,500","70,600","70,980.00","72,170.00","69,655.00","72,108.33","77,100.83",0,71,346.80,227.70,388.93,481.50
2019-01-28,"68,500","73,600","68,500","70,800","70,540.00","72,050.00","69,945.00","72,015.00","76,978.33",0,281,332.40,238.65,391.25,482.00
2019-01-29,"71,100","71,300","69,600","70,800","70,320.00","71,810.00","70,210.00","71,913.33","76,863.33",0,81,238.00,240.25,391.62,473.78
2019-01-30,"70,800","70,900","69,000","70,600","70,640.00","71,480.00","70,405.00","71,815.00","76,755.83",0,147,165.60,244.75,391.35,470.49
2019-01-31,"69,600","69,600","68,600","69,600","70,480.00","71,050.00","70,535.00","71,705.00","76,642.50",0,691,254.20,276.15,397.88,474.29
2019-02-01,"69,400","69,400","68,700","69,100","70,180.00","70,580.00","70,650.00","71,596.67","76,529.17",0,292,298.40,279.05,402.20,472.62
2019-02-07,"69,400","70,300","67,300","69,000","69,820.00","70,180.00","70,760.00","71,471.67","76,405.00",0,355,313.20,293.15,403.22,471.48
2019-02-08,"68,000","69,900","68,000","69,600","69,580.00","69,950.00","70,930.00","71,360.00","76,283.33",0,155,328.00,299.65,397.73,471.23
2019-02-11,"68,600","70,300","68,100","70,200","69,500.00","70,070.00","71,065.00","71,258.33","76,159.17",0,434,385.40,317.45,404.68,468.95
2019-02-12,"70,000","83,900","69,300","79,300","71,440.00","70,960.00","71,615.00","71,311.67","76,115.00",67,"13,736","2,994.40",998.85,631.17,582.28
2019-02-13,"78,100","78,600","74,000","75,300","72,680.00","71,430.00","71,800.00","71,286.67","76,045.00",37,"4,500","3,836.00","1,201.65",704.83,616.16
2019-02-14,"74,200","75,900","72,200","74,900","73,860.00","71,840.00","71,945.00","71,253.33","75,978.33",0,"1,609","4,086.80","1,256.25",729.77,628.29
2019-02-15,"74,300","74,900","70,100","71,600","74,260.00","71,920.00","71,865.00","71,163.33","75,884.17",0,"1,232","4,302.20","1,291.30",748.87,636.14
2019-02-18,"72,000","72,300","70,800","71,600","74,540.00","72,020.00","71,750.00","71,073.33","75,795.83",0,515,"4,318.40","1,314.70",756.55,628.17
2019-02-19,"72,000","72,900","70,700","71,200","72,920.00","72,180.00","71,615.00","70,963.33","75,691.67",0,628,"1,696.80","1,332.30",766.65,630.72
2019-02-20,"71,200","72,500","70,400","70,400","71,940.00","72,310.00","71,445.00","70,840.00","75,577.50",0,647,926.20,"1,351.85",776.75,634.79
2019-02-21,"70,900","71,900","69,900","71,000","71,160.00","72,510.00","71,345.00","70,726.67","75,470.83",0,662,736.80,"1,367.30",787.07,638.94
2019-02-22,"70,500","71,800","69,600","71,000","71,040.00","72,650.00","71,300.00","70,635.00","75,366.67",0,676,625.60,"1,373.45",793.50,642.33
2019-02-25,"71,000","72,300","69,600","70,900","70,900.00","72,720.00","71,395.00","70,543.33","75,260.00",70,"1,003",723.20,"1,398.15",808.22,643.21
2019-02-26,"70,800","71,300","69,500","69,600","70,580.00","71,750.00","71,355.00","70,416.67","75,159.17",0,706,738.80,"1,421.05",818.53,645.62
2019-02-27,"69,300","70,400","68,200","69,700","70,440.00","71,190.00","71,310.00","70,288.33","75,057.50",0,452,699.80,"1,440.10",823.48,644.99
2019-02-28,"69,800","76,900","69,200","70,800","70,400.00","70,780.00","71,310.00","70,190.00","74,970.83",66,"4,322","1,431.80","1,642.15",893.02,679.29
2019-03-04,"70,800","72,000","70,000","71,600","70,520.00","70,780.00","71,350.00","70,118.33","74,885.00",0,520,"1,400.60","1,664.10",887.82,679.15
2019-03-05,"71,900","74,000","71,600","73,300","71,000.00","70,950.00","71,485.00","70,090.00","74,813.33",0,"1,115","1,423.00","1,712.50",897.32,686.79
2019-03-06,"74,400","74,800","71,900","73,400","71,760.00","71,170.00","71,675.00","70,053.33","74,742.50",0,388,"1,359.40","1,697.35",885.10,687.34
2019-03-07,"71,200","72,900","71,000","71,900","72,200.00","71,320.00","71,815.00","69,986.67","74,664.17",0,917,"1,452.40","1,728.60",898.98,691.99
2019-03-08,"71,600","73,800","70,100","70,200","72,080.00","71,240.00","71,875.00","69,910.00","74,575.83",0,274,642.80,"1,724.55",899.12,689.03
2019-03-11,"70,800","72,900","69,400","72,700","72,300.00","71,410.00","72,030.00","69,890.00","74,505.00",0,274,593.60,"1,730.50",891.58,688.61
2019-03-12,"72,600","73,500","70,500","70,600","71,760.00","71,380.00","72,050.00","69,841.67","74,393.33",0,"1,274",625.40,"1,772.50",900.47,666.67
2019-03-13,"70,600","72,600","70,500","71,100","71,300.00","71,530.00","71,640.00","69,865.00","74,287.50",70,695,686.80,"1,120.45",888.82,667.25
2019-03-14,"71,900","71,900","70,200","71,100","71,140.00","71,670.00","71,430.00","69,903.33","74,180.00",0,233,550.00,907.10,876.18,664.82
2019-03-15,"71,600","71,800","69,800","70,100","71,120.00","71,600.00","71,190.00","69,966.67","74,063.33",0,470,589.20,850.15,839.42,659.63
2019-03-18,"71,400","71,400","69,100","69,600","70,500.00","71,400.00","71,090.00","70,000.00","73,937.50",0,613,657.00,819.20,843.37,657.79
2019-03-19,"69,400","70,800","69,400","70,000","70,380.00","71,070.00","71,010.00","70,038.33","73,798.33",0,239,450.00,805.40,843.07,641.50
2019-03-20,"70,900","70,900","69,400","70,600","70,280.00","70,790.00","70,980.00","70,101.67","73,669.17",70,324,375.80,790.20,823.55,638.61
2019-03-21,"69,800","71,300","68,500","70,600","70,180.00","70,660.00","70,990.00","70,195.00","73,549.17",0,"2,548",838.80,885.25,848.67,656.73
2019-03-22,"70,500","70,600","68,800","70,000","70,160.00","70,640.00","70,940.00","70,273.33","73,427.50",0,776,900.00,890.95,840.05,658.47
2019-03-25,"69,500","69,900","68,700","69,100","70,060.00","70,280.00","70,845.00","70,336.67","73,312.50",0,735,924.40,893.90,849.10,659.07
2019-03-26,"69,100","70,200","68,700","70,200","70,100.00","70,240.00","70,810.00","70,416.67","73,207.50",70,580,992.60,872.75,852.00,660.98
2019-03-27,"71,200","71,800","68,700","69,500","69,880.00","70,080.00","70,805.00","70,508.33","73,098.33",70,662,"1,060.20",870.55,858.00,665.07
2019-03-28,"69,500","69,500","68,100","69,400","69,640.00","69,910.00","70,790.00","70,585.00","72,985.00",0,204,591.40,858.15,841.98,665.02
2019-03-29,"69,600","71,700","67,700","68,400","69,320.00","69,740.00","70,670.00","70,641.67","72,865.83",0,"1,257",687.60,704.90,861.90,672.30
2019-04-01,"69,900","69,900","67,500","67,500","69,000.00","69,530.00","70,465.00","70,675.00","72,735.83",2,722,685.00,715.00,873.12,656.28
2019-04-02,"67,800","69,100","67,500","68,600","68,680.00","69,390.00","70,230.00","70,706.67","72,611.67",70,"8,654","2,299.80","1,091.95","1,016.40",725.99
2019-04-03,"69,100","69,400","68,000","68,900","68,560.00","69,220.00","70,005.00","70,738.33","72,502.50",0,312,"2,229.80","1,088.15","1,020.55",726.71
2019-04-04,"69,600","69,900","68,100","69,000","68,480.00","69,060.00","69,860.00","70,775.00","72,388.33",0,268,"2,242.60","1,055.70","1,021.12",728.27
2019-04-05,"69,300","69,300","67,600","68,900","68,580.00","68,950.00","69,795.00","70,810.00","72,278.33",0,323,"2,055.80","1,058.15","1,025.28",727.78
2019-04-08,"68,900","70,400","67,900","67,900","68,660.00","68,830.00","69,555.00","70,838.33","72,177.50",0,166,"1,944.60","1,052.75","1,027.63",721.78
2019-04-09,"68,500","68,700","67,000","67,900","68,520.00","68,600.00","69,420.00","70,845.00","72,076.67",0,439,301.60,"1,011.00","1,033.65",722.78
2019-04-10,"68,800","69,200","67,700","69,200","68,580.00","68,570.00","69,325.00","70,860.00","71,990.83",0,"1,288",496.80,"1,040.65","1,053.32",730.67
2019-04-11,"69,100","69,900","67,200","69,200","68,620.00","68,550.00","69,230.00","70,820.00","71,913.33",0,380,519.20,"1,048.00","1,052.25",724.90
2019-04-12,"69,100","70,000","68,300","69,800","68,800.00","68,690.00","69,215.00","70,783.33","71,847.50",67,174,489.40,"1,033.20","1,046.53",723.29
2019-04-15,"69,800","71,500","68,500","70,800","69,380.00","69,020.00","69,275.00","70,743.33","71,793.33",67,635,583.20,"1,034.30","1,048.27",725.09
2019-04-16,"71,000","91,800","70,800","87,100","73,220.00","70,870.00","70,130.00","70,963.33","71,863.33",0,"46,340","9,763.40","3,339.35","1,819.82","1,109.06"
2019-04-17,"85,800","99,000","79,300","84,000","76,180.00","72,380.00","70,800.00","71,131.67","71,913.33",37,"47,312","18,968.20","5,688.75","2,603.75","1,496.10"
2019-04-18,"82,900","82,900","72,400","73,600","77,060.00","72,840.00","70,950.00","71,128.33","71,890.83",38,"15,473","21,986.80","6,335.00","2,857.37","1,621.88"
2019-04-19,"73,600","77,200","72,900","73,600","77,820.00","73,310.00","71,130.00","71,138.33","71,865.83",0,"9,069","23,765.80","6,749.65","3,002.63","1,696.45"
2019-04-22,"75,900","76,300","70,100","71,200","77,900.00","73,640.00","71,235.00","71,126.67","71,806.67",0,"16,854","27,009.60","7,555.60","3,274.32","1,833.74"
2019-04-23,"70,800","72,900","70,100","72,100","74,900.00","74,060.00","71,330.00","71,178.33","71,756.67",70,"5,491","18,839.80","7,801.15","3,357.35","1,875.07"
2019-04-24,"72,100","73,800","69,700","71,000","72,300.00","74,240.00","71,405.00","71,188.33","71,702.50",0,"5,238","10,425.00","8,029.95","3,440.52","1,916.86"
2019-04-25,"71,600","72,000","70,200","71,100","71,800.00","74,430.00","71,490.00","71,196.67","71,652.50",0,"1,199","7,570.20","8,079.70","3,459.32","1,924.13"
2019-04-26,"72,800","91,000","70,300","91,000","75,280.00","76,550.00","72,620.00","71,533.33","71,774.17",0,"103,238","26,404.00","13,178.75","5,175.27","2,783.26"
2019-04-29,"91,000","98,900","71,100","73,300","75,700.00","76,800.00","72,910.00","71,575.00","71,744.17",0,"112,084","45,450.00","18,746.85","7,041.98","3,716.80"
2019-04-30,"73,000","74,000","71,500","72,400","75,760.00","75,330.00","73,100.00","71,605.00","71,710.00",0,"14,960","47,343.80","19,062.15","7,288.87","3,840.11"
2019-05-02,"72,400","73,800","71,700","72,800","76,120.00","74,210.00","73,295.00","71,658.33","71,681.67",0,"6,907","47,677.60","19,391.90","7,392.47","3,895.18"
2019-05-03,"72,800","73,800","71,800","73,400","76,580.00","74,190.00","73,515.00","71,730.00","71,663.33",0,"6,054","48,648.60","19,681.20","7,488.50","3,945.35"
2019-05-07,"73,000","74,900","71,800","74,600","73,300.00","74,290.00","73,800.00","71,823.33","71,647.50",70,"4,281","28,857.20","19,879.10","7,553.93","3,978.57"
2019-05-08,"74,600","74,600","72,200","72,300","73,100.00","74,400.00","74,020.00","71,868.33","71,614.17",0,"2,840","7,008.40","20,012.80","7,598.68","3,998.21"
2019-05-09,"72,400","73,400","70,600","71,000","72,820.00","74,290.00","74,175.00","71,881.67","71,570.00",0,"4,344","4,885.20","20,208.05","7,663.85","4,034.27"
2019-05-10,"71,500","72,800","68,000","71,000","72,460.00","74,290.00","74,265.00","71,743.33","71,527.50",0,"2,269","3,957.60","20,257.10","7,472.73","4,051.95"
2019-05-13,"72,600","72,700","69,500","69,500","71,680.00","74,130.00","74,280.00","71,646.67","71,466.67",0,"1,307","3,008.20","20,303.45","7,419.52","4,062.18"
2019-05-14,"68,900","71,600","68,300","71,200","71,000.00","72,150.00","74,350.00","71,585.00","71,419.17",0,"2,280","2,608.00","20,408.75","7,430.70","4,080.23"
2019-05-15,"71,700","78,800","70,300","73,000","71,140.00","72,120.00","74,460.00","71,608.33","71,385.83",0,"19,591","5,958.20","21,356.55","7,736.68","4,242.77"
2019-05-16,"73,000","76,400","71,500","73,300","71,600.00","72,210.00","73,770.00","71,636.67","71,355.00",0,"9,082","6,905.80","19,493.65","7,879.47","4,318.01"
2019-05-17,"72,500","74,000","70,000","70,900","71,580.00","72,020.00","73,115.00","71,631.67","71,297.50",0,"5,444","7,540.80","17,400.25","7,959.73","4,363.19"
2019-05-20,"71,200","75,400","70,500","72,700","72,220.00","71,950.00","73,070.00","71,670.00","71,255.00",0,"6,664","8,612.20","16,959.80","8,060.02","4,418.38"
2019-05-21,"73,300","73,800","71,500","73,100","72,600.00","71,800.00","73,045.00","71,705.00","71,215.83",0,"2,930","8,742.20","16,652.85","8,097.82","4,442.44"
2019-05-22,"73,100","75,200","72,000","73,700","72,740.00","71,940.00","73,170.00","71,750.00","71,192.50",0,"2,655","5,355.00","15,942.90","8,130.80","4,462.15"
2019-05-23,"72,800","75,000","71,600","72,700","72,620.00","72,110.00","73,200.00","71,780.00","71,161.67",0,"1,904","3,919.40","15,763.55","8,145.82","4,477.02"
2019-05-24,"72,600","72,700","70,500","71,900","72,820.00","72,200.00","73,245.00","71,818.33","71,117.50",0,"4,472","3,725.00","15,725.25","8,208.58","4,513.56"
2019-05-27,"71,900","72,700","67,100","70,900","72,460.00","72,340.00","73,235.00","71,838.33","71,063.33",0,"2,630","2,918.20","15,796.80","8,244.88","4,534.18"
2019-05-28,"69,600","71,500","68,100","71,200","72,080.00","72,340.00","72,245.00","71,845.00","71,017.50",0,"3,410","3,014.20","10,805.40","8,229.68","4,561.35"
2019-05-29,"71,200","71,900","69,400","70,800","71,500.00","72,120.00","72,120.00","71,831.67","70,975.00",0,"1,618","2,806.80","5,282.10","8,247.98","4,567.90"
2019-05-30,"69,600","70,700","68,000","69,200","70,800.00","71,710.00","71,960.00","71,763.33","70,926.67",0,"5,284","3,482.80","4,798.30","8,317.47","4,607.39"
2019-05-31,"69,200","70,500","68,400","69,900","70,400.00","71,610.00","71,815.00","71,705.00","70,879.17",8,"1,682","2,924.80","4,537.05","8,339.03","4,612.07"
2019-06-03,"69,900","70,500","68,000","68,000","69,820.00","71,140.00","71,545.00","71,640.00","70,813.33",0,"2,553","2,909.40","4,362.00","8,366.30","4,632.64"
2019-06-04,"68,000","69,500","68,000","69,200","69,420.00","70,750.00","71,275.00","71,623.33","70,766.67",70,768,"2,381.00","4,186.35","8,374.53","4,636.82"
2019-06-05,"69,200","69,200","68,000","68,200","68,900.00","70,200.00","71,070.00","71,548.33","70,719.17",70,"1,294","2,316.20","4,109.05","8,391.53","4,641.56"
2019-06-07,"68,200","69,800","67,900","69,400","68,940.00","69,870.00","70,990.00","71,528.33","70,685.00",0,878,"1,435.00","3,935.75","8,384.93","4,642.70"
2019-06-10,"70,000","70,000","68,200","70,000","68,960.00","69,680.00","70,940.00","71,510.00","70,687.50",0,"2,181","1,534.80","3,931.35","8,409.70","4,649.26"
2019-06-11,"69,900","70,500","69,000","69,900","69,340.00","69,580.00","70,960.00","71,490.00","70,696.67",0,"1,041","1,232.40","3,918.05","8,423.17","4,649.68"
2019-06-12,"69,900","69,900","68,400","69,600","69,420.00","69,420.00","70,880.00","71,481.67","70,724.17",0,"1,469","1,372.60","3,877.50","8,439.82","4,639.62"
2019-06-13,"69,600","69,900","69,000","69,300","69,640.00","69,270.00","70,695.00","71,476.67","70,738.33",0,606,"1,235.00","2,928.25","8,439.70","4,641.53"
2019-06-14,"68,900","69,800","68,200","69,100","69,580.00","69,260.00","70,485.00","71,461.67","70,750.00",0,"1,459","1,351.20","2,547.10","8,460.03","4,651.55"
2019-06-17,"69,200","69,800","68,200","69,300","69,440.00","69,200.00","70,405.00","71,440.00","70,770.83",70,"1,151","1,145.20","2,332.45","8,473.82","4,648.68"
2019-06-18,"69,300","69,900","68,300","68,600","69,180.00","69,260.00","70,200.00","71,406.67","70,800.83",0,"1,533","1,243.60","2,075.90","8,456.90","4,652.78"
2019-06-19,"68,600","69,800","68,600","69,400","69,140.00","69,280.00","70,015.00","71,396.67","70,835.00",0,"1,502","1,250.20","2,004.50","8,469.00","4,654.52"
2019-06-20,"69,400","69,800","68,500","69,500","69,180.00","69,410.00","69,805.00","71,403.33","70,870.00",0,"1,444","1,417.80","1,943.95","8,480.82","4,664.96"
2019-06-21,"69,500","69,500","68,400","69,300","69,220.00","69,400.00","69,635.00","71,388.33","70,902.50",0,959,"1,317.80","1,896.70","8,487.13","4,669.57"
2019-06-24,"68,700","69,100","67,000","67,100","68,780.00","69,110.00","69,395.00","71,348.33","70,928.33",0,"4,876","2,062.80","1,916.90","8,557.37","4,707.68"
2019-06-25,"67,100","67,500","66,500","66,500","68,360.00","68,770.00","69,175.00","71,300.00","70,942.50",0,547,"1,865.60","1,812.75","8,563.08","4,702.53"
2019-06-26,"66,500","67,100","64,600","66,400","67,760.00","68,450.00","68,935.00","71,266.67","70,954.17",0,"1,486","1,862.40","1,716.55","8,566.90","4,714.40"
2019-06-27,"66,400","68,500","65,100","65,900","67,040.00","68,110.00","68,690.00","71,240.00","70,957.50",0,"2,135","2,000.60","1,742.40","8,590.45","4,731.78"
2019-06-28,"65,900","66,000","64,600","65,600","66,300.00","67,760.00","68,510.00","71,190.00","70,948.33",0,"1,840","2,176.80","1,570.20","8,476.88","4,746.64"
2019-07-01,"64,900","66,400","64,100","64,800","65,840.00","67,310.00","68,255.00","71,121.67","70,930.00",0,"1,729","1,547.40","1,572.55","8,500.50","4,760.52"
2019-07-02,"64,800","66,400","64,500","65,700","65,680.00","67,020.00","68,140.00","71,066.67","70,920.83",0,968,"1,631.60","1,493.30","8,512.17","4,766.64"
2019-07-03,"66,000","68,300","66,000","66,900","65,780.00","66,770.00","68,025.00","71,033.33","70,921.67",0,"1,956","1,725.60","1,552.70","8,539.38","4,782.33"
2019-07-04,"67,100","68,800","65,100","66,300","65,860.00","66,450.00","67,930.00","71,006.67","70,922.50",0,872,"1,473.00","1,531.60","8,551.15","4,789.39"
2019-07-05,"66,300","67,900","65,700","66,400","66,020.00","66,160.00","67,780.00","70,981.67","70,913.33",0,229,"1,150.80","1,499.15","8,547.65","4,790.65"
2019-07-08,"68,100","68,200","64,300","65,000","66,060.00","65,950.00","67,530.00","70,911.67","70,885.83",0,855,976.00,"1,432.85","8,540.43","4,796.88"
2019-07-09,"65,800","65,800","63,800","65,100","65,940.00","65,810.00","67,290.00","70,843.33","70,831.67",69,949,972.20,"1,428.25","8,549.92","4,801.08"
2019-07-10,"64,100","67,000","63,900","65,200","65,600.00","65,690.00","67,070.00","70,766.67","70,775.00",0,"1,075",796.00,"1,408.55","8,564.93","4,805.73"
2019-07-11,"66,200","66,200","63,700","65,000","65,340.00","65,600.00","66,855.00","70,670.00","70,706.67",0,553,732.20,"1,405.90","8,563.57","4,805.92"
2019-07-12,"64,800","64,900","62,200","63,800","64,820.00","65,420.00","66,590.00","70,281.67","70,622.50",0,"3,378","1,362.00","1,501.85","7,847.53","4,833.68"
2019-07-15,"63,800","64,800","63,100","64,100","64,640.00","65,350.00","66,330.00","69,950.00","70,540.83",8,563,"1,303.60","1,472.45","7,068.38","4,836.07"
2019-07-16,"64,100","65,200","63,300","64,300","64,480.00","65,210.00","66,115.00","69,795.00","70,461.67",0,677,"1,249.20","1,429.65","6,821.78","4,839.57"
2019-07-17,"64,000","65,000","62,600","62,600","63,960.00","64,780.00","65,775.00","69,611.67","70,375.00",0,"1,114","1,257.00","1,410.25","6,689.20","4,845.92"
2019-07-18,"62,500","63,400","62,500","63,100","63,580.00","64,460.00","65,455.00","69,476.67","70,301.67",0,438,"1,234.00","1,359.95","6,415.60","4,844.96"
2019-07-19,"63,100","64,000","62,500","63,500","63,520.00","64,170.00","65,165.00","69,333.33","70,255.83",70,333,625.00,"1,328.65","6,329.63","4,843.49"
2019-07-22,"63,600","64,800","62,900","63,700","63,440.00","64,040.00","64,995.00","69,211.67","70,200.00",0,657,643.80,"1,117.70","6,253.28","4,846.90"
2019-07-23,"64,200","67,500","63,200","65,800","63,740.00","64,110.00","64,960.00","69,123.33","70,160.00",0,"1,671",842.60,"1,173.90","6,261.15","4,860.23"
2019-07-24,"66,600","67,900","63,700","65,200","64,260.00","64,110.00","64,900.00","68,693.33","70,113.33",0,"1,328",885.40,"1,166.00","4,562.65","4,868.96"
2019-07-25,"65,200","66,500","63,500","64,800","64,600.00","64,090.00","64,845.00","68,551.67","70,063.33",0,865,970.80,"1,102.50","2,709.00","4,875.49"
2019-07-26,"65,700","65,700","62,600","64,600","64,820.00","64,170.00","64,795.00","68,421.67","70,013.33",0,"1,199","1,144.00","1,070.45","2,479.65","4,884.26"
2019-07-29,"64,600","65,800","59,500","59,500","63,980.00","63,710.00","64,530.00","68,200.00","69,929.17",0,"3,440","1,700.60","1,156.00","2,421.87","4,907.17"
2019-07-30,"56,700","65,500","56,700","61,400","63,100.00","63,420.00","64,315.00","68,000.00","69,865.00",9,"8,510","3,068.40","1,533.10","2,462.80","4,975.65"
2019-07-31,"61,700","61,700","59,600","61,000","62,260.00","63,260.00","64,020.00","67,773.33","69,798.33",0,874,"2,977.60","1,479.00","2,406.02","4,979.98"
2019-08-01,"61,000","61,100","58,000","60,600","61,420.00","63,010.00","63,735.00","67,578.33","69,723.33",0,"2,675","3,339.60","1,569.15","2,403.27","5,000.98"
2019-08-02,"60,300","60,300","57,500","58,600","60,220.00","62,520.00","63,345.00","67,371.67","69,626.67",0,"2,355","3,570.80","1,675.45","2,370.12","5,016.98"
2019-08-05,"59,800","59,800","52,600","52,800","58,880.00","61,430.00","62,735.00","67,068.33","69,405.83",2,"3,836","3,650.00","1,824.50","2,396.23","4,934.48"
2019-08-06,"51,000","53,900","49,400","52,500","57,100.00","60,100.00","62,105.00","66,785.00","69,215.83",54,"2,860","2,520.00","1,920.05","2,422.12","4,920.82"
2019-08-07,"53,500","54,400","52,000","53,600","55,620.00","58,940.00","61,525.00","66,491.67","69,038.33",0,"1,341","2,613.40","1,933.35","2,406.47","4,918.58"
2019-08-08,"54,300","55,800","53,300","55,300","54,560.00","57,990.00","61,040.00","66,196.67","68,902.50",0,"1,654","2,409.20","1,988.40","2,107.52","4,922.10"
2019-08-09,"56,400","56,700","54,600","55,800","54,000.00","57,110.00","60,640.00","65,905.00","68,770.83",0,277,"1,993.60","1,833.35","1,960.77","4,920.12"
2019-08-12,"56,000","64,000","55,000","58,700","55,180.00","57,030.00","60,370.00","65,701.67","68,666.67",0,"8,667","2,959.80","2,238.55","2,014.48","4,987.11"
2019-08-13,"58,400","60,500","55,000","55,800","55,840.00","56,470.00","59,945.00","65,420.00","68,545.00",70,"3,612","3,110.20","2,385.30","1,963.62","5,011.82"
2019-08-14,"57,600","57,600","54,000","56,000","56,320.00","55,970.00","59,615.00","65,135.00","68,420.00",0,"1,770","3,196.00","2,418.10","1,944.28","5,021.05"
2019-08-16,"55,100","57,400","53,300","55,600","56,380.00","55,470.00","59,240.00","64,833.33","68,291.67",0,484,"2,962.00","2,420.40","1,908.10","5,019.45"
2019-08-19,"57,100","57,200","54,500","56,300","56,480.00","55,240.00","58,880.00","64,560.00","68,170.00",0,418,"2,990.20","2,424.65","1,883.33","5,014.57"
2019-08-20,"56,300","57,900","55,000","57,900","56,320.00","55,750.00","58,590.00","64,326.67","68,072.50",0,"1,446","1,546.00","2,464.10","1,832.90","5,020.74"
2019-08-21,"58,400","59,800","56,300","57,800","56,720.00","56,280.00","58,190.00","64,108.33","67,973.33",0,864,996.40,"2,423.75","1,803.47","5,024.18"
2019-08-22,"58,600","59,000","56,200","57,000","56,920.00","56,620.00","57,780.00","63,871.67","67,858.33",0,793,801.00,"2,397.00","1,759.85","4,994.77"
2019-08-23,"56,200","59,300","55,900","56,900","57,180.00","56,780.00","57,385.00","63,640.00","67,735.83",0,"1,006",905.40,"2,404.05","1,749.65","4,998.82"
2019-08-26,"55,200","56,700","54,800","55,400","57,000.00","56,740.00","56,925.00","63,410.00","67,586.67",0,429,907.60,"2,365.55","1,668.73","4,993.10"
2019-08-27,"55,400","57,100","54,900","56,700","56,760.00","56,540.00","56,785.00","63,190.00","67,447.50",0,635,745.40,"2,225.30","1,651.28","4,995.16"
2019-08-28,"57,200","57,200","55,700","56,900","56,580.00","56,650.00","56,560.00","63,005.00","67,322.50",0,263,625.20,"1,812.95","1,613.12","4,989.71"
2019-08-29,"57,000","57,800","55,800","57,800","56,740.00","56,830.00","56,400.00","62,815.00","67,219.17",0,636,593.80,"1,801.05","1,610.92","4,992.73"
2019-08-30,"57,700","61,100","57,000","59,400","57,240.00","57,210.00","56,340.00","62,668.33","67,108.33",0,"3,218","1,036.20","1,828.20","1,642.98","5,017.26"
2019-09-02,"60,100","61,000","58,100","59,400","58,040.00","57,520.00","56,380.00","62,501.67","67,015.00",0,811,"1,112.60","1,751.00","1,641.87","5,013.40"
2019-09-03,"59,400","59,700","57,400","57,400","58,180.00","57,470.00","56,610.00","62,291.67","66,900.83",0,642,"1,114.00","1,591.30","1,616.22","5,012.96"
2019-09-04,"57,400","58,900","56,100","58,300","58,460.00","57,520.00","56,900.00","62,098.33","66,794.17",0,"1,199","1,301.20","1,508.25","1,618.85","5,021.01"
2019-09-05,"58,500","59,000","55,900","56,800","58,260.00","57,500.00","57,060.00","61,885.00","66,683.33",0,"2,231","1,620.20","1,552.75","1,631.55","5,035.68"
2019-09-06,"56,700","58,100","56,700","57,600","57,900.00","57,570.00","57,175.00","61,690.00","66,583.33",0,348,"1,046.20","1,487.45","1,627.25","5,033.48"
2019-09-09,"57,600","58,500","55,800","56,400","57,300.00","57,670.00","57,205.00","61,478.33","66,470.00",0,"1,686","1,221.20","1,557.90","1,631.03","5,045.53"
2019-09-10,"56,400","57,400","54,400","57,400","57,300.00","57,740.00","57,140.00","61,280.00","66,360.00",0,794,"1,251.60","1,164.25","1,625.08","5,049.45"
2019-09-11,"57,100","58,200","56,100","58,000","57,240.00","57,850.00","57,250.00","61,103.33","66,255.00",0,655,"1,142.80","1,016.40","1,610.45","5,033.68"
2019-09-16,"58,000","58,900","56,500","58,200","57,520.00","57,890.00","57,360.00","60,916.67","66,156.67",12,773,851.20,966.55,"1,598.30","5,033.65"
2019-09-17,"58,200","58,200","56,700","57,500","57,500.00","57,700.00","57,455.00","60,716.67","66,060.00",0,432,868.00,963.95,"1,581.43","5,031.13"
2019-09-18,"57,500","58,200","56,000","58,000","57,820.00","57,560.00","57,540.00","60,528.33","65,958.33",30,934,717.60,989.75,"1,581.02","5,034.07"
2019-09-19,"58,000","58,600","57,500","58,300","58,000.00","57,650.00","57,560.00","60,381.67","65,865.00",0,337,626.20,934.30,"1,505.37","5,031.37"
2019-09-20,"58,500","58,500","57,000","58,300","58,060.00","57,650.00","57,585.00","60,245.00","65,772.50",0,418,578.80,912.00,"1,503.22","5,033.15"
2019-09-23,"58,400","58,900","57,100","57,600","57,940.00","57,730.00","57,615.00","60,098.33","65,682.50",0,497,523.60,897.20,"1,486.73","5,026.82"
2019-09-24,"57,600","58,300","56,100","57,900","58,020.00","57,760.00","57,665.00","59,965.00","65,602.50",0,914,620.00,892.60,"1,466.38","5,028.42"
2019-09-25,"57,900","58,300","55,900","57,200","57,860.00","57,840.00","57,755.00","59,825.00","65,507.50",30,"2,233",879.80,982.80,"1,472.93","4,974.91"
2019-09-26,"57,200","58,500","56,000","57,100","57,620.00","57,810.00","57,775.00","59,696.67","65,409.17",0,"1,864","1,185.20","1,044.25","1,475.18","4,987.84"
2019-09-27,"56,400","58,000","56,000","58,000","57,560.00","57,810.00","57,830.00","59,568.33","65,317.50",70,"1,806","1,462.80","1,121.40","1,489.15","5,000.66"
2019-09-30,"58,000","58,800","56,200","57,500","57,540.00","57,740.00","57,815.00","59,411.67","65,222.50",0,990,"1,561.40","1,139.10","1,473.05","5,006.22"
2019-10-01,"57,400","59,500","56,100","58,300","57,620.00","57,820.00","57,760.00","59,278.33","65,142.50",0,"2,140","1,806.60","1,085.20","1,494.18","5,022.67"
2019-10-02,"58,300","58,300","56,500","57,700","57,720.00","57,790.00","57,675.00","59,133.33","65,057.50",0,"1,250","1,610.00","1,107.15","1,511.20","5,029.43"
2019-10-04,"57,600","58,900","56,300","57,500","57,800.00","57,710.00","57,680.00","59,008.33","64,960.00",0,"1,397","1,516.60","1,144.90","1,520.23","5,030.33"
2019-10-07,"57,500","59,000","56,300","57,200","57,640.00","57,600.00","57,625.00","58,876.67","64,860.00",70,"1,407","1,436.80","1,155.30","1,527.87","5,038.89"
2019-10-08,"57,600","57,600","56,000","56,400","57,420.00","57,480.00","57,605.00","58,730.00","64,748.33",0,812,"1,401.20","1,084.35","1,523.48","5,044.21"
2019-10-10,"56,000","56,700","55,500","55,900","56,940.00","57,280.00","57,520.00","58,578.33","64,624.17",0,628,"1,098.80","1,098.35","1,524.73","5,044.15"
2019-10-11,"55,800","57,100","54,900","55,500","56,500.00","57,110.00","57,475.00","58,440.00","64,360.83",0,"1,325","1,113.80","1,080.30","1,490.52","4,669.02"
2019-10-14,"55,500","57,000","55,500","56,700","56,340.00","57,070.00","57,440.00","58,316.67","64,133.33",0,593,953.00,"1,070.25","1,491.02","4,279.70"
2019-10-15,"56,700","58,000","55,200","55,700","56,040.00","56,840.00","57,325.00","58,173.33","63,984.17",0,"1,118",895.20,"1,093.40","1,498.37","4,160.07"
2019-10-16,"56,300","57,900","55,400","57,000","56,160.00","56,790.00","57,265.00","58,080.00","63,845.83",0,955,923.80,"1,102.50","1,495.72","4,092.46"
2019-10-17,"57,300","57,600","55,700","56,700","56,320.00","56,630.00","57,225.00","57,973.33","63,725.00",0,390,876.20,"1,100.40","1,494.92","3,955.26"
2019-10-18,"57,400","58,000","55,700","56,400","56,500.00","56,500.00","57,145.00","57,855.00","63,594.17",70,402,691.60,"1,073.80","1,496.07","3,912.85"
2019-10-21,"56,400","57,000","55,100","55,400","56,240.00","56,290.00","57,000.00","57,716.67","63,464.17",0,"2,346","1,042.20","1,174.25","1,524.22","3,888.75"
2019-10-22,"55,400","57,900","55,200","56,000","56,300.00","56,170.00","56,885.00","57,553.33","63,338.33",66,"1,302","1,079.00","1,218.45","1,518.07","3,889.61"
2019-10-23,"55,600","57,000","55,100","55,200","55,940.00","56,050.00","56,765.00","57,386.67","63,040.00",0,"1,009","1,089.80","1,244.05","1,512.75","3,037.70"
2019-10-24,"55,300","55,700","54,100","54,900","55,580.00","55,950.00","56,615.00","57,221.67","62,886.67",0,"1,425","1,296.80","1,269.60","1,522.08","2,115.54"
2019-10-25,"54,900","56,400","54,800","56,400","55,580.00","56,040.00","56,575.00","57,085.00","62,753.33",0,356,"1,287.60","1,175.75","1,508.03","1,993.84"
2019-10-28,"56,300","56,900","55,500","56,400","55,780.00","56,010.00","56,540.00","57,033.33","62,616.67",0,587,935.80,"1,111.90","1,460.48","1,941.18"
2019-10-29,"56,400","57,900","55,600","56,900","55,960.00","56,130.00","56,485.00","56,958.33","62,479.17",67,841,843.60,"1,063.65","1,332.67","1,897.73"
2019-10-30,"56,900","57,500","55,800","57,400","56,400.00","56,170.00","56,480.00","56,898.33","62,335.83",67,367,715.20,"1,032.50","1,324.22","1,865.12"
2019-10-31,"57,800","58,000","56,800","58,000","57,020.00","56,300.00","56,465.00","56,855.00","62,216.67",0,105,451.20,930.75,"1,281.38","1,842.33"
2019-11-01,"57,900","57,900","56,800","56,800","57,100.00","56,340.00","56,420.00","56,825.00","62,098.33",0,262,432.40,881.35,"1,246.50","1,808.31"
2019-11-04,"57,300","57,400","56,800","57,100","57,240.00","56,510.00","56,400.00","56,896.67","61,982.50",0,135,342.00,818.25,"1,184.82","1,790.53"
2019-11-05,"57,800","57,800","56,200","57,100","57,280.00","56,620.00","56,395.00","56,973.33","61,879.17",0,261,226.00,760.95,"1,141.50","1,781.81"
2019-11-06,"56,700","57,600","56,400","57,000","57,200.00","56,800.00","56,425.00","57,030.00","61,760.83",0,245,201.60,732.60,"1,123.23","1,764.85"
2019-11-07,"57,700","58,000","56,200","57,300","57,060.00","57,040.00","56,495.00","57,063.33","61,630.00",0,"1,485",477.60,775.45,"1,120.42","1,613.97"
2019-11-08,"57,000","57,500","56,600","57,200","57,140.00","57,120.00","56,580.00","57,086.67","61,495.83",0,68,438.80,712.60,"1,116.93","1,538.85"
2019-11-11,"57,200","57,200","55,300","56,800","57,080.00","57,160.00","56,585.00","57,055.00","61,378.33",20,"1,283",668.40,747.10,993.87,"1,504.18"
2019-11-12,"56,500","56,800","55,600","55,800","56,820.00","57,050.00","56,590.00","57,055.00","61,237.50",0,807,777.60,731.55,947.12,"1,455.37"
2019-11-13,"55,800","56,300","55,500","56,100","56,640.00","56,920.00","56,545.00","57,056.67","61,095.83",0,513,831.20,709.45,926.17,"1,435.22"
2019-11-14,"56,100","56,900","55,100","56,700","56,520.00","56,790.00","56,545.00","57,075.00","60,954.17",0,760,686.20,727.95,930.77,"1,419.43"
2019-11-15,"56,900","56,900","56,300","56,700","56,420.00","56,780.00","56,560.00","57,081.67","60,820.83",30,116,695.80,713.65,925.73,"1,404.53"
2019-11-18,"56,700","57,900","56,000","56,000","56,260.00","56,670.00","56,590.00","57,050.00","60,688.33",0,182,475.60,605.45,904.67,"1,368.78"
2019-11-19,"56,400","56,800","55,000","55,600","56,220.00","56,520.00","56,570.00","57,013.33","60,560.83",42,409,396.00,560.80,897.08,"1,350.28"
2019-11-20,"55,500","55,500","54,200","54,700","55,940.00","56,290.00","56,545.00","56,975.00","60,423.33",0,623,418.00,541.50,894.25,"1,327.05"
2019-11-21,"53,900","55,900","53,900","54,900","55,580.00","56,050.00","56,545.00","56,941.67","60,290.83",0,734,412.80,506.95,889.72,"1,319.68"
2019-11-22,"55,400","55,400","53,800","54,600","55,160.00","55,790.00","56,455.00","56,928.33","60,169.17",0,199,429.40,499.10,885.88,"1,277.31"
2019-11-25,"54,600","55,200","52,700","54,100","54,780.00","55,520.00","56,340.00","56,885.00","60,037.50",0,889,570.80,514.20,890.12,"1,270.70"
2019-11-26,"54,700","54,700","53,300","53,500","54,360.00","55,290.00","56,170.00","56,828.33","59,916.67",0,515,592.00,497.90,894.32,"1,253.72"
2019-11-27,"53,300","54,500","53,300","54,100","54,240.00","55,090.00","56,005.00","56,766.67","59,790.83",70,380,543.40,498.55,890.05,"1,250.48"
2019-11-28,"54,000","56,000","54,000","54,800","54,220.00","54,900.00","55,845.00","56,690.00","59,679.17",0,438,484.20,515.20,843.72,"1,243.35"
2019-11-29,"54,800","55,500","53,900","54,600","54,220.00","54,690.00","55,735.00","56,610.00","59,555.83",0,165,477.40,510.35,832.95,"1,237.41"
2019-12-02,"54,600","61,800","54,600","57,900","54,980.00","54,880.00","55,775.00","56,618.33","59,455.00",0,"19,748","4,249.20","1,491.00","1,151.38","1,383.80"
2019-12-03,"57,900","58,500","56,000","57,500","55,780.00","55,070.00","55,795.00","56,605.00","59,351.67",0,"3,579","4,862.00","1,656.90","1,191.05","1,404.95"
2019-12-04,"57,300","62,900","55,700","57,500","56,460.00","55,350.00","55,820.00","56,616.67","59,250.83",0,"8,343","6,454.60","2,061.80","1,292.92","1,462.23"
2019-12-05,"58,800","61,700","56,100","60,900","57,680.00","55,950.00","56,000.00","56,671.67","59,180.83",0,"7,075","7,782.00","2,341.30","1,405.03","1,516.14"
2019-12-06,"60,000","61,700","59,500","60,500","58,860.00","56,540.00","56,165.00","56,740.00","59,109.17",30,"3,121","8,373.20","2,493.95","1,428.95","1,529.99"
2019-12-09,"60,500","62,000","58,600","60,000","59,280.00","57,130.00","56,325.00","56,783.33","59,031.67",0,"1,824","4,788.40","2,521.00","1,446.12","1,535.60"
2019-12-10,"59,000","61,000","57,000","57,300","59,240.00","57,510.00","56,400.00","56,771.67","58,937.50",0,"1,881","4,448.80","2,574.70","1,466.55","1,538.50"
2019-12-11,"57,300","58,900","57,000","58,500","59,440.00","57,950.00","56,520.00","56,776.67","58,846.67",0,626,"2,905.40","2,580.35","1,464.10","1,531.20"
2019-12-12,"58,500","59,500","57,600","58,700","59,000.00","58,340.00","56,620.00","56,796.67","58,756.67",0,212,"1,532.80","2,552.95","1,460.43","1,520.93"
2019-12-13,"59,900","59,900","57,700","57,800","58,460.00","58,660.00","56,675.00","56,793.33","58,660.83",0,483,"1,005.20","2,571.30","1,452.92","1,516.97"
2019-12-16,"57,800","58,600","57,000","57,500","57,960.00","58,620.00","56,750.00","56,780.00","58,580.83",0,670,774.40,"2,595.70","1,458.47","1,481.92"
2019-12-17,"57,500","59,000","57,200","58,900","58,280.00","58,760.00","56,915.00","56,790.00","58,517.50",0,"1,024",603.00,"2,626.45","1,468.57","1,485.89"
2019-12-18,"59,600","59,600","57,500","58,400","58,260.00","58,850.00","57,100.00","56,803.33","58,450.83",0,411,560.00,"2,615.85","1,467.13","1,476.93"
2019-12-19,"57,800","60,000","57,700","59,000","58,320.00","58,660.00","57,305.00","56,821.67","58,393.33",0,595,636.60,"2,608.90","1,461.82","1,464.10"
2019-12-20,"59,000","60,500","58,300","59,400","58,640.00","58,550.00","57,545.00","56,858.33","58,341.67",0,173,574.60,"2,607.60","1,427.48","1,450.21"
2019-12-23,"59,400","59,400","57,200","58,700","58,880.00","58,420.00","57,775.00","56,885.00","58,290.83",0,968,634.20,"2,611.55","1,412.55","1,443.87"
2019-12-24,"58,600","58,700","57,700","58,700","58,840.00","58,560.00","58,035.00","56,896.67","58,232.50",0,326,494.60,"2,602.10","1,387.88","1,438.52"
2019-12-26,"58,600","58,700","57,200","57,300","58,620.00","58,440.00","58,195.00","56,893.33","58,152.50",30,506,513.60,"2,608.40","1,379.82","1,426.43"
2019-12-27,"57,100","57,700","56,600","57,600","58,340.00","58,330.00","58,335.00","56,881.67","58,080.00",0,307,456.00,"2,601.85","1,349.27","1,421.72"
2019-12-30,"58,400","59,700","57,100","57,800","58,020.00","58,330.00","58,495.00","56,883.33","58,008.33",0,332,487.80,"2,610.20","1,333.97","1,422.58"
2020-01-02,"58,300","58,300","57,000","57,800","57,840.00","58,360.00","58,490.00","56,888.33","57,948.33",0,"1,378",569.80,"1,691.70","1,333.65","1,426.94"
2020-01-03,"57,800","58,200","57,100","58,000","57,700.00","58,270.00","58,515.00","56,901.67","57,889.17",0,642,633.00,"1,544.85","1,320.90","1,424.38"
2020-01-06,"60,000","60,000","57,200","57,900","57,820.00","58,220.00","58,535.00","56,926.67","57,828.33",0,"1,077",747.20,"1,181.55","1,325.32","1,424.40"
2020-01-07,"57,900","59,200","57,000","58,100","57,920.00","58,130.00","58,395.00","56,963.33","57,770.83",0,"1,784","1,042.60",917.00,"1,344.58","1,434.66"
2020-01-08,"58,600","58,600","55,900","55,900","57,540.00","57,780.00","58,165.00","56,970.00","57,705.00",2,"1,453","1,266.80",833.60,"1,346.72","1,418.62"
2020-01-09,"55,900","57,400","55,900","56,600","57,300.00","57,570.00","57,995.00","56,968.33","57,642.50",70,233,"1,037.80",754.05,"1,340.72","1,415.87"
2020-01-10,"57,500","57,800","56,000","56,900","57,080.00","57,390.00","57,975.00","56,988.33","57,580.83",0,102,929.80,665.10,"1,323.78","1,411.08"
2020-01-13,"56,900","58,300","56,500","57,300","56,960.00","57,390.00","57,915.00","56,993.33","57,536.67",0,369,788.20,652.25,"1,314.02","1,404.87"
2020-01-14,"57,400","59,800","56,200","56,500","56,640.00","57,280.00","57,805.00","56,990.00","57,481.67",66,"1,358",703.00,709.55,"1,330.15","1,412.53"
2020-01-15,"57,000","57,400","56,500","56,700","56,800.00","57,170.00","57,750.00","56,995.00","57,425.00",0,397,491.80,705.25,"1,330.07","1,413.07"
2020-01-16,"57,500","57,500","56,100","56,600","56,800.00","57,050.00","57,705.00","57,015.00","57,365.83",0,299,505.00,686.70,"1,295.95","1,410.08"
2020-01-17,"56,200","57,100","56,200","56,600","56,740.00","56,910.00","57,590.00","57,025.00","57,289.17",0,125,509.60,641.75,"1,276.33","1,397.20"
2020-01-20,"56,600","57,400","55,600","56,300","56,540.00","56,750.00","57,485.00","57,043.33","57,215.00",0,767,589.20,659.55,"1,272.30","1,392.53"
2020-01-21,"56,300","56,300","55,000","55,600","56,360.00","56,500.00","57,315.00","57,055.00","57,138.33",0,"1,620",641.60,710.80,"1,275.55","1,398.82"
2020-01-22,"55,600","56,600","55,300","55,300","56,080.00","56,440.00","57,110.00","57,036.67","57,060.83",0,703,702.80,737.30,"1,281.33","1,394.68"
2020-01-23,"56,200","62,800","56,100","60,400","56,840.00","56,820.00","57,195.00","57,103.33","57,068.33",0,"11,668","2,976.60","1,272.30","1,466.02","1,463.25"
2020-01-28,"58,100","60,000","57,100","58,700","57,260.00","57,000.00","57,195.00","57,133.33","57,045.83",0,"2,662","3,484.00","1,389.10","1,496.37","1,414.52"
2020-01-29,"58,600","60,400","57,900","59,400","57,880.00","57,210.00","57,300.00","57,166.67","57,032.50",0,"1,326","3,595.80","1,430.10","1,512.35","1,418.28"
2020-01-30,"59,400","61,500","57,600","58,000","58,360.00","57,360.00","57,320.00","57,166.67","57,010.83",0,"1,233","3,518.40","1,476.40","1,531.15","1,406.27"
2020-01-31,"57,500","60,600","57,400","59,100","59,120.00","57,600.00","57,385.00","57,205.00","57,015.00",0,"2,773","3,932.40","1,598.45","1,573.00","1,409.75"
2020-02-03,"58,500","58,800","56,900","57,700","58,580.00","57,710.00","57,380.00","57,215.00","57,055.83",0,"2,221","2,043.00","1,640.60","1,607.77","1,396.29"
2020-02-04,"57,700","58,200","57,000","57,800","58,400.00","57,830.00","57,370.00","57,226.67","57,100.00",0,"1,226","1,755.80","1,669.80","1,623.85","1,382.68"
2020-02-05,"58,000","59,700","57,100","59,000","58,320.00","58,100.00","57,425.00","57,260.00","57,145.00",0,"1,592","1,809.00","1,695.55","1,646.30","1,384.77"
2020-02-06,"59,000","60,300","58,400","59,800","58,680.00","58,520.00","57,510.00","57,301.67","57,182.50",0,900,"1,742.40","1,651.35","1,636.55","1,378.48"
2020-02-07,"60,000","60,300","57,600","58,400","58,540.00","58,830.00","57,635.00","57,321.67","57,204.17",30,"2,068","1,601.40","1,682.10","1,669.88","1,393.41"
2020-02-10,"58,200","58,300","57,400","58,200","58,640.00","58,610.00","57,715.00","57,345.00","57,200.00",0,550,"1,267.20","1,697.95","1,657.67","1,325.77"
2020-02-11,"58,400","59,000","57,600","58,300","58,740.00","58,570.00","57,785.00","57,386.67","57,220.83",0,714,"1,164.80","1,728.55","1,656.12","1,301.62"
2020-02-12,"58,300","58,500","57,400","58,300","58,600.00","58,460.00","57,835.00","57,423.33","57,240.00",0,701,986.60,"1,745.15","1,659.25","1,292.71"
2020-02-13,"58,300","58,800","57,300","58,200","58,280.00","58,480.00","57,920.00","57,448.33","57,261.67",0,"1,272","1,061.00","1,740.85","1,667.78","1,299.28"
2020-02-14,"58,100","58,200","56,000","57,300","58,060.00","58,300.00","57,950.00","57,458.33","57,270.00",0,"2,893","1,226.00","1,865.65","1,714.07","1,319.90"
2020-02-17,"57,300","57,300","56,500","57,000","57,820.00","58,230.00","57,970.00","57,475.00","57,262.50",23,465,"1,209.00","1,873.95","1,718.78","1,311.72"
2020-02-18,"57,400","57,400","56,300","56,800","57,520.00","58,130.00","57,980.00","57,495.00","57,254.17",0,281,"1,122.40","1,881.75","1,716.65","1,306.87"
2020-02-19,"56,700","56,700","55,700","56,600","57,180.00","57,890.00","57,995.00","57,526.67","57,250.83",0,876,"1,157.40","1,887.20","1,720.87","1,307.56"
2020-02-20,"56,600","57,200","56,400","56,900","56,920.00","57,600.00","58,060.00","57,560.00","57,250.83",0,140,931.00,"1,813.20","1,710.97","1,300.34"
2020-02-21,"57,400","57,400","55,700","56,200","56,700.00","57,380.00","58,105.00","57,586.67","57,257.50",0,904,533.20,"1,823.25","1,722.72","1,304.30"
2020-02-24,"55,000","55,600","53,500","53,900","56,080.00","56,950.00","57,780.00","57,583.33","57,234.17",0,"2,905","1,021.20","1,385.10","1,756.32","1,323.22"
2020-02-25,"53,800","58,900","53,800","56,900","56,100.00","56,810.00","57,690.00","57,640.00","57,234.17",60,"1,511","1,267.20","1,327.55","1,772.92","1,333.62"
2020-02-26,"56,900","58,400","55,700","56,400","56,060.00","56,620.00","57,540.00","57,678.33","57,222.50",0,646,"1,221.20","1,293.55","1,777.35","1,333.70"
2020-02-27,"56,400","57,700","55,600","56,200","55,920.00","56,420.00","57,450.00","57,701.67","57,195.83",0,578,"1,308.80","1,260.80","1,779.68","1,311.70"
2020-02-28,"56,200","58,900","54,000","57,000","56,080.00","56,390.00","57,345.00","57,741.67","57,175.83",0,792,"1,286.40","1,161.75","1,790.13","1,311.54"
2020-03-02,"56,700","56,700","55,000","56,100","56,520.00","56,300.00","57,265.00","57,711.67","57,165.00",0,310,767.40,"1,066.20","1,466.17","1,308.78"
2020-03-03,"56,100","57,700","55,400","55,600","56,260.00","56,180.00","57,155.00","57,680.00","57,142.50",0,136,492.40,"1,011.70","1,408.78","1,299.92"
2020-03-04,"55,600","57,500","55,300","55,700","56,120.00","56,090.00","56,990.00","57,650.00","57,133.33",0,170,397.20,940.60,"1,272.57","1,282.74"
2020-03-05,"55,800","55,900","55,300","55,900","56,060.00","55,990.00","56,795.00","57,566.67","57,119.17",70,463,374.20,918.75,"1,162.37","1,283.70"
2020-03-06,"56,800","56,800","54,600","55,300","55,720.00","55,900.00","56,640.00","57,480.00","57,110.00",0,"1,582",532.20,894.45,"1,136.72","1,282.83"
2020-03-09,"55,300","55,800","54,000","54,500","55,400.00","55,960.00","56,455.00","57,388.33","57,085.83",0,528,575.80,893.35,"1,115.12","1,280.62"
2020-03-10,"54,400","56,000","52,300","55,200","55,320.00","55,790.00","56,300.00","57,353.33","57,062.50",0,"1,928",934.20,954.05,"1,115.90","1,291.22"
2020-03-11,"56,400","56,700","52,700","55,100","55,200.00","55,660.00","56,140.00","57,296.67","57,036.67",0,"1,605","1,221.20",999.25,"1,132.22","1,298.16"
2020-03-12,"54,500","55,000","51,000","52,400","54,500.00","55,280.00","55,850.00","57,191.67","56,994.17",0,"1,796","1,487.80","1,025.45","1,158.62","1,309.53"
2020-03-13,"50,500","52,100","45,900","48,100","53,060.00","54,390.00","55,390.00","57,030.00","56,911.67",0,"4,350","2,041.40","1,098.30","1,223.07","1,337.99"
2020-03-16,"48,050","49,500","44,800","45,900","51,340.00","53,370.00","54,835.00","56,836.67","56,808.33",0,"3,504","2,636.60","1,250.25","1,270.30","1,364.38"
2020-03-17,"42,000","45,700","41,550","45,650","49,430.00","52,375.00","54,277.50","56,615.83","56,702.92",0,"1,645","2,580.00","1,318.45","1,280.65","1,374.61"
2020-03-18,"48,500","48,500","44,750","46,700","47,750.00","51,475.00","53,782.50","56,420.83","56,612.08",0,"1,532","2,565.40","1,351.25","1,299.33","1,383.23"
2020-03-19,"46,500","48,800","43,450","44,200","46,110.00","50,305.00","53,147.50","56,174.17","56,497.92",0,"2,033","2,612.80","1,445.90","1,323.30","1,392.56"
2020-03-20,"44,200","48,000","44,200","46,450","45,780.00","49,420.00","52,660.00","55,958.33","56,408.33",8,"1,827","2,108.20","1,492.05","1,350.87","1,389.18"
2020-03-23,"45,000","45,000","42,350","44,600","45,520.00","48,430.00","52,195.00","55,723.33","56,304.17",0,"1,543","1,716.00","1,423.95","1,360.45","1,386.50"
2020-03-24,"44,600","46,500","44,000","45,350","45,460.00","47,445.00","51,617.50","55,500.83","56,198.75",0,"1,115","1,610.00","1,404.15","1,373.60","1,380.74"
2020-03-25,"45,800","46,800","43,950","43,950","44,910.00","46,330.00","50,995.00","55,278.33","56,085.83",0,"1,062","1,516.00","1,424.95","1,382.87","1,381.34"
2020-03-26,"43,950","44,600","43,700","43,850","44,840.00","45,475.00","50,377.50","55,049.17","55,965.42",0,"1,747","1,458.80","1,483.40","1,406.87","1,378.07"
2020-03-27,"44,300","47,500","43,800","45,900","44,730.00","45,255.00","49,822.50","54,850.83","55,867.08",0,"1,105","1,314.40","1,499.05","1,419.75","1,376.86"
2020-03-30,"44,900","45,900","44,000","45,800","44,970.00","45,245.00","49,307.50","54,650.83","55,769.58",0,"1,069","1,219.60","1,537.00","1,414.60","1,374.13"
2020-03-31,"46,450","52,400","45,450","47,750","45,450.00","45,455.00","48,915.00","54,480.00","55,690.83",0,"8,701","2,736.80","1,965.25","1,548.92","1,434.91"
2020-04-01,"47,400","50,100","46,200","48,000","46,260.00","45,585.00","48,530.00","54,315.00","55,620.83",0,"2,423","3,009.00","2,077.90","1,571.35","1,448.33"
2020-04-02,"47,900","49,200","46,600","48,400","47,170.00","46,005.00","48,155.00","54,153.33","55,558.33",67,"1,825","3,024.60","2,146.00","1,572.03","1,458.31"
2020-04-03,"49,800","50,500","47,300","48,600","47,710.00","46,220.00","47,820.00","54,031.67","55,500.83",0,"2,963","3,396.20","2,215.05","1,597.20","1,471.96"
2020-04-06,"48,450","49,800","47,450","49,250","48,400.00","46,685.00","47,557.50","53,909.17","55,438.75",0,718,"3,326.00","2,224.55","1,605.28","1,473.00"
2020-04-07,"49,300","52,100","48,500","50,600","48,970.00","47,210.00","47,327.50","53,804.17","55,396.25",0,971,"1,780.00","2,176.70","1,619.77","1,471.78"
2020-04-08,"50,200","51,300","49,200","51,200","49,610.00","47,935.00","47,132.50","53,702.50","55,347.92",0,793,"1,454.00","2,136.10","1,626.83","1,470.43"
2020-04-09,"51,800","51,800","49,400","50,700","50,070.00","48,620.00","47,047.50","53,605.83","55,297.92",0,695,"1,228.00","2,081.05","1,615.78","1,472.97"
2020-04-10,"50,700","51,500","49,500","50,300","50,410.00","49,060.00","47,157.50","53,499.17","55,247.08",0,629,761.20,"1,895.00","1,619.65","1,474.86"
2020-04-13,"50,300","50,800","48,200","49,150","50,390.00","49,395.00","47,320.00","53,375.00","55,195.00",43,861,789.80,"1,762.85","1,629.02","1,462.48"
2020-04-14,"48,050","49,650","48,050","49,200","50,110.00","49,540.00","47,497.50","53,251.67","55,138.33",0,308,657.20,"1,696.00","1,632.07","1,454.20"
2020-04-16,"50,700","50,700","49,000","50,100","49,890.00","49,750.00","47,667.50","53,148.33","55,095.83",0,148,528.20,"1,626.80","1,621.75","1,447.03"
2020-04-17,"50,100","51,700","48,400","50,300","49,810.00","49,940.00","47,972.50","53,060.00","55,057.50",0,932,575.60,"1,571.75","1,610.28","1,442.92"
2020-04-20,"51,700","51,700","49,000","51,000","49,950.00","50,180.00","48,200.00","52,988.33","55,012.50",30,"1,126",675.00,"1,536.70","1,617.33","1,449.33"
2020-04-21,"51,000","51,500","48,500","48,750","49,870.00","50,130.00","48,407.50","52,794.17","54,948.75",0,643,631.40,"1,491.70","1,433.58","1,449.80"
2020-04-22,"48,750","49,700","48,450","49,650","49,960.00","50,035.00","48,622.50","52,643.33","54,888.33",0,644,698.60,"1,468.15","1,399.95","1,448.16"
2020-04-23,"49,650","51,000","49,650","50,500","50,040.00","49,965.00","48,950.00","52,495.00","54,830.83",0,207,710.40,"1,425.40","1,381.30","1,446.83"
2020-04-24,"50,500","51,800","49,200","49,800","49,940.00","49,875.00","49,247.50","52,358.33","54,762.50",0,376,599.20,"1,356.85","1,367.02","1,449.08"
2020-04-27,"50,700","50,700","49,450","50,400","49,820.00","49,885.00","49,472.50","52,213.33","54,709.17",0,300,434.00,"1,316.60","1,325.80","1,449.40"
2020-04-28,"50,400","51,300","49,800","50,400","50,150.00","50,010.00","49,702.50","52,091.67","54,653.33",0,232,351.80,"1,274.75","1,292.65","1,450.21"
2020-04-29,"51,200","51,600","50,100","50,700","50,360.00","50,160.00","49,850.00","51,973.33","54,600.00",0,679,358.80,873.65,"1,283.53","1,453.69"
2020-05-04,"50,800","51,500","49,900","50,300","50,320.00","50,180.00","49,965.00","51,828.33","54,544.17",0,123,342.00,758.65,"1,259.05","1,452.68"
2020-05-06,"50,400","51,200","48,350","49,000","50,160.00","50,050.00","49,995.00","51,648.33","54,475.00",42,"1,162",499.20,725.50,"1,263.42","1,449.98"
2020-05-07,"50,000","50,100","49,000","50,100","50,100.00","49,960.00","50,070.00","51,510.00","54,415.83",0,748,588.80,614.75,"1,241.42","1,455.65"
2020-05-08,"50,300","50,700","49,600","50,200","50,060.00","50,105.00","50,117.50","51,376.67","54,360.83",0,182,578.80,587.95,"1,235.28","1,446.47"
2020-05-11,"50,200","51,000","49,650","50,200","49,960.00","50,160.00","50,097.50","51,241.67","54,314.17",0,398,522.60,559.30,"1,230.02","1,443.07"
2020-05-12,"50,200","50,200","49,300","49,700","49,840.00","50,080.00","50,022.50","51,098.33","54,260.83",0,642,626.40,551.75,"1,229.03","1,444.14"
2020-05-13,"49,650","49,650","48,750","49,300","49,900.00","50,030.00","49,952.50","50,950.00","54,199.17",0,579,509.80,545.95,"1,217.48","1,442.63"
2020-05-14,"49,050","49,900","48,550","49,150","49,710.00","49,905.00","49,895.00","50,814.17","54,136.25",0,546,469.40,541.80,"1,178.37","1,446.22"
2020-05-15,"48,500","49,600","48,500","49,200","49,510.00","49,785.00","49,897.50","50,684.17","54,079.58",0,466,526.20,522.05,"1,178.38","1,448.58"
2020-05-18,"49,300","49,800","48,800","49,450","49,360.00","49,660.00","49,910.00","50,561.67","54,028.33",0,413,529.20,527.30,"1,180.58","1,448.62"
2020-05-19,"49,100","50,600","49,100","49,950","49,410.00","49,625.00","49,902.50","50,450.83","53,988.75",0,514,503.60,545.60,"1,174.55","1,447.71"
2020-05-20,"50,300","50,700","49,150","49,600","49,470.00","49,685.00","49,867.50","50,329.17","53,944.58",0,741,536.00,536.05,"1,184.57","1,447.77"
2020-05-21,"49,250","50,200","49,150","49,750","49,590.00","49,650.00","49,805.00","50,221.67","53,904.17",70,776,582.00,518.55,"1,182.43","1,452.58"
2020-05-22,"49,750","50,300","49,350","49,650","49,680.00","49,595.00","49,850.00","50,150.83","53,867.08",0,557,600.20,514.25,"1,143.30","1,449.81"
2020-05-25,"50,000","50,000","48,800","49,350","49,660.00","49,510.00","49,835.00","50,025.00","53,832.50",0,972,712.00,530.65,"1,134.32","1,453.62"
2020-05-26,"49,050","51,900","49,000","50,800","49,830.00","49,620.00","49,850.00","49,931.67","53,805.00",60,"1,905",990.20,615.55,"1,155.30","1,466.33"
2020-05-27,"51,400","51,400","49,600","49,600","49,830.00","49,650.00","49,840.00","49,821.67","53,761.67",2,654,972.80,629.45,"1,156.57","1,468.13"
2020-05-28,"50,300","51,500","48,800","49,350","49,750.00","49,670.00","49,787.50","49,694.17","53,717.92",0,"1,464","1,110.40",687.65,"1,167.77","1,478.95"
2020-05-29,"49,000","50,500","48,800","49,400","49,700.00","49,690.00","49,737.50","49,582.50","53,647.08",70,"1,350","1,269.00",743.55,"1,185.10","1,325.63"
2020-06-01,"49,100","51,500","49,100","50,800","49,990.00","49,825.00","49,742.50","49,502.50","53,591.25",0,922,"1,259.00",755.70,"1,198.20","1,303.49"
2020-06-02,"50,800","50,800","49,500","50,500","49,930.00","49,880.00","49,752.50","49,415.83","53,532.92",0,"1,011","1,080.20",800.10,"1,212.22","1,242.39"
2020-06-03,"50,000","54,100","49,750","51,500","50,310.00","50,070.00","49,877.50","49,342.50","53,454.58",0,"3,958","1,741.00",939.90,"1,270.47","1,216.42"
2020-06-04,"52,000","52,000","50,500","51,500","50,740.00","50,245.00","49,947.50","49,279.17","53,379.58",0,"1,160","1,680.20",960.50,"1,263.43","1,200.08"
2020-06-05,"51,300","52,100","50,500","51,900","51,240.00","50,470.00","50,032.50","49,235.83","53,312.08",0,"1,317","1,673.60","1,017.25","1,276.58","1,195.85"
2020-06-08,"51,900","51,900","50,500","51,300","51,340.00","50,665.00","50,087.50","49,170.83","53,262.08",0,"1,613","1,811.80","1,078.00","1,271.33","1,193.62"
2020-06-09,"51,100","52,300","49,700","51,300","51,500.00","50,715.00","50,167.50","49,107.50","53,202.08",0,"1,972","2,004.00","1,144.50","1,277.45","1,204.83"
2020-06-10,"51,200","51,800","50,000","51,300","51,460.00","50,885.00","50,267.50","49,089.17","53,140.42",0,"1,962","1,604.80","1,213.65","1,280.22","1,219.42"
2020-06-11,"51,400","59,500","50,800","58,700","52,900.00","51,820.00","50,745.00","49,265.83","53,147.92",18,"28,086","6,990.00","2,590.65","1,675.82","1,449.44"
2020-06-12,"54,100","63,500","53,700","57,700","54,060.00","52,650.00","51,170.00","49,462.50","53,149.58",0,"18,964","10,519.40","3,515.55","1,933.48","1,601.89"
2020-06-15,"56,800","57,600","51,800","51,800","54,160.00","52,750.00","51,287.50","49,565.00","53,090.42",0,"9,244","12,045.60","3,957.10","2,060.13","1,670.39"
2020-06-16,"52,700","53,900","51,600","53,000","54,500.00","53,000.00","51,440.00","49,670.00","53,045.42",0,"4,857","12,622.60","4,174.25","2,115.55","1,707.44"
2020-06-17,"52,600","56,600","50,700","55,000","55,240.00","53,350.00","51,710.00","49,850.00","53,012.08",0,"13,689","14,968.00","4,821.65","2,309.82","1,816.56"
2020-06-18,"53,700","67,500","53,700","61,600","55,820.00","54,360.00","52,302.50","50,102.50","53,030.42",0,"74,345","24,219.80","8,500.10","3,518.45","2,434.66"
2020-06-19,"65,000","80,000","60,900","80,000","60,280.00","57,170.00","53,820.00","50,692.50","53,207.92",0,"77,137","35,854.40","12,329.10","4,778.35","3,069.40"
2020-06-22,"82,500","88,400","62,900","64,400","62,800.00","58,480.00","54,572.50","51,010.00","53,255.42",44,"96,215","53,248.60","17,091.25","6,363.35","3,868.47"
2020-06-23,"66,400","67,000","60,000","61,500","64,500.00","59,500.00","55,107.50","51,302.50","53,290.42",40,"20,714","56,420.00","18,031.70","6,690.88","4,036.88"
2020-06-24,"61,200","61,500","58,700","61,500","65,800.00","60,520.00","55,702.50","51,596.67","53,322.92",0,"17,661","57,214.40","18,882.05","6,956.12","4,181.49"
2020-06-25,"60,300","62,700","58,900","62,100","65,900.00","60,860.00","56,340.00","51,866.67","53,358.75",0,"15,097","45,364.80","19,563.70","7,189.32","4,304.53"
2020-06-26,"62,100","63,500","59,000","59,100","61,720.00","61,000.00","56,825.00","52,088.33","53,369.58",0,"10,125","31,962.40","20,002.45","7,340.25","4,377.43"
2020-06-29,"59,100","59,100","55,300","56,600","60,160.00","61,480.00","57,115.00","52,235.83","53,357.92",0,"8,900","14,499.40","20,401.35","7,343.57","4,446.24"
2020-06-30,"56,600","58,800","55,100","56,900","59,240.00","61,870.00","57,435.00","52,384.17","53,349.58",0,"5,786","11,513.80","20,640.10","7,399.62","4,485.48"
2020-07-01,"57,100","63,800","56,700","59,300","58,800.00","62,300.00","57,825.00","52,565.83","53,359.58",0,"25,474","13,076.40","21,715.90","7,793.77","4,682.90"
2020-07-02,"60,900","61,000","56,700","58,400","58,060.00","61,980.00","58,170.00","52,729.17","53,380.42",0,"10,276","12,112.20","22,171.70","7,915.65","4,756.43"
2020-07-03,"59,200","59,200","56,800","56,900","57,620.00","59,670.00","58,420.00","52,856.67","53,382.92",0,"7,831","11,653.40","22,497.40","8,034.20","4,819.74"
2020-07-06,"56,900","60,000","56,000","57,600","57,820.00","58,990.00","58,735.00","52,973.33","53,388.75",0,"9,976","11,868.60","22,915.55","8,184.28","4,902.02"
2020-07-07,"57,600","62,000","56,900","59,900","58,420.00","58,830.00","59,165.00","53,118.33","53,410.42",0,"10,842","12,879.80","23,359.05","8,351.77","4,989.30"
2020-07-08,"59,000","62,700","58,100","62,400","59,040.00","58,920.00","59,720.00","53,313.33","53,459.58",68,"10,796","9,944.20","23,800.75","8,520.12","5,067.95"
2020-07-09,"63,200","64,500","60,700","61,900","59,740.00","58,900.00","59,880.00","53,506.67","53,502.92",0,"7,925","9,474.00","22,792.70","8,641.72","5,130.68"
2020-07-10,"61,300","63,500","59,300","61,000","60,560.00","59,090.00","60,045.00","53,704.17","53,539.58",0,"5,852","9,078.20","22,137.10","8,724.90","5,176.96"
2020-07-13,"61,200","61,200","58,900","58,900","60,820.00","59,320.00","60,400.00","53,865.83","53,558.75",0,"3,745","7,832.00","21,862.15","8,782.18","5,207.13"
2020-07-14,"58,900","60,300","57,400","58,700","60,580.00","59,500.00","60,685.00","54,009.17","53,578.75",42,"3,561","6,375.80","21,797.35","8,839.07","5,230.41"
2020-07-15,"58,800","59,600","58,000","59,000","59,900.00","59,470.00","60,885.00","54,154.17","53,607.08",0,"2,507","4,718.00","21,238.25","8,865.32","5,237.80"
2020-07-16,"59,800","59,800","57,000","57,500","59,020.00","59,380.00","60,680.00","54,262.50","53,625.42",0,"5,081","4,149.20","17,775.05","8,931.23","5,274.28"
2020-07-17,"56,900","62,400","56,900","59,800","58,780.00","59,670.00","59,670.00","54,446.67","53,620.42",0,"9,824","4,943.60","14,409.40","9,084.25","5,258.92"
2020-07-20,"59,800","61,500","58,600","59,900","58,980.00","59,900.00","59,445.00","54,617.50","53,630.42",0,"3,832","4,961.00","9,790.25","9,137.38","5,268.67"
2020-07-21,"61,600","62,900","59,100","61,300","59,500.00","60,040.00","59,435.00","54,797.50","53,646.25",0,"8,375","5,923.80","9,173.30","9,273.52","5,327.41"
2020-07-22,"60,300","64,900","60,300","62,600","60,220.00","60,060.00","59,490.00","55,010.83","53,684.58",0,"13,597","8,141.80","8,970.10","9,493.87","5,430.44"
2020-07-23,"62,800","68,800","61,100","66,400","62,000.00","60,510.00","59,705.00","55,277.50","53,745.42",0,"17,688","10,663.20","9,099.65","9,783.67","5,554.73"
2020-07-24,"66,400","70,000","63,300","64,800","63,000.00","60,890.00","59,990.00","55,517.50","53,804.58",17,"13,701","11,438.60","9,278.45","10,008.15","5,650.40"
2020-07-27,"64,000","64,000","61,600","62,200","63,460.00","61,220.00","60,270.00","55,709.17","53,841.25",0,"5,886","11,849.40","9,127.75","10,094.93","5,689.23"
2020-07-28,"62,200","64,300","62,200","63,700","63,940.00","61,720.00","60,610.00","55,932.50","53,880.42",0,"2,048","10,584.00","8,940.85","10,127.02","5,693.03"
2020-07-29,"63,100","65,800","63,100","64,100","64,240.00","62,230.00","60,850.00","56,184.17","53,916.25",0,"3,024","8,469.40","7,818.35","10,158.05","5,710.73"
2020-07-30,"63,800","64,800","62,200","62,200","63,400.00","62,700.00","61,040.00","56,385.83","53,947.92",0,"2,433","5,418.40","7,426.20","10,186.13","5,713.77"
2020-07-31,"62,500","64,500","61,800","62,100","62,860.00","62,930.00","61,300.00","56,584.17","53,980.42",0,"1,685","3,015.20","7,118.90","10,211.18","5,723.23"
2020-08-03,"62,700","65,000","62,300","64,000","63,220.00","63,340.00","61,620.00","56,814.17","54,027.92",0,"3,308","2,499.60","6,785.50","10,259.68","5,744.85"
2020-08-04,"63,600","65,100","62,700","64,800","63,440.00","63,690.00","61,865.00","57,065.83","54,082.08",0,"3,207","2,731.40","6,403.75","10,302.43","5,765.73"
2020-08-05,"64,200","65,500","62,800","64,200","63,460.00","63,850.00","61,955.00","57,314.17","54,132.08",0,"2,484","2,623.40","5,988.15","10,334.18","5,775.83"
2020-08-06,"63,300","64,200","62,100","62,200","63,460.00","63,430.00","61,970.00","57,531.67","54,172.92",0,"3,810","2,898.80","5,782.40","10,388.58","5,783.48"
2020-08-07,"62,200","62,800","61,300","62,600","63,560.00","63,210.00","62,050.00","57,755.00","54,219.58",0,"1,463","2,854.40","5,562.95","10,405.20","5,791.79"
2020-08-10,"61,500","62,300","60,400","61,000","62,960.00","63,090.00","62,155.00","57,947.50","54,254.58",0,"1,508","2,494.40","5,451.10","10,423.45","5,802.02"
2020-08-11,"61,000","62,900","60,100","61,700","62,340.00","62,890.00","62,305.00","58,143.33","54,297.08",0,"2,529","2,358.80","5,399.50","10,457.03","5,815.79"
2020-08-12,"60,600","63,300","60,200","61,200","61,740.00","62,600.00","62,415.00","58,336.67","54,332.92",0,"3,818","2,625.60","5,465.05","10,508.32","5,846.44"
2020-08-13,"62,000","62,900","60,600","62,600","61,820.00","62,640.00","62,670.00","58,550.83","54,386.25",0,"2,860","2,435.60","5,354.00","10,543.05","5,862.74"
2020-08-14,"63,600","64,000","61,200","61,600","61,620.00","62,590.00","62,760.00","58,750.00","54,450.42",0,"2,606","2,664.20","4,993.10","10,577.20","5,860.25"
2020-08-18,"61,600","61,600","61,600","61,600","61,740.00","62,350.00","62,845.00","58,954.17","54,489.58",0,0,"2,362.60","4,801.50","10,561.00","5,847.66"
2020-08-19,"61,600","61,600","61,600","61,600","61,720.00","62,030.00","62,860.00","59,134.17","54,532.92",70,0,"1,856.80","4,382.75","10,529.25","5,842.27"
2020-08-20,"61,600","61,600","61,600","61,600","61,800.00","61,770.00","62,810.00","59,334.17","54,577.92",70,0,"1,093.20","3,702.90","10,518.35","5,837.46"
2020-08-21,"61,600","61,600","61,600","61,600","61,600.00","61,710.00","62,570.00","59,538.33","54,616.25",70,0,521.20,"2,818.50","10,493.95","5,830.86"
2020-08-24,"61,600","61,600","61,600","61,600","61,600.00","61,610.00","62,410.00","59,741.67","54,662.08",70,0,0.00,"2,133.45","10,471.45","5,828.27"
2020-08-25,"61,600","61,600","61,600","61,600","61,600.00","61,670.00","62,380.00","59,921.67","54,712.08",70,0,0.00,"1,839.15","10,456.08","5,827.14"
2020-08-26,"61,600","61,600","61,600","61,600","61,600.00","61,660.00","62,275.00","60,106.67","54,761.25",70,0,0.00,"1,736.75","10,439.23","5,825.73"
2020-08-27,"61,600","61,600","61,600","61,600","61,600.00","61,700.00","62,150.00","60,275.00","54,808.75",70,0,0.00,"1,585.55","10,373.27","5,821.87"
2020-08-28,"61,600","61,600","61,600","61,600","61,600.00","61,600.00","62,120.00","60,443.33","54,861.25",70,0,0.00,"1,463.90","10,353.93","5,808.68"
2020-08-31,"61,600","61,600","61,600","61,600","61,600.00","61,600.00","62,095.00","60,605.00","54,920.42",70,0,0.00,"1,379.65","10,331.98","5,804.28"
2020-09-01,"61,600","61,600","61,600","61,600","61,600.00","61,600.00","61,975.00","60,776.67","54,973.75",70,0,0.00,"1,214.25","10,305.10","5,788.22"
2020-09-02,"61,600","61,600","61,600","61,600","61,600.00","61,600.00","61,815.00","60,948.33","55,027.92",70,0,0.00,"1,053.90","10,272.23","5,774.84"
2020-09-03,"61,600","61,600","61,600","61,600","61,600.00","61,600.00","61,685.00","61,120.00","55,104.58",70,0,0.00,929.70,"10,239.53","5,759.88"
2020-09-04,"61,600","61,600","61,600","61,600","61,600.00","61,600.00","61,655.00","61,168.33","55,217.08",70,0,0.00,739.20,"9,771.43","5,723.63"
2020-09-07,"61,600","61,600","61,600","61,600","61,600.00","61,600.00","61,605.00","61,233.33","55,347.92",70,0,0.00,666.05,"9,455.37","5,694.43"
2020-09-08,"61,600","61,600","61,600","61,600","61,600.00","61,600.00","61,635.00","61,396.67","55,480.83",70,0,0.00,590.65,"9,301.30","5,680.72"
2020-09-09,"61,600","61,600","61,600","61,600","61,600.00","61,600.00","61,630.00","61,540.00","55,605.00",70,0,0.00,464.20,"9,220.35","5,667.95"
2020-09-10,"61,600","61,600","61,600","61,600","61,600.00","61,600.00","61,650.00","61,650.00","55,750.00",70,0,0.00,273.30,"8,992.20","5,651.01"
2020-09-11,"61,600","61,600","61,600","61,600","61,600.00","61,600.00","61,600.00","61,650.00","55,876.25",70,0,0.00,130.30,"7,753.12","5,635.78"
2020-09-14,"61,600","61,600","61,600","61,600","61,600.00","61,600.00","61,600.00","61,343.33","56,017.92",30,0,0.00,0.00,"6,467.50","5,622.93"
2020-09-15,"61,600","61,600","61,600","61,600","61,600.00","61,600.00","61,600.00","61,296.67","56,153.33",30,0,0.00,0.00,"4,863.92","5,613.63"
2020-09-16,"61,600","61,600","61,600","61,600","61,600.00","61,600.00","61,600.00","61,298.33","56,300.42",30,0,0.00,0.00,"4,518.68","5,604.78"
2020-09-17,"61,600","61,600","61,600","61,600","61,600.00","61,600.00","61,600.00","61,300.00","56,448.33",30,0,0.00,0.00,"4,224.33","5,590.23"
2020-09-18,"61,600","61,600","61,600","61,600","61,600.00","61,600.00","61,600.00","61,291.67","56,579.17",30,0,0.00,0.00,"3,972.72","5,581.02"
2020-09-21,"61,600","61,600","61,600","61,600","61,600.00","61,600.00","61,600.00","61,333.33","56,710.83",30,0,0.00,0.00,"3,803.97","5,572.11"
2020-09-22,"61,600","61,600","61,600","61,600","61,600.00","61,600.00","61,600.00","61,416.67","56,826.25",30,0,0.00,0.00,"3,655.63","5,499.60"
2020-09-23,"61,600","61,600","61,600","61,600","61,600.00","61,600.00","61,600.00","61,495.00","56,939.58",30,0,0.00,0.00,"3,559.20","5,479.41"
2020-09-24,"61,600","61,600","61,600","61,600","61,600.00","61,600.00","61,600.00","61,533.33","57,049.58",30,0,0.00,0.00,"3,134.63","5,464.20"
2020-09-25,"61,600","61,600","61,600","61,600","61,600.00","61,600.00","61,600.00","61,586.67","57,157.92",30,0,0.00,0.00,"2,963.37","5,439.51"
2020-09-28,"61,600","61,600","61,600","61,600","61,600.00","61,600.00","61,600.00","61,665.00","57,260.83",30,0,0.00,0.00,"2,832.85","5,433.52"
2020-09-29,"61,600","61,600","61,600","61,600","61,600.00","61,600.00","61,600.00","61,731.67","57,352.50",30,0,0.00,0.00,"2,666.58","5,425.43"
2020-10-05,"61,600","61,600","61,600","61,600","61,600.00","61,600.00","61,600.00","61,760.00","57,439.17",30,0,0.00,0.00,"2,485.88","5,418.82"
2020-10-06,"61,600","61,600","61,600","61,600","61,600.00","61,600.00","61,600.00","61,746.67","57,530.00",30,0,0.00,0.00,"2,305.95","5,413.03"
2020-10-07,"61,600","61,600","61,600","61,600","61,600.00","61,600.00","61,600.00","61,741.67","57,624.17",30,0,0.00,0.00,"2,173.87","5,407.79"
2020-10-08,"61,600","61,600","61,600","61,600","61,600.00","61,600.00","61,600.00","61,751.67","57,727.92",30,0,0.00,0.00,"2,076.33","5,400.62"
2020-10-12,"61,600","61,600","61,600","61,600","61,600.00","61,600.00","61,600.00","61,796.67","57,831.25",30,0,0.00,0.00,"2,013.92","5,398.05"
2020-10-13,"61,600","61,600","61,600","61,600","61,600.00","61,600.00","61,600.00","61,845.00","57,927.08",30,0,0.00,0.00,"1,954.57","5,396.82"
2020-10-14,"61,600","61,600","61,600","61,600","61,600.00","61,600.00","61,600.00","61,888.33","58,021.25",30,0,0.00,0.00,"1,912.78","5,389.05"
2020-10-15,"61,600","61,600","61,600","61,600","61,600.00","61,600.00","61,600.00","61,956.67","58,109.58",30,0,0.00,0.00,"1,828.10","5,379.67"
2020-10-16,"61,600","61,600","61,600","61,600","61,600.00","61,600.00","61,600.00","61,986.67","58,216.67",30,0,0.00,0.00,"1,664.37","5,374.31"
2020-10-19,"61,600","61,600","61,600","61,600","61,600.00","61,600.00","61,600.00","62,015.00","58,316.25",30,0,0.00,0.00,"1,600.50","5,368.94"
2020-10-20,"61,600","61,600","61,600","61,600","61,600.00","61,600.00","61,600.00","62,020.00","58,408.75",30,0,0.00,0.00,"1,460.92","5,367.22"
2020-10-21,"61,600","61,600","61,600","61,600","61,600.00","61,600.00","61,600.00","62,003.33","58,507.08",30,0,0.00,0.00,"1,234.30","5,364.08"
2020-10-22,"61,600","61,600","61,600","61,600","61,600.00","61,600.00","61,600.00","61,923.33","58,600.42",30,0,0.00,0.00,939.50,"5,361.58"
2020-10-23,"61,600","61,600","61,600","61,600","61,600.00","61,600.00","61,600.00","61,870.00","58,693.75",30,0,0.00,0.00,711.15,"5,359.65"
2020-10-26,"61,600","61,600","61,600","61,600","61,600.00","61,600.00","61,600.00","61,860.00","58,784.58",30,0,0.00,0.00,613.05,"5,353.99"
2020-10-27,"61,600","61,600","61,600","61,600","61,600.00","61,600.00","61,600.00","61,825.00","58,878.75",30,0,0.00,0.00,578.92,"5,352.97"
2020-10-28,"61,600","61,600","61,600","61,600","61,600.00","61,600.00","61,600.00","61,783.33","58,983.75",30,0,0.00,0.00,528.52,"5,343.28"
2020-10-29,"61,600","61,600","61,600","61,600","61,600.00","61,600.00","61,600.00","61,773.33","59,079.58",30,0,0.00,0.00,487.97,"5,337.05"
2020-10-30,"61,600","61,600","61,600","61,600","61,600.00","61,600.00","61,600.00","61,765.00","59,174.58",30,0,0.00,0.00,459.88,"5,335.53"
2020-11-02,"61,600","61,600","61,600","61,600","61,600.00","61,600.00","61,600.00","61,725.00","59,269.58",30,0,0.00,0.00,404.75,"5,332.22"
2020-11-03,"61,600","61,600","61,600","61,600","61,600.00","61,600.00","61,600.00","61,671.67","59,368.75",30,0,0.00,0.00,351.30,"5,326.87"
2020-11-04,"61,600","61,600","61,600","61,600","61,600.00","61,600.00","61,600.00","61,628.33","59,471.25",30,0,0.00,0.00,309.90,"5,322.04"
2020-11-05,"61,600","61,600","61,600","61,600","61,600.00","61,600.00","61,600.00","61,618.33","59,575.00",30,0,0.00,0.00,246.40,"5,317.49"
2020-11-06,"61,600","61,600","61,600","61,600","61,600.00","61,600.00","61,600.00","61,601.67","59,678.33",30,0,0.00,0.00,222.02,"5,313.61"
2020-11-09,"61,600","61,600","61,600","61,600","61,600.00","61,600.00","61,600.00","61,611.67","59,779.58",30,0,0.00,0.00,196.88,"5,310.17"
2020-11-10,"61,600","61,600","61,600","61,600","61,600.00","61,600.00","61,600.00","61,610.00","59,876.67",30,0,0.00,0.00,154.73,"5,305.88"
2020-11-11,"61,600","61,600","61,600","61,600","61,600.00","61,600.00","61,600.00","61,616.67","59,976.67",30,0,0.00,0.00,91.10,"5,299.71"
2020-11-12,"61,600","61,600","61,600","61,600","61,600.00","61,600.00","61,600.00","61,600.00","60,075.42",30,0,0.00,0.00,43.43,"5,293.24"
2020-11-13,"61,600","61,600","61,600","61,600","61,600.00","61,600.00","61,600.00","61,600.00","60,175.00",30,0,0.00,0.00,0.00,"5,288.60"
2020-11-16,"61,600","61,600","61,600","61,600","61,600.00","61,600.00","61,600.00","61,600.00","60,277.08",30,0,0.00,0.00,0.00,"5,280.50"
2020-11-17,"61,600","61,600","61,600","61,600","61,600.00","61,600.00","61,600.00","61,600.00","60,367.08",30,0,0.00,0.00,0.00,"5,264.63"
2020-11-18,"61,600","61,600","61,600","61,600","61,600.00","61,600.00","61,600.00","61,600.00","60,467.08",30,0,0.00,0.00,0.00,"5,259.18"
2020-11-19,"61,600","61,600","61,600","61,600","61,600.00","61,600.00","61,600.00","61,600.00","60,569.17",30,0,0.00,0.00,0.00,"5,246.98"
2020-11-20,"61,600","61,600","61,600","61,600","61,600.00","61,600.00","61,600.00","61,600.00","60,670.83",30,0,0.00,0.00,0.00,"5,235.73"
2020-11-23,"61,600","61,600","61,600","61,600","61,600.00","61,600.00","61,600.00","61,600.00","60,760.83",30,0,0.00,0.00,0.00,"5,228.04"
2020-11-24,"61,600","61,600","61,600","61,600","61,600.00","61,600.00","61,600.00","61,600.00","60,853.33",30,0,0.00,0.00,0.00,"5,219.62"
2020-11-25,"61,600","61,600","61,600","61,600","61,600.00","61,600.00","61,600.00","61,600.00","60,937.50",30,0,0.00,0.00,0.00,"5,186.63"
2020-11-26,"61,600","61,600","61,600","61,600","61,600.00","61,600.00","61,600.00","61,600.00","61,021.67",30,0,0.00,0.00,0.00,"5,176.97"
2020-11-27,"61,600","61,600","61,600","61,600","61,600.00","61,600.00","61,600.00","61,600.00","61,102.50",30,0,0.00,0.00,0.00,"5,165.99"
2020-11-30,"61,600","61,600","61,600","61,600","61,600.00","61,600.00","61,600.00","61,600.00","61,188.33",30,0,0.00,0.00,0.00,"5,152.55"
2020-12-01,"61,600","61,600","61,600","61,600","61,600.00","61,600.00","61,600.00","61,600.00","61,274.17",30,0,0.00,0.00,0.00,"5,136.12"
2020-12-02,"61,600","61,600","61,600","61,600","61,600.00","61,600.00","61,600.00","61,600.00","61,360.00",30,0,0.00,0.00,0.00,"5,119.77"
2020-12-03,"61,600","61,600","61,600","61,600","61,600.00","61,600.00","61,600.00","61,600.00","61,384.17",30,0,0.00,0.00,0.00,"4,885.72"
2020-12-04,"61,600","61,600","61,600","61,600","61,600.00","61,600.00","61,600.00","61,600.00","61,416.67",30,0,0.00,0.00,0.00,"4,727.68"
