2018-06-26,"45,086","45,086","44,943","45,086", , , , , ,0,270, , , , 
2018-06-27,"46,231","46,279","45,325","46,183", , , , , ,0,642, , , , 
2018-06-28,"44,227","46,613","44,227","46,183", , , , , ,0,472, , , , 
2018-06-29,"46,183","46,756","44,895","45,706", , , , , ,0,305, , , , 
2018-07-02,"45,706","45,706","42,939","42,939","45,219.40", , , , ,0,855,508.80, , , 
2018-07-03,"43,321","49,141","43,321","45,992","45,400.60", , , , ,0,"3,633","1,181.40", , , 
2018-07-04,"44,991","53,340","44,991","47,710","45,706.00", , , , ,0,"10,159","3,084.80", , , 
2018-07-05,"48,664","48,664","46,660","47,185","45,906.40", , , , ,0,706,"3,131.60", , , 
2018-07-06,"47,137","47,233","46,756","47,042","46,173.60", , , , ,0,95,"3,089.60", , , 
2018-07-09,"47,042","47,710","47,042","47,424","47,070.60","46,145.00", , , ,0,504,"3,019.40", , , 
2018-07-10,"47,710","48,378","47,710","47,996","47,471.40","46,436.00", , , ,0,427,"2,378.20", , , 
2018-07-11,"46,947","48,760","46,947","48,664","47,662.20","46,684.10", , , ,0,931,532.60, , , 
2018-07-12,"48,283","48,664","48,283","48,664","47,958.00","46,932.20", , , ,0,"1,455",682.40, , , 
2018-07-13,"50,477","50,477","47,615","47,662","48,082.00","47,127.80", , , ,0,332,729.80, , , 
2018-07-16,"50,573","50,573","47,281","47,328","48,062.80","47,566.70", , , ,0,368,702.60, , , 
2018-07-17,"48,664","48,664","47,662","48,283","48,120.20","47,795.80", , , ,0,103,637.80, , , 
2018-07-18,"48,283","48,283","47,328","47,901","47,967.60","47,814.90", , , ,0,661,583.80, , , 
2018-07-19,"44,370","48,473","44,370","46,756","47,586.00","47,772.00", , , ,0,488,390.40, , , 
2018-07-20,"45,420","49,141","45,420","47,424","47,538.40","47,810.20", , , ,0,636,451.20, , , 
2018-07-23,"45,515","48,092","45,515","45,992","47,271.20","47,667.00","46,906.00", , ,66,575,492.60,"1,180.85", , 
2018-07-24,"45,802","47,710","45,325","46,565","46,927.60","47,523.90","46,979.95", , ,0,134,498.80,"1,174.05", , 
2018-07-25,"47,090","48,950","47,090","47,090","46,765.40","47,366.50","47,025.30", , ,0,674,501.40,"1,175.65", , 
2018-07-26,"48,569","49,523","46,804","47,328","46,879.80","47,232.90","47,082.55", , ,0,389,481.60,"1,171.50", , 
2018-07-27,"51,336","51,336","47,710","47,996","46,994.20","47,266.30","47,197.05", , ,34,213,397.00,"1,166.90", , 
2018-07-30,"47,996","50,477","47,805","48,092","47,414.20","47,342.70","47,454.70", , ,29,414,364.80,"1,144.85", , 
2018-07-31,"48,378","48,378","47,137","48,187","47,738.60","47,333.10","47,564.45", , ,0,778,493.60,"1,002.10", , 
2018-08-01,"47,519","49,332","47,519","48,378","47,996.20","47,380.80","47,597.85", , ,0,129,384.60,500.60, , 
2018-08-02,"48,569","48,569","47,519","48,092","48,149.00","47,514.40","47,643.20", , ,0,402,387.20,485.40, , 
2018-08-03,"46,899","47,710","46,804","46,947","47,939.20","47,466.70","47,638.45", , ,0,105,365.60,485.90, , 
2018-08-06,"47,185","47,185","46,279","46,279","47,576.60","47,495.40","47,581.20", , ,0,132,309.20,467.30, , 
2018-08-07,"46,660","60,115","46,660","60,115","49,962.20","48,850.40","48,187.15", , ,18,"56,892","11,532.00","3,290.55", , 
2018-08-08,"65,076","75,382","48,092","50,573","50,401.20","49,198.70","48,282.60", , ,44,"142,004","39,907.00","10,344.20", , 
2018-08-09,"52,195","52,481","48,378","48,855","50,553.80","49,351.40","48,292.15", , ,0,"33,468","46,520.20","11,944.85", , 
2018-08-10,"48,664","50,382","46,851","46,899","50,544.20","49,241.70","48,254.00", , ,0,"32,758","53,050.80","13,566.15", , 
2018-08-13,"46,660","46,899","43,989","43,989","50,086.20","48,831.40","48,087.05", , ,23,"13,511","55,726.60","14,223.30", , 
2018-08-14,"44,847","44,847","43,225","44,561","46,975.40","48,468.80","47,900.95", , ,0,"5,705","45,489.20","14,503.40", , 
2018-08-16,"43,655","44,036","42,557","43,034","45,467.60","47,934.40","47,657.60", , ,0,"4,568","18,002.00","14,698.75", , 
2018-08-17,"43,034","46,040","42,748","44,418","44,580.20","47,567.00","47,540.70", , ,8,"9,724","13,253.20","15,160.55", , 
2018-08-20,"44,991","45,229","43,034","43,512","43,902.80","47,223.50","47,345.10", , ,0,"4,031","7,507.80","15,330.30", , 
2018-08-21,"43,082","44,466","43,082","43,989","43,902.80","46,994.50","47,244.95", , ,0,"2,455","5,296.60","15,424.30", , 
2018-08-22,"44,036","44,418","43,512","43,655","43,721.60","45,348.50","47,099.45", , ,0,"2,356","4,626.80","15,535.40", , 
2018-08-23,"43,655","45,229","43,416","44,275","43,969.80","44,718.70","46,958.70", , ,0,"5,319","4,777.00","15,767.65", , 
2018-08-24,"44,847","45,515","43,655","44,466","43,979.40","44,279.80","46,815.60", , ,0,"10,429","4,918.00","16,269.65", , 
2018-08-27,"46,088","51,527","45,802","45,802","44,437.40","44,170.10","46,705.90", , ,66,"61,260","16,363.80","19,322.00", , 
2018-08-28,"45,468","46,804","45,086","45,277","44,695.00","44,298.90","46,565.15", , ,0,"10,643","18,001.40","19,833.45", , 
2018-08-29,"45,754","45,945","44,513","44,800","44,924.00","44,322.80","46,395.80", , ,0,"3,619","18,254.00","19,975.50", , 
2018-08-30,"45,086","46,994","44,847","45,181","45,105.20","44,537.50","46,235.95", , ,0,"17,446","20,679.40","20,841.35", , 
2018-08-31,"44,991","46,279","44,943","45,563","45,324.60","44,652.00","46,109.50", , ,0,"4,142","19,422.00","21,028.35", , 
2018-09-03,"45,802","45,897","44,895","44,991","45,162.40","44,799.90","46,011.70", , ,0,"2,297","7,629.40","21,137.95", , 
2018-09-04,"44,991","45,754","44,752","45,086","45,124.20","44,909.60","45,952.05", , ,0,"2,287","5,958.20","21,245.70", , 
2018-09-05,"45,086","45,897","45,086","45,181","45,200.40","45,062.20","45,205.35", , ,0,"2,791","5,792.60","18,540.65", , 
2018-09-06,"45,181","46,231","44,084","44,800","45,124.20","45,114.70","44,916.70", , ,0,"4,751","3,253.60","11,678.00", , 
2018-09-07,"45,181","45,181","43,893","45,038","45,019.20","45,171.90","44,725.85", , ,0,"1,633","2,751.80","10,086.25", , 
2018-09-10,"45,181","45,802","44,179","44,943","45,009.60","45,086.00","44,628.05", , ,0,"1,967","2,685.80","8,546.70", , 
2018-09-11,"45,086","45,181","44,418","44,657","44,923.80","45,024.00","44,661.45", , ,42,"1,999","2,628.20","7,971.10", , 
2018-09-12,"44,657","46,279","44,370","45,372","44,962.00","45,081.20","44,702.00", , ,0,"2,650","2,600.00","7,818.35", , 
2018-09-13,"45,372","46,136","44,895","45,229","45,047.80","45,086.00","44,811.75", , ,0,"1,144","1,878.60","7,647.15", , 
2018-09-14,"45,277","45,802","44,752","44,895","45,019.20","45,019.20","44,835.60", , ,0,"2,078","1,967.60","7,264.85", , 
2018-09-17,"44,704","44,847","44,179","44,179","44,866.40","44,938.00","44,868.95", , ,0,"1,463","1,866.80","7,136.45", , 
2018-09-18,"44,561","44,609","44,084","44,418","44,818.60","44,871.20","44,890.40","46,347.12", ,0,637,"1,594.40","7,045.55","7,883.57", 
2018-09-19,"44,132","44,704","43,798","43,798","44,503.80","44,732.90","44,897.55","46,325.65", ,0,"1,287","1,321.80","6,992.10","7,900.52", 
2018-09-20,"43,845","44,561","43,178","43,178","44,093.60","44,570.70","44,842.70","46,275.57", ,0,"1,147","1,322.40","6,783.50","7,908.93", 
2018-09-21,"43,225","44,466","42,366","43,798","43,874.20","44,446.70","44,809.30","46,235.82", ,0,767,"1,060.20","6,300.40","7,913.85", 
2018-09-27,"43,798","44,513","42,939","43,750","43,788.40","44,327.40","44,706.70","46,203.22", ,0,623,892.20,"3,268.55","7,919.15", 
2018-09-28,"43,273","44,036","43,130","43,130","43,530.80","44,174.70","44,599.35","46,206.40", ,0,699,904.60,"2,771.35","7,916.55", 
2018-10-01,"43,130","43,130","42,510","42,891","43,349.40","43,926.60","44,503.90","46,154.72", ,0,"1,551",957.40,"2,667.95","7,881.85", 
2018-10-02,"43,225","43,225","42,176","42,557","43,225.20","43,659.40","44,372.70","46,068.83", ,0,495,827.00,"1,820.40","7,720.78", 
2018-10-04,"42,557","42,939","42,176","42,700","43,005.60","43,439.90","44,229.55","45,994.08", ,70,258,725.20,"1,626.20","7,713.32", 
2018-10-05,"43,559","43,559","41,174","41,221","42,499.80","43,144.10","44,041.05","45,897.07", ,2,494,699.40,"1,536.05","7,719.97", 
2018-10-08,"41,126","42,033","40,935","41,937","42,261.20","42,896.00","43,883.60","45,805.62", ,9,"2,036",966.80,"1,523.50","7,745.50", 
2018-10-10,"41,603","41,985","40,029","40,887","41,860.40","42,604.90","43,668.90","45,687.13", ,0,"3,118","1,280.20","1,539.85","7,790.35", 
2018-10-11,"39,886","41,508","39,790","40,744","41,497.80","42,361.50","43,466.10","45,555.13", ,0,"2,559","1,693.00","1,430.25","7,817.48", 
2018-10-12,"40,601","42,844","39,981","41,699","41,297.60","42,151.60","43,299.15","45,439.05", ,0,"3,415","2,324.40","1,519.35","7,850.15", 
2018-10-15,"42,653","42,844","40,554","41,651","41,383.60","41,941.70","43,134.55","45,338.87", ,0,"3,112","2,848.00","1,576.60","7,896.48", 
2018-10-16,"40,697","41,746","40,697","40,887","41,173.60","41,717.40","42,946.05","45,231.52", ,0,"1,359","2,712.60","1,544.60","7,913.00", 
2018-10-17,"40,458","41,651","40,458","40,983","41,192.80","41,526.60","42,726.60","45,109.85", ,0,800,"2,249.00","1,452.10","7,924.62", 
2018-10-18,"42,271","42,271","40,649","40,649","41,173.80","41,335.80","42,497.60","44,988.98", ,0,"1,562","2,049.60","1,473.00","7,939.63", 
2018-10-19,"40,554","41,078","39,599","40,744","40,982.80","41,140.20","42,290.05","44,888.78", ,0,"1,034","1,573.40","1,420.80","7,948.73", 
2018-10-22,"41,078","41,078","39,933","40,887","40,830.00","41,106.80","42,125.45","44,779.83", ,0,"1,883","1,327.60","1,441.80","7,969.52", 
2018-10-23,"39,886","40,887","39,552","39,552","40,563.00","40,868.30","41,882.15","44,672.50", ,0,"1,838","1,423.40","1,501.85","7,990.57", 
2018-10-24,"39,599","40,315","39,218","39,218","40,210.00","40,701.40","41,653.15","44,550.05", ,0,"2,284","1,720.20","1,551.70","8,026.40", 
2018-10-25,"39,074","39,074","37,739","37,929","39,666.00","40,419.90","41,390.70","44,397.37", ,0,596,"1,527.00","1,524.15","8,025.10", 
2018-10-26,"38,931","39,838","36,737","37,118","38,940.80","39,961.80","41,056.70","44,227.20", ,0,"6,275","2,575.20","1,799.55","8,123.20", 
2018-10-29,"36,594","39,027","35,878","36,069","37,977.20","39,403.60","40,672.65","44,028.42", ,66,"3,895","2,977.60","1,963.15","8,184.57", 
2018-10-30,"33,683","36,450","33,683","36,260","37,318.80","38,940.90","40,329.15","43,831.22", ,55,"2,206","3,051.20","2,038.50","8,214.43", 
2018-10-31,"36,546","37,214","35,687","36,403","36,755.80","38,482.90","40,004.75","43,634.82", ,0,"1,388","2,872.00","2,030.35","8,224.60", 
2018-11-01,"35,926","37,023","35,926","36,928","36,555.60","38,110.80","39,723.30","43,443.98", ,0,272,"2,807.20","2,019.20","8,226.98", 
2018-11-02,"36,928","37,929","36,928","37,882","36,708.40","37,824.60","39,482.40","43,273.82", ,0,368,"1,625.80","2,024.70","8,226.42", 
2018-11-05,"37,882","39,313","37,882","39,074","37,309.40","37,643.30","39,375.05","43,142.60", ,67,126,872.00,"2,006.30","8,226.77", 
2018-11-06,"40,029","40,029","38,263","38,263","37,710.00","37,514.40","39,191.35","43,009.00", ,0,176,466.00,"1,913.30","8,227.50", 
2018-11-07,"39,599","40,029","38,454","38,454","38,120.20","37,438.00","39,069.70","42,647.98", ,0,713,331.00,"1,793.05","7,291.18", 
2018-11-08,"39,933","39,981","39,122","39,170","38,568.60","37,562.10","38,991.00","42,457.93", ,0,384,353.40,"1,684.30","4,930.85", 
2018-11-09,"39,170","39,552","38,168","39,027","38,797.60","37,753.00","38,857.40","42,294.13", ,0,203,320.40,"1,523.70","4,376.43", 
2018-11-12,"40,887","40,887","38,454","38,836","38,750.00","38,029.70","38,716.65","42,159.75", ,0,152,325.60,"1,375.70","3,833.00", 
2018-11-13,"38,168","40,649","38,168","39,122","38,921.80","38,315.90","38,628.40","42,078.63", ,0,137,317.80,"1,314.60","3,610.10", 
2018-11-14,"38,407","40,744","38,407","40,076","39,246.20","38,683.20","38,583.05","42,003.88", ,0,"1,375",450.20,"1,343.35","3,537.93", 
2018-11-15,"40,076","52,004","40,076","49,141","41,240.40","39,904.50","39,007.65","42,105.67", ,0,"76,656","15,704.60","5,098.05","4,739.40", 
2018-11-16,"47,424","49,523","44,991","45,563","42,547.60","40,672.60","39,248.60","42,124.75", ,37,"18,814","19,426.80","5,987.05","4,890.90", 
2018-11-19,"44,847","45,992","42,748","43,893","43,559.00","41,154.50","39,398.90","42,131.10", ,38,"6,567","20,709.80","6,221.25","4,933.17", 
2018-11-20,"43,989","45,277","42,844","42,987","44,332.00","41,626.90","39,570.65","42,114.40", ,0,"3,817","21,445.80","6,320.20","4,955.87", 
2018-11-21,"43,034","43,750","42,319","42,510","44,818.80","42,032.50","39,735.25","42,095.32", ,42,"2,590","21,688.80","6,335.50","4,959.77", 
2018-11-22,"42,510","42,987","41,985","42,080","43,406.60","42,323.50","39,942.80","42,058.73", ,42,"1,481","6,653.80","6,379.75","4,895.80", 
2018-11-23,"42,987","42,987","41,746","42,366","42,767.20","42,657.40","40,205.20","42,023.73", ,30,"1,716","3,234.20","6,151.80","4,750.58", 
2018-11-26,"41,031","42,796","41,031","42,557","42,500.00","43,029.50","40,529.60","41,969.65", ,0,"1,308","2,182.40","6,022.45","3,751.38", 
2018-11-27,"41,842","42,796","41,794","42,414","42,385.40","43,358.70","40,837.30","41,921.93", ,30,800,"1,579.00","5,952.15","3,587.33", 
2018-11-28,"42,796","42,796","41,889","41,985","42,280.40","43,549.60","41,116.40","41,875.02", ,30,662,"1,193.40","5,915.85","3,538.05", 
2018-11-29,"41,746","43,178","41,746","41,937","42,251.80","42,829.20","41,366.85","41,820.95", ,0,495,996.20,"5,927.00","3,255.53", 
2018-11-30,"41,985","42,462","41,794","42,223","42,223.20","42,495.20","41,583.90","41,765.28", ,0,301,713.20,"5,923.65","3,191.52", 
2018-12-03,"44,657","44,657","41,699","41,794","42,070.60","42,285.30","41,719.90","41,712.00", ,39,"1,913",834.20,"6,013.00","3,185.12", 
2018-12-04,"41,269","42,128","41,269","41,699","41,927.60","42,156.50","41,891.70","41,655.55", ,0,"1,076",889.40,"6,058.00","3,164.93", 
2018-12-05,"41,412","42,033","40,887","41,365","41,803.60","42,042.00","42,037.25","41,591.95", ,0,527,862.40,"6,048.70","3,127.20", 
2018-12-06,"41,508","41,794","39,790","40,220","41,460.20","41,856.00","42,089.75","41,515.62", ,0,"1,200","1,003.40","6,089.50","3,068.02", 
2018-12-07,"40,744","40,744","39,838","39,886","40,992.80","41,608.00","42,132.70","41,429.75", ,0,"1,695","1,282.20","6,164.10","3,069.05", 
2018-12-10,"39,265","41,889","39,265","41,412","40,916.40","41,493.50","42,261.50","41,370.90", ,60,"1,068","1,113.20","6,209.90","3,054.07", 
2018-12-11,"41,508","41,508","39,695","40,315","40,639.60","41,283.60","42,321.15","41,298.53", ,0,697,"1,037.40","6,237.90","3,032.37", 
2018-12-12,"40,315","41,985","40,315","41,699","40,706.40","41,255.00","42,402.30","41,237.32", ,0,723,"1,076.60","6,205.30","3,000.25", 
2018-12-13,"41,699","42,414","41,031","41,508","40,964.00","41,212.10","42,020.65","41,175.30", ,0,611,958.80,"2,403.05","2,991.37", 
2018-12-14,"41,555","41,603","40,983","41,555","41,297.80","41,145.30","41,820.25","41,119.63", ,0,129,645.60,"1,468.80","2,958.88", 
2018-12-17,"41,508","41,699","40,220","41,699","41,355.20","41,135.80","41,710.55","41,078.30", ,71,314,494.80,"1,156.15","2,939.73", 
2018-12-18,"41,031","41,460","40,410","40,458","41,383.80","41,011.70","41,584.10","41,012.30","43,679.71",0,564,468.20,993.50,"2,938.52","5,411.04"
2018-12-19,"40,935","41,317","40,315","40,744","41,192.80","40,949.60","41,495.80","40,961.40","43,643.53",0,56,334.80,866.80,"2,918.00","5,409.26"
2018-12-20,"40,506","40,887","39,313","40,554","41,002.00","40,983.00","41,419.50","40,917.67","43,596.62",0,629,338.40,824.20,"2,909.37","5,409.15"
2018-12-21,"41,317","41,317","39,408","41,078","40,906.60","41,102.20","41,355.10","40,872.33","43,554.07",71,298,372.20,753.30,"2,901.55","5,407.70"
2018-12-24,"40,554","41,508","39,408","39,408","40,448.40","40,901.80","41,197.65","40,799.97","43,501.59",70,641,437.60,719.95,"2,901.85","5,410.50"
2018-12-26,"39,265","39,265","38,216","38,454","40,047.60","40,715.70","40,999.65","40,722.03","43,464.22",0,"1,622",649.20,761.05,"2,917.23","5,416.89"
2018-12-27,"38,892","40,788","38,892","38,941","39,687.00","40,439.90","40,847.45","40,656.20","43,405.46",66,691,776.20,762.50,"2,902.90","5,392.38"
2018-12-28,"39,670","40,350","38,989","39,670","39,510.20","40,256.10","40,734.10","40,608.08","43,338.46",0,249,700.20,750.20,"2,898.80","5,309.79"
2019-01-02,"39,670","39,670","39,038","39,086","39,111.80","40,009.20","40,577.25","40,547.85","43,270.97",0,186,677.80,744.45,"2,897.60","5,305.46"
2019-01-03,"38,309","40,837","38,309","39,038","39,037.80","39,743.10","40,439.45","40,511.47","43,204.27",66,341,617.80,665.85,"2,895.05","5,307.51"
2019-01-04,"39,621","40,739","38,503","40,059","39,358.80","39,703.20","40,357.45","40,480.17","43,142.89",0,653,424.00,644.70,"2,872.00","5,308.75"
2019-01-07,"40,107","41,226","40,107","40,934","39,757.40","39,722.20","40,335.90","40,480.95","43,084.04",0,570,399.80,646.85,"2,829.53","5,309.94"
2019-01-08,"43,705","43,705","39,573","40,594","39,942.20","39,726.20","40,354.60","40,478.45","43,016.79",0,626,475.20,618.15,"2,797.32","5,307.40"
2019-01-09,"40,788","40,934","40,205","40,642","40,253.40","39,682.60","40,392.40","40,460.83","42,949.94",0,469,531.80,556.85,"2,748.22","5,299.18"
2019-01-10,"40,205","40,545","40,010","40,399","40,525.60","39,781.70","40,341.75","40,439.97","42,889.42",0,148,493.20,510.85,"2,698.82","5,297.65"
2019-01-11,"40,496","42,198","40,010","40,594","40,632.60","39,995.70","40,355.70","40,435.08","42,833.30",0,285,419.60,490.25,"2,680.92","5,296.96"
2019-01-14,"40,691","42,490","40,399","40,837","40,613.20","40,185.30","40,312.60","40,432.65","42,771.25",0,"1,113",528.20,509.75,"2,686.13","5,305.38"
2019-01-15,"41,274","42,635","40,594","42,149","40,924.20","40,433.20","40,344.65","40,457.65","42,723.32",0,"1,471",697.20,552.75,"2,684.62","5,312.13"
2019-01-16,"42,149","43,365","41,371","42,198","41,235.40","40,744.40","40,376.80","40,481.88","42,685.33",0,"1,377",878.80,615.15,"2,690.33","5,319.53"
2019-01-17,"42,295","43,608","41,420","41,858","41,527.20","41,026.40","40,384.75","40,498.07","42,638.95",0,597,968.60,629.30,"2,668.90","5,319.21"
2019-01-18,"42,052","42,198","40,934","41,809","41,770.20","41,201.40","40,452.30","40,535.68","42,604.09",0,587,"1,029.00",630.45,"2,648.05","5,319.31"
2019-01-21,"42,295","42,781","41,469","41,760","41,954.80","41,284.00","40,503.10","40,578.05","42,564.05",0,"1,005","1,007.40",677.90,"2,626.73","5,326.57"
2019-01-22,"41,469","41,566","41,177","41,517","41,828.40","41,376.30","40,551.25","40,637.85","42,517.61",0,604,834.00,676.65,"2,626.87","5,325.98"
2019-01-23,"41,323","43,024","41,128","42,198","41,828.40","41,531.90","40,607.25","40,722.52","42,474.86",0,283,615.20,675.90,"2,527.00","5,325.10"
2019-01-24,"41,517","42,587","41,226","41,517","41,760.20","41,643.70","40,712.70","40,813.32","42,420.87",36,"1,350",765.80,711.35,"2,484.58","5,334.57"
2019-01-25,"41,858","41,858","41,323","41,323","41,663.00","41,716.60","40,856.15","40,897.70","42,364.46",0,542,756.80,657.35,"2,456.85","5,335.64"
2019-01-28,"41,663","41,663","41,420","41,566","41,624.20","41,789.50","40,987.40","40,983.75","42,309.28",0,12,558.20,623.40,"2,433.92","5,329.26"
2019-01-29,"41,566","45,212","41,566","43,899","42,100.60","41,964.50","41,198.85","41,099.93","42,271.96",0,"5,411","1,519.60",881.50,"2,519.57","5,373.27"
2019-01-30,"43,899","45,212","42,684","44,240","42,509.00","42,168.70","41,456.55","41,205.90","42,239.86",30,"2,258","1,914.60",985.10,"2,551.07","5,388.74"
2019-01-31,"44,240","46,670","43,851","44,580","43,121.60","42,440.90","41,733.65","41,297.67","42,220.13",12,"2,965","2,237.60","1,116.30","2,598.38","5,412.57"
2019-02-01,"46,427","46,427","44,774","44,872","43,831.40","42,747.20","41,974.30","41,407.82","42,208.41",34,626,"2,254.40","1,114.95","2,605.88","5,416.69"
2019-02-07,"45,698","45,698","44,580","44,969","44,512.00","43,068.10","42,176.05","41,516.40","42,082.19",0,296,"2,311.20","1,101.25","2,598.93","4,945.06"
2019-02-08,"45,406","45,406","44,191","44,726","44,677.40","43,389.00","42,382.65","41,609.00","42,033.47",0,75,"1,244.00","1,073.70","2,593.78","3,762.32"
2019-02-11,"43,802","44,045","43,802","44,045","44,638.40","43,573.70","42,552.80","41,692.63","41,993.38",0,133,819.00,"1,056.90","2,592.62","3,484.53"
2019-02-12,"44,726","44,726","43,754","44,191","44,560.60","43,841.10","42,742.40","41,781.88","41,970.82",0,83,242.60,"1,053.65","2,591.47","3,212.23"
2019-02-13,"44,191","44,191","43,754","43,754","44,337.00","44,084.20","42,900.40","41,859.08","41,968.86",0,173,152.00,"1,048.05","2,592.07","3,101.08"
2019-02-14,"43,705","43,802","42,684","43,365","44,016.20","44,264.10","43,026.80","41,913.90","41,958.89",23,169,126.60,"1,000.85","2,571.97","3,054.95"
2019-02-15,"43,365","43,754","42,830","43,754","43,821.80","44,249.60","43,107.05","41,824.12","41,964.89",0,209,153.40,937.75,"1,297.85","3,018.63"
2019-02-18,"43,365","43,705","43,365","43,705","43,753.80","44,196.10","43,182.40","41,793.15","41,958.95",0,272,181.20,882.50,988.82,"2,939.86"
2019-02-19,"43,754","43,997","43,754","43,754","43,666.40","44,113.50","43,277.20","41,790.83","41,960.97",0,147,194.00,860.00,881.82,"2,907.49"
2019-02-20,"43,754","43,948","42,781","43,656","43,646.80","43,991.90","43,369.55","41,801.98","41,958.19",0,741,307.60,867.70,830.55,"2,893.21"
2019-02-21,"45,649","55,518","43,267","43,559","43,685.60","43,850.90","43,459.50","41,819.47","41,957.39",29,"92,575","18,788.80","5,446.20","2,330.30","3,645.03"
2019-02-22,"43,267","43,267","42,101","42,295","43,393.80","43,607.80","43,498.40","41,823.05","41,940.89",0,"7,019","20,150.80","5,766.95","2,422.60","3,659.20"
2019-02-25,"42,684","42,684","41,614","41,858","43,024.40","43,389.10","43,481.40","41,814.58","41,919.16",0,"1,459","20,388.20","5,825.75","2,418.32","3,584.45"
2019-02-26,"41,420","42,198","41,371","42,052","42,684.00","43,175.20","43,508.15","41,806.17","41,887.91",0,"1,824","20,723.60","5,849.45","2,426.92","3,089.15"
2019-02-27,"42,149","42,490","41,517","42,101","42,373.00","43,009.90","43,547.05","41,800.95","41,861.44",0,915,"20,758.40","5,868.10","2,428.83","3,008.08"
2019-02-28,"42,101","42,878","40,739","41,809","42,023.00","42,854.30","43,559.20","41,798.02","41,836.52",0,"2,524","2,748.20","5,993.70","2,459.87","2,998.96"
2019-03-04,"40,399","42,781","40,399","42,441","42,052.20","42,723.00","43,486.30","41,806.42","41,813.68",60,810,"1,506.40","5,763.65","2,465.12","2,860.32"
2019-03-05,"42,441","42,830","41,809","42,295","42,139.60","42,582.00","43,389.05","41,807.62","41,786.45",0,"1,084","1,431.40","5,704.95","2,478.17","2,834.84"
2019-03-06,"42,149","43,316","41,760","42,392","42,207.60","42,445.80","43,279.65","41,817.58","41,764.79",0,"2,211","1,508.80","5,667.25","2,483.13","2,834.13"
2019-03-07,"42,392","42,684","41,517","41,517","42,090.80","42,231.90","43,111.90","41,814.55","41,735.05",0,"1,220","1,569.80","5,696.95","2,485.53","2,825.23"
2019-03-08,"40,885","42,246","40,885","41,712","42,071.40","42,047.20","42,949.05","41,820.33","41,706.14",0,"1,128","1,290.60","5,738.55","2,495.55","2,811.38"
2019-03-11,"41,712","41,712","40,642","41,323","41,847.80","41,950.00","42,778.90","41,838.72","41,677.17",0,588,"1,246.20","5,764.20","2,485.35","2,776.68"
2019-03-12,"41,955","41,955","40,982","41,323","41,653.40","41,896.50","42,642.80","41,862.67","41,646.21",0,195,"1,068.40","5,767.30","2,460.35","2,764.70"
2019-03-13,"41,323","42,198","41,031","41,614","41,497.80","41,852.70","42,513.95","41,866.03","41,618.47",0,563,738.80,"5,791.30","2,451.93","2,753.00"
2019-03-14,"41,614","42,635","41,566","42,295","41,653.40","41,872.10","42,441.00","41,899.03","41,598.78",0,"1,092",713.20,"5,837.25","2,458.52","2,745.44"
2019-03-15,"42,295","42,684","41,712","42,198","41,750.60","41,911.00","42,382.65","41,907.35","41,572.33",0,"1,030",693.60,"5,880.30","2,463.63","2,731.94"
2019-03-18,"43,122","43,122","42,149","42,344","41,954.80","41,901.30","42,312.15","41,921.28","41,548.29",0,381,652.20,"5,888.90","2,459.80","2,725.58"
2019-03-19,"42,490","42,684","42,246","42,538","42,197.80","41,925.60","42,253.80","41,937.67","41,528.65",0,82,629.60,"5,879.40","2,459.02","2,708.95"
2019-03-20,"42,392","42,781","42,295","42,781","42,431.20","41,964.50","42,205.15","41,955.70","41,517.00",0,429,602.80,"5,893.50","2,460.93","2,700.33"
2019-03-21,"42,781","43,510","41,712","42,246","42,421.40","42,037.40","42,134.65","41,985.50","41,498.90",0,"1,869",758.20,"5,949.90","2,482.68","2,710.60"
2019-03-22,"42,490","42,733","41,955","42,003","42,382.40","42,066.50","42,056.85","42,006.48","41,483.94",0,679,688.00,"1,355.10","2,493.07","2,705.53"
2019-03-25,"42,003","42,587","40,934","42,052","42,324.00","42,139.40","42,044.70","42,031.45","41,474.56",0,610,733.80,"1,034.65","2,492.75","2,701.06"
2019-03-26,"41,809","42,781","41,517","42,587","42,333.80","42,265.80","42,081.15","42,056.60","41,464.47",0,"1,030",923.40,"1,013.20","2,504.95","2,703.25"
2019-03-27,"42,781","43,073","41,955","42,684","42,314.40","42,372.80","42,112.75","42,111.20","41,455.58",0,"1,395","1,116.60",991.75,"2,517.52","2,709.68"
2019-03-28,"42,684","42,684","41,955","42,295","42,324.20","42,372.80","42,122.45","42,175.22","41,448.63",0,378,818.40,964.90,"2,496.78","2,707.01"
2019-03-29,"42,246","42,246","40,934","41,323","42,188.20","42,285.30","42,098.15","42,214.92","41,435.56",23,685,819.60,872.95,"2,496.68","2,699.79"
2019-04-01,"41,858","42,490","41,371","42,198","42,217.40","42,270.70","42,086.00","42,257.05","41,432.57",58,198,737.20,842.35,"2,495.83","2,697.32"
2019-04-02,"42,246","42,246","41,906","41,906","42,081.20","42,207.50","42,066.55","42,304.05","41,425.95",0,57,542.60,791.00,"2,493.68","2,695.64"
2019-04-03,"42,198","42,198","41,712","42,101","41,964.60","42,139.50","42,052.00","42,355.10","41,433.28",0,555,374.60,708.20,"2,497.25","2,696.15"
2019-04-04,"42,295","42,781","41,760","41,760","41,857.60","42,090.90","42,064.15","42,383.45","41,431.81",0,203,339.60,657.35,"2,489.75","2,680.88"
2019-04-05,"41,858","42,198","41,614","42,003","41,993.60","42,090.90","42,078.70","42,401.27","41,441.11",0,430,288.60,622.45,"2,487.42","2,658.47"
2019-04-08,"41,906","42,295","41,614","41,955","41,945.00","42,081.20","42,110.30","42,423.95","41,451.20",70,191,287.20,602.60,"2,480.17","2,638.74"
2019-04-09,"41,663","42,295","41,566","41,955","41,954.80","42,018.00","42,141.90","42,445.83","41,453.33",0,257,327.20,605.70,"2,476.63","2,612.43"
2019-04-10,"42,198","42,246","41,858","42,149","41,964.40","41,964.50","42,168.65","42,475.00","41,457.48",0,243,264.80,589.70,"2,478.22","2,588.52"
2019-04-11,"42,295","42,830","42,101","42,101","42,032.60","41,945.10","42,158.95","42,500.12","41,467.60",0,220,268.20,546.10,"2,477.13","2,579.03"
2019-04-12,"42,246","42,538","42,052","42,295","42,091.00","42,042.30","42,163.80","42,524.42","41,478.53",0,851,352.40,537.15,"2,472.77","2,579.45"
2019-04-15,"42,295","43,413","42,295","43,267","42,353.40","42,149.20","42,209.95","42,543.05","41,500.35",0,"3,614","1,037.00",698.80,"2,508.48","2,596.55"
2019-04-16,"43,510","43,754","42,781","43,656","42,693.60","42,324.20","42,265.85","42,567.35","41,524.62",0,"1,714","1,328.40",780.40,"2,514.10","2,602.22"
2019-04-17,"44,629","46,136","44,385","44,774","43,218.60","42,591.50","42,365.50","42,615.95","41,557.01",0,"6,150","2,509.80","1,066.45","2,606.65","2,637.78"
2019-04-18,"44,774","45,601","42,781","43,267","43,451.80","42,742.20","42,416.55","42,640.25","41,587.97",0,"1,802","2,826.20","1,063.10","2,626.90","2,637.47"
2019-04-19,"42,878","45,163","42,878","43,997","43,792.20","42,941.60","42,516.25","42,677.53","41,627.79",0,"2,193","3,094.60","1,138.80","2,646.70","2,636.72"
2019-04-22,"45,406","47,059","43,754","46,913","44,521.40","43,437.40","42,759.30","42,767.47","41,702.66",0,"8,905","4,152.80","1,553.55","2,785.05","2,705.96"
2019-04-23,"46,184","46,865","45,941","46,087","45,007.60","43,850.60","42,934.30","42,832.28","41,777.40",37,"3,694","4,548.80","1,686.75","2,841.90","2,684.45"
2019-04-24,"45,261","46,184","45,261","46,087","45,270.20","44,244.40","43,104.45","42,908.45","41,860.88",0,666,"3,452.00","1,650.30","2,830.50","2,657.54"
2019-04-25,"46,087","46,087","45,212","45,601","45,737.00","44,594.40","43,269.75","42,979.75","41,938.72",0,"1,019","3,295.40","1,682.35","2,838.45","2,647.65"
2019-04-26,"45,066","46,281","44,872","45,601","46,057.80","44,925.00","43,483.65","43,047.00","42,015.38",0,"2,328","3,322.40","1,764.50","2,877.05","2,655.48"
2019-04-29,"46,087","46,622","45,309","46,087","45,892.60","45,207.00","43,678.10","43,083.47","42,091.70",0,241,"1,589.60","1,766.65","2,790.88","2,655.22"
2019-04-30,"46,087","46,087","45,406","45,747","45,824.60","45,416.10","43,870.15","43,108.58","42,157.24",0,713,993.40,"1,799.45","2,765.13","2,658.10"
2019-05-02,"46,476","46,476","45,795","45,990","45,805.20","45,537.70","44,064.60","43,132.08","42,214.88",0,317,923.60,"1,787.55","2,721.00","2,659.69"
2019-05-03,"45,990","46,525","45,990","46,476","45,980.20","45,858.60","44,300.40","43,158.82","42,283.32",0,"2,607","1,241.20","1,907.75","2,754.02","2,679.95"
2019-05-07,"46,476","46,670","46,476","46,622","46,184.40","46,121.10","44,531.35","43,186.37","42,351.38",0,"1,268","1,029.20","1,949.65","2,770.22","2,684.57"
2019-05-08,"46,622","46,865","46,622","46,670","46,301.00","46,096.80","44,767.10","43,218.77","42,413.88",12,588,"1,098.60","1,969.50","2,778.77","2,686.28"
2019-05-09,"46,913","47,594","45,893","46,476","46,446.80","46,135.70","44,993.15","43,259.28","42,475.96",0,"1,227","1,201.40","2,018.00","2,797.00","2,694.81"
2019-05-10,"46,670","46,670","44,288","45,406","46,330.00","46,067.60","45,156.00","43,279.53","42,530.71",0,"2,122","1,562.40","2,111.95","2,830.98","2,711.22"
2019-05-13,"46,379","46,379","44,288","44,872","46,009.20","45,994.70","45,294.55","43,298.17","42,578.63",42,259,"1,092.80","2,113.90","2,832.42","2,712.24"
2019-05-14,"44,142","46,136","42,878","44,823","45,649.40","45,916.90","45,420.95","43,322.47","42,618.18",54,613,961.80,"2,102.00","2,839.82","2,705.89"
2019-05-15,"45,309","47,059","44,240","46,136","45,542.60","45,921.80","45,564.40","43,362.17","42,593.14",0,"2,374","1,319.00","2,040.00","2,875.90","2,086.88"
2019-05-16,"45,698","46,573","44,774","46,573","45,562.00","46,004.40","45,710.25","43,409.97","42,601.56",0,685,"1,210.60","1,988.55","2,882.78","1,935.80"
2019-05-17,"46,087","46,087","45,115","46,038","45,688.40","46,009.20","45,773.45","43,448.03","42,619.43",0,250,836.20,"1,693.55","2,884.50","1,883.16"
2019-05-20,"45,698","45,698","44,337","44,920","45,698.00","45,853.60","45,856.10","43,469.10","42,635.54",0,203,825.00,"1,613.60","2,875.53","1,853.04"
2019-05-21,"44,240","44,726","44,045","44,726","45,678.60","45,664.00","45,892.55","43,488.55","42,654.01",0,274,757.20,"1,517.65","1,337.18","1,833.74"
2019-05-22,"43,851","44,045","43,851","43,899","45,231.20","45,386.90","45,741.85","43,515.28","42,669.17",0,251,332.60,"1,084.95","1,224.38","1,823.49"
2019-05-23,"43,899","44,094","43,559","44,045","44,725.60","45,143.80","45,639.75","43,551.73","42,683.16",0,45,204.60,902.50,"1,200.82","1,809.57"
2019-05-24,"44,045","44,191","43,559","44,191","44,356.20","45,022.30","45,544.95","43,587.38","42,696.78",70,25,159.60,870.45,"1,170.83","1,798.88"
2019-05-27,"43,510","44,677","43,510","44,531","44,278.40","44,988.20","45,491.45","43,627.88","42,714.42",0,21,123.20,820.55,"1,155.93","1,792.38"
2019-05-28,"44,726","44,726","44,240","44,240","44,181.20","44,929.90","45,423.40","43,668.40","42,733.21",0,15,71.40,704.90,"1,114.12","1,786.99"
2019-05-29,"44,240","44,240","43,267","43,267","44,054.80","44,643.00","45,282.40","43,682.17","42,744.29",0,98,40.80,697.75,"1,102.25","1,783.68"
2019-05-30,"44,094","44,094","43,365","43,365","43,918.80","44,322.20","45,163.30","43,700.00","42,753.81",0,16,35.00,662.90,"1,084.45","1,781.31"
2019-05-31,"43,705","45,601","43,413","44,726","44,025.80","44,191.00","45,100.10","43,738.90","42,778.24",0,327,95.40,663.40,"1,053.05","1,768.09"
2019-06-03,"44,580","45,455","43,851","43,851","43,889.80","44,084.10","44,968.85","43,777.80","42,796.18",0,231,137.40,544.60,"1,036.57","1,761.05"
2019-06-04,"44,726","44,726","43,413","43,948","43,831.40","44,006.30","44,835.15","43,815.07","42,817.70",0,166,167.60,489.50,"1,020.53","1,758.04"
2019-06-05,"43,510","44,337","43,510","43,948","43,967.60","44,011.20","44,699.05","43,858.82","42,848.77",0,191,186.20,469.65,"1,013.92","1,749.63"
2019-06-07,"43,802","45,455","43,705","44,920","44,278.60","44,098.70","44,621.25","43,918.77","42,890.72",0,177,218.40,417.15,"1,013.62","1,736.98"
2019-06-10,"44,094","45,358","43,948","44,823","44,298.00","44,161.90","44,592.10","43,972.25","42,919.14",0,476,248.20,334.85,"1,012.17","1,732.05"
2019-06-11,"44,629","44,774","43,754","44,240","44,375.80","44,132.80","44,560.50","44,004.67","42,951.85",0,965,395.00,370.15,"1,010.05","1,734.28"
2019-06-12,"44,191","44,288","43,316","44,142","44,414.60","44,123.00","44,526.45","44,037.07","42,972.21",0,574,476.60,368.20,"1,002.45","1,733.04"
2019-06-13,"43,608","44,142","43,608","43,899","44,404.80","44,186.20","44,414.60","44,062.98","42,992.13",0,574,553.20,278.20,"1,005.67","1,732.73"
2019-06-14,"43,510","44,142","43,413","43,802","44,181.20","44,229.90","44,276.05","44,084.05","43,010.86",0,418,601.40,264.85,"1,011.27","1,735.14"
2019-06-17,"43,413","43,997","43,170","43,462","43,909.00","44,103.50","44,147.25","44,095.40","43,025.55",0,361,578.40,270.40,"1,010.13","1,735.53"
2019-06-18,"42,830","43,754","42,830","43,316","43,724.20","44,050.00","44,067.05","44,113.23","43,049.37",0,539,493.20,287.20,987.97,"1,735.33"
2019-06-19,"43,754","43,754","42,295","43,219","43,539.60","43,977.10","43,991.70","44,133.50","43,069.99",0,276,433.60,287.30,981.25,"1,737.16"
2019-06-20,"43,219","43,559","42,684","43,462","43,452.20","43,928.50","43,969.85","44,157.00","43,094.22",0,500,418.80,299.75,979.42,"1,736.08"
2019-06-21,"43,608","43,608","42,684","42,684","43,228.60","43,704.90","43,901.80","44,158.62","43,107.61",70,372,409.60,316.10,968.45,"1,736.70"
2019-06-24,"42,587","42,878","42,490","42,781","43,092.40","43,500.70","43,831.30","44,160.23","43,135.72",9,228,383.00,326.25,949.00,"1,733.26"
2019-06-25,"43,024","43,024","41,955","42,781","42,985.40","43,354.80","43,743.80","44,168.33","43,171.78",71,223,319.80,336.35,946.42,"1,721.60"
2019-06-26,"42,684","42,684","41,809","41,809","42,703.40","43,121.50","43,622.25","44,176.43","43,195.68",2,616,387.80,366.40,945.27,"1,720.97"
2019-06-27,"41,809","42,295","41,517","42,198","42,450.60","42,951.40","43,568.80","44,176.43","43,216.74",8,156,319.00,369.30,944.57,"1,720.20"
2019-06-28,"42,101","42,198","38,892","41,760","42,265.80","42,747.20","43,488.55","44,174.00","43,239.03",71,163,277.20,376.65,946.33,"1,720.01"
2019-07-01,"41,226","41,226","40,691","41,177","41,945.00","42,518.70","43,311.10","44,158.60","43,256.85",0,192,270.00,369.90,940.28,"1,718.77"
2019-07-02,"41,177","41,809","41,031","41,517","41,692.20","42,338.80","43,194.40","44,154.55","43,269.00",8,58,237.00,361.25,937.87,"1,713.81"
2019-07-03,"41,371","41,566","39,378","41,371","41,604.60","42,154.00","43,065.55","44,144.02","43,272.64",46,170,147.80,361.45,933.53,"1,710.47"
2019-07-04,"40,010","40,545","39,524","40,545","41,274.00","41,862.30","42,895.40","44,120.52","43,272.23",0,903,297.20,397.05,945.40,"1,712.78"
2019-07-05,"40,059","41,323","39,718","40,885","41,099.00","41,682.40","42,693.65","44,102.68","43,274.26",0,74,279.40,391.90,942.35,"1,709.49"
2019-07-08,"40,837","40,837","40,350","40,448","40,953.20","41,449.10","42,474.90","44,074.33","43,274.67",0,67,254.40,371.45,939.42,"1,708.82"
2019-07-09,"40,448","40,739","40,205","40,594","40,768.60","41,230.40","42,292.60","44,049.22","43,274.67",0,47,252.20,325.55,936.53,"1,706.83"
2019-07-10,"40,691","40,691","40,156","40,691","40,632.60","41,118.60","42,120.05","44,022.48","43,273.45",0,148,247.80,304.25,924.82,"1,698.79"
2019-07-11,"40,691","40,837","40,448","40,739","40,671.40","40,972.70","41,962.05","43,980.35","43,261.70",0,24,72.00,276.75,864.98,"1,686.73"
2019-07-12,"40,739","40,739","40,448","40,739","40,642.20","40,870.60","41,808.90","43,931.73","43,249.54",70,79,73.00,259.80,837.73,"1,675.92"
2019-07-15,"40,739","40,739","39,524","40,642","40,681.00","40,817.10","41,667.90","43,862.87","43,239.41",71,301,119.80,256.80,740.25,"1,673.45"
2019-07-16,"40,837","48,518","40,448","41,614","40,885.00","40,826.80","41,582.80","43,835.32","43,237.78",29,"16,349","3,380.20","1,047.30",982.70,"1,804.80"
2019-07-17,"40,399","40,788","39,864","39,864","40,719.60","40,676.10","41,415.05","43,766.43","43,221.98",0,"3,469","4,044.40","1,206.95","1,003.97","1,825.33"
2019-07-18,"40,253","40,448","39,864","40,253","40,622.40","40,646.90","41,254.60","43,655.43","43,211.45",70,167,"4,073.00","1,190.30",858.33,"1,821.69"
2019-07-19,"40,399","40,691","39,913","40,253","40,525.20","40,583.70","41,133.05","43,558.20","43,195.24",0,566,"4,170.40","1,200.00",806.20,"1,824.05"
2019-07-22,"40,010","40,302","39,864","40,156","40,428.00","40,554.50","41,001.80","43,459.35","43,183.90",0,471,"4,204.40","1,212.15",802.95,"1,816.72"
2019-07-23,"40,156","40,253","39,913","40,107","40,126.60","40,505.80","40,868.10","43,367.78","43,173.77",0,857,"1,106.00","1,243.85",800.25,"1,819.35"
2019-07-24,"40,253","40,788","39,962","40,788","40,311.40","40,515.50","40,817.05","43,287.57","43,167.28",0,846,581.40,"1,255.35",775.55,"1,826.30"
2019-07-25,"40,788","41,226","40,059","40,642","40,389.20","40,505.80","40,739.25","43,196.82","43,140.14",0,48,557.60,"1,249.95",772.33,"1,781.61"
2019-07-26,"40,059","40,059","38,795","38,843","40,107.20","40,316.20","40,593.40","43,081.75","43,095.17",2,"1,665",777.40,"1,325.05",788.20,"1,776.67"
2019-07-29,"38,843","40,253","38,163","38,260","39,728.00","40,078.00","40,447.55","42,952.92","43,042.50",66,607,804.60,"1,345.80",793.03,"1,757.02"
2019-07-30,"37,920","39,718","37,920","38,066","39,319.80","39,723.20","40,275.00","42,812.75","42,985.78",66,496,732.40,"1,367.70",757.85,"1,755.93"
2019-07-31,"37,336","39,864","37,336","39,427","39,047.60","39,679.50","40,177.80","42,692.83","42,939.60",0,422,647.60,"1,380.30",743.75,"1,756.98"
2019-08-01,"38,454","40,642","38,066","38,406","38,600.40","39,494.80","40,070.85","42,555.10","42,886.93",0,558,749.60,"1,363.05",743.25,"1,761.01"
2019-08-02,"38,357","39,475","37,288","37,288","38,289.40","39,198.30","39,891.00","42,401.97","42,830.63",0,944,605.40,"1,406.55",738.53,"1,767.77"
2019-08-05,"37,239","37,288","34,128","34,128","37,463.00","38,595.50","39,575.00","42,214.00","42,746.77",2,"1,324",748.80,"1,469.40",725.23,"1,778.11"
2019-08-06,"34,128","35,392","32,572","35,246","36,899.00","38,109.40","39,307.60","42,053.57","42,675.87",8,718,793.20,"1,502.95",732.88,"1,782.65"
2019-08-07,"35,246","36,461","33,204","35,246","36,062.80","37,555.20","39,035.35","41,893.95","42,608.21",0,"1,045",917.80,"1,547.80",740.08,"1,789.95"
2019-08-08,"34,322","36,364","34,322","35,392","35,460.00","37,030.20","38,768.00","41,714.88","42,538.53",0,613,928.80,"1,577.25",710.73,"1,793.32"
2019-08-09,"35,003","35,440","34,274","34,954","34,993.20","36,641.30","38,478.75","41,521.23","42,465.60",0,371,814.20,"1,591.85",705.50,"1,794.14"
2019-08-12,"34,906","37,822","34,906","36,364","35,440.40","36,451.70","38,264.85","41,360.00","42,404.02",0,690,687.40,"1,611.30",712.83,"1,798.67"
2019-08-13,"36,315","36,315","35,100","35,100","35,411.20","36,155.10","37,939.15","41,196.33","42,332.72",0,195,582.80,803.60,712.70,"1,794.12"
2019-08-14,"35,440","35,732","35,294","35,343","35,430.60","35,746.70","37,713.10","41,039.95","42,264.25",0,41,382.00,632.20,708.82,"1,023.00"
2019-08-16,"35,343","35,343","34,371","34,760","35,304.20","35,382.10","37,438.45","40,887.63","42,201.46",0,63,272.00,627.00,705.68,965.03
2019-08-19,"34,760","35,781","34,662","34,662","35,245.80","35,119.50","37,158.90","40,731.25","42,141.49",0,360,269.80,616.70,710.93,955.88
2019-08-20,"35,003","38,309","34,857","36,315","35,236.00","35,338.20","36,966.85","40,599.98","42,093.68",0,649,261.60,625.60,721.33,946.08
2019-08-21,"36,072","38,795","36,072","37,142","35,644.40","35,527.80","36,818.60","40,476.83","42,052.36",0,931,408.80,629.30,736.50,946.22
2019-08-22,"37,093","37,288","37,093","37,288","36,033.40","35,732.00","36,643.60","40,360.97","42,014.68",67,125,425.60,593.25,738.33,926.23
2019-08-23,"37,531","37,531","36,802","36,802","36,441.80","35,873.00","36,451.60","40,253.22","41,967.69",0,57,424.40,593.70,737.65,919.95
2019-08-26,"36,461","36,850","36,413","36,413","36,792.00","36,018.90","36,330.10","40,137.35","41,918.68",0,31,358.60,512.00,737.90,911.17
2019-08-27,"37,142","37,142","36,315","37,093","36,947.60","36,091.80","36,271.75","40,010.13","41,874.52",0,13,231.40,482.30,732.67,892.86
2019-08-28,"37,336","38,260","37,336","37,336","36,986.40","36,315.40","36,235.25","39,901.55","41,839.68",0,40,53.20,459.50,729.48,883.02
2019-08-29,"37,336","37,336","37,336","37,336","36,996.00","36,514.70","36,130.70","39,791.35","41,803.21",0,1,28.40,438.45,726.73,873.63
2019-08-30,"36,461","36,461","36,364","36,364","36,908.40","36,675.10","36,028.60","39,664.95","41,761.88",0,58,28.60,413.45,724.52,869.22
2019-09-02,"37,920","37,920","37,045","37,045","37,034.80","36,913.40","36,016.45","39,533.70","41,726.23",0,10,24.40,366.75,721.73,867.67
2019-09-03,"36,996","36,996","36,996","36,996","37,015.40","36,981.50","36,159.85","39,403.25","41,687.75",0,0,21.80,300.55,713.80,862.98
2019-09-04,"36,947","37,190","36,170","37,190","36,986.20","36,986.30","36,257.05","39,285.75","41,645.21",20,33,20.40,266.30,698.27,854.16
2019-09-05,"37,336","38,211","36,558","37,434","37,005.80","37,000.90","36,366.45","39,173.95","41,605.51",0,485,117.20,238.30,696.78,849.62
2019-09-06,"38,260","38,260","36,267","36,899","37,112.80","37,010.60","36,441.80","39,057.28","41,560.13",39,299,165.40,222.60,692.20,848.93
2019-09-09,"36,899","38,211","36,558","37,434","37,190.60","37,112.70","36,565.80","38,951.15","41,517.60",0,420,247.40,225.05,692.23,851.75
2019-09-10,"38,892","38,892","35,878","36,461","37,083.60","37,049.50","36,570.65","38,834.47","41,464.93",39,373,322.00,209.20,692.43,851.28
2019-09-11,"36,461","37,628","36,461","37,385","37,122.60","37,054.40","36,684.90","38,735.62","41,424.43",0,63,328.00,202.60,684.50,836.23
2019-09-16,"37,142","38,017","36,656","37,677","37,171.20","37,088.50","36,801.60","38,643.25","41,388.38",0,128,256.60,206.95,682.03,831.64
2019-09-17,"38,066","38,066","37,482","37,968","37,385.00","37,248.90","36,962.00","38,551.68","41,354.34",0,36,204.00,205.60,674.30,826.86
2019-09-18,"37,920","37,920","36,947","37,239","37,346.00","37,268.30","37,090.85","38,460.93","41,309.78",0,77,135.40,191.45,669.38,818.92
2019-09-19,"37,239","38,892","37,239","37,871","37,628.00","37,355.80","37,168.65","38,379.10","41,269.67",0,646,190.00,191.30,676.35,812.67
2019-09-20,"38,163","38,698","37,385","38,600","37,871.00","37,496.80","37,241.55","38,309.42","41,238.88",0,241,225.60,156.80,676.65,811.53
2019-09-23,"38,017","38,892","37,628","38,795","38,094.60","37,632.90","37,316.90","38,259.18","41,217.81",0,423,284.60,171.70,673.43,809.35
2019-09-24,"38,746","39,475","38,746","39,281","38,357.20","37,871.10","37,440.85","38,210.57","41,193.50",0,41,285.60,170.90,671.52,808.04
2019-09-25,"39,135","39,135","39,135","39,135","38,736.40","38,041.20","37,576.95","38,166.82","41,170.41",0,2,270.60,169.45,668.83,807.58
2019-09-26,"39,135","39,135","39,086","39,135","38,989.20","38,308.60","37,679.05","38,132.78","41,145.69",30,51,151.60,171.35,666.48,803.38
2019-09-27,"40,107","40,837","37,142","38,989","39,067.00","38,469.00","37,761.70","38,090.65","41,122.60",0,"2,190",541.40,278.85,702.02,819.94
2019-09-30,"38,892","41,809","37,968","39,573","39,222.60","38,658.60","37,873.55","38,060.68","41,102.35",0,"1,926",842.00,375.10,731.28,832.41
2019-10-01,"39,330","40,253","38,017","39,281","39,222.60","38,789.90","38,019.40","38,039.62","41,080.07",0,"1,296","1,093.00",437.00,737.83,841.62
2019-10-02,"38,892","38,892","37,434","38,114","39,018.40","38,877.40","38,072.85","37,993.43","41,048.06",0,352,"1,163.00",454.10,742.47,842.41
2019-10-04,"37,920","37,920","36,704","36,704","38,532.20","38,760.70","38,058.25","37,931.03","41,002.68",2,602,"1,273.20",484.20,751.38,845.40
2019-10-07,"37,434","37,677","36,461","37,434","38,221.20","38,644.10","38,070.45","37,878.37","40,963.79",57,245,884.20,494.80,754.68,845.61
2019-10-08,"37,385","37,385","36,024","37,190","37,744.60","38,483.60","38,058.25","37,820.02","40,921.25",0,161,531.20,478.60,754.90,839.86
2019-10-10,"36,413","37,871","36,413","37,579","37,404.20","38,313.40","38,092.25","37,767.35","40,873.85",60,48,281.60,466.05,755.30,810.14
2019-10-11,"37,579","39,767","36,947","38,357","37,452.80","38,235.60","38,138.40","37,727.65","40,829.69",61,"1,264",464.00,508.25,775.05,806.39
2019-10-14,"37,725","39,378","37,531","38,454","37,802.80","38,167.50","38,238.05","37,691.18","40,777.03",68,439,431.40,511.55,777.35,758.80
2019-10-15,"38,454","38,892","38,454","38,454","38,006.80","38,114.00","38,291.50","37,638.52","40,736.92",0,89,400.20,512.85,506.35,744.52
2019-10-16,"38,843","39,670","38,454","38,843","38,337.40","38,041.00","38,349.80","37,621.50","40,693.97",0,95,387.00,511.20,450.12,727.04
2019-10-17,"39,767","39,767","38,503","38,503","38,522.20","37,963.20","38,376.55","37,592.33","40,623.88",0,104,398.20,514.60,449.07,653.70
2019-10-18,"38,454","38,795","37,434","37,968","38,444.40","37,948.60","38,413.00","37,554.25","40,556.22",0,707,286.80,546.10,451.42,628.81
2019-10-21,"37,968","39,621","37,336","37,434","38,240.40","38,021.60","38,391.15","37,508.88","40,484.12",66,144,227.80,521.00,445.97,624.46
2019-10-22,"37,968","38,892","37,434","37,920","38,133.60","38,070.20","38,357.15","37,472.43","40,420.11",0,14,212.80,509.65,431.92,616.08
2019-10-23,"38,503","38,552","37,142","37,774","37,919.80","38,128.60","38,306.10","37,422.20","40,354.88",0,294,252.60,503.20,422.72,599.13
2019-10-24,"38,406","38,406","37,531","37,579","37,735.00","38,128.60","38,221.00","37,371.15","40,283.98",0,48,241.40,503.55,422.72,597.52
2019-10-25,"38,163","38,892","37,482","38,795","37,900.40","38,172.40","38,204.00","37,370.35","40,226.05",0,381,176.20,522.50,401.32,594.76
2019-10-28,"38,795","39,767","37,677","37,822","37,978.00","38,109.20","38,138.35","37,363.05","40,157.98",0,754,298.20,557.65,403.77,598.40
2019-10-29,"38,163","38,163","37,093","37,434","37,880.80","38,007.20","38,060.60","37,352.52","40,082.63",0,636,422.60,479.95,406.10,581.98
2019-10-30,"37,385","37,920","37,142","37,434","37,812.80","37,866.30","37,953.65","37,319.30","40,006.07",0,219,407.60,394.60,402.72,573.23
2019-10-31,"37,434","38,309","36,996","38,114","37,919.80","37,827.40","37,895.30","37,314.43","39,934.77",0,337,465.40,346.65,399.03,571.14
2019-11-01,"37,385","38,211","37,385","38,211","37,803.00","37,851.70","37,900.15","37,329.82","39,865.89",0,56,400.40,331.85,384.23,561.38
2019-11-04,"38,211","38,698","37,579","38,211","37,880.80","37,929.40","37,975.50","37,397.87","39,805.93",0,146,278.80,309.05,364.60,544.92
2019-11-05,"38,746","38,746","37,628","38,163","38,026.60","37,953.70","38,011.95","37,446.48","39,750.03",0,196,190.80,306.60,355.90,544.39
2019-11-06,"38,211","38,892","38,017","38,309","38,201.60","38,007.20","38,067.90","37,497.53","39,695.74",0,594,265.80,328.25,348.38,544.23
2019-11-07,"39,232","39,281","38,066","39,232","38,425.20","38,172.50","38,150.55","37,561.53","39,638.21",28,687,335.80,360.20,349.62,530.17
2019-11-08,"39,232","39,767","38,746","38,892","38,561.40","38,182.20","38,177.30","37,627.17","39,574.20",0,35,331.60,298.75,344.02,524.76
2019-11-11,"39,427","39,475","38,892","39,330","38,785.20","38,333.00","38,221.10","37,676.60","39,518.30",0,539,410.20,303.75,341.50,527.17
2019-11-12,"39,330","39,767","38,892","39,378","39,028.20","38,527.40","38,267.30","37,747.90","39,472.12",0,358,442.60,317.20,344.22,528.46
2019-11-13,"39,670","39,767","39,038","39,573","39,281.00","38,741.30","38,303.80","37,818.40","39,429.18",30,123,348.40,318.60,345.58,527.20
2019-11-14,"39,086","39,427","38,211","39,086","39,251.80","38,838.50","38,332.95","37,890.50","39,389.07",0,117,234.40,319.25,346.48,526.08
2019-11-15,"39,086","39,086","38,600","39,086","39,290.60","38,926.00","38,388.85","37,964.23","39,347.74",0,178,263.00,292.80,343.45,527.19
2019-11-18,"39,086","40,350","38,892","39,670","39,358.60","39,071.90","38,500.65","38,020.15","39,310.07",0,579,271.00,314.55,342.28,531.81
2019-11-19,"39,524","39,767","39,232","39,767","39,436.40","39,232.30","38,593.00","38,063.90","39,270.37",0,131,225.60,320.40,328.95,532.73
2019-11-20,"39,767","39,864","38,114","38,114","39,144.60","39,212.80","38,610.00","38,077.67","39,219.32",2,501,301.20,330.75,335.22,536.77
2019-11-21,"38,843","38,843","37,579","37,968","38,921.00","39,086.40","38,629.45","38,097.10","39,175.16",0,64,290.60,331.55,335.33,536.49
2019-11-22,"37,920","39,573","37,920","38,017","38,707.20","38,998.90","38,590.55","38,123.83","39,130.59",66,128,280.60,318.90,336.95,537.42
2019-11-25,"38,211","40,107","37,871","39,135","38,600.20","38,979.40","38,656.20","38,157.87","39,084.00",0,166,198.00,289.50,339.50,536.08
2019-11-26,"39,281","40,010","38,746","39,330","38,512.80","38,974.60","38,751.00","38,191.10","39,046.32",0,35,178.80,259.45,339.42,534.45
2019-11-27,"39,232","40,107","38,941","39,427","38,775.40","38,960.00","38,850.65","38,225.95","39,008.65",0,931,264.80,295.05,354.92,540.83
2019-11-28,"39,670","39,864","38,989","38,989","38,979.60","38,950.30","38,894.40","38,269.70","38,967.32",0,712,394.40,313.80,365.82,545.17
2019-11-29,"39,184","39,573","38,552","39,135","39,203.20","38,955.20","38,940.60","38,304.53","38,919.12",0,233,415.40,322.65,369.53,545.63
2019-12-02,"39,427","39,427","38,552","39,281","39,232.40","38,916.30","38,994.10","38,342.62","38,872.93",0,287,439.60,329.70,374.32,544.06
2019-12-03,"39,184","39,184","38,017","38,017","38,969.80","38,741.30","38,986.80","38,356.40","38,821.07",0,385,509.60,339.15,380.18,539.23
2019-12-04,"38,309","49,393","38,309","49,393","40,963.00","39,869.20","39,541.00","38,555.72","38,864.83",18,"52,351","10,793.60","2,927.00","1,244.62",970.70
2019-12-05,"55,129","55,421","40,156","40,739","41,313.00","40,146.30","39,616.35","38,619.72","38,838.50",44,"87,433","28,137.80","7,264.30","2,696.85","1,694.53"
2019-12-06,"40,350","40,496","39,086","39,524","41,390.80","40,297.00","39,647.95","38,654.55","38,802.85",0,"13,428","30,776.80","7,933.95","2,913.65","1,802.94"
2019-12-09,"39,767","40,982","38,600","39,232","41,381.00","40,306.70","39,643.05","38,700.73","38,767.60",0,"11,812","33,081.80","8,497.60","3,104.30","1,898.37"
2019-12-10,"38,892","39,232","37,822","38,698","41,517.20","40,243.50","39,609.05","38,722.62","38,729.12",0,"7,630","34,530.80","8,861.20","3,230.42","1,957.46"
2019-12-11,"38,600","38,649","38,066","38,163","39,271.20","40,117.10","39,538.55","38,730.72","38,686.98",0,"4,706","25,001.80","9,090.35","3,306.72","1,994.38"
2019-12-12,"38,503","38,552","38,163","38,503","38,824.00","40,068.50","39,509.40","38,739.63","38,645.66",0,"2,513","8,017.80","9,210.15","3,348.00","2,011.15"
2019-12-13,"38,260","38,795","38,260","38,552","38,629.60","40,010.20","39,482.70","38,761.52","38,611.22",0,"3,705","6,073.20","9,386.50","3,408.47","2,038.93"
2019-12-16,"39,718","42,684","39,038","39,962","38,775.60","40,078.30","39,497.30","38,796.37","38,587.73",0,"22,438","8,198.40","10,479.45","3,771.67","2,224.01"
2019-12-17,"40,302","42,490","39,038","42,295","39,495.00","40,506.10","39,623.70","38,857.95","38,583.68",0,"25,069","11,686.20","11,726.35","4,185.47","2,431.06"
2019-12-18,"41,906","42,295","40,545","40,545","39,971.40","39,621.30","39,745.25","38,887.12","38,573.15",17,"9,630","12,671.00","12,182.80","4,338.92","2,506.18"
2019-12-19,"40,399","46,573","40,399","42,976","40,866.00","39,845.00","39,995.65","38,948.70","38,579.63",0,"34,885","19,145.40","13,923.85","4,919.65","2,795.58"
2019-12-20,"42,976","42,976","40,448","40,837","41,323.00","39,976.30","40,136.65","38,977.07","38,571.94",0,"8,145","20,033.40","14,324.70","5,055.37","2,862.10"
2019-12-23,"40,448","41,566","39,864","41,274","41,585.40","40,180.50","40,243.60","39,012.72","38,572.75",0,"2,418","16,029.40","14,437.30","5,094.82","2,880.65"
2019-12-24,"40,642","41,469","39,767","41,031","41,332.60","40,413.80","40,328.65","39,046.75","38,568.70",0,"3,804","11,776.40","14,625.75","5,121.72","2,911.87"
2019-12-26,"40,399","41,128","39,864","40,350","41,293.60","40,632.50","40,374.80","39,059.70","38,560.19",0,"1,813","10,213.00","14,669.85","5,119.83","2,925.56"
2019-12-27,"40,800","41,250","40,350","40,350","40,768.40","40,817.20","40,442.85","39,077.52","38,558.57",0,"1,361","3,508.20","14,702.30","5,120.92","2,929.38"
2019-12-30,"40,900","41,050","40,350","41,000","40,801.00","41,062.00","40,536.10","39,125.62","38,559.53",70,557,"1,990.60","14,718.50","5,124.33","2,933.40"
2020-01-02,"40,950","41,600","40,600","40,650","40,676.20","41,130.80","40,604.55","39,191.38","38,561.21",0,515,"1,610.00","14,729.90","5,122.88","2,937.13"
2020-01-03,"40,700","46,000","40,700","41,950","40,860.00","41,096.30","40,801.20","39,266.65","38,572.51",29,"19,073","4,663.80","15,664.30","5,436.68","3,095.68"
2020-01-06,"41,550","42,350","40,400","40,500","40,890.00","41,091.80","40,356.55","39,321.82","38,570.92",0,"2,085","4,718.20","13,151.00","5,468.75","3,111.82"
2020-01-07,"40,900","41,300","40,400","41,300","41,080.00","40,924.20","40,384.60","39,383.83","38,575.59",0,"1,689","4,783.80","8,863.80","5,496.10","3,125.70"
2020-01-08,"40,800","40,800","38,900","39,500","40,780.00","40,790.50","40,383.40","39,402.88","38,565.27",0,"3,403","5,353.00","8,362.55","5,531.75","3,153.40"
2020-01-09,"40,250","41,400","40,200","41,100","40,870.00","40,773.10","40,476.80","39,446.98","38,569.08",0,428,"5,335.60","7,793.35","5,531.57","3,154.46"
2020-01-10,"41,250","41,800","40,700","41,350","40,750.00","40,805.00","40,609.40","39,495.25","38,566.88",0,232,"1,567.40","7,423.45","5,533.95","3,020.15"
2020-01-13,"41,700","41,700","40,750","41,200","40,890.00","40,890.00","40,761.25","39,534.53","38,578.02",0,519,"1,254.20","7,214.10","5,541.02","2,995.57"
2020-01-14,"40,600","41,200","40,600","40,800","40,790.00","40,935.00","40,876.10","39,572.82","38,582.57",0,351,986.60,"7,106.00","5,545.13","2,997.10"
2020-01-15,"40,800","41,500","40,700","41,200","41,130.00","40,955.00","41,008.50","39,626.68","38,590.47",0,199,345.80,"6,930.70","5,536.67","2,994.04"
2020-01-16,"40,800","41,250","40,650","40,800","41,070.00","40,970.00","41,050.40","39,682.78","38,595.83",0,449,350.00,"5,831.25","5,541.75","2,993.86"
2020-01-17,"40,800","41,300","40,650","40,800","40,960.00","40,855.00","40,975.65","39,730.78","38,601.61",70,541,411.80,"4,604.85","5,550.53","2,991.22"
2020-01-20,"40,500","41,100","40,250","41,100","40,940.00","40,915.00","41,003.40","39,786.22","38,604.21",0,950,498.00,"4,170.85","5,561.47","2,992.09"
2020-01-21,"40,500","44,500","40,000","42,300","41,240.00","41,015.00","40,969.60","39,864.90","38,618.03",0,"16,033","3,634.40","3,228.25","5,827.88","3,125.30"
2020-01-22,"45,300","53,500","44,100","46,200","42,240.00","41,685.00","41,237.75","39,988.32","38,679.33",0,"86,905","20,975.60","7,166.25","7,269.95","3,835.63"
2020-01-23,"46,200","48,900","44,000","45,200","43,120.00","42,095.00","41,434.05","40,111.28","38,737.17",17,"21,184","25,122.60","8,104.55","7,610.45","4,007.11"
2020-01-28,"50,600","52,500","46,900","48,900","44,740.00","42,850.00","41,827.50","40,302.38","38,827.45",0,"58,633","36,741.00","10,846.00","8,577.07","4,491.58"
2020-01-29,"46,100","46,100","43,450","43,500","45,220.00","43,080.00","41,985.00","40,403.48","38,861.39",34,"8,762","38,303.40","11,193.45","8,719.45","4,561.08"
2020-01-30,"44,450","44,450","42,000","42,200","45,200.00","43,220.00","42,077.50","40,471.58","38,893.01",0,"5,753","36,247.40","11,413.05","8,809.72","4,604.38"
2020-01-31,"42,950","42,950","42,000","42,150","44,390.00","43,315.00","42,135.00","40,537.23","38,933.53",42,"3,809","19,628.20","11,575.65","8,872.27","4,628.25"
2020-02-03,"42,700","42,700","41,050","41,100","43,570.00","43,345.00","42,157.50","40,585.38","38,991.63",42,"4,416","16,274.60","11,770.70","8,943.43","4,654.02"
2020-02-04,"41,650","41,650","40,750","41,250","42,040.00","43,390.00","42,122.50","40,636.83","39,041.66",0,"1,858","4,919.60","10,909.95","8,971.13","4,663.52"
2020-02-05,"41,800","42,300","41,400","42,300","41,800.00","43,510.00","42,212.50","40,703.35","39,100.44",0,"2,106","3,588.40","10,911.00","8,996.33","4,672.36"
2020-02-06,"42,350","42,750","42,350","42,700","41,900.00","43,550.00","42,282.50","40,761.15","39,161.34",0,"1,518","2,741.40","10,902.45","9,010.18","4,679.90"
2020-02-07,"42,950","44,200","42,950","43,850","42,240.00","43,315.00","42,500.00","40,843.78","39,235.47",0,"2,687","2,517.00","10,866.65","9,054.38","4,699.20"
2020-02-10,"44,400","46,850","44,400","46,850","43,390.00","43,480.00","42,787.50","40,969.12","39,322.86",0,"5,187","2,671.20","11,104.60","9,131.85","4,736.68"
2020-02-11,"45,550","47,450","45,050","47,450","44,630.00","43,335.00","43,092.50","41,103.65","39,425.78",0,"2,746","2,848.80","11,230.30","9,171.65","4,757.93"
2020-02-12,"48,250","48,250","45,350","45,850","45,340.00","43,570.00","43,325.00","41,208.27","39,513.33",0,"4,476","3,322.80","11,428.15","9,244.20","4,794.89"
2020-02-13,"45,400","46,000","43,650","44,950","45,790.00","43,845.00","43,532.50","41,306.00","39,598.25",0,"7,559","4,531.00","11,788.55","9,368.23","4,857.36"
2020-02-14,"44,000","45,300","44,000","45,000","46,020.00","44,130.00","43,722.50","41,404.57","39,684.40",0,822,"4,158.00","11,819.70","9,378.97","4,861.21"
2020-02-17,"45,000","47,800","44,300","45,850","45,820.00","44,605.00","43,975.00","41,507.57","39,763.86",0,"18,263","6,773.20","12,710.40","9,673.70","5,007.99"
2020-02-18,"45,800","46,800","44,950","45,800","45,490.00","45,060.00","44,225.00","41,608.12","39,836.01",0,"3,761","6,976.20","12,871.40","9,734.20","5,031.57"
2020-02-19,"46,000","47,500","45,600","46,300","45,580.00","45,460.00","44,485.00","41,744.55","39,911.11",0,"6,606","7,402.20","13,154.20","9,835.95","5,085.58"
2020-02-20,"46,400","47,000","45,200","46,100","45,810.00","45,800.00","44,675.00","41,880.08","39,988.59",0,"2,895","6,469.40","12,497.30","9,883.13","5,109.23"
2020-02-21,"45,450","46,400","43,800","43,800","45,570.00","45,795.00","44,555.00","41,976.47","40,050.15",0,"2,538","6,812.60","8,278.95","9,923.30","5,130.13"
2020-02-24,"42,800","44,600","41,650","42,050","44,810.00","45,315.00","44,397.50","42,025.05","40,091.46",0,"2,338","3,627.60","7,336.65","9,959.50","5,149.50"
2020-02-25,"42,100","44,000","41,400","43,600","44,370.00","44,930.00","44,132.50","42,096.22","40,143.66",8,"1,436","3,162.60","4,476.80","9,982.85","5,161.13"
2020-02-26,"43,500","43,950","42,500","43,750","43,860.00","44,720.00","44,145.00","42,168.27","40,197.11",0,752,"1,991.80","4,076.30","9,979.87","5,167.39"
2020-02-27,"44,000","45,000","42,700","44,150","43,470.00","44,640.00","44,242.50","42,254.28","40,261.99",0,555,"1,523.80","3,816.40","9,977.25","5,171.53"
2020-02-28,"42,850","44,100","40,650","40,650","42,840.00","44,205.00","44,167.50","42,279.53","40,292.03",0,"1,260","1,268.20","3,688.95","9,994.37","5,181.95"
2020-03-02,"41,400","42,950","41,400","42,500","42,930.00","43,870.00","44,237.50","42,333.18","40,337.90",58,543,909.20,"3,495.30","9,998.63","5,186.48"
2020-03-03,"43,450","44,750","41,450","43,500","42,910.00","43,640.00","44,350.00","42,424.57","40,390.48",59,904,802.80,"3,447.60","10,007.28","5,193.73"
2020-03-04,"43,500","45,000","42,150","43,400","42,840.00","43,350.00","44,405.00","42,324.68","40,440.20",0,522,756.80,"3,368.40","9,143.47","5,194.04"
2020-03-05,"42,250","50,700","42,250","45,750","43,160.00","43,315.00","44,557.50","42,408.20","40,513.96",60,"41,919","9,029.60","5,388.45","8,384.90","5,540.88"
2020-03-06,"44,000","44,700","42,200","43,000","43,630.00","43,235.00","44,515.00","42,466.13","40,560.34",37,"6,443","10,066.20","5,576.25","8,268.48","5,591.07"
2020-03-09,"43,000","43,800","41,500","42,900","43,710.00","43,320.00","44,317.50","42,527.27","40,614.00",38,"2,030","10,363.60","5,418.40","8,105.45","5,604.88"
2020-03-10,"40,250","45,000","40,250","41,000","43,210.00","43,060.00","43,995.00","42,565.63","40,644.13",66,"12,217","12,626.20","5,891.95","8,181.90","5,706.16"
2020-03-11,"41,050","42,200","40,300","40,600","42,650.00","42,745.00","43,732.50","42,606.25","40,668.48",0,"1,011","12,724.00","5,718.70","8,120.32","5,713.52"
2020-03-12,"40,600","41,500","38,300","39,200","41,340.00","42,250.00","43,445.00","42,617.87","40,678.75",0,"1,735","4,687.20","5,427.50","8,107.35","5,727.68"
2020-03-13,"39,200","39,200","31,850","38,650","40,470.00","42,050.00","43,127.50","42,619.50","40,690.51",71,"3,266","4,051.80","5,549.70","8,100.03","5,754.25"
2020-03-16,"38,650","39,500","37,050","37,050","39,300.00","41,505.00","42,687.50","42,570.97","40,683.67",0,591,"3,764.00","4,666.10","7,735.92","5,753.79"
2020-03-17,"37,000","37,000","35,050","36,700","38,440.00","40,825.00","42,232.50","42,477.72","40,667.83",0,"1,059","1,532.40","4,531.00","7,335.75","5,760.61"
2020-03-18,"36,700","38,800","35,500","36,200","37,560.00","40,105.00","41,727.50","42,405.30","40,646.21",0,"2,172","1,764.60","4,309.30","7,211.45","5,775.18"
2020-03-19,"36,000","36,000","30,800","30,800","35,880.00","38,610.00","40,962.50","42,202.37","40,575.53",2,"1,016","1,620.80","4,215.35","6,646.97","5,783.31"
2020-03-20,"30,150","32,300","30,150","32,200","34,590.00","37,530.00","40,382.50","42,058.42","40,517.74",9,482,"1,064.00","4,112.55","6,519.25","5,787.31"
2020-03-23,"32,150","32,150","29,150","30,350","33,250.00","36,275.00","39,797.50","41,876.35","40,444.53",0,607,"1,067.20","4,026.00","6,489.07","5,791.94"
2020-03-24,"30,500","39,450","30,500","39,450","33,800.00","36,120.00","39,590.00","41,850.00","40,448.38",0,"13,246","3,504.60","4,616.50","6,646.43","5,884.07"
2020-03-25,"41,050","41,050","36,000","36,050","33,770.00","35,665.00","39,205.00","41,778.33","40,419.02",0,"9,889","5,048.00","5,073.35","6,781.03","5,950.43"
2020-03-26,"35,900","37,300","35,900","36,750","34,960.00","35,420.00","38,835.00","41,718.33","40,397.93",0,"5,098","5,864.40","5,300.50","6,843.32","5,982.12"
2020-03-27,"39,400","40,000","36,200","37,200","35,960.00","35,275.00","38,662.50","41,655.00","40,390.31",0,"5,054","6,778.80","5,490.20","6,918.27","6,021.30"
2020-03-30,"37,150","37,150","36,000","36,900","37,270.00","35,260.00","38,382.50","41,592.50","40,391.94",0,"1,437","6,944.80","5,534.90","6,933.63","6,028.26"
2020-03-31,"37,100","39,000","37,100","37,700","36,920.00","35,360.00","38,092.50","41,521.67","40,394.16",0,"1,052","4,506.00","5,542.30","6,633.28","6,034.98"
2020-04-01,"37,850","37,850","36,100","36,100","36,930.00","35,350.00","37,727.50","41,448.33","40,385.07",0,"1,088","2,745.80","5,570.60","6,616.67","6,042.71"
2020-04-02,"35,500","36,800","35,500","36,650","36,910.00","35,935.00","37,272.50","41,370.83","40,377.33",0,211,"1,768.40","3,485.20","6,592.03","6,044.07"
2020-04-03,"37,900","37,900","36,650","37,000","36,870.00","36,415.00","36,972.50","41,329.17","40,366.03",0,325,822.60,"3,179.30","6,540.73","6,036.24"
2020-04-06,"37,700","38,500","37,200","38,500","37,190.00","37,230.00","36,752.50","41,285.83","40,366.41",0,"1,108",756.80,"3,133.20","6,552.07","6,041.82"
2020-04-07,"40,800","40,800","38,050","38,950","37,440.00","37,180.00","36,650.00","41,245.83","40,370.54",0,603,667.00,"2,552.50","6,558.25","6,046.10"
2020-04-08,"39,100","40,800","38,600","38,800","37,980.00","37,455.00","36,560.00","41,205.83","40,370.18",30,832,615.80,"2,543.55","6,563.47","6,052.24"
2020-04-09,"38,800","40,900","38,800","38,850","38,420.00","37,665.00","36,542.50","41,173.33","40,373.07",29,469,667.40,"2,480.25","6,565.43","6,055.28"
2020-04-10,"38,850","39,700","38,250","38,800","38,780.00","37,825.00","36,550.00","41,133.33","40,380.01",0,392,680.80,"2,336.55","6,568.65","6,052.66"
2020-04-13,"38,100","39,500","38,000","38,650","38,810.00","38,000.00","36,630.00","41,097.50","40,390.14",0,214,502.00,"2,317.70","6,564.73","6,053.24"
2020-04-14,"38,000","39,000","37,050","39,000","38,820.00","38,130.00","36,745.00","41,067.50","40,399.14",0,443,470.00,"2,286.90","6,563.10","6,056.82"
2020-04-16,"39,050","40,300","38,500","39,900","39,040.00","38,510.00","36,930.00","41,047.50","40,416.86",0,455,394.60,"2,201.05","6,554.85","6,058.16"
2020-04-17,"40,350","41,400","39,200","40,950","39,460.00","38,940.00","37,437.50","41,025.00","40,444.95",0,"1,069",514.60,"2,203.70","6,305.45","6,066.67"
2020-04-20,"41,500","42,350","40,300","41,950","40,090.00","39,435.00","37,925.00","40,954.17","40,471.24",0,"3,971","1,230.40","2,378.15","4,923.22","6,096.58"
2020-04-21,"42,450","42,850","38,450","40,650","40,490.00","39,650.00","38,440.00","40,878.33","40,494.81",39,873,"1,362.20","2,391.45","4,584.70","6,097.57"
2020-04-22,"40,300","42,400","39,550","41,600","41,010.00","39,915.00","38,547.50","40,756.67","40,529.53",0,"1,690","1,611.60","1,813.65","3,635.65","6,106.36"
2020-04-23,"42,350","42,350","40,650","40,850","41,200.00","40,120.00","38,787.50","40,712.50","40,557.99",0,554,"1,631.40","1,346.90","3,498.85","6,109.15"
2020-04-24,"40,400","41,500","39,500","40,500","41,110.00","40,285.00","38,975.00","40,684.17","40,577.88",0,752,"1,568.00","1,129.60","3,415.50","6,112.61"
2020-04-27,"40,900","41,750","40,250","40,950","40,910.00","40,500.00","39,162.50","40,664.17","40,600.70",0,416,857.00,897.70,"3,358.95","6,115.61"
2020-04-28,"41,000","41,500","39,550","40,600","40,900.00","40,695.00","39,347.50","40,655.83","40,620.61",0,593,801.00,855.50,"3,295.23","6,119.33"
2020-04-29,"40,850","41,800","40,500","41,350","40,850.00","40,930.00","39,530.00","40,657.50","40,647.17",0,408,544.60,823.30,"3,271.07","6,121.10"
2020-05-04,"40,350","42,750","40,250","41,650","41,010.00","41,105.00","39,807.50","40,646.67","40,675.01",0,452,524.20,791.50,"3,243.50","6,119.92"
2020-05-06,"42,350","42,500","41,100","41,850","41,280.00","41,195.00","40,067.50","40,632.50","40,696.82",0,89,391.60,785.40,"3,219.68","6,114.93"
2020-05-07,"42,300","43,000","41,100","42,300","41,550.00","41,230.00","40,332.50","40,606.67","40,725.22",0,209,350.20,779.60,"3,178.38","6,116.38"
2020-05-08,"42,900","43,500","41,350","42,200","41,870.00","41,385.00","40,517.50","40,529.17","40,749.14",0,"1,018",435.20,775.10,"3,108.90","6,120.38"
2020-05-11,"42,650","43,400","41,400","41,900","41,980.00","41,415.00","40,665.00","40,436.67","40,770.16",0,480,449.60,768.95,"3,071.13","6,121.39"
2020-05-12,"41,050","41,850","40,200","40,350","41,720.00","41,365.00","40,742.50","40,345.00","40,776.63",0,"3,449","1,049.00",899.80,"3,054.02","6,149.11"
2020-05-13,"40,700","40,900","40,050","40,550","41,460.00","41,370.00","40,827.50","40,271.67","40,788.83",0,459,"1,123.00",899.30,"2,935.68","6,151.96"
2020-05-14,"40,550","52,700","40,150","49,950","42,990.00","42,270.00","41,385.00","40,354.17","40,879.37",0,"170,585","35,198.20","9,408.95","5,765.07","7,572.02"
2020-05-15,"48,350","53,900","44,800","45,000","43,550.00","42,710.00","41,702.50","40,340.00","40,923.78",37,"102,320","55,458.60","14,514.25","7,166.02","8,419.86"
2020-05-18,"44,050","44,950","42,850","44,950","44,160.00","43,070.00","42,000.00","40,325.83","40,966.97",0,"9,379","57,238.40","14,961.05","7,259.65","8,496.92"
2020-05-19,"44,900","44,900","42,100","42,200","44,530.00","43,125.00","42,115.00","40,257.50","41,001.03",0,"7,310","58,010.60","15,303.80","7,271.38","8,553.67"
2020-05-20,"42,200","44,000","42,050","43,000","45,020.00","43,240.00","42,217.50","40,205.83","41,042.96",0,"3,068","58,532.40","15,403.75","7,274.27","8,578.70"
2020-05-21,"42,500","43,600","42,300","42,500","43,530.00","43,260.00","42,245.00","40,184.17","41,080.32",0,"3,189","25,053.20","15,364.65","7,285.12","8,604.21"
2020-05-22,"42,500","43,350","41,800","41,800","42,890.00","43,220.00","42,302.50","40,180.00","41,102.53",0,"3,041","5,197.40","15,473.05","7,296.83","8,628.17"
2020-05-25,"41,800","43,850","41,750","43,100","42,520.00","43,340.00","42,377.50","40,171.67","41,133.94",0,"6,195","4,560.60","15,698.30","7,376.15","8,679.50"
2020-05-26,"43,100","43,850","42,400","43,350","42,750.00","43,640.00","42,502.50","40,165.00","41,166.63",30,"3,261","3,750.80","15,833.65","7,417.97","8,698.92"
2020-05-27,"43,900","43,900","42,650","43,000","42,750.00","43,885.00","42,627.50","40,145.83","41,200.06",0,"2,647","3,666.60","15,928.40","7,452.83","8,715.04"
2020-05-28,"43,200","43,950","42,600","42,900","42,830.00","43,180.00","42,725.00","40,183.33","41,231.43",0,"1,239","3,276.60","15,969.55","7,452.48","8,723.42"
2020-05-29,"43,000","47,200","43,000","43,700","43,210.00","43,050.00","42,880.00","40,203.33","41,268.26",29,"30,735","8,815.40","17,476.65","7,955.68","8,977.16"
2020-06-01,"43,700","44,950","43,500","44,450","43,480.00","43,000.00","43,035.00","40,219.17","41,321.87",0,"3,006","8,177.60","17,606.55","7,990.72","8,999.00"
2020-06-02,"44,000","44,750","43,650","44,000","43,610.00","43,180.00","43,152.50","40,229.17","41,276.93",0,"1,579","7,841.20","17,662.90","8,008.33","8,575.90"
2020-06-03,"44,050","44,600","42,900","43,850","43,780.00","43,265.00","43,252.50","40,197.50","41,302.85",0,"4,806","8,273.00","17,898.75","7,389.78","7,887.34"
2020-06-04,"44,100","46,000","43,600","44,950","44,190.00","43,510.00","43,385.00","40,230.00","41,348.07",0,"3,805","8,786.20","18,078.55","7,345.82","7,807.15"
2020-06-05,"45,300","46,500","43,800","46,150","44,680.00","43,945.00","43,582.50","40,284.17","41,405.72",0,"4,843","3,607.80","18,269.80","7,392.70","7,749.07"
2020-06-08,"46,300","48,000","46,200","47,550","45,300.00","44,390.00","43,865.00","40,393.33","41,479.48",0,"11,438","5,294.20","18,817.70","7,379.72","7,780.81"
2020-06-09,"48,400","60,000","47,600","49,250","46,350.00","44,980.00","44,310.00","40,537.50","41,571.88",29,"171,780","39,334.40","27,234.25","10,225.87","9,173.09"
2020-06-10,"49,250","63,100","47,400","57,500","49,080.00","46,430.00","45,157.50","40,842.50","41,730.18",0,"258,957","90,164.60","40,159.15","14,512.90","11,310.13"
2020-06-11,"57,500","57,500","49,400","50,600","50,210.00","47,200.00","45,190.00","41,041.67","41,830.58",0,"36,033","96,610.20","33,431.55","15,059.02","11,579.53"
2020-06-12,"48,000","51,500","48,000","49,800","50,940.00","47,810.00","45,430.00","41,254.17","41,912.57",0,"15,750","98,791.60","29,103.05","15,311.67","11,523.79"
2020-06-15,"51,400","51,800","46,000","46,000","50,630.00","47,965.00","45,482.50","41,409.17","41,943.44",39,"9,496","98,403.20","29,108.90","15,452.28","11,394.02"
2020-06-16,"47,500","49,700","47,500","49,200","50,620.00","48,485.00","45,832.50","41,625.83","42,015.57",0,"5,760","65,199.20","29,031.40","15,512.08","11,361.77"
2020-06-17,"53,500","63,900","53,500","63,900","51,900.00","50,490.00","46,877.50","42,177.50","42,189.93",18,"46,832","22,774.20","31,219.60","16,275.68","11,461.33"
2020-06-18,"64,200","83,000","64,200","83,000","58,380.00","54,295.00","48,902.50","43,024.17","42,541.29",18,"44,531","24,473.80","33,286.70","17,009.83","11,764.54"
2020-06-19,"76,800","76,800","58,100","58,100","60,040.00","55,490.00","49,717.50","43,486.67","42,681.51",14,"30,080","27,339.80","34,638.65","17,501.05","11,995.06"
2020-06-22,"54,500","54,500","50,100","52,300","61,300.00","55,965.00","50,177.50","43,700.83","42,775.42",0,"12,832","28,007.00","34,970.50","17,494.15","12,070.29"
2020-06-23,"52,700","52,700","49,500","50,400","61,540.00","56,080.00","50,530.00","43,940.00","42,859.17",0,"6,818","28,218.60","35,148.35","17,442.97","12,112.00"
2020-06-24,"51,400","60,000","51,400","56,700","60,100.00","56,000.00","51,215.00","44,272.50","42,995.42",0,"15,357","21,923.60","35,783.85","17,613.95","12,228.63"
2020-06-25,"58,400","59,200","54,200","55,500","54,600.00","56,490.00","51,845.00","44,577.50","43,116.25",0,"16,109","16,239.20","36,527.35","17,798.20","12,358.23"
2020-06-26,"56,500","60,400","52,100","55,400","54,060.00","57,050.00","52,430.00","44,885.83","43,239.17",0,"10,199","12,263.00","35,500.55","17,944.23","12,438.93"
2020-06-29,"55,000","60,700","53,800","57,800","55,160.00","58,230.00","53,097.50","45,220.83","43,371.25",0,"22,212","14,139.00","36,460.85","18,296.90","12,465.09"
2020-06-30,"58,300","60,900","55,200","56,600","56,400.00","58,970.00","53,727.50","45,562.50","43,505.42",0,"14,392","15,653.80","37,101.50","18,518.63","12,567.65"
2020-07-01,"56,600","57,900","54,200","54,600","55,980.00","58,040.00","54,265.00","45,861.67","43,616.25",0,"6,653","13,913.00","37,193.85","18,626.00","12,609.02"
2020-07-02,"54,600","56,300","52,200","52,500","55,380.00","54,990.00","54,642.50","46,120.00","43,724.58",42,"7,217","12,134.60","37,364.45","18,740.87","12,640.80"
2020-07-03,"52,500","54,800","50,700","52,700","54,840.00","54,450.00","54,970.00","46,356.67","43,821.25",0,"8,473","11,789.40","37,545.95","18,863.62","12,707.84"
2020-07-06,"53,500","54,400","51,400","53,500","53,980.00","54,570.00","55,267.50","46,599.17","43,922.50",0,"3,447","8,036.40","37,146.40","18,911.02","12,734.63"
2020-07-07,"53,500","53,700","52,300","53,500","53,360.00","54,880.00","55,480.00","46,844.17","44,025.00",0,"3,692","5,896.40","28,742.00","18,958.68","12,761.08"
2020-07-08,"50,600","54,000","49,200","53,300","53,100.00","54,540.00","55,270.00","47,085.00","44,129.17",0,"12,470","7,059.80","16,417.65","19,158.70","12,862.07"
2020-07-09,"52,700","56,000","52,600","52,800","53,160.00","54,270.00","55,380.00","47,318.33","44,225.83",0,"12,072","8,030.80","15,219.60","19,353.37","12,961.01"
2020-07-10,"51,800","53,200","48,850","49,200","52,460.00","53,650.00","55,350.00","47,494.17","44,295.83",0,"9,156","8,167.40","14,889.90","19,502.40","13,033.57"
2020-07-13,"49,950","50,000","48,450","49,450","51,650.00","52,815.00","55,522.50","47,668.33","44,367.92",0,"3,106","8,099.20","14,570.40","19,546.78","13,054.94"
2020-07-14,"49,950","64,200","49,100","64,200","53,790.00","53,575.00","56,272.50","48,073.33","44,560.42",18,"172,421","41,845.00","22,903.45","22,412.88","14,483.87"
2020-07-15,"67,000","68,100","53,300","54,000","53,930.00","53,515.00","55,777.50","48,290.83","44,657.92",44,"66,291","52,609.20","23,876.40","23,499.92","14,902.68"
2020-07-16,"54,000","55,600","51,800","53,500","54,070.00","53,615.00","54,302.50","48,483.33","44,718.75",0,"21,519","54,498.60","22,725.80","23,792.38","14,357.80"
2020-07-17,"53,500","66,000","52,900","59,000","56,030.00","54,245.00","54,347.50","48,789.17","44,833.75",0,"150,042","82,675.80","28,723.90","26,278.53","15,431.62"
2020-07-20,"59,000","70,400","57,100","63,100","58,760.00","55,205.00","54,887.50","49,147.50","44,952.08",0,"140,516","110,157.80","35,108.10","28,592.30","16,113.98"
2020-07-21,"65,000","70,500","60,400","60,600","58,040.00","55,915.00","55,397.50","49,476.67","45,094.58",0,"58,009","87,275.40","37,667.65","29,549.88","16,524.37"
2020-07-22,"61,100","65,700","58,800","61,900","59,620.00","56,775.00","55,657.50","49,833.33","45,258.75",0,"30,574","80,132.00","38,428.50","30,046.92","16,731.21"
2020-07-23,"63,400","80,400","60,000","80,400","65,000.00","59,535.00","56,902.50","50,490.83","45,577.50",0,"73,954","90,619.00","41,320.75","31,272.55","17,315.75"
2020-07-24,"71,100","104,000","71,100","76,000","68,400.00","62,215.00","57,932.50","51,080.83","45,868.33",29,"50,785","70,767.60","43,350.05","32,109.08","17,702.16"
2020-07-27,"71,500","71,500","61,700","61,700","68,120.00","63,440.00","58,127.50","51,420.00","46,038.75",0,"19,503","46,565.00","43,214.60","32,427.33","17,849.20"
2020-07-28,"63,500","66,100","61,900","66,100","69,220.00","63,630.00","58,602.50","51,827.50","46,237.08",0,"12,159","37,395.00","43,102.95","32,622.45","17,932.97"
2020-07-29,"66,500","67,400","64,400","65,600","69,960.00","64,790.00","59,152.50","52,223.33","46,427.92",0,"7,052","32,690.60","43,122.90","32,738.50","17,979.09"
2020-07-30,"64,800","64,800","61,500","61,500","66,180.00","65,590.00","59,602.50","52,543.33","46,575.00",0,"7,761","19,452.00","43,150.10","32,864.37","18,021.38"
2020-07-31,"61,500","64,900","60,500","62,400","63,460.00","65,930.00","60,087.50","52,880.00","46,704.58",0,"6,717","10,638.40","43,062.30","32,959.35","18,034.13"
2020-08-03,"63,300","63,300","60,600","61,000","63,320.00","65,720.00","60,462.50","53,198.33","46,817.50",0,"4,805","7,698.80","43,130.20","33,031.43","18,051.28"
2020-08-04,"61,000","65,000","61,000","64,400","62,980.00","66,100.00","61,007.50","53,599.17","46,972.08",0,"9,136","7,094.20","43,402.40","33,126.22","18,090.12"
2020-08-05,"66,500","74,500","65,000","71,000","64,060.00","67,010.00","61,892.50","54,106.67","47,189.17",0,"15,684","8,820.60","43,563.10","33,379.97","18,157.83"
2020-08-06,"76,400","92,300","76,400","92,300","70,220.00","68,200.00","63,867.50","54,812.50","47,583.33",18,"15,163","10,301.00","43,717.65","30,789.60","18,277.33"
2020-08-07,"119,500","119,500","97,500","97,500","77,240.00","70,350.00","66,282.50","55,687.50","48,013.75",0,"97,636","28,484.80","48,141.65","30,711.53","18,938.78"
2020-08-10,"90,000","93,400","85,100","88,900","82,820.00","73,070.00","68,255.00","56,420.00","48,372.92",0,"63,704","40,264.60","51,171.55","31,616.95","19,438.30"
2020-08-11,"103,000","115,500","93,700","115,500","93,040.00","78,010.00","70,820.00","57,641.67","48,949.58",0,"82,375","54,912.40","46,669.25","32,868.03","20,069.71"
2020-08-12,"116,500","150,000","116,500","150,000","108,840.00","86,450.00","75,620.00","59,425.00","49,815.42",18,"23,828","56,541.20","44,546.10","33,214.03","20,244.15"
2020-08-13,"169,000","175,500","130,000","130,000","116,380.00","93,300.00","79,445.00","60,883.33","50,533.75",44,"50,111","63,530.80","45,975.70","33,996.07","20,640.59"
2020-08-14,"145,500","145,500","126,000","140,000","124,880.00","101,060.00","83,495.00","62,520.00","51,350.00",20,"22,232","48,450.00","39,585.20","34,315.92","20,806.38"
2020-08-18,"132,500","132,500","119,500","119,500","131,000.00","106,910.00","86,315.00","63,793.33","51,982.50",0,"18,096","39,328.40","33,464.20","34,514.27","20,945.21"
2020-08-19,"112,000","128,000","112,000","117,000","131,300.00","112,170.00","89,135.00","65,020.83","52,592.92",0,"13,519","25,557.20","31,239.70","34,685.23","21,051.60"
2020-08-20,"111,000","111,000","100,000","103,000","121,900.00","115,370.00","91,190.00","66,020.83","53,083.33",0,"22,265","25,244.60","30,824.25","35,012.20","21,232.52"
2020-08-21,"104,000","133,500","104,000","118,500","119,600.00","117,990.00","93,095.00","67,280.83","53,732.08",0,"38,677","22,957.80","29,060.40","35,636.17","21,544.33"
2020-08-24,"111,000","114,000","106,000","111,000","113,800.00","119,340.00","94,845.00","68,402.50","54,302.92",0,"15,720","21,655.40","27,307.15","35,385.92","21,670.80"
2020-08-25,"117,500","117,500","110,500","115,000","112,900.00","121,950.00","97,510.00","69,578.33","54,898.75",0,"13,009","20,638.00","26,982.45","35,552.63","21,771.67"
2020-08-26,"117,500","129,000","114,500","129,000","115,300.00","123,300.00","100,655.00","70,995.00","55,612.08",0,"14,466","20,827.40","27,097.80","35,767.42","21,887.88"
2020-08-27,"125,500","128,000","112,500","114,500","117,600.00","119,750.00","103,100.00","72,172.50","56,185.00",0,"27,798","21,934.00","28,135.10","36,150.62","21,770.20"
2020-08-28,"115,000","119,000","108,000","110,000","115,900.00","117,750.00","105,525.00","73,256.67","56,743.33",0,"21,207","18,440.00","28,807.40","36,440.65","21,893.23"
2020-08-31,"107,000","113,500","102,000","109,500","115,600.00","114,700.00","107,880.00","74,312.50","57,298.33",0,"20,334","19,362.80","29,488.25","36,698.83","22,045.77"
2020-09-01,"109,500","131,500","105,000","117,000","116,000.00","114,450.00","110,680.00","75,470.00","57,931.67",0,"86,352","34,031.40","33,565.60","37,947.40","22,663.56"
2020-09-02,"117,000","118,000","111,000","112,500","112,700.00","114,000.00","113,085.00","76,524.17","58,530.83",0,"15,926","34,323.40","33,905.10","35,349.83","22,787.85"
2020-09-03,"112,000","128,000","109,000","113,000","112,400.00","115,000.00","115,185.00","77,449.17","59,145.83",0,"41,061","36,976.00","35,173.95","31,718.23","23,115.57"
2020-09-04,"110,000","115,500","110,000","113,500","113,100.00","114,500.00","116,245.00","78,497.50","59,769.58",0,"11,940","35,122.60","35,012.80","31,316.68","23,187.85"
2020-09-07,"113,500","114,500","111,000","111,000","113,400.00","114,500.00","116,920.00","79,517.50","60,385.83",0,"10,464","33,148.60","30,654.20","31,228.58","23,270.13"
2020-09-08,"110,000","113,000","106,000","113,000","112,600.00","114,300.00","118,125.00","80,634.17","61,021.67",0,"10,846","18,047.40","28,011.30","31,251.08","23,351.68"
2020-09-09,"108,500","110,000","105,500","105,500","111,200.00","111,950.00","117,625.00","81,572.50","61,599.17",0,"6,627","16,187.60","24,223.90","31,265.53","23,388.81"
2020-09-10,"105,500","107,500","102,500","105,000","109,600.00","111,000.00","115,375.00","82,257.50","62,217.50",0,"7,870","9,549.40","23,426.00","30,616.17","23,445.92"
2020-09-11,"105,000","126,000","104,000","108,000","108,500.00","110,800.00","114,275.00","82,674.17","62,849.17",66,"61,914","19,544.20","24,016.15","30,905.88","23,957.86"
2020-09-14,"108,000","111,500","106,000","110,000","108,300.00","110,850.00","112,775.00","83,539.17","63,512.92",0,"12,618","19,975.00","23,535.45","30,614.85","24,057.95"
2020-09-15,"108,500","112,000","105,000","106,500","107,000.00","109,800.00","112,125.00","84,442.50","64,071.67",0,"10,719","19,949.60","23,166.60","30,579.63","24,036.89"
2020-09-16,"106,500","106,500","103,000","103,500","106,600.00","108,900.00","111,450.00","85,327.50","64,633.75",0,"5,303","19,684.80","22,755.80","30,554.38","23,998.67"
2020-09-17,"103,500","104,000","98,900","102,500","106,100.00","107,850.00","111,425.00","86,090.83","65,181.67",0,"6,533","19,417.40","21,969.20","30,407.32","24,010.63"
2020-09-18,"102,000","113,500","100,000","113,500","107,200.00","107,850.00","111,175.00","87,057.50","65,817.50",60,"21,908","11,416.20","21,130.75","30,503.97","24,151.08"
2020-09-21,"139,000","139,000","105,000","106,000","106,400.00","107,350.00","110,925.00","87,900.83","66,393.33",44,"55,189","19,930.40","23,104.20","31,253.80","24,599.02"
2020-09-22,"103,000","105,500","99,000","99,500","105,000.00","106,000.00","110,150.00","88,595.83","66,908.33",0,"10,685","19,923.60","22,988.00","31,061.68","24,679.29"
2020-09-23,"99,500","103,000","98,600","99,200","104,140.00","105,370.00","108,660.00","89,305.83","67,434.17",0,"7,105","20,284.00","22,619.95","30,940.23","24,729.43"
2020-09-24,"98,500","98,700","90,000","90,700","101,780.00","103,940.00","107,470.00","89,907.50","67,884.58",0,"6,154","20,208.20","21,537.75","30,931.92","24,778.96"
2020-09-25,"90,700","93,900","88,500","88,500","96,780.00","101,990.00","106,395.00","90,507.50","68,313.75",0,"4,295","16,685.60","20,692.15","30,883.22","24,812.04"
2020-09-28,"87,700","87,700","85,900","86,000","92,780.00","99,590.00","105,220.00","91,062.50","68,709.58",0,"3,470","6,341.80","19,848.95","30,799.83","24,831.72"
2020-09-29,"86,100","86,800","80,500","82,400","89,360.00","97,180.00","103,490.00","91,544.17","69,071.67",0,"2,868","4,778.40","15,674.75","30,790.18","24,850.60"
2020-10-05,"82,400","82,400","79,700","79,700","85,460.00","94,800.00","101,850.00","91,980.83","69,412.50",0,"2,505","3,858.40","15,003.70","30,770.40","24,864.54"
2020-10-06,"79,000","79,000","74,700","76,200","82,560.00","92,170.00","100,010.00","92,362.50","69,723.75",0,"4,148","3,457.20","13,158.05","30,631.70","24,895.20"
2020-10-07,"75,500","75,500","73,000","74,000","79,660.00","88,220.00","98,035.00","92,715.83","70,017.08",0,"5,239","3,646.00","12,823.00","30,517.82","24,935.59"
2020-10-08,"74,200","76,000","73,000","75,900","77,640.00","85,210.00","96,280.00","93,160.83","70,327.50",70,"3,290","3,610.00","12,464.30","30,420.05","24,961.22"
2020-10-12,"76,200","76,200","72,900","72,900","75,740.00","82,550.00","94,275.00","93,551.67","70,610.00",0,"2,621","3,560.60","12,053.05","30,411.97","24,979.38"
2020-10-13,"73,000","73,000","68,600","68,900","73,580.00","79,520.00","92,445.00","93,630.00","70,851.67",0,"3,781","3,815.80","11,910.75","27,601.30","25,007.09"
2020-10-14,"69,600","72,200","69,100","72,200","72,780.00","77,670.00","90,805.00","93,933.33","71,112.08",0,"3,155","3,617.20","11,675.00","26,549.03","25,024.47"
2020-10-15,"73,100","78,500","70,600","78,000","73,580.00","76,620.00","89,305.00","94,341.67","71,412.50",0,"8,120","4,193.40","8,985.30","26,325.72","25,059.05"
2020-10-16,"78,500","84,000","71,400","73,000","73,000.00","75,320.00","87,455.00","94,575.00","71,682.08",0,"4,629","4,461.20","8,585.85","23,902.17","25,090.35"
2020-10-19,"70,000","70,000","67,100","67,100","71,840.00","73,790.00","85,485.00","94,641.67","71,894.58",0,"2,932","4,523.40","8,196.50","21,609.10","25,100.70"
2020-10-20,"65,500","66,100","64,000","66,100","71,280.00","72,430.00","83,615.00","94,733.33","72,105.00",0,"2,353","4,237.80","8,049.00","20,681.50","25,115.69"
2020-10-21,"67,000","70,500","67,000","69,000","70,640.00","71,710.00","81,940.00","94,851.67","72,342.50",0,"1,797","3,966.20","7,812.20","20,201.88","25,124.40"
2020-10-22,"70,000","70,100","68,400","68,400","68,720.00","71,150.00","79,685.00","94,651.67","72,571.25",0,"1,603","2,662.80","6,796.95","18,996.03","25,134.29"
2020-10-23,"70,300","70,300","68,000","68,900","67,900.00","70,450.00","77,830.00","94,533.33","72,807.08",0,672,"1,871.40","4,071.10","18,160.82","25,134.95"
2020-10-26,"68,000","68,000","64,700","64,700","67,420.00","69,630.00","76,090.00","94,583.33","73,001.67",0,"2,072","1,699.40","3,640.45","17,870.30","25,148.82"
2020-10-27,"68,100","68,100","65,300","65,300","67,260.00","69,270.00","74,395.00","94,570.00","73,198.75",0,"2,932","1,815.20","3,431.80","17,716.52","25,169.48"
2020-10-28,"64,900","64,900","63,000","63,800","66,220.00","68,430.00","73,050.00","94,540.00","73,381.67",0,"2,066","1,869.00","3,227.40","17,633.42","25,185.96"
2020-10-29,"61,500","63,300","61,000","62,900","65,120.00","66,920.00","71,770.00","94,563.33","73,553.33",0,"2,407","2,029.80","3,133.00","17,544.18","25,204.28"
2020-10-30,"63,900","63,900","61,000","61,000","63,540.00","65,720.00","70,520.00","94,540.00","73,710.00",70,"1,887","2,272.80","3,053.85","17,463.68","25,211.52"
2020-11-02,"61,400","61,400","60,100","61,000","62,800.00","65,110.00","69,450.00","94,540.00","73,869.17",0,694,"1,997.20","2,945.15","17,395.17","25,213.30"
2020-11-03,"61,600","63,500","61,000","61,400","62,020.00","64,640.00","68,535.00","94,490.00","74,044.58",0,"1,322","1,675.20","2,886.00","17,264.93","25,195.58"
2020-11-04,"61,500","61,500","55,200","60,400","61,340.00","63,780.00","67,745.00","94,313.33","74,210.00",71,"1,706","1,603.20","2,763.90","17,031.97","25,205.97"
2020-11-05,"60,400","61,800","60,400","60,700","60,900.00","63,010.00","67,080.00","93,786.67","74,299.58",0,"1,590","1,439.80","2,581.45","16,805.75","23,797.67"
2020-11-06,"61,600","62,700","61,600","62,700","61,240.00","62,390.00","66,420.00","93,206.67","74,447.08",0,"1,371","1,336.60","2,485.50","15,201.33","22,956.43"
2020-11-09,"63,800","63,800","62,000","62,400","61,520.00","62,160.00","65,895.00","92,765.00","74,592.50",0,"1,308","1,459.40","2,419.85","14,161.40","22,889.17"
2020-11-10,"62,000","62,000","60,800","60,800","61,400.00","61,710.00","65,490.00","91,853.33","74,747.50",0,"1,778","1,550.60","2,319.70","12,818.12","22,843.08"
2020-11-11,"61,500","61,500","58,900","58,900","61,100.00","61,220.00","64,825.00","90,335.00","74,880.00",2,"1,115","1,432.40","2,217.70","12,439.57","22,826.80"
2020-11-12,"58,900","58,900","58,000","58,500","60,660.00","60,780.00","63,850.00","89,143.33","75,013.33",0,907,"1,295.80","1,857.05","11,619.50","22,807.78"
2020-11-13,"60,100","60,100","57,900","57,900","59,700.00","60,470.00","63,095.00","87,775.00","75,147.50",2,"1,112","1,244.00","1,681.20","11,267.50","22,791.71"
2020-11-16,"58,000","58,000","57,300","57,700","58,760.00","60,140.00","62,625.00","86,745.00","75,269.17",0,764,"1,135.20","1,572.80","10,978.63","22,746.45"
2020-11-17,"57,500","57,500","56,000","56,300","57,860.00","59,630.00","62,135.00","85,733.33","75,377.08",0,"1,374","1,054.40","1,523.85","10,776.22","22,730.72"
2020-11-18,"56,300","57,400","55,600","56,000","57,280.00","59,190.00","61,485.00","84,950.00","75,485.42",0,"2,596","1,350.60","1,563.80","10,448.40","22,730.30"
2020-11-19,"56,000","56,900","56,000","56,900","56,960.00","58,810.00","60,910.00","83,923.33","75,602.08",0,"1,008","1,370.80","1,534.05","9,820.58","22,728.38"
2020-11-20,"58,000","64,000","58,000","59,000","57,180.00","58,440.00","60,415.00","83,056.67","75,729.58",66,"6,023","2,353.00","1,801.60","9,658.97","22,522.44"
2020-11-23,"59,000","61,300","59,000","60,500","57,740.00","58,250.00","60,205.00","82,148.33","75,863.33",0,"2,889","2,778.00","1,842.45","9,490.30","22,521.47"
2020-11-24,"60,500","62,000","60,500","60,900","58,660.00","58,260.00","59,985.00","81,013.33","76,004.17",67,"1,185","2,740.20","1,755.10","9,268.95","22,518.18"
2020-11-25,"60,900","60,900","58,500","59,100","59,280.00","58,280.00","59,750.00","80,090.00","76,131.25",0,"1,342","2,489.40","1,718.90","8,828.02","22,489.32"
2020-11-26,"58,000","59,100","57,100","59,100","59,720.00","58,340.00","59,560.00","79,241.67","76,249.17",0,956,"2,479.00","1,646.35","8,490.50","22,465.58"
2020-11-27,"59,400","60,100","59,000","59,400","59,800.00","58,490.00","59,480.00","78,406.67","76,359.58",0,762,"1,426.80","1,590.10","8,164.30","22,431.57"
2020-11-30,"59,300","59,300","58,200","58,700","59,440.00","58,590.00","59,365.00","77,435.00","76,452.50",0,661,981.20,"1,588.45","6,736.12","22,341.76"
