2018-06-26,"85,800","86,300","84,700","85,100", , , , , ,0,571, , , , 
2018-06-27,"84,600","86,200","84,600","85,300", , , , , ,0,502, , , , 
2018-06-28,"84,500","86,900","84,500","86,200", , , , , ,0,845, , , , 
2018-06-29,"85,600","86,400","85,500","86,400", , , , , ,0,730, , , , 
2018-07-02,"85,600","86,700","85,300","85,300","85,660.00", , , , ,0,512,632.00, , , 
2018-07-03,"86,900","86,900","82,300","83,500","85,340.00", , , , ,0,"1,049",727.60, , , 
2018-07-04,"83,500","84,400","83,500","83,800","85,040.00", , , , ,0,196,666.40, , , 
2018-07-05,"83,800","84,400","83,800","84,000","84,600.00", , , , ,0,158,529.00, , , 
2018-07-06,"84,000","84,900","84,000","84,900","84,300.00", , , , ,0,209,424.80, , , 
2018-07-09,"84,900","85,500","84,900","85,300","84,300.00","84,980.00", , , ,0,168,356.00, , , 
2018-07-10,"85,900","85,900","84,100","84,200","84,440.00","84,890.00", , , ,0,102,166.60, , , 
2018-07-11,"84,200","85,800","83,600","85,000","84,680.00","84,860.00", , , ,0,156,158.60, , , 
2018-07-12,"84,300","85,400","84,300","85,100","84,900.00","84,750.00", , , ,0,38,134.60, , , 
2018-07-13,"84,900","85,200","84,400","84,400","84,800.00","84,550.00", , , ,0,212,135.20, , , 
2018-07-16,"84,400","84,400","83,600","84,000","84,540.00","84,420.00", , , ,0,228,147.20, , , 
2018-07-17,"85,000","85,000","83,000","83,400","84,380.00","84,410.00", , , ,0,431,213.00, , , 
2018-07-18,"83,600","83,600","83,200","83,600","84,100.00","84,390.00", , , ,0,190,219.80, , , 
2018-07-19,"83,800","83,900","83,100","83,600","83,800.00","84,350.00", , , ,0,593,330.80, , , 
2018-07-20,"83,600","84,000","81,100","81,900","83,300.00","84,050.00", , , ,0,822,452.80, , , 
2018-07-23,"83,000","83,000","80,600","81,100","82,720.00","83,630.00","84,305.00", , ,0,409,489.00,406.05, , 
2018-07-24,"81,100","82,000","80,500","81,900","82,420.00","83,400.00","84,145.00", , ,0,677,538.20,411.35, , 
2018-07-25,"81,900","81,900","81,400","81,900","82,080.00","83,090.00","83,975.00", , ,0,471,594.40,409.80, , 
2018-07-26,"82,000","82,800","81,500","82,800","81,920.00","82,860.00","83,805.00", , ,0,640,603.80,399.55, , 
2018-07-27,"82,000","84,300","82,000","83,800","82,300.00","82,800.00","83,675.00", , ,0,286,496.60,377.35, , 
2018-07-30,"83,800","84,600","83,600","84,300","82,940.00","82,830.00","83,625.00", , ,67,409,496.60,372.20, , 
2018-07-31,"83,200","85,100","83,200","84,600","83,480.00","82,950.00","83,680.00", , ,0,610,483.20,350.25, , 
2018-08-01,"84,600","84,900","84,600","84,700","84,040.00","83,060.00","83,725.00", , ,0,74,403.80,344.15, , 
2018-08-02,"84,800","85,600","83,600","84,500","84,380.00","83,150.00","83,750.00", , ,0,744,424.60,373.45, , 
2018-08-03,"84,900","84,900","83,600","83,600","84,340.00","83,320.00","83,685.00", , ,0,116,390.60,368.80, , 
2018-08-06,"83,800","85,400","83,800","85,000","84,480.00","83,710.00","83,670.00", , ,0,978,504.40,409.30, , 
2018-08-07,"86,200","86,200","85,100","85,400","84,640.00","84,060.00","83,730.00", , ,0,569,496.20,432.65, , 
2018-08-08,"85,400","85,500","83,800","85,500","84,800.00","84,420.00","83,755.00", , ,20,300,541.40,439.85, , 
2018-08-09,"86,200","86,200","84,200","85,300","84,960.00","84,670.00","83,765.00", , ,0,176,427.80,446.75, , 
2018-08-10,"85,700","86,000","83,100","83,100","84,860.00","84,600.00","83,700.00", , ,0,239,452.40,448.10, , 
2018-08-13,"83,000","83,000","80,900","83,000","84,460.00","84,470.00","83,650.00", , ,46,619,380.60,467.65, , 
2018-08-14,"83,000","83,200","82,800","83,200","84,020.00","84,330.00","83,640.00", , ,64,216,310.00,456.90, , 
2018-08-16,"83,200","84,200","83,200","84,200","83,760.00","84,280.00","83,670.00", , ,0,670,384.00,480.90, , 
2018-08-17,"84,200","85,000","83,700","85,000","83,700.00","84,330.00","83,740.00", , ,67,376,424.00,470.05, , 
2018-08-20,"85,000","85,000","83,600","84,200","83,920.00","84,390.00","83,855.00", , ,30,63,388.80,432.10, , 
2018-08-21,"84,900","84,900","82,700","84,000","84,120.00","84,290.00","84,000.00", , ,0,965,458.00,459.90, , 
2018-08-22,"83,900","83,900","83,700","83,900","84,260.00","84,140.00","84,100.00", , ,0,12,417.20,426.65, , 
2018-08-23,"83,900","84,200","83,000","83,000","84,020.00","83,890.00","84,155.00", , ,0,535,390.20,429.85, , 
2018-08-24,"83,800","84,300","83,000","83,400","83,700.00","83,700.00","84,185.00", , ,70,312,377.40,413.45, , 
2018-08-27,"84,000","84,000","82,400","83,200","83,500.00","83,710.00","84,155.00", , ,0,175,399.80,407.90, , 
2018-08-28,"83,200","83,200","82,800","83,100","83,320.00","83,720.00","84,095.00", , ,0,99,226.60,392.40, , 
2018-08-29,"83,100","83,200","83,000","83,000","83,140.00","83,700.00","84,015.00", , ,0,77,239.60,365.75, , 
2018-08-30,"83,100","84,900","83,000","84,000","83,340.00","83,680.00","83,980.00", , ,70,666,265.80,395.35, , 
2018-08-31,"84,000","84,500","83,400","83,400","83,340.00","83,520.00","83,925.00", , ,0,285,260.40,372.40, , 
2018-09-03,"84,100","84,400","83,400","83,600","83,420.00","83,460.00","83,925.00", , ,70,351,295.60,384.15, , 
2018-09-04,"87,200","87,200","83,600","83,600","83,520.00","83,420.00","83,855.00", , ,2,581,392.00,364.30, , 
2018-09-05,"83,700","84,000","83,700","83,700","83,660.00","83,400.00","83,770.00", , ,57,187,414.00,345.20, , 
2018-09-06,"83,000","86,600","83,000","83,600","83,580.00","83,460.00","83,675.00", , ,66,688,418.40,364.60, , 
2018-09-07,"84,100","84,200","83,500","83,500","83,600.00","83,470.00","83,585.00", , ,0,305,422.40,371.05, , 
2018-09-10,"83,500","84,900","83,400","84,500","83,780.00","83,600.00","83,655.00", , ,0,273,406.80,372.75, , 
2018-09-11,"84,000","87,700","83,600","84,800","84,020.00","83,770.00","83,745.00", , ,29,"2,767",844.00,480.15, , 
2018-09-12,"85,000","85,000","83,500","84,800","84,240.00","83,950.00","83,825.00", , ,0,"1,067","1,020.00",522.70, , 
2018-09-13,"83,900","84,600","83,700","84,400","84,400.00","83,990.00","83,835.00", , ,0,231,928.60,500.75, , 
2018-09-14,"83,900","84,600","83,900","84,500","84,600.00","84,100.00","83,810.00", , ,30,618,991.20,512.85, , 
2018-09-17,"83,600","84,600","83,600","84,600","84,620.00","84,200.00","83,830.00", , ,30,140,964.60,516.70, , 
2018-09-18,"84,500","84,500","83,600","83,700","84,400.00","84,210.00","83,815.00","84,040.00", ,0,354,482.00,486.15,450.70, 
2018-09-19,"83,900","84,100","83,000","83,900","84,220.00","84,230.00","83,815.00","84,020.00", ,0,326,333.80,501.85,446.62, 
2018-09-20,"83,900","84,000","83,100","83,700","84,080.00","84,240.00","83,850.00","83,993.33", ,0,368,361.20,493.50,444.38, 
2018-09-21,"83,400","83,500","81,500","83,100","83,800.00","84,200.00","83,835.00","83,941.67", ,71,"1,015",440.60,528.65,447.22, 
2018-09-27,"83,100","84,100","83,100","84,100","83,700.00","84,160.00","83,880.00","83,903.33", ,0,309,474.40,535.35,440.20, 
2018-09-28,"84,000","84,000","83,700","83,800","83,720.00","84,060.00","83,915.00","83,878.33", ,0,99,423.40,535.35,433.32, 
2018-10-01,"84,000","84,000","83,400","83,600","83,660.00","83,940.00","83,945.00","83,880.00", ,0,13,360.80,532.15,416.05, 
2018-10-02,"83,900","84,000","83,100","83,200","83,560.00","83,820.00","83,905.00","83,870.00", ,0,294,346.00,513.55,417.68, 
2018-10-04,"84,000","84,600","83,000","83,600","83,660.00","83,730.00","83,915.00","83,863.33", ,0,606,264.20,529.60,425.15, 
2018-10-05,"83,400","85,000","83,300","84,900","83,820.00","83,760.00","83,980.00","83,863.33", ,60,"1,238",450.00,573.95,442.30, 
2018-10-08,"84,900","85,000","83,700","84,500","83,960.00","83,840.00","84,025.00","83,850.00", ,30,486,527.40,569.20,447.60, 
2018-10-10,"84,600","84,600","82,000","83,400","83,920.00","83,790.00","84,010.00","83,836.67", ,0,760,676.80,597.85,458.57, 
2018-10-11,"82,000","83,100","81,200","82,100","83,700.00","83,630.00","83,935.00","83,788.33", ,0,518,721.60,589.35,464.60, 
2018-10-12,"81,000","82,800","81,000","82,100","83,400.00","83,530.00","83,865.00","83,738.33", ,0,277,655.80,587.95,468.58, 
2018-10-15,"82,100","82,600","82,100","82,400","82,900.00","83,360.00","83,760.00","83,705.00", ,0,382,484.60,593.40,471.42, 
2018-10-16,"82,500","82,800","81,400","82,800","82,560.00","83,260.00","83,660.00","83,685.00", ,0,365,460.40,473.30,473.70, 
2018-10-17,"82,800","83,100","82,800","83,000","82,480.00","83,200.00","83,570.00","83,678.33", ,0,66,321.60,423.25,467.62, 
2018-10-18,"81,800","83,700","81,700","83,400","82,740.00","83,220.00","83,520.00","83,675.00", ,0,497,317.40,436.55,472.73, 
2018-10-19,"83,200","83,200","81,500","82,100","82,740.00","83,070.00","83,400.00","83,650.00", ,0,907,443.40,451.00,477.97, 
2018-10-22,"82,100","82,700","81,800","82,600","82,780.00","82,840.00","83,300.00","83,661.67", ,0,337,434.40,460.85,469.88, 
2018-10-23,"82,600","82,600","81,600","81,700","82,560.00","82,560.00","83,200.00","83,671.67", ,0,156,392.60,450.95,465.67, 
2018-10-24,"81,700","82,100","81,200","81,500","82,260.00","82,370.00","83,080.00","83,665.00", ,0,422,463.80,455.75,461.42, 
2018-10-25,"82,200","82,200","81,300","81,300","81,840.00","82,290.00","82,960.00","83,655.00", ,0,427,449.80,458.70,460.68, 
2018-10-26,"81,400","81,800","80,000","81,300","81,680.00","82,210.00","82,870.00","83,630.00", ,0,"1,390",546.40,477.45,473.18, 
2018-10-29,"81,500","81,600","80,800","81,400","81,440.00","82,110.00","82,735.00","83,590.00", ,0,"1,147",708.40,519.35,487.53, 
2018-10-30,"81,300","81,900","80,100","81,600","81,420.00","81,990.00","82,625.00","83,545.00", ,0,742,825.60,551.50,493.08, 
2018-10-31,"81,000","81,500","80,700","81,500","81,420.00","81,840.00","82,520.00","83,493.33", ,0,669,875.00,584.30,494.07, 
2018-11-01,"81,500","82,600","81,100","81,400","81,440.00","81,640.00","82,430.00","83,438.33", ,0,588,907.20,599.00,502.63, 
2018-11-02,"81,800","82,300","81,400","82,300","81,640.00","81,660.00","82,365.00","83,401.67", ,0,220,673.20,579.70,493.90, 
2018-11-05,"82,300","82,900","81,700","82,800","81,920.00","81,680.00","82,260.00","83,388.33", ,0,217,487.20,528.65,495.58, 
2018-11-06,"82,800","83,500","82,200","83,000","82,200.00","81,810.00","82,185.00","83,355.00", ,67,90,356.80,508.85,480.78, 
2018-11-07,"82,400","82,700","81,500","82,700","82,440.00","81,930.00","82,150.00","83,310.00", ,0,907,404.40,516.20,486.42, 
2018-11-08,"83,000","83,000","81,700","82,800","82,720.00","82,080.00","82,185.00","83,265.00", ,20,896,466.00,535.10,496.35, 
2018-11-09,"82,800","83,800","82,200","83,000","82,860.00","82,250.00","82,230.00","83,226.67", ,0,125,447.00,527.50,495.50, 
2018-11-12,"83,000","83,000","81,400","82,700","82,840.00","82,380.00","82,245.00","83,220.00", ,20,352,474.00,526.00,497.38, 
2018-11-13,"81,800","83,100","81,500","82,700","82,780.00","82,490.00","82,240.00","83,215.00", ,0,252,506.40,520.35,491.27, 
2018-11-14,"82,900","84,000","82,900","83,700","82,980.00","82,710.00","82,275.00","83,223.33", ,0,"2,743",873.60,654.20,533.38, 
2018-11-15,"83,000","83,900","82,600","83,900","83,200.00","82,960.00","82,300.00","83,218.33", ,0,547,803.80,656.70,531.33, 
2018-11-16,"83,700","83,900","83,000","83,800","83,360.00","83,110.00","82,385.00","83,198.33", ,30,288,836.40,625.75,529.87, 
2018-11-19,"85,200","88,600","83,700","85,200","83,860.00","83,350.00","82,515.00","83,215.00", ,0,"6,468","2,059.60",932.30,636.62, 
2018-11-20,"84,300","88,500","82,900","87,500","84,820.00","83,800.00","82,805.00","83,273.33", ,0,"5,549","3,119.00","1,201.95",713.02, 
2018-11-21,"87,400","87,400","84,900","85,800","85,240.00","84,110.00","83,020.00","83,305.00", ,37,"1,021","2,774.60","1,231.90",729.83, 
2018-11-22,"85,800","86,400","84,300","85,600","85,580.00","84,390.00","83,235.00","83,348.33", ,38,"1,040","2,873.20","1,262.55",738.25, 
2018-11-23,"86,100","86,100","84,400","85,400","85,900.00","84,630.00","83,440.00","83,381.67", ,0,423,"2,900.20","1,214.20",740.10, 
2018-11-26,"84,700","85,400","83,000","83,900","85,640.00","84,750.00","83,565.00","83,393.33", ,0,"1,913","1,989.20","1,252.50",769.07, 
2018-11-27,"84,500","84,500","83,800","83,900","84,920.00","84,870.00","83,680.00","83,406.67", ,0,362,951.80,"1,233.50",773.45, 
2018-11-28,"84,700","84,700","83,100","83,700","84,500.00","84,870.00","83,790.00","83,418.33", ,0,320,811.60,"1,216.05",777.50, 
2018-11-29,"84,500","84,700","83,600","83,800","84,140.00","84,860.00","83,910.00","83,415.00", ,0,112,626.00,"1,192.25",768.27, 
2018-11-30,"83,700","84,500","83,700","84,200","83,900.00","84,900.00","84,005.00","83,428.33", ,0,407,622.80,"1,201.60",770.30, 
2018-12-03,"84,200","85,300","84,200","85,100","84,140.00","84,890.00","84,120.00","83,453.33", ,0,465,333.20,"1,214.00",772.20, 
2018-12-04,"84,500","85,700","84,400","85,000","84,360.00","84,640.00","84,220.00","83,476.67", ,0,198,300.40,"1,219.40",765.82, 
2018-12-05,"84,200","85,000","84,100","84,600","84,540.00","84,520.00","84,315.00","83,491.67", ,0,286,293.60,"1,188.35",767.47, 
2018-12-06,"84,600","85,200","84,000","84,900","84,760.00","84,450.00","84,420.00","83,513.33", ,0,530,377.20,"1,170.05",764.83, 
2018-12-07,"85,200","85,300","84,100","85,200","84,960.00","84,430.00","84,530.00","83,541.67", ,0,272,350.20,"1,177.40",764.28, 
2018-12-10,"84,600","84,900","84,000","84,000","84,740.00","84,440.00","84,595.00","83,533.33", ,0,393,335.80,"1,179.45",766.28, 
2018-12-11,"84,000","84,500","83,300","84,000","84,540.00","84,450.00","84,660.00","83,520.00", ,0,426,381.40,"1,188.15",727.27, 
2018-12-12,"83,400","84,400","83,400","84,000","84,420.00","84,480.00","84,675.00","83,506.67", ,0,218,367.80,"1,061.90",713.12, 
2018-12-13,"83,300","84,500","83,300","84,400","84,320.00","84,540.00","84,700.00","83,506.67", ,55,592,380.20,"1,064.15",719.13, 
2018-12-14,"84,000","84,900","83,800","84,600","84,200.00","84,580.00","84,740.00","83,508.33", ,0,840,493.80,"1,091.75",722.83, 
2018-12-17,"83,900","85,100","83,600","85,100","84,420.00","84,580.00","84,735.00","83,516.67", ,0,420,499.20,789.35,727.50, 
2018-12-18,"84,400","85,000","84,100","84,900","84,600.00","84,570.00","84,605.00","83,536.67","83,788.33",0,367,487.40,530.25,727.72,589.21
2018-12-19,"84,900","85,100","84,600","85,100","84,820.00","84,620.00","84,570.00","83,556.67","83,788.33",0,"1,207",685.20,539.55,742.40,594.51
2018-12-20,"85,200","85,400","84,500","84,500","84,840.00","84,580.00","84,515.00","83,570.00","83,781.67",0,351,637.00,505.10,742.12,593.25
2018-12-21,"84,500","84,800","84,000","84,800","84,880.00","84,540.00","84,485.00","83,598.33","83,770.00",0,566,582.20,512.25,734.63,590.92
2018-12-24,"84,800","84,900","84,400","84,700","84,800.00","84,610.00","84,525.00","83,608.33","83,755.83",0,231,544.40,428.15,733.33,586.77
2018-12-26,"84,600","84,900","84,300","84,900","84,800.00","84,700.00","84,575.00","83,626.67","83,752.50",30,"1,361",743.20,478.10,754.37,593.84
2018-12-27,"81,700","84,100","81,700","84,000","84,580.00","84,700.00","84,590.00","83,633.33","83,756.67",55,"1,733",848.40,548.75,783.03,599.54
2018-12-28,"84,000","84,000","82,900","83,500","84,380.00","84,610.00","84,575.00","83,638.33","83,754.17",0,380,854.20,562.15,784.47,601.08
2019-01-02,"83,000","84,300","83,000","84,200","84,260.00","84,570.00","84,575.00","83,648.33","83,755.83",0,"1,422","1,025.40",612.90,798.07,611.61
2019-01-03,"84,100","84,100","82,000","82,900","83,900.00","84,350.00","84,465.00","83,615.00","83,739.17",0,964,"1,172.00",637.85,793.50,617.90
2019-01-04,"83,000","83,000","82,100","82,400","83,400.00","84,100.00","84,335.00","83,580.00","83,715.00",0,548,"1,009.40",655.35,794.53,621.07
2019-01-07,"81,900","83,500","81,600","83,400","83,280.00","83,930.00","84,275.00","83,580.00","83,708.33",0,558,774.40,668.95,791.17,624.87
2019-01-08,"83,300","85,300","83,000","84,100","83,400.00","83,890.00","84,235.00","83,613.33","83,700.83",0,"1,906","1,079.60",737.75,814.30,639.45
2019-01-09,"84,100","84,800","83,600","83,600","83,280.00","83,770.00","84,155.00","83,638.33","83,688.33",0,545,904.20,751.40,818.77,643.67
2019-01-10,"84,100","84,100","83,300","83,600","83,420.00","83,660.00","84,135.00","83,658.33","83,681.67",0,54,722.20,734.45,813.30,642.36
2019-01-11,"83,900","85,800","83,700","84,600","83,860.00","83,630.00","84,165.00","83,688.33","83,686.67",0,"1,418",896.20,784.05,830.85,652.27
2019-01-14,"84,000","84,500","83,700","84,500","84,080.00","83,680.00","84,190.00","83,713.33","83,695.83",0,191,822.80,782.70,832.93,650.27
2019-01-15,"85,000","85,000","83,500","84,000","84,060.00","83,730.00","84,170.00","83,723.33","83,699.17",0,"1,483",738.20,827.25,849.37,661.05
2019-01-16,"84,000","84,000","82,900","83,700","84,080.00","83,680.00","84,125.00","83,750.00","83,700.00",0,776,784.40,824.05,847.18,662.58
2019-01-17,"83,300","83,900","83,100","83,700","84,100.00","83,760.00","84,055.00","83,768.33","83,715.00",0,556,884.80,830.85,850.83,660.36
2019-01-18,"83,400","84,000","83,200","83,700","83,920.00","83,890.00","83,995.00","83,801.67","83,736.67",0,600,721.20,842.50,858.23,661.95
2019-01-21,"84,000","84,000","83,000","83,300","83,680.00","83,880.00","83,905.00","83,831.67","83,748.33",0,828,848.60,823.55,865.00,663.21
2019-01-22,"83,300","83,800","82,800","82,800","83,440.00","83,750.00","83,820.00","83,856.67","83,755.83",0,"1,203",792.60,866.15,877.93,669.31
2019-01-23,"82,900","82,900","82,700","82,800","83,260.00","83,670.00","83,720.00","83,881.67","83,755.83",0,420,721.40,858.85,861.77,667.48
2019-01-24,"83,000","83,000","82,000","82,400","83,000.00","83,550.00","83,605.00","83,898.33","83,744.17",0,821,774.40,888.35,856.33,671.93
2019-01-25,"82,200","83,100","82,200","82,500","82,760.00","83,340.00","83,485.00","83,913.33","83,729.17",0,848,824.00,862.70,858.10,675.59
2019-01-28,"83,500","83,500","82,200","82,400","82,580.00","83,130.00","83,405.00","83,928.33","83,710.83",70,697,797.80,810.90,858.57,676.32
2019-01-29,"82,400","82,500","81,900","82,300","82,480.00","82,960.00","83,345.00","83,943.33","83,690.83",0,359,629.00,809.85,854.75,678.69
2019-01-30,"82,300","82,500","81,900","82,000","82,320.00","82,790.00","83,235.00","83,938.33","83,670.00",70,739,692.80,775.70,863.40,678.65
2019-01-31,"83,000","83,000","81,900","82,200","82,280.00","82,640.00","83,200.00","83,928.33","83,658.33",70,"1,065",741.60,780.75,877.53,686.56
2019-02-01,"82,200","82,800","82,000","82,500","82,280.00","82,520.00","83,205.00","83,920.00","83,637.50",0,896,751.20,798.15,890.97,685.88
2019-02-07,"82,400","82,900","82,400","82,800","82,360.00","82,470.00","83,175.00","83,921.67","83,615.83",0,347,681.20,787.60,881.63,684.02
2019-02-08,"82,800","83,600","82,400","82,700","82,440.00","82,460.00","83,105.00","83,920.00","83,592.50",70,"1,019",813.20,743.25,883.68,690.02
2019-02-11,"82,600","83,100","82,500","82,900","82,620.00","82,470.00","83,070.00","83,918.33","83,572.50",0,229,711.20,727.45,885.42,690.46
2019-02-12,"84,000","85,000","83,700","84,400","83,060.00","82,670.00","83,110.00","83,946.67","83,583.33",0,"1,782",854.60,813.85,909.25,703.32
2019-02-13,"84,900","84,900","84,000","84,700","83,500.00","82,890.00","83,115.00","83,980.00","83,597.50",20,932,861.80,789.55,920.58,705.92
2019-02-14,"84,600","85,000","84,300","85,000","83,940.00","83,150.00","83,140.00","84,001.67","83,612.50",0,212,834.80,790.60,878.40,705.89
2019-02-15,"84,500","85,000","84,300","85,000","84,400.00","83,420.00","83,190.00","84,020.00","83,619.17",30,573,745.60,745.10,878.83,705.08
2019-02-18,"84,500","85,300","84,200","84,200","84,660.00","83,640.00","83,215.00","84,026.67","83,612.50",29,897,879.20,751.15,888.98,709.42
2019-02-19,"84,200","84,700","84,100","84,400","84,660.00","83,860.00","83,250.00","84,013.33","83,614.17",0,348,592.40,740.75,786.98,711.80
2019-02-20,"84,500","84,500","84,100","84,300","84,580.00","84,040.00","83,280.00","83,960.00","83,616.67",0,862,578.40,753.85,708.87,710.94
2019-02-21,"84,900","85,000","83,800","83,900","84,360.00","84,150.00","83,310.00","83,928.33","83,616.67",0,995,735.00,762.20,708.43,719.13
2019-02-22,"83,900","84,700","83,800","84,200","84,200.00","84,300.00","83,380.00","83,905.00","83,626.67",0,686,757.60,736.35,702.53,720.39
2019-02-25,"84,000","84,200","83,600","84,200","84,200.00","84,430.00","83,450.00","83,885.00","83,633.33",0,260,630.20,728.35,699.82,719.96
2019-02-26,"84,000","84,500","83,800","84,200","84,160.00","84,410.00","83,540.00","83,890.00","83,641.67",0,571,674.80,715.85,677.45,723.26
2019-02-27,"84,200","84,200","83,900","84,100","84,120.00","84,350.00","83,620.00","83,893.33","83,650.00",0,470,596.40,696.95,679.25,726.35
2019-02-28,"84,400","84,800","84,000","84,400","84,220.00","84,290.00","83,720.00","83,905.00","83,661.67",0,"2,409",879.20,782.55,714.07,745.78
2019-03-04,"84,400","84,400","83,700","84,100","84,200.00","84,200.00","83,810.00","83,910.00","83,662.50",0,635,869.00,796.35,722.78,745.52
2019-03-05,"84,100","84,100","82,800","84,000","84,160.00","84,180.00","83,910.00","83,906.67","83,667.50",20,462,909.40,782.50,723.70,747.00
2019-03-06,"84,000","84,000","83,200","83,400","84,000.00","84,080.00","83,970.00","83,878.33","83,665.83",42,409,877.00,749.70,722.77,747.48
2019-03-07,"83,400","83,400","83,000","83,300","83,840.00","83,980.00","84,010.00","83,850.00","83,663.33",42,471,877.20,728.45,727.32,746.57
2019-03-08,"83,300","83,400","82,700","83,300","83,620.00","83,920.00","84,035.00","83,828.33","83,660.00",0,776,550.60,749.90,735.48,751.48
2019-03-11,"83,300","83,300","82,800","83,200","83,440.00","83,820.00","84,060.00","83,800.00","83,656.67",0,441,511.80,721.00,734.00,749.42
2019-03-12,"83,200","83,500","82,700","83,400","83,320.00","83,740.00","84,085.00","83,770.00","83,655.83",0,725,564.40,745.80,741.55,752.92
2019-03-13,"83,400","83,400","82,800","83,200","83,280.00","83,640.00","84,025.00","83,756.67","83,645.00",0,75,497.60,660.45,736.25,751.27
2019-03-14,"83,200","83,300","82,100","83,300","83,280.00","83,560.00","83,955.00","83,745.00","83,632.50",71,759,555.20,651.80,741.80,734.53
2019-03-15,"83,300","83,300","82,900","83,100","83,240.00","83,430.00","83,860.00","83,730.00","83,618.33",0,594,518.80,670.90,748.07,730.59
2019-03-18,"83,100","83,500","83,000","83,500","83,300.00","83,370.00","83,785.00","83,715.00","83,610.83",0,635,557.60,674.00,748.78,733.96
2019-03-19,"83,500","83,500","82,600","82,800","83,180.00","83,250.00","83,715.00","83,685.00","83,596.67",0,"1,478",708.20,703.05,759.42,741.13
2019-03-20,"83,300","83,300","81,700","82,700","83,080.00","83,180.00","83,630.00","83,645.00","83,580.83",0,"4,193","1,531.80",895.30,822.30,774.90
2019-03-21,"82,500","82,900","82,400","82,900","83,000.00","83,140.00","83,560.00","83,611.67","83,574.17",0,"1,999","1,779.80",952.15,849.50,788.61
2019-03-22,"82,900","83,300","82,100","82,700","82,920.00","83,080.00","83,500.00","83,571.67","83,564.17",0,"1,446","1,950.20",974.70,853.48,797.94
2019-03-25,"82,700","82,800","81,700","82,200","82,660.00","82,980.00","83,400.00","83,533.33","83,551.67",0,"1,647","2,152.60","1,022.75",875.08,808.60
2019-03-26,"82,300","82,700","82,000","82,500","82,600.00","82,890.00","83,315.00","83,495.00","83,546.67",0,"1,445","2,146.00","1,082.00",889.73,812.18
2019-03-27,"82,500","82,500","82,000","82,400","82,540.00","82,810.00","83,225.00","83,456.67","83,532.50",70,"2,257","1,758.80","1,166.30",923.50,828.42
2019-03-28,"82,500","82,500","82,200","82,300","82,420.00","82,710.00","83,135.00","83,413.33","83,520.00",0,353,"1,429.60","1,160.45",906.70,830.53
2019-03-29,"82,700","82,700","82,200","82,600","82,400.00","82,660.00","83,045.00","83,390.00","83,511.67",70,522,"1,244.80","1,066.10",886.52,834.77
2019-04-01,"82,800","82,900","82,200","82,800","82,520.00","82,590.00","82,980.00","83,378.33","83,508.33",70,462,"1,007.80","1,057.45",887.88,836.17
2019-04-02,"82,500","83,300","82,500","83,000","82,620.00","82,610.00","82,930.00","83,358.33","83,503.33",0,384,795.60,"1,053.55",870.58,834.33
2019-04-03,"82,800","82,900","82,100","82,900","82,720.00","82,630.00","82,905.00","83,358.33","83,486.67",71,"1,258",595.80,"1,096.00",875.48,834.49
2019-04-04,"82,900","82,900","82,000","82,300","82,720.00","82,570.00","82,855.00","83,356.67","83,468.33",0,762,677.60,"1,110.55",879.05,836.79
2019-04-05,"82,300","82,500","82,000","82,300","82,660.00","82,530.00","82,805.00","83,338.33","83,459.17",70,810,735.20,"1,112.25",883.25,837.21
2019-04-08,"82,500","101,000","82,000","89,000","83,900.00","83,210.00","83,095.00","83,420.00","83,516.67",70,"86,458","17,934.40","5,413.10","2,292.45","1,553.38"
2019-04-09,"89,500","94,600","87,900","88,000","84,900.00","83,760.00","83,325.00","83,493.33","83,565.83",29,"27,779","23,413.40","6,765.80","2,746.35","1,782.56"
2019-04-10,"88,200","92,800","85,000","91,700","86,660.00","84,690.00","83,750.00","83,628.33","83,643.33",0,"25,297","28,221.20","8,026.90","3,167.07","1,990.18"
2019-04-11,"91,100","118,500","89,500","110,000","92,200.00","87,460.00","85,085.00","84,051.67","83,870.00",0,"178,463","63,761.40","16,912.10","6,117.82","3,474.33"
2019-04-12,"123,000","132,500","101,500","108,000","97,340.00","90,000.00","86,330.00","84,443.33","84,078.33",0,"191,661","101,931.60","26,465.45","9,308.98","5,070.96"
2019-04-15,"116,500","123,500","105,000","108,000","101,140.00","92,520.00","87,555.00","84,843.33","84,283.33",0,"109,505","106,541.00","31,908.95","11,109.35","5,979.36"
2019-04-16,"106,500","106,500","96,200","98,900","103,320.00","94,110.00","88,360.00","85,096.67","84,423.33",0,"84,950","117,975.20","36,082.55","12,512.25","6,679.72"
2019-04-17,"97,700","101,500","93,600","93,600","103,700.00","95,180.00","88,905.00","85,261.67","84,515.00",0,"75,795","128,074.80","39,662.65","13,766.23","7,308.53"
2019-04-18,"94,000","96,000","92,000","93,600","100,420.00","96,310.00","89,440.00","85,426.67","84,614.17",0,"29,313","98,244.80","41,028.35","14,244.78","7,551.51"
2019-04-19,"93,700","95,100","91,500","92,000","97,220.00","97,280.00","89,905.00","85,571.67","84,701.67",0,"34,050","66,722.60","42,658.55","14,798.48","7,831.74"
2019-04-22,"92,500","92,900","90,400","90,700","93,760.00","97,450.00","90,330.00","85,703.33","84,780.00",42,"31,942","51,210.00","44,173.30","15,310.80","8,094.37"
2019-04-23,"90,700","91,100","87,300","87,300","91,440.00","97,380.00","90,570.00","85,778.33","84,830.00",42,"25,020","39,224.00","45,352.05","15,720.80","8,291.28"
2019-04-24,"87,400","88,700","86,400","87,400","90,200.00","96,950.00","90,820.00","85,861.67","84,880.00",0,"30,889","30,242.80","46,783.65","16,221.93","8,539.13"
2019-04-25,"92,800","94,900","87,500","87,900","89,060.00","94,740.00","91,100.00","85,951.67","84,932.50",0,"61,186","36,617.40","49,825.30","17,227.57","9,042.83"
2019-04-26,"87,000","87,400","85,500","86,600","87,980.00","92,600.00","91,300.00","86,021.67","84,975.00",0,"19,845","33,776.40","50,791.45","17,546.70","9,202.63"
2019-04-29,"86,600","87,100","85,600","85,900","87,020.00","90,390.00","91,455.00","86,081.67","85,012.50",0,"11,271","29,642.20","51,331.90","17,728.57","9,291.66"
2019-04-30,"86,300","88,000","85,600","86,100","86,780.00","89,110.00","91,610.00","86,150.00","85,044.17",70,"16,993","28,036.80","52,162.35","17,999.47","9,431.43"
2019-05-02,"86,400","87,300","85,300","87,300","86,760.00","88,480.00","91,830.00","86,235.00","85,081.67",0,"9,082","23,675.40","52,553.55","18,133.08","9,505.31"
2019-05-03,"87,200","87,400","86,000","86,000","86,380.00","87,720.00","92,015.00","86,293.33","85,106.67",0,"6,708","12,779.80","52,850.85","18,229.95","9,560.46"
2019-05-07,"85,400","87,100","85,000","85,900","86,240.00","87,110.00","92,195.00","86,345.00","85,133.33",0,"7,686","10,348.00","53,194.65","18,352.27","9,616.95"
2019-05-08,"85,600","87,400","85,000","86,600","86,380.00","86,700.00","92,075.00","86,410.00","85,165.00",70,"8,910","9,875.80","49,317.25","18,483.78","9,683.73"
2019-05-09,"87,900","91,400","86,900","87,300","86,620.00","86,700.00","92,040.00","86,483.33","85,200.83",66,"40,804","14,638.00","49,968.50","19,160.03","10,022.73"
2019-05-10,"87,600","93,600","87,400","91,900","87,540.00","87,150.00","92,050.00","86,608.33","85,277.50",0,"50,110","22,843.60","51,209.15","19,965.50","10,437.38"
2019-05-13,"91,200","91,700","88,000","89,500","88,240.00","87,310.00","91,025.00","86,688.33","85,334.17",0,"17,216","24,945.20","43,146.80","20,236.90","10,578.74"
2019-05-14,"88,500","92,600","86,800","92,600","89,580.00","87,910.00","90,255.00","86,815.00","85,408.33",60,"20,061","27,420.20","34,566.80","20,567.72","10,723.06"
2019-05-15,"93,000","93,900","90,600","92,200","90,700.00","88,540.00","89,465.00","86,935.00","85,477.50",0,"15,649","28,768.00","29,874.00","20,818.98","10,848.91"
2019-05-16,"93,000","93,000","87,900","90,100","91,260.00","88,940.00","89,025.00","87,033.33","85,530.00",0,"13,300","23,267.20","26,291.50","21,025.70","10,957.34"
2019-05-17,"90,100","90,100","87,200","87,200","90,320.00","88,930.00","88,705.00","87,080.00","85,546.67",42,"11,363","15,517.80","23,069.90","21,209.28","10,998.13"
2019-05-20,"87,100","88,400","86,100","86,400","89,700.00","88,970.00","88,345.00","87,115.00","85,537.50",23,"9,038","13,882.20","22,056.15","21,345.55","11,027.21"
2019-05-21,"85,500","89,100","85,500","87,800","88,740.00","89,160.00","88,135.00","87,180.00","85,554.17",0,"10,489","11,967.80","20,878.10","21,503.78","11,106.11"
2019-05-22,"87,300","88,000","86,300","87,400","87,780.00","89,240.00","87,970.00","87,233.33","85,569.17",0,"5,043","9,846.60","19,533.15","21,576.40","11,139.47"
2019-05-23,"87,400","87,700","85,900","85,900","86,940.00","89,100.00","87,900.00","87,261.67","85,573.33",0,"8,163","8,819.20","18,690.30","21,708.12","11,203.97"
2019-05-24,"85,900","88,800","85,900","87,000","86,900.00","88,610.00","87,880.00","87,308.33","85,599.17",70,"12,045","8,955.60","17,748.10","21,899.35","11,288.40"
2019-05-27,"87,400","88,500","87,000","87,500","87,120.00","88,410.00","87,860.00","87,365.00","85,629.17",0,"7,338","8,615.60","15,055.70","22,013.82","11,346.53"
2019-05-28,"88,500","88,500","87,300","88,500","87,260.00","88,000.00","87,955.00","87,433.33","85,669.17",0,"4,479","7,413.60","14,287.40","22,048.32","11,381.19"
2019-05-29,"88,800","88,800","87,400","87,700","87,320.00","87,550.00","88,045.00","87,493.33","85,701.67",0,"3,624","7,129.80","13,905.05","22,098.13","11,410.46"
2019-05-30,"87,400","88,800","87,000","88,300","87,800.00","87,370.00","88,155.00","87,565.00","85,735.83",0,"4,908","6,478.80","13,300.80","22,172.23","11,447.97"
2019-05-31,"88,400","93,700","87,400","93,000","89,000.00","87,950.00","88,440.00","87,725.00","85,801.67",0,"27,903","9,650.40","14,241.85","22,630.47","11,676.62"
2019-06-03,"92,400","94,700","91,300","91,700","89,840.00","88,480.00","88,725.00","87,865.00","85,857.50",37,"12,180","10,618.80","14,515.45","22,825.62","11,776.47"
2019-06-04,"91,400","92,600","90,200","91,100","90,360.00","88,810.00","88,985.00","87,995.00","85,911.67",38,"6,083","10,939.60","14,435.30","22,914.07","11,824.78"
2019-06-05,"91,800","95,200","91,200","95,200","91,860.00","89,590.00","89,415.00","88,195.00","85,997.50",0,"23,076","14,830.00","15,143.60","23,291.32","12,012.66"
2019-06-07,"95,900","101,500","95,700","96,500","93,500.00","90,650.00","89,875.00","88,413.33","86,091.67",29,"45,055","22,859.40","15,356.15","24,030.15","12,385.85"
2019-06-10,"96,500","96,900","94,000","95,800","94,060.00","91,530.00","90,070.00","88,623.33","86,190.00",17,"13,100","19,898.80","13,505.65","24,247.23","12,491.74"
2019-06-11,"95,800","97,300","94,600","96,900","95,100.00","92,470.00","90,440.00","88,850.00","86,297.50",0,"6,768","18,816.40","12,983.25","24,347.38","12,544.59"
2019-06-12,"96,400","96,400","93,500","93,500","95,580.00","92,970.00","90,485.00","89,023.33","86,376.67",0,"15,190","20,637.80","12,739.70","24,590.65","12,669.36"
2019-06-13,"93,300","99,000","92,200","99,000","96,340.00","94,100.00","90,825.00","89,281.67","86,498.33",0,"29,670","21,956.60","13,440.75","25,074.57","12,911.67"
2019-06-14,"97,000","97,800","93,300","97,800","96,600.00","95,050.00","91,210.00","89,531.67","86,608.33",20,"39,204","20,786.40","14,735.95","25,703.33","13,231.38"
2019-06-17,"97,700","97,700","93,300","96,400","96,720.00","95,390.00","91,670.00","89,760.00","86,702.50",20,"31,692","24,504.80","15,752.40","26,161.65","13,491.98"
2019-06-18,"96,300","98,600","94,700","96,800","96,700.00","95,900.00","92,190.00","89,991.67","86,801.67",0,"19,041","26,959.40","16,252.55","26,445.68","13,647.59"
2019-06-19,"97,000","97,500","96,100","96,300","97,260.00","96,420.00","92,615.00","90,218.33","86,895.00",0,"5,417","25,004.80","15,998.95","26,511.87","13,682.67"
2019-06-20,"96,500","97,000","94,600","94,600","96,380.00","96,360.00","92,975.00","90,425.00","86,979.17",0,"4,020","19,874.80","15,947.80","26,551.42","13,713.25"
2019-06-21,"94,800","95,200","88,600","88,700","94,560.00","95,580.00","93,115.00","90,528.33","87,011.67",42,"20,759","16,185.80","16,577.60","26,873.32","13,881.53"
2019-06-24,"88,100","89,700","87,000","87,400","92,760.00","94,740.00","93,135.00","90,611.67","87,034.17",0,"12,077","12,262.80","16,579.20","27,036.98","13,980.24"
2019-06-25,"87,900","88,300","86,600","86,600","90,720.00","93,710.00","93,090.00","90,683.33","87,048.33",0,"7,828","10,020.20","16,603.70","27,161.57","14,034.13"
2019-06-26,"86,100","87,500","85,800","87,400","88,940.00","93,100.00","93,035.00","90,763.33","87,076.67",0,"5,968","10,130.40","16,678.15","27,252.33","14,069.42"
2019-06-27,"87,400","87,500","86,100","86,500","87,320.00","91,850.00","92,975.00","90,825.00","87,101.67",0,"4,963","10,319.00","16,745.10","27,327.35","14,107.62"
2019-06-28,"86,500","86,900","85,700","85,900","86,760.00","90,660.00","92,855.00","90,873.33","87,115.83",0,"5,146","7,196.40","16,757.00","27,406.72","14,138.65"
2019-07-01,"86,100","87,900","85,700","86,500","86,580.00","89,670.00","92,530.00","90,933.33","87,145.83",70,"5,377","5,856.40","15,630.70","27,475.37","14,175.42"
2019-07-02,"87,000","88,200","86,400","88,100","86,880.00","88,800.00","92,350.00","91,030.00","87,193.33",0,"7,014","5,693.60","15,372.40","27,579.57","14,229.31"
2019-07-03,"88,000","88,000","86,700","86,700","86,740.00","87,840.00","92,130.00","91,103.33","87,220.83",0,"2,744","5,048.80","15,205.45","27,611.80","14,247.53"
2019-07-04,"86,700","87,100","86,100","86,100","86,660.00","86,990.00","91,675.00","91,055.00","87,237.50",0,"3,010","4,658.20","14,202.15","26,221.00","14,256.73"
2019-07-05,"86,800","88,600","86,800","88,600","87,200.00","86,980.00","91,280.00","91,065.00","87,279.17",0,"6,632","4,955.40","12,281.00","25,868.55","14,307.45"
2019-07-08,"88,100","88,400","86,200","86,200","87,140.00","86,860.00","90,800.00","90,973.33","87,300.83",0,"5,718","5,023.60","11,911.90","25,542.23","14,354.65"
2019-07-09,"85,700","86,200","84,900","85,100","86,540.00","86,710.00","90,210.00","90,558.33","87,305.00",0,"6,405","4,901.80","11,893.75","22,674.60","14,396.21"
2019-07-10,"85,300","85,800","85,200","85,600","86,320.00","86,530.00","89,815.00","90,185.00","87,314.17",8,"1,684","4,689.80","11,218.45","19,508.32","14,408.65"
2019-07-11,"85,600","87,700","85,600","87,700","86,640.00","86,650.00","89,250.00","89,846.67","87,345.00",0,"4,899","5,067.60","9,979.90","17,764.88","14,437.12"
2019-07-12,"87,600","87,900","86,300","86,700","86,260.00","86,730.00","88,695.00","89,643.33","87,370.00",0,"2,225","4,186.20","8,130.95","16,386.13","14,449.19"
2019-07-15,"86,900","86,900","85,400","85,800","86,180.00","86,660.00","88,165.00","89,513.33","87,387.50",0,"3,293","3,701.20","6,711.00","15,177.77","14,472.00"
2019-07-16,"85,600","86,200","85,300","85,800","86,320.00","86,430.00","87,615.00","89,383.33","87,405.00",0,"1,685","2,757.20","5,843.20","14,717.30","14,481.04"
2019-07-17,"85,600","86,100","85,000","85,200","86,240.00","86,280.00","87,060.00","89,270.00","87,420.83",0,"1,626","2,745.60","5,653.65","14,176.90","14,487.69"
2019-07-18,"85,500","85,500","84,700","85,000","85,700.00","86,170.00","86,580.00","89,175.00","87,439.17",0,"1,360","2,037.80","5,520.65","13,667.20","14,489.00"
2019-07-19,"84,800","85,600","84,800","85,600","85,480.00","85,870.00","86,425.00","89,146.67","87,462.50",0,"1,555","1,903.80","4,560.45","13,276.12","14,498.46"
2019-07-22,"86,300","86,300","85,100","85,700","85,460.00","85,820.00","86,340.00","89,118.33","87,490.00",0,"1,372","1,519.60","4,025.20","12,784.17","14,503.05"
2019-07-23,"85,200","86,800","85,200","86,300","85,560.00","85,940.00","86,325.00","89,091.67","87,521.67",0,"2,262","1,635.00","3,746.90","11,802.10","14,514.83"
2019-07-24,"85,900","88,000","85,100","85,700","85,660.00","85,950.00","86,240.00","89,076.67","87,549.17",0,"3,330","1,975.80","3,615.00","11,526.85","14,536.78"
2019-07-25,"85,700","85,700","84,500","85,300","85,720.00","85,710.00","86,180.00","89,066.67","87,574.17",0,"3,214","2,346.60","3,527.55","11,392.57","14,560.57"
2019-07-26,"85,300","85,300","83,300","84,200","85,440.00","85,460.00","86,095.00","89,035.00","87,592.50",0,"3,708","2,777.20","3,455.65","11,171.15","14,585.31"
2019-07-29,"83,700","83,700","82,200","82,700","84,840.00","85,150.00","85,905.00","88,958.33","87,596.67",0,"8,474","4,197.60","3,610.50","11,161.02","14,647.05"
2019-07-30,"83,200","83,700","82,200","83,400","84,260.00","84,910.00","85,670.00","88,915.00","87,604.17",70,"1,468","4,038.80","3,333.20","11,073.68","14,651.82"
2019-07-31,"83,000","83,700","82,700","83,100","83,740.00","84,700.00","85,490.00","88,868.33","87,606.67",0,"4,088","4,190.40","3,400.40","11,013.72","14,682.99"
2019-08-01,"83,500","83,500","82,600","82,600","83,200.00","84,460.00","85,315.00","88,801.67","87,605.83",0,"3,275","4,202.60","3,413.65","10,919.80","14,701.79"
2019-08-02,"82,300","84,000","81,800","83,000","82,960.00","84,200.00","85,035.00","88,730.00","87,606.67",0,"5,272","4,515.40","3,345.65","10,327.60","14,743.82"
2019-08-05,"82,800","87,500","82,300","83,800","83,180.00","84,010.00","84,915.00","88,595.00","87,601.67",66,"6,466","4,113.80","3,383.05","9,600.20","14,782.85"
2019-08-06,"81,800","83,700","81,100","83,000","83,100.00","83,680.00","84,810.00","88,486.67","87,587.50",0,"4,754","4,771.00","3,300.50","9,392.50","14,814.70"
2019-08-07,"82,100","85,000","82,100","84,100","83,300.00","83,520.00","84,735.00","88,345.00","87,580.00",0,"3,317","4,616.80","3,382.15","9,113.43","14,840.58"
2019-08-08,"83,800","85,500","83,800","85,400","83,860.00","83,530.00","84,620.00","88,231.67","87,583.33",67,"4,125","4,786.80","3,343.45","8,921.37","14,870.17"
2019-08-09,"84,400","85,400","83,200","83,200","83,900.00","83,430.00","84,445.00","88,116.67","87,575.00",0,"1,854","4,103.20","3,324.90","8,730.60","14,878.15"
2019-08-12,"83,200","85,300","83,200","85,300","84,200.00","83,690.00","84,420.00","88,085.00","87,582.50",70,"4,073","3,624.60","3,363.90","8,609.10","14,909.19"
2019-08-13,"84,900","85,500","84,000","84,600","84,520.00","83,810.00","84,360.00","88,055.00","87,585.00",0,"2,830","3,239.80","3,421.15","8,505.63","14,925.59"
2019-08-14,"85,300","85,400","84,600","85,000","84,700.00","84,000.00","84,350.00","88,008.33","87,594.17",0,"1,734","2,923.20","3,426.55","8,359.72","14,931.75"
2019-08-16,"84,000","85,500","83,600","85,000","84,620.00","84,240.00","84,350.00","87,968.33","87,600.83",0,"3,765","2,851.20","3,546.80","8,338.42","14,957.41"
2019-08-19,"83,900","86,200","83,900","85,400","85,060.00","84,480.00","84,340.00","87,960.00","87,610.83",0,"3,700","3,220.40","3,654.05","8,264.03","14,986.08"
2019-08-20,"85,400","86,500","84,600","86,000","85,200.00","84,700.00","84,355.00","87,943.33","87,625.83",0,"2,138","2,833.40","3,692.35","8,098.92","14,999.13"
2019-08-21,"85,600","86,600","85,300","86,400","85,560.00","85,040.00","84,360.00","87,925.00","87,645.00",0,"1,161","2,499.60","3,637.30","7,995.97","15,004.89"
2019-08-22,"86,000","86,400","85,400","86,200","85,800.00","85,250.00","84,385.00","87,886.67","87,660.00",0,614,"2,275.60","3,501.50","7,931.55","14,989.93"
2019-08-23,"86,200","86,400","85,000","85,900","85,980.00","85,300.00","84,415.00","87,856.67","87,675.00",30,"1,617","1,846.00","3,421.65","7,898.10","14,998.12"
2019-08-26,"84,800","86,200","84,800","85,200","85,940.00","85,500.00","84,465.00","87,805.00","87,685.00",0,"2,024","1,510.80","3,337.45","7,850.03","15,011.13"
2019-08-27,"85,800","86,000","84,800","85,100","85,760.00","85,480.00","84,585.00","87,673.33","87,699.17",0,"2,081","1,499.40","3,017.80","7,419.67","15,025.07"
2019-08-28,"85,100","87,500","84,600","87,000","85,880.00","85,720.00","84,765.00","87,595.00","87,730.00",0,"3,296","1,926.40","3,109.20","7,271.60","15,048.61"
2019-08-29,"86,900","87,300","86,300","86,400","85,920.00","85,860.00","84,930.00","87,516.67","87,755.83",37,"1,324","2,068.40","2,971.00","7,192.28","15,053.17"
2019-08-30,"86,400","87,200","84,800","85,300","85,800.00","85,890.00","85,065.00","87,351.67","87,773.33",38,"11,522","4,049.40","3,383.35","6,999.72","15,145.52"
2019-09-02,"85,300","86,200","85,300","86,100","85,980.00","85,960.00","85,220.00","87,178.33","87,795.83",0,"1,009","3,846.40","3,170.20","6,265.62","15,147.88"
2019-09-03,"85,400","86,400","85,400","86,300","86,220.00","85,990.00","85,345.00","87,020.00","87,821.67",0,787,"3,587.60","2,886.25","6,060.40","15,153.82"
2019-09-04,"85,900","86,900","85,900","86,900","86,200.00","86,040.00","85,540.00","86,853.33","87,851.67",0,"1,656","3,259.60","2,731.35","5,975.20","15,161.29"
2019-09-05,"86,900","87,400","86,100","87,000","86,320.00","86,120.00","85,685.00","86,745.00","87,884.17",0,"1,360","3,266.80","2,633.50","5,744.70","15,167.67"
2019-09-06,"86,500","87,100","86,200","87,000","86,660.00","86,230.00","85,765.00","86,545.00","87,913.33",0,629,"1,088.20","2,458.70","5,260.68","15,167.63"
2019-09-09,"85,500","87,100","85,500","86,900","86,820.00","86,400.00","85,950.00","86,363.33","87,947.50",30,"1,291","1,144.60","2,430.55","4,628.80","15,166.07"
2019-09-10,"85,800","86,900","85,700","86,900","86,940.00","86,580.00","86,030.00","86,205.00","87,982.50",0,"1,098","1,206.80","2,281.80","4,118.90","15,140.28"
2019-09-11,"86,200","87,300","85,900","86,900","86,940.00","86,570.00","86,145.00","86,040.00","88,015.83",0,"1,658","1,207.20","2,223.20","3,829.18","15,137.43"
2019-09-16,"86,400","87,700","86,400","87,700","87,080.00","86,700.00","86,280.00","85,896.67","88,057.50",0,947,"1,124.60","2,183.85","3,754.68","15,133.28"
2019-09-17,"88,000","88,000","87,200","87,800","87,240.00","86,950.00","86,420.00","85,783.33","88,104.17",0,"1,592","1,317.20","2,075.20","3,714.22","15,132.82"
2019-09-18,"87,900","88,100","87,200","87,900","87,440.00","87,130.00","86,545.00","85,770.00","88,149.17",0,"1,806","1,420.20","1,980.50","3,398.33","15,135.83"
2019-09-19,"87,600","88,200","87,000","87,900","87,640.00","87,290.00","86,640.00","85,778.33","88,195.00",0,"2,179","1,636.40","1,982.55","3,233.37","15,135.17"
2019-09-20,"88,100","88,500","87,500","88,500","87,960.00","87,450.00","86,745.00","85,810.00","88,246.67",0,"1,926","1,690.00","2,020.80","3,135.00","15,148.28"
2019-09-23,"87,800","88,300","86,900","87,200","87,860.00","87,470.00","86,795.00","85,806.67","88,285.00",0,"1,569","1,814.40","2,068.55","3,061.68","15,157.01"
2019-09-24,"87,000","87,200","85,600","85,800","87,460.00","87,350.00","86,790.00","85,795.00","88,310.00",0,"4,551","2,406.20","2,215.25","3,054.82","15,191.08"
2019-09-25,"85,900","86,100","84,600","84,600","86,800.00","87,120.00","86,760.00","85,773.33","88,323.33",0,"4,605","2,966.00","2,344.30","3,045.80","15,226.26"
2019-09-26,"85,300","87,300","85,000","86,300","86,480.00","87,060.00","86,820.00","85,770.00","88,351.67",0,"4,400","3,410.20","2,460.25","3,029.52","15,252.44"
2019-09-27,"86,600","87,500","85,000","85,000","85,780.00","86,870.00","86,720.00","85,718.33","88,374.17",70,"1,726","3,370.20","2,381.75","2,941.38","15,260.48"
2019-09-30,"85,000","85,900","84,500","85,900","85,520.00","86,690.00","86,695.00","85,705.00","88,404.17",0,"1,587","3,373.80","2,394.90","2,922.10","15,266.95"
2019-10-01,"85,500","87,100","84,100","87,100","85,780.00","86,620.00","86,785.00","85,721.67","88,388.33",0,"1,465","2,756.60","1,892.05","2,896.35","14,558.67"
2019-10-02,"86,500","87,300","86,200","87,300","86,320.00","86,560.00","86,845.00","85,700.00","88,382.50",67,954,"2,026.40","1,889.30","2,801.72","14,335.13"
2019-10-04,"86,700","86,900","85,800","86,100","86,280.00","86,380.00","86,835.00","85,698.33","88,335.83",0,932,"1,332.80","1,896.55","2,721.95","14,132.09"
2019-10-07,"86,900","86,900","84,100","85,500","86,380.00","86,080.00","86,765.00","85,705.00","88,131.67",0,"1,614","1,310.40","1,894.45","2,642.10","12,658.35"
2019-10-08,"86,600","86,800","84,500","85,000","86,200.00","85,860.00","86,665.00","85,695.00","87,940.00",0,"1,292","1,251.40","1,891.05","2,635.57","11,071.94"
2019-10-10,"84,700","85,800","84,400","85,800","85,940.00","85,860.00","86,605.00","85,663.33","87,755.00",0,"1,112","1,180.80","1,915.20","2,572.45","10,168.67"
2019-10-11,"85,700","85,800","84,800","85,100","85,500.00","85,910.00","86,515.00","85,636.67","87,640.00",0,"1,008","1,191.60","1,901.05","2,552.17","9,469.15"
2019-10-14,"85,000","85,400","84,800","85,400","85,360.00","85,820.00","86,440.00","85,630.00","87,571.67",70,772,"1,159.60","1,884.75","2,510.15","8,843.96"
2019-10-15,"85,300","86,200","84,800","85,300","85,320.00","85,850.00","86,360.00","85,621.67","87,502.50",70,"1,455","1,127.80","1,874.60","2,506.32","8,611.81"
2019-10-16,"85,000","85,900","85,000","85,900","85,500.00","85,850.00","86,270.00","85,633.33","87,451.67",0,623,994.00,"1,858.40","2,489.60","8,333.25"
2019-10-17,"85,900","85,900","84,900","85,400","85,420.00","85,680.00","86,150.00","85,640.00","87,407.50",0,"1,289","1,029.40","1,843.25","2,488.42","8,077.81"
2019-10-18,"85,000","85,700","84,100","85,600","85,520.00","85,510.00","86,035.00","85,640.00","87,393.33",0,"1,427","1,113.20","1,824.30","2,486.28","7,881.20"
2019-10-21,"85,600","85,800","85,200","85,300","85,500.00","85,430.00","85,905.00","85,633.33","87,375.83",0,589,"1,076.60","1,744.80","2,473.23","7,628.70"
2019-10-22,"85,000","86,600","85,000","86,600","85,760.00","85,540.00","85,810.00","85,638.33","87,365.00",60,"1,010",987.60,"1,699.00","2,452.37","7,127.23"
2019-10-23,"86,500","86,600","85,100","85,200","85,620.00","85,560.00","85,710.00","85,630.00","87,353.33",37,764,"1,015.80","1,658.75","2,409.60","6,968.23"
2019-10-24,"85,200","85,800","84,400","85,000","85,540.00","85,480.00","85,670.00","85,625.00","87,345.83",38,994,956.80,"1,480.90","2,372.60","6,882.58"
2019-10-25,"85,100","85,800","84,700","84,900","85,400.00","85,460.00","85,685.00","85,636.67","87,335.83",0,"1,123",896.00,"1,306.80","2,329.52","6,750.33"
2019-10-28,"84,800","85,400","84,800","84,800","85,300.00","85,400.00","85,610.00","85,671.67","87,315.00",0,407,859.60,"1,107.15","2,195.07","6,678.04"
2019-10-29,"84,700","85,500","84,300","85,300","85,040.00","85,400.00","85,625.00","85,703.33","87,309.17",0,805,818.60,"1,061.10","2,184.02","6,628.85"
2019-10-30,"85,300","87,500","85,100","87,000","85,400.00","85,510.00","85,680.00","85,768.33","87,318.33",0,"5,017","1,669.20","1,232.60","2,199.50","6,606.61"
2019-10-31,"86,900","87,600","86,100","87,500","85,900.00","85,720.00","85,700.00","85,850.00","87,325.83",67,"2,397","1,949.80","1,279.20","2,184.87","6,552.33"
2019-11-01,"87,600","88,000","86,600","88,000","86,520.00","85,960.00","85,735.00","85,933.33","87,331.67",20,"1,277","1,980.60","1,295.35","2,118.28","6,222.94"
2019-11-04,"87,200","93,600","87,200","93,300","88,220.00","86,760.00","86,095.00","86,091.67","87,343.33",18,"12,947","4,488.60","1,896.10","2,226.30","5,913.25"
2019-11-05,"92,300","92,700","91,300","91,300","89,420.00","87,230.00","86,385.00","86,230.00","87,358.33",37,"2,865","4,900.60","1,958.65","2,194.82","5,793.66"
2019-11-06,"91,200","93,000","90,600","92,100","90,440.00","87,920.00","86,740.00","86,363.33","87,354.17",0,"3,053","4,507.80","2,046.70","2,190.42","5,651.93"
2019-11-07,"92,100","92,600","91,400","92,500","91,440.00","88,670.00","87,075.00","86,481.67","87,356.67",0,"1,215","4,271.40","2,051.85","2,141.92","5,531.64"
2019-11-08,"92,000","92,900","90,700","91,300","92,100.00","89,310.00","87,385.00","86,616.67","87,366.67",0,"1,716","4,359.20","2,087.25","2,139.62","5,435.11"
2019-11-11,"91,100","92,000","90,600","92,000","91,840.00","90,030.00","87,715.00","86,728.33","87,406.67",0,"1,291","2,028.00","2,113.20","2,093.25","5,351.18"
2019-11-12,"91,800","91,800","90,400","90,400","91,660.00","90,540.00","87,970.00","86,825.00","87,440.00",0,"1,577","1,770.40","2,119.30","2,072.37","5,289.00"
2019-11-13,"90,400","91,100","90,200","91,100","91,460.00","90,950.00","88,230.00","86,926.67","87,467.50",0,"1,355","1,430.80","2,155.90","2,066.05","5,212.88"
2019-11-14,"90,900","92,400","90,900","92,000","91,360.00","91,400.00","88,560.00","87,043.33","87,505.83",0,"1,590","1,505.80","2,170.95","2,029.80","5,184.11"
2019-11-15,"91,000","92,500","89,500","89,500","91,000.00","91,550.00","88,755.00","87,111.67","87,535.83",0,"3,238","1,810.20","2,261.50","2,022.10","5,143.07"
2019-11-18,"89,400","90,200","89,100","89,100","90,420.00","91,130.00","88,945.00","87,163.33","87,553.33",0,"1,562","1,864.40","2,310.15","2,012.50","5,055.71"
2019-11-19,"89,200","89,900","88,600","89,900","90,320.00","90,990.00","89,110.00","87,221.67","87,573.33",0,"1,236","1,796.20","2,321.45","2,013.75","5,004.86"
2019-11-20,"89,800","89,800","87,200","87,400","89,580.00","90,520.00","89,220.00","87,241.67","87,564.17",2,"2,819","2,089.00","2,424.20","2,050.50","4,991.02"
2019-11-21,"88,000","88,000","86,000","86,200","88,420.00","89,890.00","89,280.00","87,246.67","87,551.67",0,"1,914","2,153.80","2,470.20","2,055.45","4,976.77"
2019-11-22,"88,000","88,300","86,300","87,900","88,100.00","89,550.00","89,430.00","87,291.67","87,548.33",0,"1,627","1,831.60","2,495.40","2,048.83","4,949.43"
2019-11-25,"87,900","90,000","87,900","89,800","88,240.00","89,330.00","89,680.00","87,370.00","87,521.67",0,"1,727","1,864.60","2,561.40","2,042.93","4,731.30"
2019-11-26,"88,300","89,300","88,000","88,000","87,860.00","89,090.00","89,815.00","87,386.67","87,490.83",0,"1,131","1,843.60","2,577.70","2,006.85","4,639.23"
2019-11-27,"88,000","88,500","87,400","88,500","88,080.00","88,830.00","89,890.00","87,421.67","87,469.17",0,"1,431","1,566.00","2,398.40","2,008.63","4,600.46"
2019-11-28,"88,400","88,400","86,800","87,000","88,240.00","88,330.00","89,865.00","87,450.00","87,400.83",0,"1,419","1,467.00","2,349.50","1,840.25","4,419.98"
2019-11-29,"86,900","87,900","86,600","87,100","88,080.00","88,090.00","89,820.00","87,466.67","87,322.50",0,"1,060","1,353.60","2,338.65","1,841.10","4,053.36"
2019-12-02,"86,300","87,700","86,300","86,900","87,500.00","87,870.00","89,500.00","87,476.67","87,248.33",0,"1,066","1,221.40","1,744.60","1,845.75","3,953.07"
2019-12-03,"86,800","87,100","86,300","86,600","87,220.00","87,540.00","89,265.00","87,471.67","87,162.50",70,"1,139","1,223.00","1,658.30","1,837.13","3,906.17"
2019-12-04,"86,000","86,700","86,000","86,200","86,760.00","87,420.00","88,970.00","87,458.33","87,101.67",0,986,"1,134.00","1,554.95","1,830.90","3,787.80"
2019-12-05,"87,000","88,900","87,000","88,300","87,020.00","87,630.00","88,760.00","87,480.00","87,012.50",0,"2,148","1,279.80","1,601.60","1,856.22","3,558.45"
2019-12-06,"88,200","89,600","85,400","89,600","87,520.00","87,800.00","88,675.00","87,525.00","86,944.17",0,"2,572","1,582.20","1,644.40","1,877.57","3,253.18"
2019-12-09,"88,500","89,200","86,400","86,400","87,420.00","87,460.00","88,395.00","87,516.67","86,860.83",0,"1,743","1,717.60","1,667.00","1,888.32","3,003.61"
2019-12-10,"86,200","88,400","86,200","87,800","87,660.00","87,440.00","88,265.00","87,531.67","86,785.83",0,"4,516","2,393.00","1,813.95","1,935.95","2,882.57"
2019-12-11,"86,900","89,000","86,900","88,800","88,180.00","87,470.00","88,150.00","87,550.00","86,723.33",0,"4,998","3,195.40","1,996.10","2,003.47","2,879.07"
2019-12-12,"88,000","89,400","86,800","86,800","87,880.00","87,450.00","87,890.00","87,533.33","86,658.33",0,"4,572","3,680.20","2,145.20","2,053.13","2,883.68"
2019-12-13,"86,800","88,900","86,200","86,200","87,200.00","87,360.00","87,725.00","87,505.00","86,637.50",66,"29,611","9,088.00","3,463.85","2,516.55","2,957.44"
2019-12-16,"86,300","86,800","83,700","83,700","86,660.00","87,040.00","87,455.00","87,435.00","86,606.67",0,"17,258","12,191.00","4,248.65","2,767.87","3,000.62"
2019-12-17,"83,900","85,000","83,500","83,500","85,800.00","86,730.00","87,135.00","87,351.67","86,580.83",0,"11,726","13,633.00","4,773.15","2,931.20","3,033.10"
2019-12-18,"83,600","85,100","83,600","85,100","85,060.00","86,620.00","87,020.00","87,316.67","86,561.67",0,"4,853","13,604.00","4,874.85","2,985.93","3,023.81"
2019-12-19,"84,900","86,200","84,700","86,200","84,940.00","86,410.00","87,020.00","87,323.33","86,559.17",0,"3,206","13,330.80","4,939.45","2,963.52","3,009.17"
2019-12-20,"86,600","87,300","85,700","86,000","84,900.00","86,050.00","86,925.00","87,346.67","86,560.00",0,"4,285","8,265.60","5,072.35","2,958.18","3,001.99"
2019-12-23,"85,900","91,000","84,900","88,900","85,940.00","86,300.00","86,880.00","87,390.00","86,580.00",60,"15,657","7,945.40","5,768.85","3,145.80","3,087.66"
2019-12-24,"89,900","91,500","88,300","89,700","87,180.00","86,490.00","86,965.00","87,468.33","86,593.33",0,"9,339","7,468.00","6,179.25","3,272.68","3,107.03"
2019-12-26,"90,500","91,700","89,800","91,600","88,480.00","86,770.00","87,120.00","87,563.33","86,634.17",0,"10,419","8,581.20","6,628.65","3,419.88","3,170.99"
2019-12-27,"89,200","90,200","88,100","88,200","88,880.00","86,910.00","87,180.00","87,581.67","86,651.67",0,"3,651","8,670.20","6,740.25","3,456.32","3,176.33"
2019-12-30,"89,400","90,200","88,800","88,800","89,440.00","87,170.00","87,265.00","87,606.67","86,653.33",30,"5,391","8,891.40","6,956.80","3,530.27","3,165.99"
2020-01-02,"89,000","89,300","87,900","89,000","89,460.00","87,700.00","87,370.00","87,655.00","86,676.67",0,"2,526","6,265.20","7,029.80","3,556.83","3,139.39"
2020-01-03,"88,400","89,900","88,000","89,000","89,320.00","88,250.00","87,490.00","87,713.33","86,709.17",0,"2,280","4,853.40","7,086.85","3,567.93","3,105.02"
2020-01-06,"88,200","88,900","86,000","86,100","88,220.00","88,350.00","87,485.00","87,731.67","86,713.33",0,"2,386","3,246.80","7,156.85","3,586.17","3,110.87"
2020-01-07,"86,100","86,700","85,000","85,200","87,620.00","88,250.00","87,330.00","87,721.67","86,692.50",0,"3,060","3,128.60","7,202.45","3,618.63","3,095.54"
2020-01-08,"84,800","84,800","82,400","82,700","86,400.00","87,920.00","86,985.00","87,681.67","86,659.17",0,"4,006","2,851.60","7,274.15","3,668.60","3,110.38"
2020-01-09,"83,000","83,600","82,500","82,800","85,160.00","87,310.00","86,805.00","87,638.33","86,634.17",0,"3,886","3,123.60","7,381.30","3,720.50","3,115.32"
2020-01-10,"82,800","83,400","82,300","83,300","84,020.00","86,670.00","86,580.00","87,605.00","86,613.33",0,"3,574","3,382.40","7,334.20","3,755.82","3,131.07"
2020-01-13,"84,000","84,600","83,600","84,100","83,620.00","85,920.00","86,345.00","87,575.00","86,604.17",0,"2,150","3,335.20","7,191.80","3,781.27","3,135.43"
2020-01-14,"83,600","84,000","82,700","82,900","83,160.00","85,390.00","86,150.00","87,533.33","86,586.67",0,"4,384","3,600.00","7,182.40","3,832.85","3,160.63"
2020-01-15,"82,900","84,700","82,800","83,100","83,240.00","84,820.00","85,995.00","87,491.67","86,565.83",66,"2,813","3,361.40","5,842.50","3,855.95","3,171.12"
2020-01-16,"83,100","83,600","82,900","82,900","83,260.00","84,210.00","85,955.00","87,451.67","86,542.50",0,"2,305","3,045.20","5,094.85","3,884.55","3,178.89"
2020-01-17,"83,600","83,600","82,800","82,900","83,180.00","83,600.00","85,925.00","87,390.00","86,514.17",0,"2,879","2,906.20","4,652.50","3,915.70","3,184.03"
2020-01-20,"82,900","83,100","82,800","82,900","82,940.00","83,280.00","85,815.00","87,351.67","86,490.83",70,"2,547","2,985.60","4,537.20","3,945.42","3,177.51"
2020-01-21,"82,900","82,900","82,200","82,700","82,900.00","83,030.00","85,640.00","87,313.33","86,469.17",0,"2,823","2,673.40","4,518.05","3,975.90","3,174.25"
2020-01-22,"82,700","82,700","82,200","82,700","82,820.00","83,030.00","85,475.00","87,276.67","86,456.67",70,"2,180","2,546.80","4,412.80","3,993.52","3,161.52"
2020-01-23,"82,700","82,900","82,300","82,700","82,780.00","83,020.00","85,165.00","87,241.67","86,456.67",0,"2,293","2,544.40","3,744.60","4,024.95","3,110.01"
2020-01-28,"82,000","82,300","81,200","81,400","82,480.00","82,830.00","84,750.00","87,176.67","86,440.00",0,"2,835","2,535.60","3,419.40","4,058.78","3,121.40"
2020-01-29,"81,400","82,000","80,400","80,700","82,040.00","82,490.00","84,205.00","87,071.67","86,420.00",0,"3,403","2,706.80","3,068.60","4,031.88","3,115.69"
2020-01-30,"81,000","81,000","80,000","80,400","81,580.00","82,240.00","83,815.00","86,953.33","86,401.67",0,"4,674","3,077.00","3,119.75","4,069.83","3,127.35"
2020-01-31,"80,400","80,500","79,700","80,100","81,060.00","81,940.00","83,380.00","86,821.67","86,377.50",0,"1,899","3,020.80","2,945.15","4,080.20","3,099.24"
2020-02-03,"80,200","80,700","79,300","80,100","80,540.00","81,660.00","82,935.00","86,601.67","86,346.67",0,"2,748","3,111.80","2,956.25","3,910.22","3,068.26"
2020-02-04,"79,500","80,200","79,500","80,100","80,280.00","81,380.00","82,490.00","86,415.00","86,322.50",0,"1,258","2,796.40","2,905.15","3,883.43","3,039.13"
2020-02-05,"80,200","80,200","78,800","78,900","79,920.00","80,980.00","82,130.00","86,195.00","86,279.17",2,"7,273","3,570.40","3,149.50","3,953.77","3,072.09"
2020-02-06,"78,900","80,300","78,900","80,100","79,860.00","80,720.00","81,875.00","85,988.33","86,235.00",0,"3,313","3,298.20","3,162.15","3,988.73","3,065.32"
2020-02-07,"79,700","80,000","79,400","79,500","79,740.00","80,400.00","81,715.00","85,791.67","86,204.17",0,"1,171","3,152.60","3,020.40","3,979.65","3,059.63"
2020-02-10,"79,400","79,900","78,800","79,000","79,520.00","80,030.00","81,525.00","85,575.00","86,151.67",0,"2,013","3,005.60","2,926.75","3,991.68","3,042.47"
2020-02-11,"78,700","80,100","78,700","79,800","79,460.00","79,870.00","81,350.00","85,398.33","86,111.67",0,927,"2,939.40","2,794.40","3,980.85","3,026.61"
2020-02-12,"79,500","79,900","79,000","79,500","79,580.00","79,750.00","81,120.00","85,205.00","86,065.83",0,"2,026","1,890.00","2,788.20","3,992.03","3,029.04"
2020-02-13,"79,400","79,800","79,100","79,300","79,420.00","79,640.00","80,940.00","84,993.33","86,018.33",0,"1,781","1,583.60","2,658.05","3,995.22","3,012.51"
2020-02-14,"79,300","79,600","78,700","79,000","79,320.00","79,530.00","80,735.00","84,818.33","85,965.00",0,968,"1,543.00","2,565.80","3,957.38","2,989.74"
2020-02-17,"79,000","79,400","78,800","79,000","79,320.00","79,420.00","80,540.00","84,650.00","85,906.67",0,866,"1,313.60","2,493.85","3,945.78","2,979.14"
2020-02-18,"79,000","79,400","78,400","79,000","79,160.00","79,310.00","80,345.00","84,468.33","85,845.00",0,"1,219","1,372.00","2,410.85","3,945.50","2,979.63"
2020-02-19,"78,600","79,000","78,600","78,800","79,020.00","79,300.00","80,140.00","84,325.00","85,783.33",0,718,"1,110.40","2,319.40","3,910.48","2,980.49"
2020-02-20,"78,600","79,300","78,200","78,500","78,860.00","79,140.00","79,930.00","84,196.67","85,721.67",0,"1,529","1,060.00","2,254.70","3,904.07","2,979.76"
2020-02-21,"78,200","78,500","77,200","78,200","78,700.00","79,010.00","79,705.00","84,035.00","85,663.33",0,"1,912","1,248.80","2,241.30","3,908.82","2,978.82"
2020-02-24,"78,100","78,100","76,300","76,300","78,160.00","78,740.00","79,385.00","83,810.00","85,590.00",2,"2,101","1,495.80","2,231.70","3,915.05","2,978.99"
2020-02-25,"76,300","77,900","76,100","77,500","77,860.00","78,510.00","79,190.00","83,635.00","85,510.83",0,"1,527","1,557.40","2,166.30","3,921.65","2,964.25"
2020-02-26,"77,300","77,900","76,300","77,500","77,600.00","78,310.00","79,030.00","83,451.67","85,436.67",0,"2,555","1,924.80","2,123.90","3,940.38","2,974.51"
2020-02-27,"77,500","78,800","76,800","78,100","77,520.00","78,190.00","78,915.00","83,303.33","85,376.67",67,"1,990","2,017.00","1,989.70","3,949.90","2,895.07"
2020-02-28,"77,600","78,000","76,200","77,900","77,460.00","78,080.00","78,805.00","83,150.00","85,308.33",71,"3,692","2,373.00","2,079.35","3,993.77","2,917.43"
2020-03-02,"77,900","77,900","75,600","77,500","77,700.00","77,930.00","78,675.00","82,993.33","85,235.00",71,"2,955","2,543.80","2,089.70","4,025.25","2,935.50"
2020-03-03,"77,400","79,000","77,100","78,800","77,960.00","77,910.00","78,610.00","82,863.33","85,167.50",60,"3,927","3,023.80","2,223.15","4,071.72","2,954.43"
2020-03-04,"77,700","84,000","75,000","78,100","78,080.00","77,840.00","78,570.00","82,728.33","85,093.33",0,"15,655","5,643.80","2,642.25","4,316.20","3,073.55"
2020-03-05,"78,200","78,800","77,700","78,400","78,140.00","77,830.00","78,485.00","82,563.33","85,021.67",0,"4,528","6,151.40","2,703.00","4,355.87","3,106.04"
2020-03-06,"78,000","78,300","77,100","77,900","78,140.00","77,800.00","78,405.00","82,368.33","84,946.67",0,"1,896","5,792.20","2,739.25","4,344.60","3,111.08"
2020-03-09,"77,300","77,400","75,100","76,800","78,000.00","77,850.00","78,295.00","82,208.33","84,862.50",0,"1,208","5,442.80","2,699.00","4,335.68","3,112.00"
2020-03-10,"76,400","76,400","73,900","75,000","77,240.00","77,600.00","78,055.00","81,995.00","84,763.33",0,"3,165","5,290.40","2,810.90","4,313.17","3,124.56"
2020-03-11,"75,900","76,100","73,700","73,800","76,380.00","77,230.00","77,770.00","81,745.00","84,647.50",2,"3,671","2,893.60","2,893.15","4,291.05","3,147.26"
2020-03-12,"73,800","75,000","72,200","72,200","75,140.00","76,640.00","77,415.00","81,501.67","84,517.50",0,"6,069","3,201.80","3,107.55","4,316.00","3,184.57"
2020-03-13,"68,100","72,200","65,600","71,500","73,860.00","76,000.00","77,040.00","81,256.67","84,380.83",0,"9,307","4,684.00","3,524.50","3,977.60","3,247.07"
2020-03-16,"71,500","72,600","70,200","70,500","72,600.00","75,300.00","76,615.00","81,036.67","84,235.83",0,"3,577","5,157.80","3,660.05","3,749.58","3,258.72"
2020-03-17,"66,700","70,900","66,700","70,100","71,620.00","74,430.00","76,170.00","80,813.33","84,082.50",0,"5,792","5,683.20","3,888.70","3,650.68","3,290.94"
2020-03-18,"70,100","74,400","68,700","71,700","71,200.00","73,790.00","75,815.00","80,590.00","83,953.33",0,"4,535","5,856.00","4,079.55","3,645.38","3,315.66"
2020-03-19,"69,200","72,300","65,100","69,900","70,740.00","72,940.00","75,385.00","80,318.33","83,820.83",0,"7,985","6,239.20","4,402.35","3,725.03","3,344.28"
2020-03-20,"69,800","71,000","68,400","69,000","70,240.00","72,050.00","74,925.00","80,035.00","83,690.83",0,"5,364","5,450.60","4,574.95","3,743.02","3,350.60"
2020-03-23,"68,000","72,000","64,000","69,100","69,960.00","71,280.00","74,565.00","79,705.00","83,547.50",0,"8,450","6,425.20","4,892.40","3,622.90","3,384.35"
2020-03-24,"71,300","72,000","66,800","68,500","69,640.00","70,630.00","74,115.00","79,351.67","83,410.00",0,"4,606","6,188.00","5,046.35","3,544.02","3,408.35"
2020-03-25,"69,600","69,600","68,400","69,200","69,140.00","70,170.00","73,700.00","78,978.33","83,270.83",0,"1,421","5,565.20","4,989.65","3,394.05","3,406.97"
2020-03-26,"69,200","69,700","67,800","69,300","69,020.00","69,880.00","73,260.00","78,663.33","83,122.50",0,"3,568","4,681.80","5,068.55","3,392.67","3,424.49"
2020-03-27,"69,300","70,000","67,800","68,100","68,840.00","69,540.00","72,770.00","78,318.33","82,962.50",70,"2,861","4,181.20","5,027.00","3,350.50","3,440.38"
2020-03-30,"67,500","70,800","66,600","70,800","69,180.00","69,570.00","72,435.00","78,015.00","82,835.00",60,"3,983","3,287.80","5,078.40","3,374.78","3,465.81"
2020-03-31,"70,800","71,000","69,900","70,900","69,660.00","69,650.00","72,040.00","77,713.33","82,713.33",61,"1,279","2,622.40","4,946.00","3,358.10","3,463.02"
2020-04-01,"70,100","70,700","69,500","70,400","69,900.00","69,520.00","71,655.00","77,451.67","82,591.67",0,"1,186","2,575.40","4,222.55","3,338.10","3,462.13"
2020-04-02,"71,000","74,500","69,700","72,700","70,580.00","69,800.00","71,370.00","77,243.33","82,482.50",0,"7,953","3,452.40","4,393.80","3,419.65","3,519.14"
2020-04-03,"72,300","74,500","72,000","72,700","71,500.00","70,170.00","71,110.00","77,076.67","82,379.17",30,"3,512","3,582.60","4,474.60","3,411.42","3,540.01"
2020-04-06,"73,100","74,200","72,000","72,300","71,800.00","70,490.00","70,885.00","76,901.67","82,270.00",0,"2,068","3,199.60","4,517.60","3,381.12","3,550.81"
2020-04-07,"72,700","73,300","70,500","73,000","72,220.00","70,940.00","70,785.00","76,730.00","82,167.50",0,"5,195","3,982.80","4,619.10","3,408.13","3,581.97"
2020-04-08,"73,000","74,500","71,000","72,700","72,680.00","71,290.00","70,730.00","76,540.00","82,057.50",0,"2,931","4,331.80","4,582.10","3,421.15","3,601.21"
2020-04-09,"72,700","74,300","72,200","72,700","72,680.00","71,630.00","70,755.00","76,370.00","81,951.67",0,"5,593","3,859.80","4,558.30","3,441.30","3,637.07"
2020-04-10,"80,500","83,900","77,500","77,500","73,640.00","72,570.00","71,055.00","76,276.67","81,884.17",0,"35,952","10,347.80","5,890.55","3,993.62","3,924.78"
2020-04-13,"77,700","79,600","72,500","72,500","73,680.00","72,740.00","71,155.00","76,103.33","81,777.50",0,"11,441","12,222.40","6,283.75","4,145.88","4,015.22"
2020-04-14,"72,600","73,300","72,000","72,800","73,640.00","72,930.00","71,290.00","75,935.00","81,662.50",0,"2,548","11,693.00","6,121.55","4,140.37","4,028.03"
2020-04-16,"72,900","72,900","72,000","72,800","73,660.00","73,170.00","71,345.00","75,766.67","81,559.17",0,"1,849","11,476.60","5,987.25","4,128.73","4,037.07"
2020-04-17,"72,600","76,300","72,600","74,300","73,980.00","73,330.00","71,565.00","75,626.67","81,470.00",0,"11,606","12,679.20","6,168.30","4,275.12","4,125.51"
2020-04-20,"74,400","74,900","73,900","74,400","73,360.00","73,500.00","71,835.00","75,488.33","81,382.50",0,"1,940","5,876.80","5,997.10","4,271.12","4,132.32"
2020-04-21,"73,900","74,000","71,700","73,000","73,460.00","73,570.00","72,030.00","75,326.67","81,284.17",0,"2,655","4,119.60","5,707.35","4,277.15","4,151.05"
2020-04-22,"72,900","74,000","71,700","74,000","73,700.00","73,670.00","72,305.00","75,203.33","81,190.00",30,"3,789","4,367.80","5,666.50","4,293.05","4,175.92"
2020-04-23,"73,900","74,100","73,100","73,700","73,880.00","73,770.00","72,530.00","75,086.67","81,079.17",0,"1,054","4,208.80","5,648.15","4,253.90","4,142.89"
2020-04-24,"73,700","73,900","72,500","73,300","73,680.00","73,830.00","72,730.00","74,968.33","80,960.83",0,"1,651","2,217.80","5,552.30","4,203.52","4,136.68"
2020-04-27,"73,300","73,700","72,800","73,600","73,520.00","73,440.00","73,005.00","74,860.00","80,840.83",0,550,"1,939.80","5,436.75","4,181.03","4,130.62"
2020-04-28,"73,400","75,000","73,200","75,000","73,920.00","73,690.00","73,215.00","74,775.00","80,688.33",0,"2,611","1,931.00","5,368.15","4,178.75","4,044.48"
2020-04-29,"75,700","75,700","74,000","75,100","74,140.00","73,920.00","73,425.00","74,691.67","80,553.33",33,"1,747","1,522.60","5,391.55","4,186.90","4,035.17"
2020-05-04,"75,100","75,100","73,500","73,500","74,100.00","73,990.00","73,580.00","74,601.67","80,398.33",26,"2,065","1,724.80","5,435.50","4,100.10","4,026.93"
2020-05-06,"73,500","75,400","73,500","75,200","74,480.00","74,080.00","73,705.00","74,520.00","80,254.17",70,"1,852","1,765.00","5,130.45","4,075.75","4,032.24"
2020-05-07,"75,100","75,200","74,100","74,500","74,660.00","74,090.00","73,795.00","74,436.67","80,114.17",37,"2,590","2,173.00","5,084.35","4,099.40","4,039.53"
2020-05-08,"74,900","74,900","74,100","74,200","74,500.00","74,210.00","73,890.00","74,356.67","79,965.83",38,725,"1,795.80","5,017.20","4,077.93","4,034.81"
2020-05-11,"74,600","74,700","73,500","74,300","74,340.00","74,240.00","73,955.00","74,265.00","79,831.67",0,953,"1,637.00","4,805.10","4,078.37","4,029.61"
2020-05-12,"74,900","74,900","73,000","73,300","74,300.00","74,200.00","73,985.00","74,161.67","79,683.33",0,864,"1,396.80","4,701.75","4,059.00","4,025.52"
2020-05-13,"73,700","74,500","72,500","74,400","74,140.00","74,310.00","74,070.00","74,080.00","79,536.67",0,"1,243","1,275.00","4,484.25","4,050.03","4,022.63"
2020-05-14,"74,400","74,900","73,200","74,900","74,220.00","74,440.00","73,940.00","74,011.67","79,415.00",20,639,884.80,"2,718.60","4,044.55","4,000.97"
2020-05-15,"74,400","74,400","73,000","74,000","74,180.00","74,340.00","74,015.00","73,928.33","79,289.17",0,594,858.60,"2,176.25","4,040.02","3,992.90"
2020-05-18,"73,800","74,800","73,300","74,400","74,200.00","74,270.00","74,095.00","73,851.67","79,160.00",0,"1,236",915.20,"2,110.65","4,040.30","3,992.90"
2020-05-19,"74,400","75,000","74,000","74,300","74,400.00","74,350.00","74,170.00","73,776.67","79,050.83",0,"1,737","1,089.80","2,105.05","4,057.28","3,983.88"
2020-05-20,"74,800","74,800","73,900","74,300","74,380.00","74,260.00","74,170.00","73,706.67","78,951.67",0,616,964.40,"1,555.55","4,042.07","3,973.07"
2020-05-21,"74,300","74,800","74,100","74,100","74,220.00","74,220.00","74,155.00","73,638.33","78,836.67",30,712,979.00,"1,494.15","4,022.07","3,965.44"
2020-05-22,"74,800","74,800","73,900","74,400","74,300.00","74,240.00","74,225.00","73,606.67","78,708.33",0,603,980.80,"1,391.55","3,997.10","3,956.07"
2020-05-25,"74,400","74,400","74,000","74,100","74,240.00","74,220.00","74,230.00","73,550.00","78,592.50",0,475,828.60,"1,225.85","3,979.57","3,950.61"
2020-05-26,"74,800","74,900","73,700","74,700","74,320.00","74,360.00","74,280.00","73,503.33","78,477.50",20,"1,719",825.00,"1,259.10","3,965.63","3,953.01"
2020-05-27,"75,300","75,300","74,500","74,900","74,440.00","74,410.00","74,360.00","73,450.00","78,376.67",0,"1,863","1,074.40","1,269.70","3,963.52","3,956.71"
2020-05-28,"75,200","75,200","74,300","74,400","74,500.00","74,360.00","74,400.00","73,391.67","78,270.83",0,868,"1,105.60","1,285.60","3,916.45","3,955.11"
2020-05-29,"74,000","74,400","73,800","74,200","74,460.00","74,380.00","74,360.00","73,336.67","78,165.00",0,"1,069","1,198.80","1,208.50","3,885.02","3,955.13"
2020-06-01,"74,200","74,800","74,200","74,800","74,600.00","74,420.00","74,345.00","73,270.00","78,066.67",0,789,"1,261.60","1,160.60","3,832.72","3,952.22"
2020-06-02,"74,900","76,000","74,500","75,500","74,760.00","74,540.00","74,445.00","73,226.67","77,977.50",0,"1,301","1,178.00","1,122.40","3,593.48","3,954.84"
2020-06-03,"75,700","77,500","75,200","76,600","75,100.00","74,770.00","74,515.00","73,196.67","77,880.00",0,"5,925","1,990.40","1,326.05","3,616.77","3,986.32"
2020-06-04,"77,400","77,600","75,800","75,900","75,400.00","74,950.00","74,585.00","73,163.33","77,765.83",0,"4,302","2,677.20","1,411.65","3,656.87","4,000.73"
2020-06-05,"75,900","79,000","75,700","79,000","76,360.00","75,410.00","74,825.00","73,200.00","77,704.17",18,"4,899","3,443.20","1,620.35","3,718.38","4,027.03"
2020-06-08,"79,800","80,400","77,800","79,900","77,380.00","75,990.00","75,105.00","73,281.67","77,638.33",0,"3,884","4,062.20","1,766.90","3,730.37","4,021.77"
2020-06-09,"79,200","80,700","79,100","79,100","78,100.00","76,430.00","75,395.00","73,370.00","77,557.50",0,"3,646","4,531.20","1,906.00","3,729.95","4,010.50"
2020-06-10,"79,100","79,400","77,400","77,800","78,340.00","76,720.00","75,565.00","73,463.33","77,482.50",0,"1,012","3,548.60","1,894.45","3,645.67","3,980.83"
2020-06-11,"77,800","78,100","73,600","74,100","77,980.00","76,690.00","75,525.00","73,506.67","77,381.67",42,"9,290","4,546.20","2,327.00","3,645.38","3,811.49"
2020-06-12,"73,000","73,300","72,000","73,100","76,800.00","76,580.00","75,480.00","73,550.00","77,293.33",0,"4,105","4,387.40","2,502.55","3,654.18","3,701.88"
2020-06-15,"73,500","73,500","70,800","71,200","75,060.00","76,220.00","75,320.00","73,568.33","77,190.83",0,"3,680","4,346.60","2,624.75","3,618.98","3,634.83"
2020-06-16,"71,200","72,900","71,200","72,900","73,820.00","75,960.00","75,250.00","73,588.33","77,089.17",0,"8,143","5,246.00","2,945.05","3,679.12","3,662.25"
2020-06-17,"72,500","72,600","71,400","72,000","72,660.00","75,500.00","75,135.00","73,623.33","76,970.83",0,"2,826","5,608.80","3,055.55","3,593.13","3,659.08"
2020-06-18,"72,100","72,400","71,300","72,000","72,240.00","75,110.00","75,030.00","73,673.33","76,854.17",0,"1,915","4,133.80","3,115.70","3,535.65","3,639.33"
2020-06-19,"72,000","75,200","71,500","74,500","72,520.00","74,660.00","75,035.00","73,763.33","76,734.17",0,"7,883","4,889.40","3,479.70","3,526.20","3,574.55"
2020-06-22,"74,400","74,400","72,200","73,600","73,000.00","74,030.00","75,010.00","73,848.33","76,600.00",0,"3,065","4,766.40","3,609.20","3,500.52","3,522.27"
2020-06-23,"73,600","73,700","72,200","73,000","73,020.00","73,420.00","74,925.00","73,911.67","76,445.00",70,"1,193","3,376.40","3,582.90","3,496.72","3,445.38"
2020-06-24,"73,200","73,200","71,800","71,900","73,000.00","72,830.00","74,775.00","73,955.00","76,309.17",0,"1,715","3,154.20","3,575.50","3,465.83","3,429.25"
2020-06-25,"71,200","72,600","71,000","71,500","72,900.00","72,570.00","74,630.00","74,011.67","76,165.00",0,"1,873","3,145.80","3,625.75","3,449.37","3,399.93"
2020-06-26,"72,400","72,700","71,500","72,200","72,440.00","72,480.00","74,530.00","74,035.00","76,025.00",0,"1,236","1,816.40","3,634.10","3,403.58","3,389.18"
2020-06-29,"71,200","71,800","71,200","71,500","72,020.00","72,510.00","74,365.00","74,045.00","75,879.17",0,877,"1,378.80","3,638.50","3,396.88","3,377.49"
2020-06-30,"71,500","72,100","71,500","71,700","71,760.00","72,390.00","74,175.00","74,066.67","75,759.17",0,119,"1,164.00","3,579.40","3,379.10","3,358.60"
2020-07-01,"72,000","72,300","71,300","72,000","71,780.00","72,390.00","73,945.00","74,055.00","75,649.17",0,331,887.20,"3,299.70","3,252.07","3,335.86"
2020-07-02,"72,000","72,300","71,500","72,300","71,940.00","72,420.00","73,765.00","74,048.33","75,562.50",0,428,598.20,"3,106.00","3,200.67","3,306.04"
2020-07-03,"72,300","72,300","71,600","71,700","71,840.00","72,140.00","73,400.00","74,038.33","75,470.00",0,724,495.80,"2,897.25","3,178.27","3,279.69"
2020-07-06,"71,700","72,500","71,700","72,100","71,960.00","71,990.00","73,010.00","74,023.33","75,376.67",0,800,480.40,"2,743.05","3,105.02","3,256.57"
2020-07-07,"72,000","73,500","71,600","72,200","72,060.00","71,910.00","72,665.00","74,015.00","75,277.50",0,"1,121",680.80,"2,616.80","3,074.85","3,248.00"
2020-07-08,"71,700","72,300","71,700","72,100","72,080.00","71,930.00","72,380.00","74,005.00","75,187.50",0,270,668.60,"2,579.70","2,986.13","3,213.72"
2020-07-09,"72,100","73,100","72,100","72,900","72,200.00","72,070.00","72,320.00","73,928.33","75,102.50",0,"1,763",935.60,"2,203.35","2,416.32","3,204.97"
2020-07-10,"72,200","72,900","71,600","72,300","72,320.00","72,080.00","72,280.00","73,925.00","75,014.17",0,807,952.20,"2,038.45","2,239.08","3,192.48"
2020-07-13,"71,800","72,400","71,700","72,400","72,380.00","72,170.00","72,340.00","73,918.33","74,926.67",0,584,909.00,"1,883.65","2,206.35","3,173.36"
2020-07-14,"72,400","73,400","71,800","72,100","72,360.00","72,210.00","72,300.00","73,906.67","74,836.67",0,609,806.60,"1,506.95","2,185.68","3,157.21"
2020-07-15,"72,700","73,000","72,200","72,500","72,440.00","72,260.00","72,325.00","73,876.67","74,751.67",0,978,948.20,"1,414.55","2,008.55","3,141.83"
2020-07-16,"73,300","73,300","71,200","71,200","72,100.00","72,150.00","72,285.00","73,823.33","74,655.83",2,"2,683","1,132.20","1,452.95","2,020.93","3,146.03"
2020-07-17,"71,800","73,000","71,700","72,900","72,220.00","72,270.00","72,205.00","73,821.67","74,574.17",58,850,"1,140.80","1,101.30","1,990.85","3,134.00"
2020-07-20,"73,400","73,400","72,100","72,800","72,300.00","72,340.00","72,165.00","73,801.67","74,502.50",0,527,"1,129.40",974.40,"1,936.48","3,114.77"
2020-07-21,"72,800","74,000","72,500","72,700","72,420.00","72,390.00","72,150.00","73,785.00","74,435.83",0,"1,347","1,277.00",982.10,"1,941.37","3,097.63"
2020-07-22,"72,700","73,400","72,500","73,300","72,580.00","72,510.00","72,220.00","73,785.00","74,376.67",0,"1,029","1,287.20",947.80,"1,931.00","3,067.26"
2020-07-23,"72,700","73,000","72,400","72,600","72,860.00","72,480.00","72,275.00","73,768.33","74,314.17",0,286,807.80,868.45,"1,926.60","3,053.82"
2020-07-24,"72,600","73,200","72,500","73,100","72,900.00","72,560.00","72,320.00","73,736.67","74,255.83",0,778,793.40,845.55,"1,896.05","3,037.40"
2020-07-27,"73,400","73,400","71,900","72,800","72,900.00","72,600.00","72,385.00","73,698.33","74,195.00",0,"1,943","1,076.60",898.85,"1,899.32","3,043.11"
2020-07-28,"72,800","72,800","72,300","72,500","72,860.00","72,640.00","72,425.00","73,681.67","74,141.67",0,"3,238","1,454.80","1,054.80","1,918.87","3,009.48"
2020-07-29,"72,100","73,100","72,100","72,500","72,700.00","72,640.00","72,450.00","73,636.67","74,078.33",0,442,"1,337.40","1,060.35","1,895.37","2,985.56"
2020-07-30,"73,300","73,300","72,600","72,800","72,740.00","72,800.00","72,475.00","73,608.33","74,022.50",0,403,"1,360.80","1,059.10","1,858.92","2,979.16"
2020-07-31,"73,000","73,700","73,000","73,000","72,720.00","72,810.00","72,540.00","73,588.33","73,972.50",0,899,"1,385.00","1,067.85","1,861.82","2,969.88"
2020-08-03,"73,800","73,800","72,100","73,500","72,860.00","72,880.00","72,610.00","73,575.00","73,920.00",20,"4,023","1,801.00","1,229.00","1,912.98","2,995.68"
2020-08-04,"73,500","73,500","71,600","72,000","72,760.00","72,810.00","72,600.00","73,553.33","73,857.50",0,"4,014","1,956.20","1,373.65","1,965.48","3,012.24"
2020-08-05,"72,500","74,100","72,500","73,900","73,040.00","72,870.00","72,690.00","73,545.00","73,812.50",0,"3,177","2,503.20","1,519.00","1,997.72","3,023.88"
2020-08-06,"73,300","76,100","73,300","76,000","73,680.00","73,210.00","72,845.00","73,563.33","73,787.50",18,"4,280","3,278.60","1,644.85","2,058.40","3,051.47"
2020-08-07,"76,000","77,000","73,500","73,700","73,820.00","73,270.00","72,915.00","73,558.33","73,743.33",0,"3,615","3,821.80","1,785.25","2,108.75","3,074.38"
2020-08-10,"73,300","74,500","72,500","73,200","73,760.00","73,310.00","72,955.00","73,538.33","73,695.00",0,"2,490","3,515.20","1,880.55","2,129.65","3,084.97"
2020-08-11,"73,200","73,900","72,700","73,400","74,040.00","73,400.00","73,020.00","73,523.33","73,650.00",0,"5,318","3,776.00","2,116.00","2,189.33","3,123.31"
2020-08-12,"73,200","74,100","72,500","72,600","73,780.00","73,410.00","73,025.00","73,495.00","73,600.83",0,"7,127","4,566.00","2,423.45","2,297.85","3,169.96"
2020-08-13,"72,700","73,700","72,700","72,900","73,160.00","73,420.00","73,110.00","73,475.00","73,556.67",0,"2,504","4,210.80","2,414.50","2,327.72","3,174.89"
2020-08-14,"74,000","74,000","72,800","72,900","73,000.00","73,410.00","73,110.00","73,450.00","73,528.33",0,"3,120","4,111.80","2,528.00","2,369.67","3,183.38"
2020-08-18,"73,500","73,500","72,000","72,400","72,840.00","73,300.00","73,090.00","73,421.67","73,485.83",0,"2,377","4,089.20","2,620.50","2,401.37","3,190.47"
2020-08-19,"73,300","73,300","72,200","72,300","72,620.00","73,330.00","73,070.00","73,381.67","73,442.50",0,589,"3,143.40","2,582.60","2,382.53","3,174.08"
2020-08-20,"72,300","73,200","70,400","72,000","72,500.00","73,140.00","73,005.00","73,333.33","73,391.67",0,"4,362","2,590.40","2,749.25","2,424.18","3,193.85"
2020-08-21,"72,000","72,700","70,500","71,400","72,200.00","72,680.00","72,945.00","73,283.33","73,337.50",0,"2,707","2,631.00","2,870.30","2,454.83","3,185.64"
2020-08-24,"71,200","72,400","70,300","71,000","71,820.00","72,410.00","72,840.00","73,230.00","73,283.33",0,"1,451","2,297.20","2,903.95","2,461.20","3,173.11"
2020-08-25,"71,200","71,900","71,000","71,200","71,580.00","72,210.00","72,760.00","73,170.00","73,220.00",0,"1,104","2,042.60","2,862.00","2,466.45","3,149.58"
2020-08-26,"71,100","71,700","71,100","71,200","71,360.00","71,990.00","72,695.00","73,098.33","73,162.50",0,724,"2,069.60","2,736.30","2,456.83","3,025.16"
2020-08-27,"73,200","73,200","71,000","71,200","71,200.00","71,850.00","72,630.00","73,008.33","73,102.50",2,394,"1,276.00","2,733.90","2,364.65","2,990.71"
2020-08-28,"72,400","72,400","70,800","71,300","71,180.00","71,690.00","72,555.00","72,931.67","73,047.50",69,"1,428","1,020.20","2,785.15","2,316.75","2,986.81"
2020-08-31,"71,100","73,000","71,100","72,100","71,400.00","71,610.00","72,510.00","72,816.67","73,008.33",0,"1,915","1,113.00","2,835.95","2,267.02","2,992.70"
2020-09-01,"71,700","72,800","71,500","71,500","71,460.00","71,520.00","72,410.00","72,676.67","72,979.17",0,"1,176","1,127.40","2,693.60","2,221.88","2,976.13"
2020-09-02,"72,200","72,500","71,400","71,500","71,520.00","71,440.00","72,385.00","72,550.00","72,960.00",0,694,"1,121.40","2,527.60","2,172.68","2,951.32"
2020-09-03,"71,500","72,300","71,400","71,400","71,560.00","71,380.00","72,260.00","72,443.33","72,953.33",70,"1,198","1,282.20","2,428.65","2,175.78","2,910.72"
2020-09-04,"71,400","71,600","71,000","71,400","71,580.00","71,380.00","72,030.00","72,398.33","72,952.50",0,903,"1,177.20","2,259.80","2,036.00","2,840.69"
2020-09-07,"71,400","71,900","71,100","71,500","71,460.00","71,430.00","71,920.00","72,371.67","72,960.83",0,"1,196","1,033.40","2,138.85","1,987.52","2,820.85"
2020-09-08,"71,400","72,300","71,300","71,500","71,460.00","71,460.00","71,835.00","72,376.67","72,972.50",0,"1,351","1,068.40","2,081.90","1,948.70","2,783.84"
2020-09-09,"71,500","71,700","71,000","71,200","71,400.00","71,460.00","71,725.00","72,348.33","72,968.33",0,982,"1,126.00","1,865.10","1,829.35","2,754.23"
2020-09-10,"71,300","72,400","71,300","72,100","71,540.00","71,550.00","71,700.00","72,350.00","72,986.67",0,"1,971","1,280.60","1,607.30","1,815.10","2,704.12"
2020-09-11,"72,100","72,100","71,600","71,600","71,580.00","71,580.00","71,635.00","72,343.33","73,008.33",0,356,"1,171.20","1,499.90","1,789.12","2,662.38"
2020-09-14,"71,700","72,900","71,700","72,500","71,780.00","71,620.00","71,615.00","72,310.00","73,036.67",0,"2,275","1,387.00","1,457.65","1,695.65","2,610.93"
2020-09-15,"73,100","74,200","72,500","73,700","72,220.00","71,840.00","71,680.00","72,311.67","73,080.00",0,"3,030","1,722.80","1,490.30","1,695.07","2,597.79"
2020-09-16,"74,000","75,800","73,700","74,000","72,780.00","72,090.00","71,765.00","72,328.33","73,120.00",0,"3,307","2,187.80","1,626.20","1,730.30","2,613.51"
2020-09-17,"75,300","76,800","73,600","74,000","73,160.00","72,350.00","71,865.00","72,363.33","73,159.17",0,"3,290","2,451.60","1,572.60","1,756.55","2,611.19"
2020-09-18,"74,300","74,700","73,300","74,400","73,720.00","72,650.00","72,015.00","72,411.67","73,211.67",0,817,"2,543.80","1,478.10","1,738.95","2,594.16"
2020-09-21,"74,800","74,800","72,800","73,000","73,820.00","72,800.00","72,115.00","72,425.00","73,230.00",39,"2,875","2,663.80","1,549.30","1,766.27","2,584.93"
2020-09-22,"72,600","72,600","72,000","72,500","73,580.00","72,900.00","72,180.00","72,441.67","73,243.33",40,"1,115","2,280.80","1,549.85","1,770.23","2,583.56"
2020-09-23,"72,200","73,000","72,000","73,000","73,380.00","73,080.00","72,270.00","72,463.33","73,265.00",0,"1,219","1,863.20","1,574.60","1,788.57","2,583.83"
2020-09-24,"72,000","73,200","71,900","71,900","72,960.00","73,060.00","72,305.00","72,461.67","73,258.33",0,899,"1,385.00","1,599.85","1,798.03","2,525.05"
2020-09-25,"71,900","73,500","71,800","72,700","72,620.00","73,170.00","72,375.00","72,468.33","73,258.33",0,907,"1,403.00","1,573.80","1,806.02","2,503.34"
2020-09-28,"73,000","73,600","72,200","72,900","72,600.00","73,210.00","72,415.00","72,488.33","73,263.33",0,564,940.80,"1,506.25","1,803.35","2,490.81"
2020-09-29,"74,000","74,000","72,900","73,100","72,720.00","73,150.00","72,495.00","72,505.00","73,264.17",0,404,798.60,"1,467.65","1,796.75","2,450.88"
2020-10-05,"73,100","73,300","73,100","73,300","72,780.00","73,080.00","72,585.00","72,523.33","73,269.17",0,105,575.80,"1,438.20","1,779.82","2,427.33"
2020-10-06,"73,300","73,500","72,900","72,900","72,980.00","72,970.00","72,660.00","72,536.67","73,270.83",0,"1,199",635.80,"1,438.25","1,795.30","2,390.72"
2020-10-07,"72,800","73,900","72,600","73,500","73,140.00","72,880.00","72,765.00","72,546.67","73,237.50",0,"2,289",912.20,"1,507.55","1,804.07","2,110.19"
2020-10-08,"77,600","78,100","73,300","73,900","73,340.00","72,970.00","72,885.00","72,573.33","73,249.17",0,"15,195","3,838.40","2,207.50","2,043.87","2,141.47"
2020-10-12,"74,000","74,200","73,100","74,000","73,520.00","73,120.00","73,010.00","72,600.00","73,259.17",0,"2,437","4,245.00","2,261.80","2,074.75","2,140.55"
2020-10-13,"74,200","74,200","73,100","73,700","73,600.00","73,190.00","73,135.00","72,626.67","73,266.67",30,"1,411","4,506.20","2,283.25","2,088.12","2,136.90"
2020-10-14,"73,700","73,800","73,200","73,200","73,660.00","73,320.00","73,190.00","72,638.33","73,257.50",0,"1,126","4,491.60","2,241.00","2,090.58","2,049.57"
2020-10-15,"73,700","73,800","73,000","73,400","73,640.00","73,390.00","73,280.00","72,675.00","73,249.17",30,"1,335","4,300.80","2,289.95","2,068.12","2,044.53"
2020-10-16,"73,700","74,100","73,000","73,100","73,480.00","73,410.00","73,310.00","72,678.33","73,250.00",0,"2,134","1,688.60","2,282.90","2,089.52","2,040.18"
2020-10-19,"73,700","73,700","73,100","73,600","73,400.00","73,460.00","73,305.00","72,691.67","73,246.67",0,611,"1,323.40","2,161.95","2,090.92","2,013.70"
2020-10-20,"73,600","73,700","72,800","73,600","73,380.00","73,490.00","73,285.00","72,706.67","73,245.83",30,"1,014","1,244.00","2,047.30","2,085.37","2,013.37"
2020-10-21,"73,600","74,000","73,300","73,800","73,500.00","73,580.00","73,275.00","72,715.00","73,250.00",0,957,"1,210.20","1,930.65","2,084.17","2,007.58"
2020-10-22,"73,500","74,000","73,300","73,500","73,520.00","73,580.00","73,230.00","72,730.00","73,249.17",30,805,"1,104.20","1,930.05","2,092.82","2,009.71"
2020-10-23,"73,400","74,100","73,400","73,800","73,660.00","73,570.00","73,270.00","72,741.67","73,239.17",0,"2,724","1,222.20","1,922.50","2,125.25","2,010.65"
2020-10-26,"74,000","74,500","73,800","74,000","73,740.00","73,570.00","73,345.00","72,761.67","73,230.00",0,"1,045","1,309.00","1,919.00","2,110.28","2,004.80"
2020-10-27,"74,400","74,400","73,600","74,200","73,860.00","73,620.00","73,405.00","72,790.00","73,235.83",20,791,"1,264.40","1,897.60","2,069.50","1,994.18"
2020-10-28,"74,200","74,500","73,900","74,200","73,940.00","73,720.00","73,520.00","72,818.33","73,227.50",0,832,"1,239.40","1,894.25","2,076.00","1,985.68"
2020-10-29,"74,000","74,300","73,900","74,000","74,040.00","73,780.00","73,585.00","72,838.33","73,223.33",0,880,"1,254.40","1,892.90","2,083.95","1,971.43"
2020-10-30,"74,600","74,700","74,000","74,000","74,080.00","73,870.00","73,640.00","72,855.00","73,221.67",0,"1,148",939.20,"1,922.10","2,088.10","1,974.96"
2020-11-02,"74,400","74,400","73,900","73,900","74,060.00","73,900.00","73,680.00","72,861.67","73,218.33",0,336,797.40,"1,918.70","2,026.65","1,969.82"
2020-11-03,"74,400","75,400","74,100","74,500","74,120.00","73,990.00","73,740.00","72,903.33","73,228.33",13,790,797.20,"1,952.95","1,972.92","1,969.20"
2020-11-04,"74,800","74,800","74,100","74,200","74,120.00","74,030.00","73,805.00","72,908.33","73,226.67",39,"1,012",833.20,"1,943.60","1,936.83","1,967.28"
2020-11-05,"74,200","74,900","74,200","74,500","74,220.00","74,130.00","73,855.00","72,883.33","73,223.33",0,897,836.60,"1,874.00","1,880.45","1,969.43"
2020-11-06,"74,500","75,300","74,500","74,600","74,340.00","74,210.00","73,890.00","72,898.33","73,228.33",29,"1,235",854.00,"1,176.00","1,840.78","1,974.77"
2020-11-09,"74,600","76,100","74,600","75,800","74,720.00","74,390.00","73,980.00","72,941.67","73,240.00",0,"2,018","1,190.40","1,155.05","1,832.92","1,981.28"
2020-11-10,"75,900","76,300","75,300","76,100","75,040.00","74,580.00","74,100.00","72,986.67","73,255.00",0,"1,371","1,306.60","1,153.05","1,767.13","1,978.23"
2020-11-11,"76,000","77,000","75,700","76,600","75,520.00","74,820.00","74,270.00","73,053.33","73,274.17",0,"1,662","1,436.60","1,179.85","1,676.05","1,986.95"
2020-11-12,"77,000","77,300","76,300","77,300","76,080.00","75,150.00","74,465.00","73,126.67","73,300.83",20,868,"1,430.80","1,156.50","1,648.78","1,988.25"
2020-11-13,"77,300","77,700","76,700","77,000","76,560.00","75,450.00","74,660.00","73,195.00","73,322.50",17,662,"1,316.20","1,082.90","1,607.82","1,988.74"
2020-11-16,"78,000","79,000","77,100","78,000","77,000.00","75,860.00","74,880.00","73,288.33","73,355.00",0,"4,495","1,811.60","1,277.10","1,643.12","2,022.24"
2020-11-17,"77,900","80,700","76,500","80,000","77,780.00","76,410.00","75,200.00","73,416.67","73,399.17",0,"8,679","3,273.20","1,660.35","1,777.95","2,080.24"
2020-11-18,"80,000","80,300","79,500","79,900","78,440.00","76,980.00","75,505.00","73,548.33","73,440.83",33,"1,892","3,319.20","1,707.10","1,736.78","2,080.48"
2020-11-19,"79,900","80,500","79,300","80,100","79,000.00","77,540.00","75,835.00","73,693.33","73,488.33",0,"1,135","3,372.60","1,723.60","1,710.58","2,082.71"
2020-11-20,"80,000","80,300","79,700","79,900","79,580.00","78,070.00","76,140.00","73,841.67","73,535.83",0,"1,179","3,476.00","1,646.35","1,706.05","2,083.63"
2020-11-23,"79,900","80,700","79,500","80,000","79,980.00","78,490.00","76,440.00","73,988.33","73,579.17",0,"3,466","3,270.20","1,767.40","1,745.42","2,105.93"
2020-11-24,"80,500","80,700","79,800","80,300","80,040.00","78,910.00","76,745.00","74,140.00","73,619.17",30,835,"1,701.40","1,769.60","1,747.27","2,102.05"
2020-11-25,"80,100","81,000","79,300","79,400","79,940.00","79,190.00","77,005.00","74,276.67","73,642.50",0,"7,219","2,766.80","2,088.95","1,861.02","2,112.83"
2020-11-26,"79,400","80,400","79,200","79,600","79,840.00","79,420.00","77,285.00","74,415.00","73,673.33",0,"1,135","2,766.80","2,101.70","1,856.13","2,086.44"
2020-11-27,"79,600","80,500","79,400","79,700","79,800.00","79,690.00","77,570.00","74,541.67","73,679.17",0,240,"2,579.00","2,056.30","1,828.22","2,047.62"
2020-11-30,"80,400","82,900","79,800","81,600","80,120.00","80,050.00","77,955.00","74,710.00","73,693.33",0,"5,259","2,937.60","2,302.45","1,896.27","2,059.07"
