2018-06-26,"115,500","116,000","113,500","113,500", , , , , ,0,"6,795", , , , 
2018-06-27,"113,500","115,500","113,500","115,500", , , , , ,0,"2,979", , , , 
2018-06-28,"115,500","116,000","113,500","113,500", , , , , ,0,"1,459", , , , 
2018-06-29,"113,500","115,000","112,000","112,000", , , , , ,0,"3,035", , , , 
2018-07-02,"112,500","113,500","108,500","109,000","112,700.00", , , , ,0,"3,827","3,619.00", , , 
2018-07-03,"109,500","111,000","104,500","107,000","111,400.00", , , , ,0,"6,977","3,655.40", , , 
2018-07-04,"106,000","107,500","106,000","106,000","109,500.00", , , , ,0,"1,375","3,334.60", , , 
2018-07-05,"107,500","107,500","105,500","107,000","108,200.00", , , , ,0,"1,744","3,391.60", , , 
2018-07-06,"106,500","108,000","106,000","106,000","107,000.00", , , , ,0,"1,280","3,040.60", , , 
2018-07-09,"106,000","108,000","106,000","106,000","106,400.00","109,550.00", , , ,0,"1,804","2,636.00", , , 
2018-07-10,"106,500","108,000","105,500","107,500","106,500.00","108,950.00", , , ,0,"4,111","2,062.80", , , 
2018-07-11,"107,500","108,000","106,500","106,500","106,600.00","108,050.00", , , ,0,"1,477","2,083.20", , , 
2018-07-12,"106,500","107,500","105,500","107,000","106,600.00","107,400.00", , , ,0,"1,721","2,078.60", , , 
2018-07-13,"107,000","109,000","106,500","108,500","107,100.00","107,050.00", , , ,0,"2,245","2,271.60", , , 
2018-07-16,"108,500","109,500","108,000","108,500","107,600.00","107,000.00", , , ,0,969,"2,104.60", , , 
2018-07-17,"110,000","110,000","107,500","109,500","108,000.00","107,250.00", , , ,0,"1,754","1,633.20", , , 
2018-07-18,"108,500","110,000","108,000","109,500","108,600.00","107,600.00", , , ,0,"1,484","1,634.60", , , 
2018-07-19,"110,000","110,000","107,500","109,000","109,000.00","107,800.00", , , ,0,"1,227","1,535.80", , , 
2018-07-20,"108,500","109,000","107,000","108,500","109,000.00","108,050.00", , , ,0,862,"1,259.20", , , 
2018-07-23,"108,500","109,500","107,000","108,000","108,900.00","108,250.00","108,900.00", , ,0,"1,010","1,267.40","2,406.75", , 
2018-07-24,"108,000","109,000","107,000","108,500","108,700.00","108,350.00","108,650.00", , ,70,"1,398","1,196.20","2,136.90", , 
2018-07-25,"108,000","110,000","107,000","107,500","108,300.00","108,450.00","108,250.00", , ,70,"2,463","1,392.00","2,111.10", , 
2018-07-26,"108,000","110,000","108,000","110,000","108,500.00","108,750.00","108,075.00", , ,18,"2,417","1,630.00","2,159.00", , 
2018-07-27,"110,000","110,000","108,500","109,500","108,700.00","108,850.00","107,950.00", , ,30,"4,182","2,294.00","2,216.35", , 
2018-07-30,"109,500","111,000","109,500","111,000","109,300.00","109,100.00","108,050.00", , ,0,"1,739","2,439.80","2,111.95", , 
2018-07-31,"110,500","114,000","110,500","113,500","110,300.00","109,500.00","108,375.00", , ,0,"4,596","3,079.40","1,992.90", , 
2018-08-01,"114,000","115,500","113,500","114,500","111,700.00","110,000.00","108,800.00", , ,0,"2,828","3,152.40","2,065.55", , 
2018-08-02,"115,500","116,000","113,000","113,000","112,300.00","110,400.00","109,100.00", , ,39,"2,070","3,083.00","2,081.85", , 
2018-08-03,"113,500","115,500","113,500","114,000","113,200.00","110,950.00","109,500.00", , ,0,"1,531","2,552.80","2,094.40", , 
2018-08-06,"114,000","115,500","114,000","114,500","113,900.00","111,600.00","109,925.00", , ,30,801,"2,365.20","2,044.25", , 
2018-08-07,"114,500","115,500","112,500","113,000","113,800.00","112,050.00","110,200.00", , ,30,587,"1,563.40","1,868.05", , 
2018-08-08,"112,500","114,500","112,000","112,000","113,300.00","112,500.00","110,475.00", , ,29,"1,575","1,312.80","1,872.95", , 
2018-08-09,"112,000","113,000","112,000","112,000","113,100.00","112,700.00","110,725.00", , ,0,378,974.40,"1,805.80", , 
2018-08-10,"112,000","112,500","111,500","111,500","112,600.00","112,900.00","110,875.00", , ,0,669,802.00,"1,727.00", , 
2018-08-13,"111,500","112,500","111,000","111,000","111,900.00","112,900.00","111,000.00", , ,30,"1,764",994.60,"1,766.75", , 
2018-08-14,"111,000","112,500","110,500","111,500","111,600.00","112,700.00","111,100.00", , ,30,"1,619","1,201.00","1,760.00", , 
2018-08-16,"110,500","112,500","108,000","108,000","110,800.00","112,050.00","111,025.00", , ,30,"2,602","1,406.40","1,815.90", , 
2018-08-17,"108,000","109,000","107,500","107,500","109,900.00","111,500.00","110,950.00", , ,0,"2,543","1,839.40","1,881.70", , 
2018-08-20,"108,000","110,000","107,500","109,000","109,400.00","111,000.00","110,975.00", , ,70,"2,078","2,121.20","1,942.50", , 
2018-08-21,"109,000","110,500","108,500","109,500","109,100.00","110,500.00","111,050.00", , ,0,"2,674","2,303.20","2,025.70", , 
2018-08-22,"109,000","111,000","107,000","107,500","108,300.00","109,950.00","111,000.00", , ,0,"3,441","2,667.60","2,127.85", , 
2018-08-23,"107,500","108,500","105,000","106,000","107,900.00","109,350.00","110,925.00", , ,0,"7,132","3,573.60","2,361.30", , 
2018-08-24,"106,000","108,000","106,000","107,500","107,900.00","108,900.00","110,800.00", , ,0,"2,889","3,642.80","2,384.90", , 
2018-08-27,"108,000","108,000","106,000","106,000","107,300.00","108,350.00","110,625.00", , ,70,"1,958","3,618.80","2,273.70", , 
2018-08-28,"106,000","106,500","105,500","106,000","106,600.00","107,850.00","110,375.00", , ,0,"3,521","3,788.20","2,362.80", , 
2018-08-29,"106,000","106,500","104,500","105,500","106,200.00","107,250.00","109,975.00", , ,0,"4,537","4,007.40","2,359.85", , 
2018-08-30,"106,000","106,500","105,000","105,500","106,100.00","107,000.00","109,525.00", , ,0,"3,723","3,325.60","2,404.60", , 
2018-08-31,"105,500","106,500","105,000","105,500","105,700.00","106,800.00","109,150.00", , ,70,"3,637","3,475.20","2,482.95", , 
2018-09-03,"105,500","106,500","105,000","105,500","105,600.00","106,450.00","108,725.00", , ,70,"1,618","3,407.20","2,487.30", , 
2018-09-04,"105,500","106,000","105,000","105,000","105,400.00","106,000.00","108,250.00", , ,70,"2,724","3,247.80","2,583.45", , 
2018-09-05,"105,000","106,500","105,000","106,000","105,500.00","105,850.00","107,900.00", , ,70,"3,397","3,019.80","2,723.95", , 
2018-09-06,"106,000","108,000","105,500","106,000","105,600.00","105,850.00","107,600.00", , ,0,"4,719","3,219.00","2,881.15", , 
2018-09-07,"106,500","107,000","105,500","106,500","105,800.00","105,750.00","107,325.00", , ,70,"4,793","3,450.20","3,101.90", , 
2018-09-10,"106,500","106,500","105,500","106,500","106,000.00","105,800.00","107,075.00", , ,70,"2,798","3,686.20","3,208.35", , 
2018-09-11,"106,500","106,500","105,500","106,500","106,300.00","105,850.00","106,850.00", , ,70,"1,620","3,465.40","3,201.15", , 
2018-09-12,"106,000","107,000","103,500","106,500","106,400.00","105,950.00","106,600.00", , ,0,"16,202","6,026.40","3,930.30", , 
2018-09-13,"105,500","106,000","104,500","105,000","106,200.00","105,900.00","106,450.00", , ,0,"2,204","5,523.40","3,910.40", , 
2018-09-14,"105,500","105,500","103,500","103,500","105,600.00","105,700.00","106,250.00", , ,2,"7,134","5,991.60","4,139.95", , 
2018-09-17,"103,500","103,500","103,000","103,000","104,900.00","105,450.00","105,950.00", , ,0,"1,263","5,684.60","4,099.20", , 
2018-09-18,"104,000","104,000","102,000","102,500","104,100.00","105,200.00","105,600.00","108,516.67", ,0,"3,160","5,992.60","4,123.50","2,851.98", 
2018-09-19,"102,500","103,000","101,500","101,500","103,100.00","104,750.00","105,300.00","108,316.67", ,0,"2,062","3,164.60","4,054.55","2,773.10", 
2018-09-20,"101,500","102,000","100,500","101,000","102,300.00","104,250.00","105,050.00","108,075.00", ,0,"2,886","3,301.00","3,842.25","2,771.55", 
2018-09-21,"102,000","103,000","101,000","101,500","101,900.00","103,750.00","104,750.00","107,875.00", ,0,"2,539","2,382.00","3,824.75","2,789.55", 
2018-09-27,"101,500","104,000","101,500","104,000","102,100.00","103,500.00","104,650.00","107,741.67", ,0,"3,083","2,746.00","3,881.00","2,790.35", 
2018-09-28,"104,500","104,500","102,500","104,000","102,400.00","103,250.00","104,550.00","107,658.33", ,71,"2,507","2,615.40","3,830.30","2,768.35", 
2018-10-01,"103,500","105,000","102,500","105,000","103,100.00","103,100.00","104,525.00","107,625.00", ,70,"4,218","3,046.60","3,814.35","2,722.37", 
2018-10-02,"105,000","105,000","103,500","104,500","103,800.00","103,050.00","104,475.00","107,600.00", ,30,"1,538","2,777.00","3,705.10","2,725.08", 
2018-10-04,"104,500","104,500","102,000","102,500","104,000.00","102,950.00","104,325.00","107,525.00", ,0,"3,836","3,036.40","3,715.05","2,759.95", 
2018-10-05,"102,500","104,000","102,500","104,000","104,000.00","103,050.00","104,250.00","107,491.67", ,0,"2,330","2,885.80","3,750.65","2,777.45", 
2018-10-08,"103,000","106,500","103,000","104,000","104,000.00","103,200.00","104,200.00","107,458.33", ,66,"4,580","3,300.40","3,843.45","2,823.72", 
2018-10-10,"105,000","105,000","102,500","104,000","103,800.00","103,450.00","104,100.00","107,400.00", ,0,"3,826","3,222.00","3,864.90","2,818.97", 
2018-10-11,"102,000","103,500","100,000","100,500","103,000.00","103,400.00","103,825.00","107,300.00", ,0,"6,030","4,120.40","3,930.45","2,894.85", 
2018-10-12,"100,000","101,000","99,800","100,500","102,600.00","103,300.00","103,525.00","107,191.67", ,0,"4,455","4,244.20","3,913.55","2,940.42", 
2018-10-15,"101,000","101,500","98,000","99,000","101,600.00","102,800.00","103,150.00","107,033.33", ,0,"5,215","4,821.20","4,034.40","2,989.92", 
2018-10-16,"98,600","99,500","98,600","98,800","100,560.00","102,280.00","102,765.00","106,871.67", ,0,"2,655","4,436.20","4,086.15","3,018.02", 
2018-10-17,"98,800","100,500","98,800","99,900","99,740.00","101,770.00","102,435.00","106,711.67", ,0,"2,417","4,154.40","3,396.90","3,029.07", 
2018-10-18,"99,900","99,900","98,300","98,300","99,300.00","101,150.00","102,100.00","106,525.00", ,0,"5,292","4,006.80","3,551.30","3,092.53", 
2018-10-19,"98,900","99,600","97,900","99,300","99,060.00","100,830.00","101,890.00","106,363.33", ,0,"1,057","3,327.20","3,247.45","3,089.70", 
2018-10-22,"99,300","99,300","98,100","98,800","99,020.00","100,310.00","101,680.00","106,201.67", ,0,755,"2,435.20","3,222.05","3,087.92", 
2018-10-23,"98,800","98,800","97,600","97,900","98,840.00","99,700.00","101,450.00","106,033.33", ,0,"2,381","2,380.40","3,183.10","3,110.77", 
2018-10-24,"97,900","98,400","96,400","96,600","98,180.00","98,960.00","101,205.00","105,835.00", ,0,"3,857","2,668.40","3,272.85","3,151.75", 
2018-10-25,"96,400","96,600","94,500","94,700","97,460.00","98,380.00","100,890.00","105,621.67", ,0,"3,494","2,308.80","3,303.25","3,168.93", 
2018-10-26,"94,800","95,700","93,400","94,000","96,400.00","97,730.00","100,515.00","105,355.00", ,0,"3,323","2,762.00","3,342.45","3,184.03", 
2018-10-29,"93,600","94,500","90,300","91,000","94,840.00","96,930.00","99,865.00","105,046.67", ,0,"4,152","3,441.40","3,395.90","3,183.53", 
2018-10-30,"91,600","92,500","88,700","90,600","93,380.00","96,110.00","99,195.00","104,706.67", ,0,"11,329","5,231.00","3,837.00","3,343.37", 
2018-10-31,"90,900","92,600","89,500","91,500","92,360.00","95,270.00","98,520.00","104,340.00", ,0,"2,033","4,866.20","3,727.75","3,300.65", 
2018-11-01,"92,000","92,700","90,900","91,900","91,800.00","94,630.00","97,890.00","103,963.33", ,0,"1,734","4,514.20","3,737.55","3,282.42", 
2018-11-02,"92,100","94,300","91,700","94,300","91,860.00","94,130.00","97,480.00","103,651.67", ,0,"3,441","4,537.80","3,717.80","3,305.27", 
2018-11-05,"94,300","94,300","92,500","93,500","92,360.00","93,600.00","96,955.00","103,310.00", ,0,"1,520","4,011.40","3,677.30","3,305.08", 
2018-11-06,"93,200","93,500","92,000","93,500","92,940.00","93,160.00","96,430.00","102,960.00", ,0,"1,235","1,992.60","3,510.05","3,312.32", 
2018-11-07,"93,400","93,900","89,400","89,600","92,560.00","92,460.00","95,710.00","102,570.00", ,0,"10,154","3,616.80","3,826.45","3,471.77", 
2018-11-08,"90,100","91,400","90,100","91,300","92,440.00","92,120.00","95,250.00","102,225.00", ,58,"3,501","3,970.20","3,700.00","3,503.87", 
2018-11-09,"90,800","91,300","90,200","90,800","91,740.00","91,800.00","94,765.00","101,871.67", ,0,"2,068","3,695.60","3,580.65","3,532.03", 
2018-11-12,"90,800","90,900","90,100","90,300","91,100.00","91,730.00","94,330.00","101,518.33", ,0,"1,416","3,674.80","3,390.70","3,544.48", 
2018-11-13,"90,300","91,000","88,700","90,400","90,480.00","91,710.00","93,910.00","101,175.00", ,0,"2,544","3,936.60","3,385.15","3,557.48", 
2018-11-14,"90,000","90,500","89,500","89,900","90,540.00","91,550.00","93,410.00","100,815.00", ,0,"1,530","2,211.80","3,340.80","3,556.00", 
2018-11-15,"89,900","91,000","89,800","90,800","90,440.00","91,440.00","93,035.00","100,528.33", ,0,"1,441","1,799.80","3,148.25","3,536.65", 
2018-11-16,"90,700","92,400","90,600","91,800","90,640.00","91,190.00","92,660.00","100,266.67", ,0,"4,886","2,363.40","3,339.70","3,575.70", 
2018-11-19,"91,100","92,200","91,100","91,600","90,900.00","91,000.00","92,300.00","99,976.67", ,0,"3,762","2,832.60","3,490.05","3,603.77", 
2018-11-20,"91,300","92,000","91,000","91,900","91,200.00","90,840.00","92,000.00","99,683.33", ,0,"2,712","2,866.20","3,506.60","3,604.40", 
2018-11-21,"91,900","93,900","91,300","93,000","91,820.00","91,180.00","91,820.00","99,441.67", ,67,"4,354","3,431.00","3,531.45","3,619.62", 
2018-11-22,"93,000","93,500","92,100","93,100","92,280.00","91,360.00","91,740.00","99,226.67", ,67,"1,383","3,419.40","3,425.90","3,523.80", 
2018-11-23,"93,300","93,600","92,800","92,900","92,500.00","91,570.00","91,685.00","98,983.33", ,0,609,"2,564.00","3,290.20","3,485.80", 
2018-11-26,"92,000","92,400","91,800","92,100","92,600.00","91,750.00","91,740.00","98,751.67", ,0,"2,348","2,281.20","3,200.00","3,492.30", 
2018-11-27,"92,100","92,600","92,100","92,500","92,720.00","91,960.00","91,835.00","98,526.67", ,0,665,"1,871.80","2,666.80","3,444.70", 
2018-11-28,"93,000","94,300","92,000","93,200","92,760.00","92,290.00","91,920.00","98,321.67", ,0,"3,070","1,615.00","2,718.65","3,420.25", 
2018-11-29,"93,300","96,400","93,300","96,300","93,400.00","92,840.00","92,140.00","98,168.33", ,18,"5,176","2,373.60","2,890.75","3,444.47", 
2018-11-30,"96,500","96,600","95,100","96,300","94,080.00","93,290.00","92,240.00","98,015.00", ,33,"4,528","3,157.40","2,945.10","3,459.32", 
2018-12-03,"95,600","96,800","95,200","95,200","94,700.00","93,650.00","92,325.00","97,843.33", ,29,"3,351","3,358.00","3,036.65","3,488.20", 
2018-12-04,"95,300","96,100","94,400","95,700","95,340.00","94,030.00","92,435.00","97,688.33", ,0,"3,572","3,939.40","3,153.50","3,502.33", 
2018-12-05,"95,000","96,400","94,700","95,200","95,740.00","94,250.00","92,715.00","97,508.33", ,0,"1,632","3,651.80","2,727.40","3,472.92", 
2018-12-06,"94,700","95,500","94,200","94,700","95,420.00","94,410.00","92,885.00","97,320.00", ,0,"6,719","3,960.40","2,888.30","3,506.25", 
2018-12-07,"95,400","95,700","93,600","93,600","94,880.00","94,480.00","93,025.00","97,105.00", ,0,"4,069","3,868.60","2,988.35","3,494.18", 
2018-12-10,"93,000","93,000","90,300","90,600","93,960.00","94,330.00","93,040.00","96,840.00", ,0,"12,710","5,740.40","3,553.05","3,659.38", 
2018-12-11,"91,100","91,300","90,300","90,700","92,960.00","94,150.00","93,055.00","96,576.67", ,70,"5,192","6,064.40","3,685.45","3,718.92", 
2018-12-12,"91,200","91,400","89,800","90,100","91,940.00","93,840.00","93,065.00","96,303.33", ,0,"11,163","7,970.60","4,167.10","3,634.93", 
2018-12-13,"90,700","91,000","90,200","90,400","91,080.00","93,250.00","93,045.00","96,060.00", ,0,"7,852","8,197.20","4,487.65","3,729.07", 
2018-12-14,"90,400","90,800","89,100","89,100","90,180.00","92,530.00","92,910.00","95,820.00", ,0,"18,277","11,038.80","5,157.20","3,914.78", 
2018-12-17,"89,800","90,900","89,400","90,200","90,100.00","92,030.00","92,840.00","95,606.67", ,0,"4,819","9,460.60","5,210.05","3,974.05", 
2018-12-18,"90,200","93,400","89,700","93,400","90,640.00","91,800.00","92,915.00","95,455.00","101,985.83",0,"10,581","10,538.40","5,603.50","4,097.73","3,474.86"
2018-12-19,"92,500","93,200","91,000","92,000","91,020.00","91,480.00","92,865.00","95,296.67","101,806.67",37,"5,439","9,393.60","5,657.75","4,154.02","3,463.56"
2018-12-20,"91,400","91,500","89,900","90,500","91,040.00","91,060.00","92,735.00","95,121.67","101,598.33",38,"12,885","10,400.20","6,232.85","4,320.67","3,546.11"
2018-12-21,"90,400","92,300","89,800","92,300","91,680.00","90,930.00","92,705.00","94,968.33","101,421.67",0,"16,250","9,994.80","7,014.90","4,549.18","3,669.37"
2018-12-24,"92,000","92,400","91,100","92,300","92,100.00","91,100.00","92,715.00","94,773.33","101,257.50",0,"2,725","9,576.00","7,033.75","4,543.22","3,666.78"
2018-12-26,"91,700","91,800","90,400","91,800","91,780.00","91,210.00","92,680.00","94,570.00","101,114.17",0,"7,832","9,026.20","7,392.10","4,631.97","3,700.16"
2018-12-27,"90,100","90,500","89,600","90,100","91,400.00","91,210.00","92,525.00","94,321.67","100,973.33",0,"7,766","9,491.60","7,626.90","4,691.10","3,706.73"
2018-12-28,"91,100","91,200","90,000","91,000","91,500.00","91,270.00","92,260.00","94,096.67","100,848.33",0,"1,932","7,301.00","7,464.70","4,697.67","3,711.38"
2019-01-02,"91,000","91,000","89,500","90,000","91,040.00","91,360.00","91,945.00","93,888.33","100,706.67",0,"1,971","4,445.20","7,336.85","4,666.58","3,713.27"
2019-01-03,"89,600","90,300","88,700","89,000","90,380.00","91,240.00","91,635.00","93,638.33","100,565.00",0,"5,051","4,910.40","7,421.85","4,711.93","3,744.69"
2019-01-04,"89,300","91,300","88,800","90,300","90,080.00","90,930.00","91,365.00","93,410.00","100,434.17",0,"5,044","4,352.80","7,495.45","4,719.67","3,771.69"
2019-01-07,"91,000","92,200","90,100","92,200","90,500.00","90,950.00","91,215.00","93,213.33","100,306.67",0,"5,364","3,872.40","7,682.05","4,745.30","3,782.13"
2019-01-08,"91,800","92,300","91,200","92,200","90,740.00","91,120.00","91,090.00","93,075.00","100,187.50",0,"2,173","3,920.60","7,454.75","4,681.02","3,787.93"
2019-01-09,"91,100","92,600","91,100","92,200","91,180.00","91,110.00","91,020.00","92,936.67","100,064.17",0,"5,294","4,585.20","7,516.00","4,695.00","3,817.71"
2019-01-10,"92,300","92,300","91,200","91,200","91,620.00","91,000.00","91,050.00","92,806.67","99,920.00",0,"4,335","4,442.00","7,097.25","4,680.33","3,835.13"
2019-01-11,"91,800","92,700","90,900","92,300","92,020.00","91,050.00","91,130.00","92,698.33","99,785.00",0,"6,688","4,770.80","7,172.05","4,747.55","3,882.78"
2019-01-14,"92,300","92,300","91,000","91,000","91,780.00","91,140.00","91,175.00","92,550.00","99,630.83",0,"3,869","4,471.80","6,807.35","4,771.75","3,900.41"
2019-01-15,"90,700","92,100","90,700","91,400","91,620.00","91,180.00","91,225.00","92,435.00","99,480.00",0,"6,290","5,295.20","6,729.25","4,788.38","3,940.46"
2019-01-16,"91,100","92,100","91,100","91,500","91,480.00","91,330.00","91,345.00","92,305.00","99,334.17",30,"6,231","5,482.60","6,126.95","4,874.62","3,982.16"
2019-01-17,"92,200","92,700","91,500","92,500","91,740.00","91,680.00","91,460.00","92,200.00","99,200.83",0,"5,514","5,718.40","6,161.70","4,953.93","4,020.93"
2019-01-18,"92,100","94,700","92,100","94,500","92,180.00","92,100.00","91,515.00","92,143.33","99,088.33",18,"12,737","6,928.20","6,269.50","5,126.53","4,118.65"
2019-01-21,"94,900","97,900","94,400","97,700","93,520.00","92,650.00","91,800.00","92,161.67","98,998.33",0,"13,683","8,891.00","6,681.70","5,290.30","4,221.02"
2019-01-22,"97,300","99,200","97,000","99,100","95,060.00","93,340.00","92,230.00","92,235.00","98,928.33",0,"7,696","9,172.20","6,422.25","5,360.33","4,264.63"
2019-01-23,"99,100","102,500","96,800","102,000","97,160.00","94,320.00","92,715.00","92,368.33","98,861.67",0,"12,420","10,410.00","6,230.75","5,511.95","4,347.99"
2019-01-24,"102,000","103,000","99,000","100,000","98,660.00","95,200.00","93,100.00","92,518.33","98,782.50",0,"7,349","10,777.00","6,461.95","5,565.23","4,374.38"
2019-01-25,"100,000","101,000","99,300","100,500","99,860.00","96,020.00","93,535.00","92,683.33","98,695.00",0,"1,925","8,614.60","6,166.60","5,408.50","4,375.93"
2019-01-28,"100,500","100,500","98,500","99,400","100,200.00","96,860.00","94,000.00","92,815.00","98,577.50",0,"2,732","6,424.40","5,914.90","5,420.15","4,360.40"
2019-01-29,"98,000","100,500","97,200","98,300","100,040.00","97,550.00","94,365.00","92,921.67","98,442.50",30,"6,768","6,238.80","6,156.70","5,504.05","4,393.23"
2019-01-30,"98,400","99,500","98,400","98,600","99,360.00","98,260.00","94,795.00","92,993.33","98,322.50",0,"6,089","4,972.60","6,362.60","5,548.18","4,426.73"
2019-01-31,"98,600","100,500","98,400","100,500","99,460.00","99,060.00","95,370.00","93,110.00","98,210.00",0,"7,815","5,065.80","6,500.80","5,653.10","4,479.09"
2019-02-01,"99,500","100,500","99,500","100,000","99,360.00","99,610.00","95,855.00","93,218.33","98,089.17",30,"2,564","5,193.60","6,376.80","5,675.25","4,493.78"
2019-02-07,"100,000","102,000","99,200","101,000","99,680.00","99,940.00","96,295.00","93,408.33","97,989.17",0,"2,042","5,055.60","6,210.70","5,540.05","4,505.91"
2019-02-08,"100,000","101,000","99,500","101,000","100,220.00","100,130.00","96,735.00","93,570.00","97,897.50",0,"1,048","3,911.60","6,154.45","5,499.17","4,501.52"
2019-02-11,"100,000","100,500","99,700","99,700","100,440.00","99,900.00","97,110.00","93,718.33","97,795.00",0,"4,067","3,507.20","6,093.10","5,532.48","4,532.26"
2019-02-12,"99,700","100,500","99,000","99,600","100,260.00","99,860.00","97,530.00","93,873.33","97,695.83",30,"2,804","2,505.00","6,016.55","5,555.62","4,550.05"
2019-02-13,"99,600","100,500","98,700","99,600","100,180.00","99,770.00","97,895.00","94,026.67","97,600.83",30,"3,154","2,623.00","5,839.85","5,565.78","4,561.63"
2019-02-14,"99,100","100,500","98,900","100,500","100,080.00","99,880.00","98,370.00","94,203.33","97,509.17",30,"2,824","2,779.40","5,787.60","5,587.35","4,571.68"
2019-02-15,"100,500","100,500","98,700","99,200","99,720.00","99,970.00","98,760.00","94,343.33","97,435.83",30,"2,495","3,068.80","5,597.85","5,604.92","4,570.78"
2019-02-18,"98,700","99,300","98,400","98,700","99,520.00","99,980.00","99,120.00","94,458.33","97,362.50",0,"2,220","2,699.40","5,397.30","5,560.48","4,568.09"
2019-02-19,"98,700","99,300","97,700","97,900","99,180.00","99,720.00","99,390.00","94,563.33","97,270.00",0,"3,014","2,741.40","5,272.30","5,548.02","4,575.89"
2019-02-20,"98,200","98,400","97,500","98,400","98,940.00","99,560.00","99,585.00","94,671.67","97,177.50",0,"1,702","2,451.00","4,720.55","5,531.18","4,567.79"
2019-02-21,"98,500","98,500","97,500","98,200","98,480.00","99,280.00","99,610.00","94,758.33","97,100.00",70,"2,385","2,363.20","4,155.65","5,498.37","4,558.99"
2019-02-22,"97,600","97,700","97,000","97,000","98,040.00","98,880.00","99,505.00","94,823.33","97,025.00",0,"1,900","2,244.20","3,865.85","5,506.98","4,515.39"
2019-02-25,"97,100","97,500","96,700","96,700","97,640.00","98,580.00","99,240.00","94,886.67","96,935.00",0,"4,032","2,606.60","3,446.45","5,564.03","4,524.92"
2019-02-26,"97,600","97,600","95,300","96,100","97,280.00","98,230.00","99,045.00","94,953.33","96,852.50",0,"6,911","3,386.00","3,424.55","5,640.08","4,566.19"
2019-02-27,"96,500","96,700","95,600","95,600","96,720.00","97,830.00","98,800.00","95,005.00","96,765.83",0,"7,382","4,522.00","3,697.40","5,752.03","4,598.37"
2019-02-28,"96,400","96,600","95,300","95,500","96,180.00","97,330.00","98,605.00","95,043.33","96,682.50",0,"3,293","4,703.60","3,725.45","5,755.75","4,588.00"
2019-03-04,"96,500","96,500","95,000","95,100","95,800.00","96,920.00","98,445.00","95,023.33","96,595.83",0,"2,605","4,844.60","3,517.30","5,712.90","4,578.68"
2019-03-05,"96,500","96,700","95,000","96,600","95,780.00","96,710.00","98,345.00","95,028.33","96,521.67",71,"3,148","4,667.80","3,370.25","5,689.90","4,574.61"
2019-03-06,"96,600","96,600","95,000","96,500","95,860.00","96,570.00","98,145.00","95,050.00","96,446.67",71,"2,515","3,788.60","3,105.25","5,675.97","4,582.08"
2019-03-07,"95,900","96,100","95,200","95,700","95,880.00","96,300.00","97,930.00","95,050.00","96,369.17",0,"2,361","2,784.40","3,095.10","5,655.78","4,579.06"
2019-03-08,"95,200","95,500","94,200","94,400","95,660.00","95,920.00","97,600.00","95,036.67","96,272.50",0,"3,182","2,762.20","3,152.10","5,681.62","4,577.27"
2019-03-11,"94,300","96,000","93,900","95,500","95,740.00","95,770.00","97,325.00","95,050.00","96,185.00",0,"3,724","2,986.00","3,285.90","5,631.70","4,568.98"
2019-03-12,"95,500","98,100","95,200","98,000","96,020.00","95,900.00","97,240.00","95,123.33","96,114.17",0,"6,394","3,635.20","3,402.25","5,670.45","4,582.32"
2019-03-13,"98,200","101,000","95,100","101,000","96,920.00","96,390.00","97,310.00","95,296.67","96,068.33",0,"11,060","5,344.20","3,815.05","5,642.95","4,651.17"
2019-03-14,"101,500","102,500","99,900","101,500","98,080.00","96,980.00","97,405.00","95,476.67","96,026.67",0,"6,635","6,199.00","3,989.10","5,667.00","4,692.96"
2019-03-15,"101,500","103,000","99,900","100,000","99,200.00","97,430.00","97,380.00","95,641.67","95,972.50",25,"8,655","7,293.60","4,280.65","5,625.20","4,630.07"
2019-03-18,"101,000","102,000","98,600","100,500","100,200.00","97,970.00","97,445.00","95,810.00","95,935.00",0,"3,982","7,345.20","4,355.00","5,560.70","4,644.88"
2019-03-19,"100,500","100,500","98,200","98,300","100,260.00","98,140.00","97,425.00","95,963.33","95,891.67",0,"5,806","7,227.60","4,534.30","5,352.85","4,633.82"
2019-03-20,"98,600","99,000","97,100","97,400","99,540.00","98,230.00","97,400.00","96,083.33","95,845.00",42,"3,192","5,654.00","4,543.20","5,325.73","4,649.89"
2019-03-21,"98,300","98,300","96,700","97,200","98,680.00","98,380.00","97,340.00","96,146.67","95,800.83",42,"2,909","4,908.80","4,603.55","5,197.87","4,647.80"
2019-03-22,"97,900","97,900","95,300","96,200","97,920.00","98,560.00","97,240.00","96,216.67","95,756.67",42,"5,417","4,261.20","4,755.15","5,197.50","4,675.76"
2019-03-25,"96,000","96,000","94,400","95,400","96,900.00","98,550.00","97,160.00","96,298.33","95,710.00",0,"3,532","4,171.20","4,836.75","5,041.62","4,681.14"
2019-03-26,"95,600","95,800","94,100","95,300","96,300.00","98,280.00","97,090.00","96,348.33","95,658.33",0,"3,714","3,752.80","4,820.85","4,832.68","4,690.93"
2019-03-27,"95,700","95,700","94,100","95,200","95,860.00","97,700.00","97,045.00","96,396.67","95,585.00",70,"4,660","4,046.40","4,708.30","4,864.93","4,704.07"
2019-03-28,"95,200","95,400","94,000","94,200","95,260.00","96,970.00","96,975.00","96,436.67","95,503.33",0,"3,236","4,111.80","4,501.00","4,788.33","4,710.15"
2019-03-29,"94,600","94,600","93,900","94,300","94,880.00","96,400.00","96,915.00","96,506.67","95,414.17",0,"2,450","3,518.40","4,458.85","4,699.73","4,695.42"
2019-04-01,"94,500","94,900","93,800","94,900","94,780.00","95,840.00","96,905.00","96,571.67","95,334.17",0,"2,665","3,345.00","4,461.85","4,711.95","4,704.81"
2019-04-02,"94,600","94,600","93,100","93,300","94,380.00","95,340.00","96,740.00","96,626.67","95,257.50",0,"7,692","4,140.60","4,689.05","4,807.30","4,736.94"
2019-04-03,"93,900","93,900","93,200","93,600","94,060.00","94,960.00","96,595.00","96,703.33","95,170.83",0,"4,875","4,183.60","4,807.05","4,804.37","4,758.15"
2019-04-04,"93,800","94,300","92,800","93,100","93,840.00","94,550.00","96,465.00","96,750.00","95,080.00",0,"3,646","4,265.60","4,871.30","4,781.07","4,750.37"
2019-04-05,"93,200","93,500","92,400","92,500","93,480.00","94,180.00","96,370.00","96,755.00","94,984.17",0,"5,602","4,896.00","4,992.30","4,785.03","4,765.17"
2019-04-08,"92,800","94,000","92,600","94,000","93,300.00","94,040.00","96,295.00","96,785.00","94,930.00",0,"4,687","5,300.40","5,040.45","4,826.93","4,753.98"
2019-04-09,"94,000","94,900","93,200","94,400","93,520.00","93,950.00","96,115.00","96,821.67","94,879.17",0,"4,963","4,754.60","4,968.90","4,821.42","4,758.21"
2019-04-10,"94,400","94,500","93,500","94,300","93,660.00","93,860.00","95,780.00","96,873.33","94,840.00",0,"3,667","4,513.00","4,599.25","4,810.28","4,745.31"
2019-04-11,"94,800","94,800","93,700","94,500","93,940.00","93,890.00","95,430.00","96,910.00","94,804.17",0,"4,551","4,694.00","4,495.05","4,774.67","4,761.11"
2019-04-12,"93,900","94,400","93,800","93,900","94,220.00","93,850.00","95,125.00","96,958.33","94,754.17",0,"5,118","4,597.20","4,318.20","4,795.48","4,783.62"
2019-04-15,"94,300","94,400","93,200","93,600","94,140.00","93,720.00","94,780.00","96,995.00","94,715.00",0,"6,185","4,896.80","4,428.35","4,793.73","4,791.06"
2019-04-16,"93,700","94,400","93,500","93,800","94,020.00","93,770.00","94,555.00","97,033.33","94,669.17",0,"5,633","5,030.80","4,419.70","4,783.77","4,829.19"
2019-04-17,"93,900","95,100","93,800","94,700","94,100.00","93,880.00","94,420.00","97,070.00","94,635.00",0,"6,940","5,685.40","4,607.10","4,807.53","4,880.73"
2019-04-18,"94,700","95,000","93,600","93,700","93,940.00","93,940.00","94,245.00","97,056.67","94,600.00",0,"4,927","5,760.60","4,708.00","4,677.37","4,901.95"
2019-04-19,"94,300","94,300","92,800","93,500","93,860.00","94,040.00","94,110.00","96,986.67","94,574.17",0,"5,878","5,912.60","4,731.05","4,547.28","4,918.79"
2019-04-22,"93,900","94,500","93,600","94,100","93,960.00","94,050.00","94,045.00","96,903.33","94,569.17",0,"2,564","5,188.40","4,682.65","4,461.75","4,911.04"
2019-04-23,"94,500","94,700","93,800","94,200","94,040.00","94,030.00","93,990.00","96,773.33","94,570.83",0,"3,608","4,783.40","4,677.35","4,314.88","4,913.42"
2019-04-24,"94,500","94,600","93,400","93,500","93,800.00","93,950.00","93,905.00","96,665.00","94,591.67",0,"5,083","4,412.00","4,698.50","4,277.12","4,921.18"
2019-04-25,"93,900","94,600","93,100","94,100","93,880.00","93,910.00","93,900.00","96,558.33","94,620.83",0,"5,531","4,532.80","4,813.25","4,337.22","4,872.86"
2019-04-26,"94,100","94,300","92,400","92,500","93,680.00","93,770.00","93,810.00","96,443.33","94,629.17",0,"9,921","5,341.40","5,186.80","4,457.03","4,938.59"
2019-04-29,"92,900","93,100","92,000","93,100","93,480.00","93,720.00","93,720.00","96,356.67","94,639.17",58,"4,040","5,636.60","5,255.55","4,411.57","4,957.81"
2019-04-30,"93,100","93,100","92,500","93,100","93,260.00","93,650.00","93,710.00","96,265.00","94,629.17",0,"4,612","5,837.40","5,101.55","4,386.95","4,967.57"
2019-05-02,"93,100","93,100","92,300","93,000","93,160.00","93,480.00","93,680.00","96,140.00","94,625.00",0,"4,115","5,643.80","5,063.55","4,325.28","4,989.19"
2019-05-03,"93,000","93,000","92,300","92,400","92,820.00","93,350.00","93,645.00","96,013.33","94,615.83",70,"3,789","5,295.40","5,070.70","4,345.70","5,010.48"
2019-05-07,"92,400","92,500","91,900","92,400","92,800.00","93,240.00","93,640.00","95,870.00","94,639.17",0,"4,378","4,186.80","5,009.50","4,384.63","4,962.34"
2019-05-08,"92,400","93,000","91,900","92,600","92,700.00","93,090.00","93,570.00","95,730.00","94,650.00",70,"3,351","4,049.00","4,942.70","4,423.02","4,961.09"
2019-05-09,"92,900","92,900","91,600","92,600","92,600.00","92,930.00","93,480.00","95,611.67","94,665.00",71,"8,154","4,757.40","5,102.25","4,491.13","5,011.81"
2019-05-10,"91,900","92,500","90,900","91,000","92,200.00","92,680.00","93,315.00","95,468.33","94,670.83",0,"8,894","5,713.20","5,363.60","4,592.63","5,074.13"
2019-05-13,"91,900","92,200","90,800","91,100","91,940.00","92,380.00","93,145.00","95,326.67","94,676.67",0,"5,351","6,025.60","5,403.60","4,629.25","5,097.52"
2019-05-14,"91,100","91,200","90,100","91,100","91,680.00","92,240.00","93,005.00","95,170.00","94,686.67",46,"6,508","6,451.60","5,473.10","4,690.65","5,139.00"
2019-05-15,"91,200","92,000","90,800","91,900","91,540.00","92,120.00","92,920.00","95,048.33","94,695.83",0,"5,508","6,883.00","5,439.25","4,740.87","5,172.89"
2019-05-16,"91,900","91,900","91,100","91,100","91,240.00","91,920.00","92,785.00","94,921.67","94,690.00",0,"6,225","6,497.20","5,468.85","4,807.62","5,184.05"
2019-05-17,"91,700","92,700","91,300","91,400","91,320.00","91,760.00","92,620.00","94,813.33","94,688.33",66,"7,263","6,171.00","5,485.00","4,878.43","5,213.23"
2019-05-20,"92,000","92,700","91,500","92,200","91,540.00","91,740.00","92,545.00","94,710.00","94,690.83",0,"2,066","5,514.00","5,341.95","4,884.50","5,207.84"
2019-05-21,"92,200","93,100","92,200","92,400","91,800.00","91,740.00","92,490.00","94,613.33","94,685.83",0,"4,543","5,121.00","5,275.20","4,920.47","5,209.42"
2019-05-22,"92,400","93,000","91,400","92,000","91,820.00","91,680.00","92,385.00","94,530.00","94,676.67",0,"6,536","5,326.60","5,473.80","4,997.73","5,252.36"
2019-05-23,"92,300","92,700","91,700","91,900","91,980.00","91,610.00","92,270.00","94,450.00","94,668.33",0,"2,012","4,484.00","5,394.00","4,964.07","5,264.05"
2019-05-24,"91,900","92,200","91,400","91,800","92,060.00","91,690.00","92,185.00","94,378.33","94,665.83",0,"1,510","3,333.40","5,215.35","4,874.05","5,257.07"
2019-05-27,"92,000","92,300","91,500","91,700","91,960.00","91,750.00","92,065.00","94,313.33","94,659.17",0,"3,026","3,525.40","5,090.10","4,801.45","5,276.74"
2019-05-28,"91,800","92,600","91,600","91,600","91,800.00","91,800.00","92,020.00","94,248.33","94,645.83",0,"4,772","3,571.20","4,832.65","4,826.10","5,290.93"
2019-05-29,"91,800","91,800","91,000","91,300","91,660.00","91,740.00","91,930.00","94,185.00","94,604.17",0,"9,932","4,250.40","5,127.25","4,948.22","5,330.56"
2019-05-30,"91,500","91,800","91,200","91,300","91,540.00","91,760.00","91,840.00","94,096.67","94,562.50",0,"9,454","5,738.80","5,369.35","5,053.32","5,371.61"
2019-05-31,"91,800","92,000","91,400","92,000","91,580.00","91,820.00","91,790.00","94,021.67","94,535.83",0,"2,572","5,951.20","5,292.20","5,054.27","5,365.12"
2019-06-03,"92,000","93,100","91,500","93,000","91,840.00","91,900.00","91,820.00","93,976.67","94,513.33",0,"4,962","6,338.40","5,350.85","5,097.62","5,376.70"
2019-06-04,"93,000","93,000","92,500","92,800","92,080.00","91,940.00","91,840.00","93,950.00","94,493.33",0,"2,440","5,872.00","5,253.95","5,085.25","5,383.43"
2019-06-05,"92,900","93,400","92,700","93,100","92,440.00","92,050.00","91,865.00","93,910.00","94,480.00",0,"2,840","4,453.60","5,228.40","5,070.52","5,351.11"
2019-06-07,"93,200","93,300","92,400","93,100","92,800.00","92,170.00","91,890.00","93,828.33","94,475.83",0,"2,477","3,058.20","4,944.55","5,005.23","5,337.84"
2019-06-10,"93,100","93,500","92,700","93,300","93,060.00","92,320.00","92,005.00","93,700.00","94,498.33",0,"3,234","3,190.60","4,661.55","4,874.80","5,258.88"
2019-06-11,"93,300","93,600","92,900","93,300","93,120.00","92,480.00","92,115.00","93,563.33","94,520.00",0,"13,962","4,990.60","5,092.10","4,996.92","5,331.96"
2019-06-12,"93,500","94,400","92,900","94,400","93,440.00","92,760.00","92,280.00","93,470.00","94,555.83",0,"5,106","5,523.80","5,022.00","4,937.77","5,281.48"
2019-06-13,"94,300","95,000","93,700","94,900","93,800.00","93,120.00","92,430.00","93,376.67","94,593.33",0,"4,660","5,887.80","4,979.60","4,949.07","5,254.88"
2019-06-14,"94,900","95,200","94,300","95,200","94,220.00","93,510.00","92,635.00","93,325.00","94,644.17",12,"4,677","6,327.80","4,902.20","4,930.25","5,141.55"
2019-06-17,"95,100","96,600","94,800","95,500","94,660.00","93,860.00","92,840.00","93,293.33","94,688.33",0,"4,632","6,607.40","4,770.65","4,954.25","5,139.99"
2019-06-18,"96,200","96,200","95,400","95,700","95,140.00","94,130.00","93,015.00","93,268.33","94,707.50",0,"3,425","4,500.00","4,838.60","4,962.85","5,080.36"
2019-06-19,"95,600","96,100","95,200","95,300","95,320.00","94,380.00","93,160.00","93,253.33","94,735.00",0,"3,966","4,272.00","4,809.75","4,938.67","5,068.08"
2019-06-20,"95,700","96,200","95,700","96,100","95,560.00","94,680.00","93,365.00","93,265.00","94,781.67",0,"2,708","3,881.60","4,618.35","4,924.93","4,983.27"
2019-06-21,"95,600","96,400","95,400","95,400","95,600.00","94,910.00","93,540.00","93,266.67","94,807.50",0,"7,171","4,380.40","4,876.30","4,982.55","4,907.62"
2019-06-24,"95,400","96,300","95,400","96,200","95,740.00","95,200.00","93,760.00","93,283.33","94,840.00",0,"1,332","3,720.40","4,867.40","4,927.08","4,896.01"
2019-06-25,"96,100","96,100","94,800","95,000","95,600.00","95,370.00","93,925.00","93,296.67","94,866.67",0,"2,368","3,509.00","4,834.50","4,912.62","4,850.48"
2019-06-26,"94,600","94,600","93,400","93,500","95,240.00","95,280.00","94,020.00","93,283.33","94,895.00",0,"2,572","3,230.20","4,724.50","4,914.65","4,807.19"
2019-06-27,"94,100","94,100","93,400","94,000","94,820.00","95,190.00","94,155.00","93,268.33","94,920.00",70,"1,267","2,942.00","4,291.25","4,891.35","4,801.65"
2019-06-28,"93,500","94,000","93,200","93,500","94,440.00","95,020.00","94,265.00","93,271.67","94,949.17",0,"4,420","2,391.80","4,039.55","4,836.82","4,822.06"
2019-07-01,"93,800","94,500","93,600","94,200","94,040.00","94,890.00","94,375.00","93,281.67","94,992.50",0,"1,501","2,425.60","3,986.00","4,780.58","4,792.48"
2019-07-02,"94,200","94,500","93,300","94,400","93,920.00","94,760.00","94,445.00","93,303.33","95,026.67",71,"1,325","2,217.00","3,804.15","4,741.90","4,761.48"
2019-07-03,"94,400","94,600","93,800","93,800","93,980.00","94,610.00","94,495.00","93,325.00","95,040.00",0,"1,574","2,017.40","3,760.85","4,674.77","4,729.90"
2019-07-04,"93,600","94,500","93,600","93,900","93,960.00","94,390.00","94,535.00","93,323.33","95,054.17",0,"1,062","1,976.40","3,671.95","4,614.35","4,720.64"
2019-07-05,"93,900","94,700","93,700","93,700","94,000.00","94,220.00","94,565.00","93,311.67","95,066.67",66,"1,213","1,335.00","3,608.75","4,551.85","4,686.63"
2019-07-08,"93,700","93,700","92,700","92,900","93,740.00","93,890.00","94,545.00","93,288.33","95,080.83",0,"1,654","1,365.60","3,529.75","4,518.30","4,664.29"
2019-07-09,"93,200","93,200","92,500","92,600","93,380.00","93,650.00","94,510.00","93,256.67","95,083.33",0,789,"1,258.40","2,871.10","4,455.60","4,615.13"
2019-07-10,"92,700","93,000","91,800","92,000","93,020.00","93,500.00","94,390.00","93,225.00","95,091.67",0,"1,579","1,259.40","2,694.75","4,396.62","4,596.05"
2019-07-11,"91,800","93,200","91,800","92,800","92,800.00","93,380.00","94,285.00","93,211.67","95,103.33",70,"1,413","1,329.60","2,532.40","4,317.08","4,555.41"
2019-07-12,"93,000","93,000","91,900","92,100","92,480.00","93,240.00","94,130.00","93,183.33","95,108.33",0,"1,312","1,349.40","2,364.15","4,245.07","4,514.42"
2019-07-15,"92,100","92,400","91,500","92,000","92,300.00","93,020.00","93,955.00","93,138.33","95,104.17",0,"1,765","1,371.60","2,220.80","4,158.82","4,483.18"
2019-07-16,"91,600","92,200","91,600","92,100","92,200.00","92,790.00","93,775.00","93,111.67","95,084.17",0,"2,081","1,630.00","2,153.60","4,111.38","4,394.38"
2019-07-17,"92,000","92,000","91,300","91,800","92,160.00","92,590.00","93,600.00","93,083.33","95,035.00",0,"1,518","1,617.80","2,031.20","4,038.72","4,293.00"
2019-07-18,"91,400","92,000","91,300","91,900","91,980.00","92,390.00","93,390.00","93,046.67","94,975.00",70,"1,278","1,590.80","1,959.70","4,017.28","4,239.52"
2019-07-19,"91,900","92,700","91,400","92,300","92,020.00","92,250.00","93,235.00","93,015.00","94,894.17",0,"1,537","1,635.80","1,678.00","3,982.77","4,148.82"
2019-07-22,"92,300","92,300","91,500","92,000","92,020.00","92,160.00","93,025.00","92,990.00","94,827.50",0,"2,658","1,814.40","1,744.30","3,942.35","4,109.73"
2019-07-23,"91,900","92,000","91,500","91,900","91,980.00","92,090.00","92,870.00","92,953.33","94,755.83",70,"1,690","1,736.20","1,710.40","3,878.33","4,107.77"
2019-07-24,"91,500","91,700","91,000","91,200","91,860.00","92,010.00","92,755.00","92,931.67","94,687.50",0,"4,028","2,238.20","1,783.20","3,780.12","4,118.57"
2019-07-25,"91,200","91,200","90,300","90,800","91,640.00","91,810.00","92,595.00","92,893.33","94,625.00",0,"3,214","2,625.40","1,880.55","3,766.35","4,088.96"
2019-07-26,"90,400","90,500","90,100","90,200","91,220.00","91,620.00","92,430.00","92,845.00","94,555.00",0,"3,384","2,994.80","1,828.75","3,745.88","4,066.42"
2019-07-29,"90,200","90,500","89,100","89,100","90,640.00","91,330.00","92,175.00","92,780.00","94,460.00",0,"5,126","3,488.40","2,010.00","3,762.73","4,044.01"
2019-07-30,"89,500","89,600","89,100","89,200","90,100.00","91,040.00","91,915.00","92,726.67","94,370.00",70,"1,400","3,430.40","2,013.75","3,722.92","4,034.31"
2019-07-31,"89,100","89,700","89,100","89,400","89,740.00","90,800.00","91,695.00","92,676.67","94,273.33",70,"1,539","2,932.60","2,012.00","3,675.60","4,030.12"
2019-08-01,"88,900","89,700","88,900","89,300","89,440.00","90,540.00","91,465.00","92,621.67","94,175.83",0,"2,065","2,702.80","2,062.15","3,654.17","4,038.59"
2019-08-02,"88,600","89,200","88,000","88,500","89,100.00","90,160.00","91,205.00","92,553.33","94,082.50",0,"3,102","2,646.40","2,156.60","3,569.97","4,030.55"
2019-08-05,"88,000","88,400","85,900","86,100","88,500.00","89,570.00","90,865.00","92,471.67","93,970.00",0,"6,405","2,902.20","2,394.15","3,528.48","4,060.56"
2019-08-06,"86,000","86,500","83,300","85,300","87,720.00","88,910.00","90,500.00","92,375.00","93,850.83",0,"6,838","3,989.80","2,696.60","3,553.27","4,091.26"
2019-08-07,"85,700","85,700","84,600","85,200","86,880.00","88,310.00","90,160.00","92,276.67","93,723.33",0,"3,953","4,472.60","2,815.30","3,510.68","4,100.67"
2019-08-08,"84,700","85,500","84,400","84,900","86,000.00","87,720.00","89,765.00","92,160.00","93,604.17",0,"4,041","4,867.80","2,946.70","3,486.23","4,113.55"
2019-08-09,"85,200","85,200","83,400","83,900","85,080.00","87,090.00","89,355.00","92,040.00","93,480.83",0,"5,593","5,366.00","3,160.75","3,475.70","4,141.66"
2019-08-12,"83,900","84,300","83,600","84,200","84,700.00","86,600.00","88,965.00","91,920.00","93,366.67",0,"1,502","4,385.40","3,147.60","3,379.68","4,129.06"
2019-08-13,"84,200","84,500","82,800","83,100","84,260.00","85,990.00","88,515.00","91,768.33","93,239.17",0,"7,460","4,509.80","3,416.55","3,469.58","4,177.04"
2019-08-14,"83,000","83,600","82,600","83,100","83,840.00","85,360.00","88,080.00","91,613.33","93,113.33",0,"3,482","4,415.60","3,514.75","3,451.90","4,186.18"
2019-08-16,"82,800","83,400","82,000","82,300","83,320.00","84,660.00","87,600.00","91,451.67","92,990.83",0,"5,566","4,720.60","3,729.15","3,435.73","4,216.73"
2019-08-19,"82,500","84,600","82,400","84,100","83,360.00","84,220.00","87,190.00","91,321.67","92,885.83",0,"5,972","4,796.40","3,950.90","3,501.73","4,232.90"
2019-08-20,"84,100","84,900","83,300","83,600","83,240.00","83,970.00","86,770.00","91,185.00","92,781.67",0,"7,961","6,088.20","4,216.05","3,609.25","4,241.65"
2019-08-21,"83,800","84,400","83,400","84,000","83,420.00","83,840.00","86,375.00","91,056.67","92,685.00",0,"6,169","5,830.00","4,440.00","3,661.63","4,231.54"
2019-08-22,"84,200","84,700","83,700","84,000","83,600.00","83,720.00","86,015.00","90,930.00","92,589.17",0,"1,394","5,412.40","4,308.30","3,605.33","4,215.72"
2019-08-23,"84,000","84,400","83,200","83,800","83,900.00","83,610.00","85,665.00","90,805.00","92,495.00",0,"1,820","4,663.20","4,238.60","3,470.13","4,209.18"
2019-08-26,"83,200","83,300","81,700","82,000","83,480.00","83,420.00","85,255.00","90,650.00","92,373.33",0,"5,048","4,478.40","4,321.80","3,396.70","4,225.01"
2019-08-27,"82,200","83,000","82,000","82,400","83,240.00","83,240.00","84,920.00","90,490.00","92,255.83",58,"4,343","3,754.80","4,282.65","3,426.22","4,240.24"
2019-08-28,"82,100","83,600","82,100","82,800","83,000.00","83,210.00","84,600.00","90,320.00","92,148.33",59,"2,058","2,932.60","4,315.55","3,377.82","4,237.72"
2019-08-29,"83,500","84,400","83,200","84,400","83,080.00","83,340.00","84,350.00","90,180.00","92,065.00",0,"2,000","3,053.80","4,338.60","3,370.48","4,227.87"
2019-08-30,"84,300","84,900","84,100","84,300","83,180.00","83,540.00","84,100.00","90,033.33","91,971.67",0,"2,145","3,118.80","4,342.60","3,358.90","4,214.71"
2019-09-02,"84,100","84,900","84,100","84,700","83,720.00","83,600.00","83,910.00","89,893.33","91,860.83",30,"1,612","2,431.60","4,268.10","3,344.48","4,174.86"
2019-09-03,"84,700","84,900","84,200","84,500","84,140.00","83,690.00","83,830.00","89,746.67","91,723.33",30,"2,161","1,995.20","4,055.90","3,326.60","4,100.70"
2019-09-04,"84,200","84,700","84,200","84,400","84,460.00","83,730.00","83,785.00","89,598.33","91,580.83",0,"3,251","2,233.80","3,876.55","3,148.08","4,072.50"
2019-09-05,"84,500","84,700","83,300","83,500","84,280.00","83,680.00","83,700.00","89,416.67","91,443.33",30,"8,252","3,484.20","4,091.50","3,200.52","4,069.14"
2019-09-06,"83,800","83,800","83,100","83,300","84,080.00","83,630.00","83,620.00","89,223.33","91,300.00",0,"4,153","3,885.80","4,097.10","3,192.07","4,070.57"
2019-09-09,"83,500","84,700","83,500","83,600","83,860.00","83,790.00","83,605.00","89,030.00","91,177.50",66,"4,322","4,427.80","4,033.55","3,186.15","4,058.20"
2019-09-10,"84,200","84,800","83,600","84,400","83,840.00","83,990.00","83,615.00","88,845.00","91,069.17",0,"2,034","4,402.40","4,060.15","3,142.85","4,048.55"
2019-09-11,"84,300","84,600","83,800","84,400","83,840.00","84,150.00","83,680.00","88,656.67","90,962.50",0,"5,639","4,880.00","3,969.10","3,179.75","4,071.30"
2019-09-16,"84,400","84,900","84,300","84,700","84,080.00","84,180.00","83,760.00","88,480.00","90,866.67",0,"8,918","5,013.20","4,240.90","3,262.28","4,100.48"
2019-09-17,"85,300","86,200","84,700","86,000","84,620.00","84,350.00","83,945.00","88,311.67","90,788.33",0,"5,201","5,222.80","4,222.65","3,303.83","4,114.38"
2019-09-18,"85,700","86,900","85,700","86,900","85,280.00","84,570.00","84,085.00","88,170.00","90,718.33",18,"6,155","5,589.40","4,231.80","3,286.90","4,134.73"
2019-09-19,"87,000","87,400","86,500","87,000","85,800.00","84,820.00","84,255.00","88,016.67","90,650.00",0,"3,749","5,932.40","4,021.20","3,327.18","4,127.13"
2019-09-20,"87,100","87,100","85,900","86,800","86,280.00","85,060.00","84,395.00","87,880.00","90,588.33",25,"8,316","6,467.80","4,128.55","3,426.32","4,169.47"
2019-09-23,"86,600","86,600","85,700","85,800","86,500.00","85,290.00","84,485.00","87,751.67","90,517.50",0,"3,336","5,351.40","4,225.65","3,439.05","4,176.85"
2019-09-24,"86,000","86,300","85,400","86,200","86,540.00","85,580.00","84,605.00","87,621.67","90,445.00",0,"2,522","4,815.60","4,260.75","3,459.97","4,175.66"
2019-09-25,"85,900","86,100","85,200","85,200","86,200.00","85,740.00","84,765.00","87,483.33","90,377.50",0,"2,336","4,051.80","4,125.15","3,425.23","4,131.02"
2019-09-26,"85,700","85,700","85,100","85,600","85,920.00","85,860.00","84,925.00","87,340.00","90,310.83",0,"5,607","4,423.40","4,188.35","3,493.67","4,137.13"
2019-09-27,"85,300","85,400","84,300","84,300","85,420.00","85,850.00","85,000.00","87,171.67","90,237.50",0,"5,342","3,828.60","4,352.55","3,560.62","4,151.26"
2019-09-30,"84,200","84,800","83,200","84,400","85,140.00","85,820.00","85,000.00","87,015.00","90,170.00",0,"3,179","3,797.20","4,411.50","3,587.37","4,131.07"
2019-10-01,"84,400","84,500","83,700","84,100","84,720.00","85,630.00","84,990.00","86,851.67","90,087.50",0,"3,477","3,988.20","4,478.10","3,627.62","4,120.98"
2019-10-02,"83,600","84,000","83,400","83,600","84,400.00","85,300.00","84,935.00","86,683.33","89,997.50",0,"5,307","4,582.40","4,662.85","3,695.85","4,123.85"
2019-10-04,"84,400","84,400","83,400","84,100","84,100.00","85,010.00","84,915.00","86,536.67","89,912.50",71,"8,166","5,094.20","4,963.10","3,804.38","4,161.34"
2019-10-07,"84,100","84,600","82,600","82,900","83,820.00","84,620.00","84,840.00","86,375.00","89,815.83",0,"4,214","4,868.60","5,011.25","3,861.47","4,158.53"
2019-10-08,"83,400","84,100","82,500","84,100","83,760.00","84,450.00","84,870.00","86,243.33","89,734.17",0,"3,565","4,945.80","4,776.90","3,894.57","4,145.59"
2019-10-10,"84,200","84,400","83,800","84,200","83,780.00","84,250.00","84,915.00","86,100.00","89,655.83",0,"2,516","4,753.60","4,695.05","3,912.95","4,115.02"
2019-10-11,"84,300","84,300","83,300","84,100","83,880.00","84,140.00","84,940.00","85,966.67","89,575.00",0,"1,272","3,946.60","4,542.55","3,912.28","4,078.68"
2019-10-14,"84,100","84,700","83,800","83,900","83,840.00","83,970.00","84,915.00","85,831.67","89,485.00",0,"2,628","2,839.00","4,572.25","3,926.67","4,042.74"
2019-10-15,"84,200","84,500","83,500","84,300","84,120.00","83,970.00","84,910.00","85,701.67","89,406.67",0,"3,405","2,677.20","4,460.55","3,948.73","4,030.06"
2019-10-16,"84,100","84,700","84,000","84,200","84,140.00","83,950.00","84,885.00","85,575.00","89,329.17",0,"4,363","2,836.80","4,232.80","3,996.15","4,017.43"
2019-10-17,"84,200","84,800","84,200","84,200","84,140.00","83,960.00","84,795.00","85,446.67","89,246.67",0,"1,388","2,611.20","4,042.15","3,997.98","4,007.63"
2019-10-18,"84,000","84,400","83,600","83,800","84,080.00","83,980.00","84,640.00","85,305.00","89,160.00",0,"2,637","2,884.20","3,866.25","4,016.32","3,999.54"
2019-10-21,"84,200","84,600","83,600","84,100","84,120.00","83,980.00","84,495.00","85,173.33","89,081.67",70,"1,976","2,753.80","3,777.60","4,004.95","3,973.65"
2019-10-22,"83,900","84,500","83,600","84,000","84,060.00","84,090.00","84,355.00","85,041.67","88,997.50",70,"1,754","2,423.60","3,449.50","4,006.02","3,942.18"
2019-10-23,"84,000","84,500","83,900","84,100","84,040.00","84,090.00","84,270.00","84,923.33","88,927.50",0,"1,916","1,934.20","3,378.50","3,970.82","3,875.47"
2019-10-24,"83,800","84,600","83,800","83,800","83,960.00","84,050.00","84,150.00","84,806.67","88,850.00",0,"2,114","2,079.40","3,358.10","3,952.48","3,859.42"
2019-10-25,"84,100","84,800","83,700","84,200","84,040.00","84,060.00","84,100.00","84,706.67","88,775.83",0,"4,673","2,486.60","3,474.95","3,973.97","3,859.93"
2019-10-28,"84,200","84,600","83,600","83,900","84,000.00","84,060.00","84,015.00","84,620.00","88,700.00",0,"4,252","2,941.80","3,407.20","3,959.40","3,861.07"
2019-10-29,"83,900","83,900","83,200","83,600","83,920.00","83,990.00","83,980.00","84,526.67","88,626.67",0,"3,943","3,379.60","3,337.25","4,001.78","3,862.35"
2019-10-30,"83,500","83,600","82,600","82,800","83,660.00","83,850.00","83,900.00","84,416.67","88,546.67",0,"3,864","3,769.20","3,371.50","4,040.53","3,858.07"
2019-10-31,"83,000","84,400","83,000","84,400","83,780.00","83,870.00","83,915.00","84,335.00","88,478.33",18,"6,299","4,606.20","3,512.60","4,111.10","3,882.63"
2019-11-01,"83,900","83,900","83,200","83,200","83,580.00","83,810.00","83,895.00","84,246.67","88,400.00",37,"1,841","4,039.80","3,339.30","4,090.08","3,830.03"
2019-11-04,"83,100","84,200","83,100","84,100","83,620.00","83,810.00","83,895.00","84,213.33","88,342.50",60,"6,971","4,583.60","3,279.55","4,099.52","3,814.00"
2019-11-05,"83,700","84,700","83,700","84,200","83,740.00","83,830.00","83,960.00","84,195.00","88,285.00",61,"2,145","4,224.00","3,176.10","4,021.30","3,787.28"
2019-11-06,"84,200","85,600","84,200","85,600","84,300.00","83,980.00","84,035.00","84,201.67","88,239.17",18,"5,186","4,488.40","3,257.15","4,041.85","3,776.27"
2019-11-07,"85,600","86,300","85,200","85,400","84,500.00","84,140.00","84,095.00","84,210.00","88,185.00",0,"2,764","3,781.40","3,269.55","4,020.57","3,753.40"
2019-11-08,"85,300","86,200","85,300","85,700","85,000.00","84,290.00","84,175.00","84,240.00","88,140.00",0,"3,571","4,127.40","3,384.50","3,986.87","3,731.28"
2019-11-11,"86,000","86,400","85,700","85,900","85,360.00","84,490.00","84,275.00","84,268.33","88,094.17",0,"3,041","3,341.40","3,405.15","4,012.52","3,696.10"
2019-11-12,"86,400","86,700","86,100","86,100","85,740.00","84,740.00","84,365.00","84,318.33","88,043.33",0,"3,661","3,644.60","3,417.95","3,949.20","3,709.39"
2019-11-13,"86,200","86,400","85,900","86,300","85,880.00","85,090.00","84,470.00","84,371.67","87,992.50",0,"2,335","3,074.40","3,316.55","3,930.08","3,690.99"
2019-11-14,"86,600","86,600","85,500","85,600","85,920.00","85,210.00","84,540.00","84,426.67","87,939.17",0,"3,349","3,191.40","3,414.60","3,893.13","3,664.43"
2019-11-15,"86,000","87,000","86,000","87,000","86,180.00","85,590.00","84,700.00","84,475.00","87,898.33",0,"6,707","3,818.60","3,618.10","3,905.38","3,703.56"
2019-11-18,"87,000","87,100","86,400","86,600","86,320.00","85,840.00","84,825.00","84,525.00","87,855.00",0,"5,840","4,378.40","3,811.30","3,870.03","3,739.64"
2019-11-19,"86,400","86,600","85,800","86,600","86,420.00","86,080.00","84,955.00","84,568.33","87,812.50",0,"5,326","4,711.40","3,989.90","3,855.98","3,758.81"
2019-11-20,"85,900","86,600","85,700","85,700","86,300.00","86,090.00","85,035.00","84,596.67","87,763.33",30,"2,096","4,663.60","3,998.90","3,867.68","3,736.51"
2019-11-21,"86,500","86,500","84,900","86,400","86,460.00","86,190.00","85,165.00","84,640.00","87,722.50",20,"5,186","5,031.00","4,152.50","3,923.78","3,696.96"
2019-11-22,"86,100","86,400","85,700","85,800","86,220.00","86,200.00","85,245.00","84,703.33","87,676.67",0,"1,388","3,967.20","3,988.25","3,862.78","3,629.74"
2019-11-25,"86,200","87,100","86,200","87,100","86,320.00","86,320.00","85,405.00","84,781.67","87,635.83",0,"4,322","3,663.60","3,991.75","3,862.43","3,644.32"
2019-11-26,"87,300","87,900","86,400","87,100","86,420.00","86,420.00","85,580.00","84,853.33","87,586.67",0,"6,856","3,969.60","4,137.40","3,942.40","3,660.11"
2019-11-27,"87,200","87,500","86,700","87,100","86,700.00","86,500.00","85,795.00","84,898.33","87,539.17",0,"3,245","4,199.40","4,106.45","3,963.15","3,666.82"
2019-11-28,"86,800","86,800","86,000","86,100","86,640.00","86,550.00","85,880.00","84,928.33","87,480.83",0,"3,963","3,954.80","3,989.65","3,993.45","3,676.18"
2019-11-29,"86,800","86,800","85,300","85,800","86,640.00","86,430.00","86,010.00","84,946.67","87,420.00",30,"3,920","4,461.20","4,093.60","4,031.92","3,688.20"
2019-12-02,"86,000","86,000","85,400","85,500","86,320.00","86,320.00","86,080.00","84,963.33","87,355.00",42,"2,650","4,126.80","3,877.55","4,040.07","3,683.33"
2019-12-03,"85,500","85,500","85,000","85,100","85,920.00","86,170.00","86,125.00","84,975.00","87,286.67",0,"1,457","3,047.00","3,843.15","4,010.17","3,579.13"
2019-12-04,"85,000","85,000","83,900","85,000","85,500.00","86,100.00","86,095.00","85,000.00","87,208.33",46,"6,172","3,632.40","3,892.45","3,975.50","3,588.01"
2019-12-05,"84,800","84,800","84,400","84,500","85,180.00","85,910.00","86,050.00","85,020.00","87,121.67",0,"3,333","3,506.40","3,920.90","3,961.83","3,576.95"
2019-12-06,"84,400","85,200","84,400","84,500","84,920.00","85,780.00","85,990.00","85,035.00","87,032.50",70,"1,725","3,067.40","3,828.60","3,918.55","3,552.35"
2019-12-09,"84,500","84,800","84,200","84,300","84,680.00","85,500.00","85,910.00","85,033.33","86,939.17",0,"2,178","2,973.00","3,785.45","3,920.95","3,531.90"
2019-12-10,"84,700","84,700","84,100","84,300","84,520.00","85,220.00","85,820.00","85,031.67","86,844.17",0,"1,238","2,929.20","3,664.30","3,847.60","3,513.68"
2019-12-11,"84,200","84,600","84,200","84,300","84,380.00","84,940.00","85,720.00","85,025.00","86,752.50",0,"1,149","1,924.60","3,605.00","3,718.12","3,490.20"
2019-12-12,"84,700","84,700","84,300","84,700","84,420.00","84,800.00","85,675.00","85,003.33","86,657.50",0,"1,918","1,641.60","3,533.45","3,663.40","3,483.62"
2019-12-13,"84,800","85,600","84,700","85,200","84,560.00","84,740.00","85,585.00","84,975.00","86,572.50",0,"3,610","2,018.60","3,378.60","3,620.98","3,453.94"
2019-12-16,"85,200","86,100","85,000","85,600","84,820.00","84,750.00","85,535.00","84,951.67","86,484.17",0,"6,118","2,806.60","3,392.50","3,660.47","3,493.82"
2019-12-17,"85,600","86,000","85,500","86,000","85,160.00","84,840.00","85,505.00","84,938.33","86,409.17",67,"2,196","2,998.20","3,236.00","3,558.47","3,492.39"
2019-12-18,"85,800","86,000","85,500","85,600","85,420.00","84,900.00","85,500.00","84,935.00","86,343.33",30,"3,631","3,494.60","3,312.75","3,563.38","3,501.22"
2019-12-19,"85,600","86,600","85,600","85,900","85,660.00","85,040.00","85,475.00","84,930.00","86,275.83",29,"2,193","3,549.60","3,163.10","3,557.90","3,508.93"
2019-12-20,"86,600","86,600","86,000","86,100","85,840.00","85,200.00","85,490.00","84,945.00","86,214.17",30,"2,035","3,234.60","3,195.45","3,552.88","3,489.06"
2019-12-23,"86,600","86,600","85,900","86,000","85,920.00","85,370.00","85,435.00","84,951.67","86,145.83",30,"2,232","2,457.40","3,090.95","3,496.63","3,495.15"
2019-12-24,"86,000","86,500","85,600","86,300","85,980.00","85,570.00","85,395.00","84,985.00","86,078.33",0,"4,474","2,913.00","2,971.85","3,482.17","3,521.39"
2019-12-26,"86,300","86,600","86,000","86,500","86,160.00","85,790.00","85,365.00","85,020.00","86,017.50",0,"3,987","2,984.20","3,008.95","3,495.63","3,541.50"
2019-12-27,"85,000","85,000","84,500","84,600","85,900.00","85,780.00","85,290.00","85,028.33","85,940.00",0,"3,066","3,158.80","2,964.10","3,488.78","3,558.20"
2019-12-30,"84,600","84,700","84,100","84,500","85,580.00","85,710.00","85,225.00","85,043.33","85,863.33",0,"1,788","3,109.40","2,857.50","3,430.13","3,562.99"
2020-01-02,"84,500","84,500","83,900","83,900","85,160.00","85,540.00","85,145.00","85,040.00","85,788.33",0,"2,620","3,187.00","2,856.00","3,337.70","3,571.04"
2020-01-03,"84,000","84,300","83,600","83,900","84,680.00","85,330.00","85,085.00","85,056.67","85,715.83",0,"4,038","3,099.80","2,985.05","3,334.77","3,598.12"
2020-01-06,"83,800","83,800","82,500","82,700","83,920.00","85,040.00","84,970.00","85,033.33","85,638.33",0,"4,662","3,234.80","2,909.55","3,353.05","3,623.81"
2020-01-07,"82,700","82,900","82,400","82,600","83,520.00","84,710.00","84,875.00","85,006.67","85,553.33",0,"3,081","3,237.80","2,896.95","3,362.47","3,637.71"
2020-01-08,"82,700","82,700","80,500","80,800","82,780.00","84,180.00","84,690.00","84,951.67","85,459.17",0,"9,615","4,803.20","3,291.45","3,501.52","3,706.90"
2020-01-09,"81,400","81,400","80,300","80,400","82,080.00","83,620.00","84,495.00","84,893.33","85,362.50",0,"5,871","5,453.40","3,476.10","3,555.57","3,741.12"
2020-01-10,"80,700","80,900","80,300","80,600","81,420.00","83,050.00","84,310.00","84,831.67","85,266.67",70,"4,900","5,625.80","3,659.20","3,580.48","3,764.61"
2020-01-13,"80,800","81,500","80,600","80,800","81,040.00","82,480.00","84,135.00","84,775.00","85,175.00",0,"2,248","5,143.00","3,714.15","3,545.23","3,770.69"
2020-01-14,"81,200","81,300","80,300","81,200","80,760.00","82,140.00","83,960.00","84,725.00","85,085.83",0,"5,507","5,628.20","3,893.60","3,613.88","3,805.93"
2020-01-15,"80,600","81,400","80,600","81,100","80,820.00","81,800.00","83,755.00","84,680.00","84,992.50",0,"2,428","4,190.80","3,834.50","3,610.40","3,813.36"
2020-01-16,"81,500","81,500","80,600","81,000","80,940.00","81,510.00","83,525.00","84,628.33","84,900.83",70,"3,668","3,750.20","3,712.00","3,638.60","3,821.78"
2020-01-17,"81,000","81,000","80,300","80,600","80,940.00","81,180.00","83,255.00","84,571.67","84,806.67",0,"3,993","3,568.80","3,801.85","3,675.92","3,840.97"
2020-01-20,"80,900","81,000","80,100","80,500","80,880.00","80,960.00","83,000.00","84,511.67","84,717.50",0,"5,788","4,276.80","3,909.70","3,740.45","3,855.63"
2020-01-21,"80,500","80,600","79,100","79,800","80,600.00","80,680.00","82,695.00","84,445.00","84,625.83",0,"10,322","5,239.80","4,316.15","3,877.25","3,914.87"
2020-01-22,"79,800","80,200","79,300","79,800","80,340.00","80,580.00","82,380.00","84,371.67","84,539.17",0,"5,868","5,927.80","4,507.80","3,897.17","3,935.57"
2020-01-23,"80,600","82,000","80,300","81,700","80,480.00","80,710.00","82,165.00","84,335.00","84,477.50",0,"14,928","8,179.80","5,142.60","4,075.10","4,017.25"
2020-01-28,"80,900","80,900","79,900","80,400","80,440.00","80,690.00","81,870.00","84,281.67","84,404.17",0,"7,110","8,803.20","5,274.40","4,127.88","4,064.83"
2020-01-29,"80,300","81,300","80,300","80,500","80,440.00","80,660.00","81,570.00","84,243.33","84,330.00",0,"2,788","8,203.20","5,214.45","4,109.95","4,075.24"
2020-01-30,"80,600","80,900","79,700","80,000","80,480.00","80,540.00","81,340.00","84,170.00","84,252.50",0,"3,890","6,916.80","5,255.65","4,069.80","4,090.45"
2020-01-31,"79,800","80,100","78,200","78,500","80,220.00","80,280.00","81,040.00","84,091.67","84,169.17",0,"10,266","7,796.40","5,679.55","4,210.22","4,150.15"
2020-02-03,"78,300","78,800","76,700","78,400","79,560.00","80,020.00","80,765.00","83,996.67","84,105.00",54,"6,880","6,186.80","5,892.55","4,208.70","4,154.11"
2020-02-04,"79,900","79,900","78,700","78,900","79,260.00","79,850.00","80,515.00","83,908.33","84,051.67",0,"3,407","5,446.20","5,861.00","4,229.73","4,125.52"
2020-02-05,"79,500","80,600","78,600","79,400","79,040.00","79,740.00","80,350.00","83,805.00","84,003.33",0,"9,891","6,866.80","6,122.45","4,308.15","4,175.00"
2020-02-06,"79,500","80,900","79,500","80,400","79,120.00","79,800.00","80,240.00","83,721.67","83,965.83",0,"15,473","9,183.40","6,742.05","4,519.97","4,270.27"
2020-02-07,"80,400","81,600","80,200","81,600","79,740.00","79,980.00","80,280.00","83,653.33","83,946.67",0,"6,695","8,469.20","6,596.05","4,572.03","4,279.45"
2020-02-10,"81,600","82,000","80,900","81,600","80,380.00","79,970.00","80,340.00","83,581.67","83,925.00",0,"4,093","7,911.80","6,507.15","4,589.57","4,301.04"
2020-02-11,"81,600","82,400","81,600","81,900","80,980.00","80,120.00","80,405.00","83,511.67","83,915.00",0,"4,272","8,084.80","6,475.75","4,599.75","4,274.48"
2020-02-12,"81,900","83,300","81,500","83,300","81,760.00","80,400.00","80,530.00","83,461.67","83,916.67",0,"6,668","7,440.20","6,696.75","4,671.97","4,301.02"
2020-02-13,"83,200","83,600","82,600","83,200","82,320.00","80,720.00","80,630.00","83,421.67","83,924.17",36,"4,788","5,303.20","6,660.80","4,695.95","4,294.54"
2020-02-14,"82,700","83,700","82,500","83,400","82,680.00","81,210.00","80,745.00","83,361.67","83,918.33",0,"5,955","5,155.20","6,837.15","4,683.42","4,294.40"
2020-02-17,"83,000","84,000","82,900","83,200","83,000.00","81,690.00","80,855.00","83,305.00","83,915.00",0,"5,070","5,350.60","6,907.25","4,670.58","4,270.31"
2020-02-18,"82,900","83,600","82,600","83,300","83,280.00","82,130.00","80,990.00","83,250.00","83,909.17",0,"6,021","5,700.40","7,008.65","4,682.17","4,269.07"
2020-02-19,"82,700","83,500","82,200","83,000","83,220.00","82,490.00","81,115.00","83,205.00","83,900.83",0,"5,578","5,482.40","6,998.15","4,740.20","4,303.94"
2020-02-20,"82,900","84,000","82,700","83,300","83,240.00","82,780.00","81,290.00","83,153.33","83,896.67",0,"7,340","5,992.80","6,849.05","4,776.10","4,349.94"
2020-02-21,"82,700","83,100","81,300","82,000","82,960.00","82,820.00","81,400.00","83,090.00","83,896.67",0,"9,405","6,682.80","7,025.90","4,909.72","4,386.25"
2020-02-24,"81,600","81,600","80,000","81,200","82,560.00","82,780.00","81,375.00","82,991.67","83,886.67",71,"11,399","7,948.60","6,849.45","5,027.67","4,445.05"
2020-02-25,"80,100","82,300","80,100","82,200","82,340.00","82,810.00","81,465.00","82,910.00","83,881.67",60,"3,915","7,527.40","6,689.70","4,978.65","4,460.52"
2020-02-26,"81,900","82,100","81,100","82,000","82,140.00","82,680.00","81,540.00","82,825.00","83,861.67",0,"3,573","7,126.40","6,728.95","4,984.12","4,473.63"
2020-02-27,"81,500","81,900","80,700","81,200","81,720.00","82,480.00","81,600.00","82,743.33","83,835.83",0,"3,648","6,388.00","6,716.85","4,978.87","4,486.16"
2020-02-28,"80,400","80,400","78,100","78,400","81,000.00","81,980.00","81,595.00","82,620.00","83,783.33",0,"14,253","7,357.60","6,916.20","5,151.08","4,591.50"
2020-03-02,"78,600","79,200","76,000","78,400","80,440.00","81,500.00","81,595.00","82,501.67","83,732.50",49,"4,609","5,999.60","6,802.65","5,183.73","4,611.90"
2020-03-03,"78,900","79,300","77,700","78,200","79,640.00","80,990.00","81,560.00","82,386.67","83,680.83",0,"9,858","7,188.20","7,125.20","5,323.75","4,666.96"
2020-03-04,"77,900","79,400","76,600","79,200","79,080.00","80,610.00","81,550.00","82,290.00","83,645.00",0,"7,859","8,045.40","7,023.60","5,351.87","4,663.68"
2020-03-05,"79,300","81,600","78,600","81,500","79,140.00","80,430.00","81,605.00","82,240.00","83,630.00",0,"7,136","8,743.00","6,606.75","5,415.25","4,688.54"
2020-03-06,"81,000","81,000","78,500","80,300","79,520.00","80,260.00","81,540.00","82,170.00","83,602.50",71,"11,302","8,152.80","6,837.10","5,574.87","4,746.71"
2020-03-09,"80,000","80,000","76,200","76,200","79,080.00","79,760.00","81,270.00","82,035.00","83,534.17",2,"13,327","9,896.40","7,298.80","5,760.68","4,840.82"
2020-03-10,"75,300","77,600","75,200","76,700","78,780.00","79,210.00","81,010.00","81,908.33","83,470.00",9,"13,871","10,699.00","7,778.75","5,971.23","4,909.42"
2020-03-11,"76,700","77,100","75,900","76,200","78,180.00","78,630.00","80,655.00","81,773.33","83,399.17",0,"7,594","10,646.00","7,825.05","6,078.65","4,898.38"
2020-03-12,"75,200","75,900","71,700","71,800","76,240.00","77,690.00","80,085.00","81,558.33","83,280.83",0,"14,644","12,147.60","8,317.85","6,290.75","4,977.07"
2020-03-13,"66,900","70,000","65,800","68,200","73,820.00","76,670.00","79,325.00","81,275.00","83,125.00",0,"14,087","12,704.60","8,724.45","6,465.37","5,043.18"
2020-03-16,"66,900","70,500","66,900","70,200","72,620.00","75,850.00","78,675.00","81,018.33","82,985.00",0,"12,141","12,467.40","9,078.00","6,565.75","5,113.11"
2020-03-17,"68,500","70,000","67,900","68,800","71,040.00","74,910.00","77,950.00","80,731.67","82,835.00",0,"9,110","11,515.20","9,232.45","6,680.98","5,119.73"
2020-03-18,"69,900","70,400","66,600","68,400","69,480.00","73,830.00","77,220.00","80,445.00","82,690.00",0,"9,051","11,806.60","9,406.10","6,771.32","5,167.35"
2020-03-19,"67,800","68,000","59,800","61,400","67,400.00","71,820.00","76,125.00","80,036.67","82,483.33",0,"21,276","13,133.00","10,102.90","7,089.37","5,323.63"
2020-03-20,"59,600","61,800","56,900","58,800","65,520.00","69,670.00","74,965.00","79,581.67","82,263.33",0,"40,317","18,379.00","11,648.50","7,727.40","5,640.14"
2020-03-23,"56,700","57,500","54,400","56,000","62,680.00","67,650.00","73,705.00","79,081.67","82,016.67",0,"24,345","20,819.80","12,295.80","8,095.95","5,796.29"
2020-03-24,"57,000","60,600","56,000","59,400","60,800.00","65,920.00","72,565.00","78,633.33","81,809.17",0,"22,980","23,593.80","13,249.05","8,404.38","5,943.27"
2020-03-25,"61,000","62,600","58,900","59,600","59,040.00","64,260.00","71,445.00","78,185.00","81,602.50",0,"45,939","30,971.40","15,367.35","9,103.58","6,299.61"
2020-03-26,"60,500","65,200","59,500","63,500","59,460.00","63,430.00","70,560.00","77,833.33","81,430.83",0,"18,889","30,494.00","16,129.40","9,367.30","6,428.04"
2020-03-27,"64,400","66,600","64,100","65,500","60,800.00","63,160.00","69,915.00","77,516.67","81,280.00",0,"12,757","24,982.00","16,054.60","9,550.12","6,490.13"
2020-03-30,"65,700","66,100","64,000","65,500","62,700.00","62,690.00","69,270.00","77,210.00","81,125.00",0,"7,472","21,607.40","16,197.75","9,630.98","6,484.34"
2020-03-31,"66,100","67,600","66,100","67,200","64,260.00","62,530.00","68,720.00","76,931.67","80,994.17",0,"6,006","18,212.60","16,005.15","9,663.78","6,499.27"
2020-04-01,"66,400","68,500","66,400","67,200","65,780.00","62,410.00","68,120.00","76,673.33","80,853.33",0,"7,444","10,513.60","15,984.40","9,710.15","6,531.60"
2020-04-02,"66,500","69,100","66,200","68,700","66,820.00","63,140.00","67,480.00","76,441.67","80,724.17",67,"5,901","7,916.00","15,922.65","9,757.15","6,559.81"
2020-04-03,"69,700","69,900","68,100","69,600","67,640.00","64,220.00","66,945.00","76,255.00","80,603.33",0,"4,266","6,217.80","15,570.85","9,668.00","6,584.76"
2020-04-06,"68,100","70,400","68,100","70,000","68,540.00","65,620.00","66,635.00","76,081.67","80,487.50",0,"3,728","5,469.00","15,090.90","9,632.28","6,593.93"
2020-04-07,"71,100","71,300","70,300","70,400","69,180.00","66,720.00","66,320.00","75,911.67","80,371.67",0,"6,194","5,506.60","14,707.05","9,653.85","6,617.17"
2020-04-08,"70,000","70,900","69,300","70,500","69,840.00","67,810.00","66,035.00","75,740.00","80,257.50",0,"1,763","4,370.40","14,415.50","9,645.77","6,595.50"
2020-04-09,"70,500","71,300","70,400","70,600","70,220.00","68,520.00","65,975.00","75,563.33","80,144.17",0,"3,759","3,942.00","13,871.25","9,616.63","6,615.26"
2020-04-10,"70,500","72,400","70,000","72,300","70,760.00","69,200.00","66,180.00","75,416.67","80,048.33",0,"5,463","4,181.40","13,440.05","9,667.22","6,638.81"
2020-04-13,"72,400","73,300","72,100","72,400","71,240.00","69,890.00","66,290.00","75,273.33","79,950.83",0,"4,220","4,279.80","13,044.00","9,676.42","6,657.51"
2020-04-14,"72,400","73,000","71,800","72,300","71,620.00","70,400.00","66,465.00","75,135.00","79,853.33",0,"3,279","3,696.80","12,752.45","9,664.52","6,670.22"
2020-04-16,"72,300","72,300","69,900","71,200","71,760.00","70,800.00","66,605.00","74,980.00","79,745.83",0,"2,280","3,800.20","12,413.90","9,606.05","6,673.25"
2020-04-17,"71,200","72,400","71,200","71,700","71,980.00","71,100.00","67,120.00","74,845.00","79,645.00",0,"3,416","3,731.60","11,520.90","9,490.95","6,684.10"
2020-04-20,"72,200","72,600","71,800","72,100","71,940.00","71,350.00","67,785.00","74,716.67","79,544.17",0,"2,700","3,179.00","9,640.05","9,438.15","6,667.66"
2020-04-21,"72,100","72,100","68,900","70,500","71,560.00","71,400.00","68,510.00","74,530.00","79,432.50",0,"5,035","3,342.00","8,674.55","9,273.27","6,674.18"
2020-04-22,"70,500","71,800","69,400","71,400","71,380.00","71,500.00","69,110.00","74,380.00","79,330.83",0,"2,398","3,165.80","7,645.45","9,194.73","6,661.31"
2020-04-23,"71,800","72,400","70,600","72,000","71,540.00","71,650.00","69,730.00","74,238.33","79,240.83",0,"2,629","3,235.60","5,479.95","9,192.08","6,651.02"
2020-04-24,"72,000","72,400","71,100","71,500","71,500.00","71,740.00","70,130.00","74,096.67","79,133.33",30,"3,509","3,254.20","4,710.95","9,185.73","6,627.77"
2020-04-27,"71,500","71,900","70,200","70,300","71,140.00","71,540.00","70,370.00","73,960.00","79,025.83",0,"20,675","6,849.20","5,106.85","9,359.22","6,784.72"
2020-04-28,"70,400","71,800","70,200","71,300","71,300.00","71,430.00","70,660.00","73,841.67","78,919.17",70,"12,182","8,278.60","5,342.35","9,447.58","6,828.14"
2020-04-29,"71,300","74,200","71,300","74,200","71,860.00","71,620.00","71,010.00","73,763.33","78,835.83",18,"12,745","10,348.00","5,679.30","9,603.22","6,916.48"
2020-05-04,"74,000","77,400","72,700","74,900","72,440.00","71,990.00","71,395.00","73,688.33","78,746.67",0,"16,342","13,090.60","6,124.20","9,710.73","7,009.44"
2020-05-06,"74,800","76,300","73,700","74,100","72,960.00","72,230.00","71,665.00","73,583.33","78,652.50",0,"6,469","13,682.60","6,152.60","9,560.67","7,040.32"
2020-05-07,"73,800","74,200","73,500","74,000","73,700.00","72,420.00","71,885.00","73,456.67","78,555.00",0,"2,797","10,107.00","6,079.15","9,495.70","7,033.87"
2020-05-08,"74,600","74,600","72,000","72,700","73,980.00","72,640.00","72,020.00","73,308.33","78,445.00",0,"11,547","9,980.00","6,470.10","9,619.93","7,104.75"
2020-05-11,"73,200","73,400","72,400","72,500","73,640.00","72,750.00","72,125.00","73,151.67","78,331.67",0,"2,738","7,978.60","6,297.30","9,594.37","7,097.06"
2020-05-12,"72,500","72,800","71,400","72,600","73,180.00","72,810.00","72,230.00","72,973.33","78,217.50",0,"3,047","5,319.60","6,361.50","9,534.02","7,102.99"
2020-05-13,"71,500","73,000","71,000","73,000","72,960.00","72,960.00","72,350.00","72,803.33","78,112.50",0,"2,286","4,483.00","6,287.85","9,492.32","7,094.13"
2020-05-14,"72,800","72,800","71,500","71,600","72,480.00","73,090.00","72,315.00","72,606.67","77,984.17",0,"2,497","4,423.00","6,139.55","9,434.68","7,059.05"
2020-05-15,"71,700","71,700","70,100","70,700","72,080.00","73,030.00","72,230.00","72,398.33","77,851.67",0,"5,952","3,304.00","6,226.15","9,449.38","7,059.98"
2020-05-18,"70,200","70,700","69,100","69,500","71,480.00","72,560.00","72,090.00","72,168.33","77,709.17",0,"12,680","5,292.40","6,696.20","9,560.37","7,121.27"
2020-05-19,"70,000","70,200","68,900","69,700","70,900.00","72,040.00","72,015.00","71,946.67","77,575.83",0,"12,602","7,203.40","7,212.30","9,677.43","7,208.82"
2020-05-20,"70,200","70,900","70,000","70,100","70,320.00","71,640.00","71,935.00","71,726.67","77,440.00",0,"3,574","7,461.00","7,220.20","9,614.67","7,195.38"
2020-05-21,"70,400","71,800","69,000","69,300","69,860.00","71,170.00","71,795.00","71,515.00","77,302.50",0,"25,888","12,139.20","8,379.60","9,889.38","7,399.55"
2020-05-22,"69,900","70,300","68,700","68,800","69,480.00","70,780.00","71,710.00","71,308.33","77,150.00",0,"13,712","13,691.20","8,813.45","9,927.93","7,477.80"
2020-05-25,"68,700","69,200","67,600","67,700","69,120.00","70,300.00","71,525.00","71,066.67","76,988.33",0,"12,312","13,617.60","9,309.15","10,067.88","7,523.27"
2020-05-26,"67,800","67,900","67,100","67,300","68,640.00","69,770.00","71,290.00","70,821.67","76,823.33",0,"17,901","14,677.40","10,072.75","10,306.68","7,645.40"
2020-05-27,"67,300","68,000","67,300","67,900","68,200.00","69,260.00","71,110.00","70,600.00","76,671.67",0,"8,926","15,747.80","10,343.60","10,394.65","7,686.76"
2020-05-28,"68,100","68,600","66,900","66,900","67,720.00","68,790.00","70,940.00","70,408.33","76,514.17",0,"13,845","13,339.20","10,002.10","10,387.85","7,769.47"
2020-05-29,"66,900","67,800","65,100","65,100","66,980.00","68,230.00","70,630.00","70,186.67","76,344.17",0,"31,786","16,954.00","10,982.30","10,840.80","8,012.27"
2020-06-01,"65,700","66,500","65,100","65,700","66,580.00","67,850.00","70,205.00","69,978.33","76,182.50",70,"23,640","19,219.60","11,527.05","11,070.50","8,197.13"
2020-06-02,"66,000","68,000","65,700","68,000","66,720.00","67,680.00","69,860.00","69,791.67","76,040.83",0,"15,349","18,709.20","11,477.40","11,195.33","8,273.60"
2020-06-03,"68,600","69,200","67,000","68,200","66,780.00","67,490.00","69,565.00","69,570.00","75,905.00",0,"24,896","21,903.20","12,398.75","11,491.33","8,453.29"
2020-06-04,"68,900","69,200","67,800","68,100","67,020.00","67,370.00","69,270.00","69,366.67","75,768.33",0,"10,647","21,263.60","12,791.25","11,480.42","8,527.64"
2020-06-05,"68,100","69,300","68,100","69,000","67,800.00","67,390.00","69,085.00","69,246.67","75,640.83",0,"6,391","16,184.60","12,533.45","11,364.82","8,562.75"
2020-06-08,"69,900","69,900","68,200","68,300","68,320.00","67,450.00","68,875.00","69,106.67","75,507.50",0,"15,945","14,645.60","13,193.80","11,399.38","8,685.31"
2020-06-09,"68,400","69,300","68,300","68,400","68,400.00","67,560.00","68,665.00","68,976.67","75,375.00",0,"10,103","13,596.40","13,546.60","11,441.20","8,759.92"
2020-06-10,"68,800","68,900","67,700","67,800","68,320.00","67,550.00","68,405.00","68,910.00","75,234.17",0,"7,845","10,186.20","13,824.55","11,327.88","8,809.32"
2020-06-11,"68,100","68,800","67,300","68,000","68,300.00","67,660.00","68,225.00","68,906.67","75,090.83",0,"10,755","10,207.80","14,237.45","11,272.35","8,868.86"
2020-06-12,"66,500","67,100","65,500","66,400","67,780.00","67,790.00","68,010.00","68,843.33","74,930.83",0,"41,402","17,210.00","16,009.95","11,760.03","9,162.89"
2020-06-15,"66,400","66,500","64,100","64,400","67,000.00","67,660.00","67,755.00","68,770.00","74,750.83",0,"27,960","19,613.00","16,773.95","12,074.20","9,377.59"
2020-06-16,"64,500","66,800","64,500","66,400","66,600.00","67,500.00","67,590.00","68,736.67","74,590.83",0,"13,930","20,378.40","16,840.35","12,155.52","9,463.42"
2020-06-17,"66,300","66,800","65,700","66,600","66,360.00","67,340.00","67,415.00","68,823.33","74,430.00",0,"7,901","20,389.60","17,056.70","11,932.60","9,510.98"
2020-06-18,"66,600","66,800","66,100","66,300","66,020.00","67,160.00","67,265.00","68,948.33","74,265.00",0,"5,060","19,250.60","16,015.30","11,344.98","9,536.19"
2020-06-19,"66,300","67,900","66,000","66,800","66,100.00","66,940.00","67,165.00","69,128.33","74,105.00",0,"6,187","12,207.60","15,639.05","11,042.35","9,569.15"
2020-06-22,"66,800","67,300","66,600","66,800","66,580.00","66,790.00","67,120.00","69,251.67","73,942.50",0,"6,311","7,877.80","15,339.00","10,764.53","9,584.46"
2020-06-23,"66,800","67,400","66,300","66,700","66,640.00","66,620.00","67,090.00","69,370.00","73,777.50",0,"5,039","6,099.60","14,695.90","10,082.87","9,593.23"
2020-06-24,"66,700","67,100","66,400","66,700","66,660.00","66,510.00","67,030.00","69,423.33","73,628.33",0,"4,840","5,487.40","14,491.60","9,848.72","9,608.01"
2020-06-25,"66,400","66,700","65,000","65,400","66,480.00","66,250.00","66,955.00","69,421.67","73,469.17",0,"8,701","6,215.60","14,234.40","9,781.12","9,665.62"
2020-06-26,"65,300","66,000","65,200","65,800","66,280.00","66,190.00","66,990.00","69,426.67","73,318.33",0,"8,103","6,598.80","13,050.25","9,791.63","9,711.31"
2020-06-29,"65,800","66,800","65,000","66,300","66,180.00","66,380.00","67,020.00","69,411.67","73,171.67",0,"12,476","7,831.80","12,492.05","9,899.47","9,781.63"
2020-06-30,"66,700","67,800","66,500","67,400","66,320.00","66,480.00","66,990.00","69,415.00","73,044.17",0,"21,889","11,201.80","12,819.05","10,140.22","9,925.18"
2020-07-01,"67,800","68,700","67,400","68,000","66,580.00","66,620.00","66,980.00","69,403.33","72,922.50",0,"13,970","13,027.80","12,272.75","10,274.70","10,015.92"
2020-07-02,"68,600","70,000","68,600","69,600","67,420.00","66,950.00","67,055.00","69,403.33","72,829.17",0,"15,739","14,435.40","12,527.35","10,465.92","10,066.96"
2020-07-03,"69,600","72,700","69,000","71,500","68,560.00","67,420.00","67,180.00","69,428.33","72,755.00",0,"37,293","20,273.40","14,072.45","11,025.33","10,328.81"
2020-07-06,"71,900","72,900","71,900","72,300","69,760.00","67,970.00","67,380.00","69,460.00","72,685.83",0,"9,059","19,590.00","13,728.15","11,073.08","10,363.47"
2020-07-07,"72,200","72,200","70,900","71,200","70,520.00","68,420.00","67,520.00","69,471.67","72,605.83",0,"6,348","16,481.80","13,540.40","11,149.50","10,397.63"
2020-07-08,"71,300","72,900","70,500","71,400","71,200.00","68,890.00","67,700.00","69,485.00","72,524.17",0,"16,565","17,000.80","13,976.40","11,362.93","10,489.78"
2020-07-09,"72,400","73,200","72,200","72,500","71,780.00","69,600.00","67,925.00","69,488.33","72,452.50",0,"11,299","16,112.80","14,003.60","11,460.20","10,563.71"
2020-07-10,"72,100","74,000","71,500","73,100","72,100.00","70,330.00","68,260.00","69,500.00","72,386.67",0,"17,518","12,157.80","12,809.40","11,681.83","10,679.13"
2020-07-13,"72,900","75,200","72,700","74,500","72,540.00","71,150.00","68,765.00","69,536.67","72,335.83",0,"14,533","13,252.60","12,138.05","11,869.40","10,766.96"
2020-07-14,"76,000","77,300","75,000","77,300","73,760.00","72,140.00","69,310.00","69,638.33","72,309.17",0,"15,180","15,019.00","12,200.55","12,084.40","10,845.23"
2020-07-15,"77,300","78,500","74,700","75,100","74,500.00","72,850.00","69,735.00","69,695.00","72,270.00",17,"14,705","14,647.00","12,540.75","12,272.55","10,881.75"
2020-07-16,"75,100","77,700","73,500","74,800","74,960.00","73,370.00","70,160.00","69,740.00","72,228.33",0,"16,321","15,651.40","13,103.80","12,499.57","10,968.86"
2020-07-17,"73,700","78,000","73,700","76,600","75,660.00","73,880.00","70,650.00","69,841.67","72,185.83",0,"15,863","15,320.40","13,587.60","12,680.03","10,976.65"
2020-07-20,"77,200","77,700","75,600","75,600","75,880.00","74,210.00","71,090.00","69,911.67","72,145.83",0,"8,288","14,071.40","13,686.45","12,778.20","10,986.47"
2020-07-21,"75,200","75,800","74,600","75,200","75,460.00","74,610.00","71,515.00","69,965.00","72,101.67",0,"8,391","12,713.60","13,854.05","12,874.23","11,033.16"
2020-07-22,"74,700","75,800","74,500","75,500","75,540.00","75,020.00","71,955.00","70,031.67","72,064.17",30,"9,439","11,660.40","14,084.00","12,973.07","11,079.40"
2020-07-23,"75,200","77,000","75,200","76,100","75,800.00","75,380.00","72,490.00","70,128.33","72,044.17",0,"22,854","12,967.00","14,791.65","13,009.38","11,184.30"
2020-07-24,"75,400","76,900","75,300","76,500","75,780.00","75,720.00","73,025.00","70,215.00","72,028.33",0,"15,843","12,963.00","15,178.65","13,070.40","11,258.99"
2020-07-27,"75,700","78,500","75,700","78,000","76,260.00","76,070.00","73,610.00","70,278.33","72,020.83",0,"14,626","14,230.60","15,286.15","13,101.75","11,352.48"
2020-07-28,"78,500","79,400","78,000","78,200","76,860.00","76,160.00","74,150.00","70,333.33","72,010.83",0,"9,915","14,535.40","14,687.45","12,994.63","11,352.68"
2020-07-29,"78,200","78,900","78,200","78,300","77,420.00","76,480.00","74,665.00","70,403.33","71,993.33",0,"2,762","13,200.00","14,127.05","12,932.85","11,246.76"
2020-07-30,"78,900","78,900","76,200","76,900","77,580.00","76,690.00","75,030.00","70,451.67","71,954.17",30,"6,409","9,911.00","13,660.55","12,993.05","11,244.38"
2020-07-31,"76,900","77,800","76,300","77,600","77,800.00","76,790.00","75,335.00","70,533.33","71,920.83",0,"3,676","7,477.60","11,979.70","12,861.87","11,240.90"
2020-08-03,"77,700","78,200","76,600","77,900","77,780.00","77,020.00","75,615.00","70,623.33","71,887.50",0,"11,168","6,786.00","12,085.15","13,002.37","11,298.37"
2020-08-04,"78,200","78,800","77,100","78,000","77,740.00","77,300.00","75,955.00","70,713.33","71,843.33",0,"14,960","7,795.00","12,515.75","13,200.92","11,367.47"
2020-08-05,"78,700","78,800","77,900","78,200","77,720.00","77,570.00","76,295.00","70,800.00","71,801.67",30,"6,231","8,488.80","11,999.05","13,266.67","11,379.49"
2020-08-06,"77,700","79,000","77,700","77,900","77,920.00","77,750.00","76,565.00","70,905.00","71,755.83",0,"11,959","9,598.80","12,032.05","13,424.37","11,429.53"
2020-08-07,"77,900","78,600","77,000","77,500","77,900.00","77,850.00","76,785.00","71,018.33","71,708.33",0,"9,385","10,740.60","11,625.40","13,481.58","11,465.48"
2020-08-10,"77,400","78,300","77,000","77,100","77,740.00","77,760.00","76,915.00","71,145.00","71,656.67",0,"6,477","9,802.40","11,222.60","13,378.20","11,469.28"
2020-08-11,"77,100","77,700","76,600","77,100","77,560.00","77,650.00","76,905.00","71,268.33","71,607.50",0,"13,202","9,450.80","11,123.70","13,388.20","11,532.82"
2020-08-12,"77,100","78,600","76,100","77,700","77,460.00","77,590.00","77,035.00","71,395.00","71,560.83",0,"6,929","9,590.40","10,734.90","13,444.12","11,529.39"
2020-08-13,"77,700","78,400","77,100","77,500","77,380.00","77,650.00","77,170.00","71,531.67","71,523.33",0,"5,839","8,366.40","10,210.80","13,109.97","11,499.67"
2020-08-14,"77,100","78,500","77,000","78,100","77,500.00","77,700.00","77,245.00","71,686.67","71,497.50",0,"5,229","7,535.20","9,679.10","12,968.58","11,448.26"
2020-08-18,"78,200","78,200","76,600","76,700","77,420.00","77,580.00","77,300.00","71,836.67","71,451.67",39,"8,816","8,003.00","9,705.50","12,910.32","11,489.10"
2020-08-19,"76,200","77,200","76,200","76,700","77,340.00","77,450.00","77,375.00","71,993.33","71,407.50",54,"3,969","6,156.40","9,484.40","12,678.12","11,492.40"
2020-08-20,"76,700","77,300","74,100","75,200","76,840.00","77,150.00","77,360.00","72,115.00","71,357.50",0,"11,614","7,093.40","9,593.15","12,722.92","11,558.78"
2020-08-21,"74,600","77,000","74,600","76,900","76,720.00","77,050.00","77,400.00","72,281.67","71,345.00",60,"6,111","7,147.80","8,756.00","12,594.02","11,490.93"
2020-08-24,"76,000","77,700","75,500","75,800","76,260.00","76,880.00","77,365.00","72,460.00","71,323.33",0,"2,063","6,514.60","8,067.00","12,098.63","11,469.72"
2020-08-25,"76,600","76,700","75,500","75,500","76,020.00","76,720.00","77,240.00","72,623.33","71,300.83",70,"4,311","5,613.60","7,551.25","11,776.48","11,423.49"
2020-08-26,"75,500","75,700","75,000","75,300","75,740.00","76,540.00","77,095.00","72,745.00","71,268.33",0,"2,545","5,328.80","7,182.75","11,563.08","11,379.21"
2020-08-27,"75,000","75,600","73,800","74,000","75,500.00","76,170.00","76,880.00","72,841.67","71,205.83",0,"5,085","4,023.00","7,298.90","11,232.90","11,362.12"
2020-08-28,"74,100","74,100","73,100","73,300","74,780.00","75,750.00","76,700.00","72,928.33","71,147.50",0,"6,948","4,190.40","7,325.85","11,171.25","11,325.83"
2020-08-31,"73,300","74,000","72,400","72,400","74,100.00","75,180.00","76,440.00","72,985.00","71,115.83",0,"5,176","4,813.00","7,400.85","11,151.00","11,257.91"
2020-09-01,"72,500","73,200","72,200","72,700","73,540.00","74,780.00","76,180.00","73,058.33","71,082.50",0,"7,722","5,495.20","7,228.55","11,013.95","11,206.67"
2020-09-02,"72,700","73,600","72,600","73,200","73,120.00","74,430.00","75,940.00","73,138.33","71,057.50",0,"5,051","5,996.40","6,733.10","10,929.75","11,185.48"
2020-09-03,"73,300","74,000","73,100","73,400","73,000.00","74,250.00","75,700.00","73,231.67","71,070.83",0,"3,424","5,664.20","6,592.75","10,856.07","11,091.98"
2020-09-04,"72,900","74,000","72,200","72,700","72,880.00","73,830.00","75,440.00","73,310.00","71,108.33",0,"5,256","5,325.80","6,257.60","10,764.42","11,018.38"
2020-09-07,"72,700","73,900","72,600","73,500","73,100.00","73,600.00","75,240.00","73,428.33","71,135.83",0,"5,216","5,333.80","6,049.15","10,161.32","10,960.67"
2020-09-08,"73,900","73,900","73,000","73,400","73,240.00","73,390.00","75,055.00","73,578.33","71,174.17",0,"1,589","4,107.20","5,804.75","9,721.80","10,898.00"
2020-09-09,"73,000","73,300","72,500","72,700","73,140.00","73,130.00","74,835.00","73,683.33","71,210.00",0,"2,352","3,567.40","5,262.25","9,528.83","10,842.17"
2020-09-10,"72,800","92,400","72,800","75,200","73,500.00","73,250.00","74,710.00","73,826.67","71,325.00",29,"95,548","21,992.20","9,693.20","10,989.62","11,461.11"
2020-09-11,"75,700","81,700","74,400","77,400","74,440.00","73,660.00","74,705.00","74,011.67","71,480.00",0,"34,127","27,766.40","11,107.60","11,474.07","11,409.53"
2020-09-14,"79,000","79,000","77,700","78,300","75,400.00","74,250.00","74,715.00","74,203.33","71,665.83",0,"8,794","28,482.00","11,285.85","11,517.52","11,279.93"
2020-09-15,"78,300","82,300","78,300","81,400","77,000.00","75,120.00","74,950.00","74,446.67","71,849.17",0,"28,290","33,822.20","12,259.55","11,883.83","11,324.18"
2020-09-16,"83,300","83,600","81,600","82,400","78,940.00","76,040.00","75,235.00","74,708.33","72,039.17",0,"19,282","37,208.20","13,025.20","12,121.22","11,102.04"
2020-09-17,"83,000","83,000","80,100","80,600","80,020.00","76,760.00","75,505.00","74,940.00","72,181.67",26,"8,043","19,707.20","12,846.65","12,174.60","11,011.66"
2020-09-18,"80,700","81,000","79,700","80,000","80,540.00","77,490.00","75,660.00","75,183.33","72,302.50",42,"5,760","14,033.80","12,829.10","12,125.58","10,953.35"
2020-09-21,"80,400","80,500","78,300","78,800","80,640.00","78,020.00","75,810.00","75,400.00","72,413.33",42,"8,016","13,878.20","13,126.75","12,124.13","10,957.88"
2020-09-22,"79,200","79,200","76,100","76,400","79,640.00","78,320.00","75,855.00","75,568.33","72,490.00",42,"7,381","9,696.40","13,280.25","12,039.22","10,969.34"
2020-09-23,"77,000","78,700","76,200","78,700","78,900.00","78,920.00","76,025.00","75,756.67","72,585.83",0,"5,804","7,000.80","13,443.20","11,771.13","10,955.67"
2020-09-24,"76,600","77,700","76,200","77,500","78,280.00","79,150.00","76,200.00","75,915.00","72,659.17",0,"6,404","6,673.00","13,509.15","11,645.03","10,959.87"
2020-09-25,"76,100","77,600","76,100","76,500","77,580.00","79,060.00","76,360.00","76,030.00","72,716.67",0,"3,613","6,243.60","13,342.40","11,442.93","10,954.42"
2020-09-28,"77,200","78,300","76,500","77,900","77,400.00","79,020.00","76,635.00","76,136.67","72,782.50",0,"3,308","5,302.00","13,249.00","10,876.52","10,950.92"
2020-09-29,"78,300","79,100","78,200","78,300","77,780.00","78,710.00","76,915.00","76,236.67","72,848.33",0,"2,825","4,390.80","13,004.15","10,772.62","10,922.85"
2020-10-05,"77,700","79,100","77,700","79,100","77,860.00","78,380.00","77,210.00","76,368.33","72,920.00",30,"4,200","4,070.00","12,961.60","10,736.82","10,943.16"
2020-10-06,"79,200","80,700","78,900","80,200","78,400.00","78,340.00","77,550.00","76,515.00","73,000.00",0,"4,882","3,765.60","13,034.50","10,542.10","10,952.52"
2020-10-07,"80,800","80,800","79,100","79,500","79,000.00","78,290.00","77,890.00","76,631.67","73,060.00",0,"4,222","3,887.40","12,982.80","10,424.15","10,942.17"
2020-10-08,"79,800","79,900","77,700","78,200","79,060.00","78,230.00","78,125.00","76,716.67","73,108.33",0,"8,228","4,871.40","13,133.40","10,269.32","10,975.58"
2020-10-12,"78,200","78,200","76,600","77,400","78,880.00","78,330.00","78,325.00","76,765.00","73,150.83",42,"9,942","6,294.80","13,551.05","10,192.80","11,031.10"
2020-10-13,"77,400","78,600","76,600","77,100","78,480.00","78,170.00","78,545.00","76,761.67","73,200.00",70,"8,346","7,124.00","13,850.75","10,078.90","11,081.65"
2020-10-14,"76,900","78,500","76,900","78,500","78,140.00","78,270.00","78,710.00","76,818.33","73,256.67",0,"10,352","8,218.00","9,590.95","10,006.35","11,139.45"
2020-10-15,"78,500","79,400","77,700","79,000","78,040.00","78,520.00","78,790.00","76,888.33","73,314.17",0,"11,747","9,723.00","8,471.95","9,930.12","11,214.84"
2020-10-16,"79,000","79,400","77,800","78,800","78,160.00","78,610.00","78,815.00","76,925.00","73,383.33",30,"8,923","9,862.00","8,478.40","9,814.45","11,247.24"
2020-10-19,"79,200","81,500","78,900","80,500","78,780.00","78,830.00","78,770.00","77,006.67","73,459.17",0,"20,145","11,902.60","8,071.15","10,012.07","11,395.13"
2020-10-20,"80,500","80,700","79,000","80,500","79,460.00","78,970.00","78,675.00","77,095.00","73,530.00",0,"8,446","11,922.60","7,529.35","10,012.98","11,443.61"
2020-10-21,"80,500","81,300","80,500","81,100","79,980.00","79,060.00","78,700.00","77,188.33","73,610.00",0,"4,471","10,746.40","7,350.75","9,930.18","11,451.63"
2020-10-22,"81,200","81,300","79,900","81,100","80,400.00","79,220.00","78,755.00","77,271.67","73,700.00",30,"5,019","9,400.80","7,313.70","9,632.93","11,321.16"
2020-10-23,"81,500","81,500","80,300","81,000","80,840.00","79,500.00","78,865.00","77,346.67","73,780.83",0,"3,480","8,312.20","7,086.90","9,426.88","11,248.64"
2020-10-26,"81,000","81,000","79,200","79,200","80,580.00","79,680.00","79,005.00","77,366.67","73,822.50",0,"7,137","5,710.60","7,074.70","9,302.07","11,201.91"
2020-10-27,"78,700","79,600","77,900","78,400","80,160.00","79,810.00","78,990.00","77,370.00","73,851.67",0,"10,936","6,208.60","7,331.30","9,319.08","11,156.86"
2020-10-28,"78,900","79,200","77,800","78,800","79,700.00","79,840.00","79,055.00","77,378.33","73,890.83",0,"4,104","6,135.20","7,216.30","9,341.45","11,137.15"
2020-10-29,"78,500","78,600","77,600","78,200","79,120.00","79,760.00","79,140.00","77,400.00","73,925.83",0,"3,291","5,789.60","7,200.20","9,289.48","11,141.27"
2020-10-30,"78,000","79,400","76,100","76,300","78,180.00","79,510.00","79,060.00","77,378.33","73,955.83",0,"8,649","6,823.40","7,467.25","9,372.37","11,117.12"
2020-11-02,"76,300","78,900","75,400","78,700","78,080.00","79,330.00","79,080.00","77,391.67","74,007.50",0,"6,524","6,700.80","7,652.20","9,294.97","11,148.67"
2020-11-03,"79,200","80,000","78,100","79,100","78,220.00","79,190.00","79,080.00","77,410.00","74,061.67",0,"7,415","5,996.60","7,812.95","9,169.22","11,185.07"
2020-11-04,"79,000","79,000","78,100","78,400","78,140.00","78,920.00","78,990.00","77,413.33","74,106.67",0,"5,294","6,234.60","7,833.55","9,153.60","11,210.13"
2020-11-05,"78,300","79,200","77,400","78,800","78,260.00","78,690.00","78,955.00","77,428.33","74,166.67",0,"6,959","6,968.20","7,970.40","9,070.27","11,247.32"
2020-11-06,"78,800","79,900","78,200","79,400","78,880.00","78,530.00","79,015.00","77,460.00","74,239.17",0,"7,944","6,827.20","7,956.20","9,046.25","11,263.92"
2020-11-09,"79,400","80,500","79,100","80,200","79,180.00","78,630.00","79,155.00","77,511.67","74,328.33",67,"6,393","6,801.00","7,778.75","9,044.85","11,211.53"
2020-11-10,"80,200","80,400","79,500","80,000","79,360.00","78,790.00","79,300.00","77,560.00","74,414.17",0,"4,449","6,207.80","7,583.90","8,898.97","11,143.58"
2020-11-11,"80,000","80,600","79,600","80,300","79,740.00","78,940.00","79,390.00","77,603.33","74,499.17",0,"5,120","6,173.00","7,322.30","8,868.82","11,156.47"
2020-11-12,"80,300","80,600","79,100","79,800","79,940.00","79,100.00","79,430.00","77,641.67","74,586.67",30,"6,235","6,028.20","7,046.70","8,875.42","10,992.69"
2020-11-13,"79,600","80,400","79,400","80,400","80,140.00","79,510.00","79,510.00","77,680.00","74,683.33",0,"5,874","5,614.20","6,894.25","8,886.17","10,927.38"
2020-11-16,"80,400","82,100","80,300","81,700","80,440.00","79,810.00","79,570.00","77,763.33","74,800.00",0,"8,300","5,995.60","6,302.00","8,877.57","10,893.94"
2020-11-17,"81,800","82,500","80,600","80,900","80,620.00","79,990.00","79,590.00","77,833.33","74,913.33",0,"4,326","5,971.00","6,096.00","8,883.52","10,780.82"
2020-11-18,"80,900","83,000","80,600","81,400","80,840.00","80,290.00","79,605.00","77,936.67","75,025.83",0,"5,226","5,992.20","6,133.75","8,777.05","10,749.98"
2020-11-19,"81,400","83,000","80,600","81,400","81,160.00","80,550.00","79,620.00","78,011.67","75,146.67",30,"6,417","6,028.60","6,203.65","8,782.15","10,688.08"
2020-11-20,"81,100","83,100","80,900","82,400","81,560.00","80,850.00","79,690.00","78,121.67","75,290.83",0,"9,471","6,748.00","6,503.20","8,905.62","10,502.13"
2020-11-23,"83,100","83,300","81,800","82,600","81,740.00","81,090.00","79,860.00","78,240.00","75,431.67",0,"10,375","7,163.00","6,665.10","9,006.68","10,391.58"
2020-11-24,"82,700","84,100","82,100","82,900","82,140.00","81,380.00","80,085.00","78,366.67","75,555.83",0,"9,270","8,151.80","6,581.80","9,118.77","10,340.92"
2020-11-25,"82,900","83,000","81,800","82,000","82,260.00","81,550.00","80,245.00","78,500.00","75,670.83",0,"11,578","9,422.20","6,955.50","9,226.98","10,229.94"
2020-11-26,"82,100","83,200","81,500","82,300","82,440.00","81,800.00","80,450.00","78,650.00","75,789.17",0,"5,135","9,165.80","7,047.70","9,196.77","10,184.01"
2020-11-27,"82,300","84,000","82,100","83,300","82,620.00","82,090.00","80,800.00","78,831.67","75,908.33",0,"5,095","8,290.60","6,870.00","9,195.42","10,173.21"
2020-11-30,"83,300","84,200","82,800","84,000","82,900.00","82,320.00","81,065.00","79,020.00","76,039.17",0,"8,256","7,866.80","6,956.60","9,204.32","10,109.13"
