2018-07-02,"15,700","15,750","15,050","15,050", , , , , ,0,"4,795", , , , 
2018-07-03,"15,250","15,350","14,300","15,300", , , , , ,0,"1,753", , , , 
2018-07-04,"15,300","15,350","14,750","14,900", , , , , ,0,"1,182", , , , 
2018-07-05,"15,050","15,200","14,500","15,200", , , , , ,0,"1,703", , , , 
2018-07-06,"15,250","16,050","14,850","16,000","15,290.00", , , , ,0,"2,064","2,299.40", , , 
2018-07-09,"15,450","16,300","14,750","14,750","15,230.00", , , , ,0,"2,698","1,880.00", , , 
2018-07-10,"14,900","16,000","14,900","15,100","15,190.00", , , , ,0,"1,995","1,928.40", , , 
2018-07-11,"14,250","15,650","14,250","15,000","15,210.00", , , , ,0,"2,158","2,123.60", , , 
2018-07-12,"15,000","15,800","14,950","15,100","15,190.00", , , , ,0,"1,860","2,155.00", , , 
2018-07-13,"15,100","15,500","15,100","15,450","15,080.00","15,185.00", , , ,0,839,"1,910.00", , , 
2018-07-16,"15,650","20,050","15,300","18,700","15,870.00","15,550.00", , , ,0,"41,771","9,724.60", , , 
2018-07-17,"17,400","22,750","16,700","19,400","16,730.00","15,960.00", , , ,0,"121,529","33,631.40", , , 
2018-07-18,"19,400","19,400","16,700","16,950","17,120.00","16,165.00", , , ,0,"23,013","37,802.40", , , 
2018-07-19,"17,150","17,750","16,000","16,000","17,300.00","16,245.00", , , ,0,"11,724","39,775.20", , , 
2018-07-20,"16,100","20,300","15,800","17,250","17,660.00","16,370.00", , , ,0,"99,351","59,477.60", , , 
2018-07-23,"17,250","21,000","16,700","18,650","17,650.00","16,760.00", , , ,0,"116,054","74,334.20", , , 
2018-07-24,"18,550","21,850","18,150","18,500","17,470.00","17,100.00", , , ,0,"68,847","63,797.80", , , 
2018-07-25,"18,800","19,500","18,000","18,000","17,680.00","17,400.00", , , ,0,"18,950","62,985.20", , , 
2018-07-26,"17,900","19,050","17,900","18,100","18,100.00","17,700.00", , , ,0,"15,404","63,721.20", , , 
2018-07-27,"18,600","19,300","18,100","18,750","18,400.00","18,030.00","16,607.50", , ,0,"16,278","47,106.60","27,698.40", , 
2018-07-30,"18,500","19,000","18,200","18,400","18,350.00","18,000.00","16,775.00", , ,0,"6,611","25,218.00","27,789.20", , 
2018-07-31,"18,150","18,950","17,950","18,350","18,320.00","17,895.00","16,927.50", , ,0,"5,161","12,480.80","27,959.60", , 
2018-08-01,"18,300","18,650","18,000","18,350","18,390.00","18,035.00","17,100.00", , ,0,"4,533","9,597.40","28,127.15", , 
2018-08-02,"18,350","18,800","17,750","18,350","18,440.00","18,270.00","17,257.50", , ,0,"4,110","7,338.60","28,247.50", , 
2018-08-03,"18,600","18,650","18,000","18,200","18,330.00","18,365.00","17,367.50", , ,0,"2,442","4,571.40","28,266.40", , 
2018-08-06,"18,000","18,200","17,400","17,400","18,130.00","18,240.00","17,500.00", , ,0,"5,002","4,249.60","28,381.60", , 
2018-08-07,"17,400","17,400","16,700","17,050","17,870.00","18,095.00","17,597.50", , ,0,"4,706","4,158.60","28,517.15", , 
2018-08-08,"17,000","17,400","16,700","16,900","17,580.00","17,985.00","17,692.50", , ,70,"2,791","3,810.20","28,548.80", , 
2018-08-09,"17,150","17,850","16,450","17,150","17,340.00","17,890.00","17,795.00", , ,0,"2,736","3,535.40","28,592.60", , 
2018-08-10,"17,250","18,950","17,200","17,500","17,200.00","17,765.00","17,897.50", , ,66,"11,944","5,435.80","29,147.85", , 
2018-08-13,"17,650","17,650","16,950","17,200","17,160.00","17,645.00","17,822.50", , ,0,"3,035","5,042.40","27,211.05", , 
2018-08-14,"17,200","17,800","16,900","17,800","17,310.00","17,590.00","17,742.50", , ,0,"2,745","4,650.20","21,271.85", , 
2018-08-16,"17,500","17,750","17,100","17,750","17,480.00","17,530.00","17,782.50", , ,0,"1,715","4,435.00","20,206.95", , 
2018-08-17,"17,850","17,850","17,450","17,550","17,560.00","17,450.00","17,860.00", , ,0,855,"4,058.80","19,663.50", , 
2018-08-20,"17,650","17,650","17,000","17,550","17,570.00","17,385.00","17,875.00", , ,0,"2,879","2,245.80","14,839.90", , 
2018-08-21,"17,550","18,350","17,150","17,700","17,670.00","17,415.00","17,827.50", , ,0,"2,290","2,096.80","9,151.70", , 
2018-08-22,"17,700","18,000","17,250","17,700","17,650.00","17,480.00","17,787.50", , ,0,"1,082","1,764.20","5,763.45", , 
2018-08-23,"17,700","18,250","17,500","17,800","17,660.00","17,570.00","17,777.50", , ,0,"1,617","1,744.60","4,896.80", , 
2018-08-24,"17,650","17,950","17,600","17,950","17,740.00","17,650.00","17,770.00", , ,0,938,"1,761.20","4,173.50", , 
2018-08-27,"17,600","17,600","17,200","17,200","17,670.00","17,620.00","17,692.50", , ,0,"1,109","1,407.20","3,415.05", , 
2018-08-28,"17,250","17,550","17,200","17,300","17,590.00","17,630.00","17,637.50", , ,70,535,"1,056.20","3,111.25", , 
2018-08-29,"17,250","17,600","17,000","17,100","17,470.00","17,560.00","17,575.00", , ,0,"1,217","1,083.20","2,914.05", , 
2018-08-30,"17,100","17,400","16,950","17,300","17,370.00","17,515.00","17,522.50", , ,0,905,940.80,"2,732.65", , 
2018-08-31,"17,350","17,550","17,050","17,550","17,290.00","17,515.00","17,482.50", , ,0,321,817.40,"2,543.20", , 
2018-09-03,"17,600","17,850","17,300","17,550","17,360.00","17,515.00","17,450.00", , ,0,741,743.80,"2,458.15", , 
2018-09-04,"17,650","17,650","17,100","17,400","17,380.00","17,485.00","17,450.00", , ,0,"1,016",840.00,"2,258.85", , 
2018-09-05,"17,400","17,500","17,250","17,500","17,460.00","17,465.00","17,472.50", , ,0,"2,274","1,051.40","2,137.25", , 
2018-09-06,"17,600","17,750","17,000","17,500","17,500.00","17,435.00","17,502.50", , ,0,"1,191","1,108.60","2,057.25", , 
2018-09-07,"17,200","17,650","17,200","17,500","17,490.00","17,390.00","17,520.00", , ,0,989,"1,242.20","1,969.90", , 
2018-09-10,"17,500","18,400","17,350","17,900","17,560.00","17,460.00","17,540.00", , ,0,"4,732","2,040.40","1,609.30", , 
2018-09-11,"18,050","18,050","17,350","17,600","17,600.00","17,490.00","17,560.00", , ,0,"1,988","2,234.80","1,556.95", , 
2018-09-12,"17,650","17,650","17,200","17,400","17,580.00","17,520.00","17,540.00", , ,0,"1,063","1,992.60","1,472.85", , 
2018-09-13,"17,250","17,400","17,200","17,350","17,550.00","17,525.00","17,520.00", , ,70,984,"1,951.20","1,436.30", , 
2018-09-14,"17,350","17,650","17,200","17,400","17,530.00","17,510.00","17,512.50", , ,70,"2,147","2,182.80","1,500.90", , 
2018-09-17,"17,400","17,400","17,050","17,200","17,390.00","17,475.00","17,495.00", , ,0,"1,138","1,464.00","1,413.85", , 
2018-09-18,"17,200","17,200","16,600","16,950","17,260.00","17,430.00","17,457.50", , ,0,817,"1,229.80","1,340.20", , 
2018-09-19,"16,850","17,000","16,300","16,550","17,090.00","17,335.00","17,400.00", , ,0,"2,245","1,466.20","1,398.35", , 
2018-09-20,"16,550","16,650","16,000","16,350","16,890.00","17,220.00","17,327.50", , ,0,"2,491","1,767.60","1,442.05", , 
2018-09-21,"15,850","16,650","15,850","16,650","16,740.00","17,135.00","17,262.50", , ,60,294,"1,397.00","1,409.85", , 
2018-09-27,"16,650","17,200","16,650","16,900","16,680.00","17,035.00","17,247.50","17,182.50", ,61,477,"1,264.80","1,378.25","10,830.57", 
2018-09-28,"17,050","17,200","16,150","16,900","16,670.00","16,965.00","17,227.50","17,213.33", ,0,"1,651","1,431.60","1,434.05","10,778.17", 
2018-10-01,"16,900","17,050","16,600","16,650","16,690.00","16,890.00","17,205.00","17,235.83", ,0,138,"1,010.20","1,380.10","10,751.25", 
2018-10-02,"16,600","16,900","16,300","16,750","16,770.00","16,830.00","17,177.50","17,266.67", ,0,781,668.20,"1,373.90","10,744.57", 
2018-10-04,"16,600","16,700","16,350","16,700","16,780.00","16,760.00","17,135.00","17,291.67", ,0,42,617.80,"1,359.95","10,716.88", 
2018-10-05,"16,700","16,700","16,300","16,300","16,660.00","16,670.00","17,072.50","17,296.67", ,0,112,544.80,"1,328.50","10,684.35", 
2018-10-08,"16,450","16,450","15,600","15,600","16,400.00","16,535.00","16,982.50","17,310.83", ,2,"1,380",490.60,"1,346.70","10,662.38", 
2018-10-10,"15,150","15,850","15,000","15,200","16,110.00","16,400.00","16,867.50","17,312.50", ,0,"2,144",891.80,"1,340.20","10,664.87", 
2018-10-11,"15,250","15,250","14,400","15,000","15,760.00","16,265.00","16,742.50","17,312.50", ,71,766,888.80,"1,318.95","10,641.67", 
2018-10-12,"15,050","15,050","14,050","14,900","15,400.00","16,090.00","16,612.50","17,309.17", ,71,"1,082","1,096.80","1,323.60","10,628.70", 
2018-10-15,"15,050","15,400","14,700","14,700","15,080.00","15,870.00","16,452.50","17,296.67", ,0,365,"1,147.40","1,105.25","10,620.80", 
2018-10-16,"14,750","14,750","14,400","14,650","14,890.00","15,645.00","16,305.00","17,229.17", ,0,656,"1,002.60","1,038.65","9,935.55", 
2018-10-17,"14,750","14,900","14,450","14,850","14,820.00","15,465.00","16,177.50","17,153.33", ,0,919,757.60,"1,031.45","7,925.38", 
2018-10-18,"14,450","14,700","14,400","14,400","14,700.00","15,230.00","16,030.00","17,110.83", ,0,"1,535",911.40,"1,059.00","7,567.42", 
2018-10-19,"14,700","15,100","14,000","15,000","14,720.00","15,060.00","15,910.00","17,094.17", ,71,"1,926","1,080.20","1,047.95","7,404.12", 
2018-10-22,"15,000","15,000","14,450","14,500","14,680.00","14,880.00","15,775.00","17,048.33", ,0,126,"1,032.40",997.35,"5,750.37", 
2018-10-23,"14,600","14,600","14,000","14,100","14,570.00","14,730.00","15,632.50","16,972.50", ,0,831,"1,067.40",998.05,"3,829.98", 
2018-10-24,"14,150","14,300","13,550","14,100","14,420.00","14,620.00","15,510.00","16,899.17", ,49,843,"1,052.20",927.95,"2,696.58", 
2018-10-25,"14,000","14,100","13,600","14,100","14,360.00","14,530.00","15,397.50","16,834.17", ,0,420,829.20,824.40,"2,387.75", 
2018-10-26,"14,050","14,450","13,650","14,400","14,240.00","14,480.00","15,285.00","16,772.50", ,0,"1,982",840.40,908.80,"2,164.05", 
2018-10-29,"14,000","14,400","13,600","13,600","14,060.00","14,370.00","15,120.00","16,686.67", ,0,"3,374","1,490.00","1,053.65","1,948.98", 
2018-10-30,"13,700","13,950","13,300","13,600","13,960.00","14,265.00","14,955.00","16,606.67", ,0,783,"1,480.40","1,010.25","1,851.85", 
2018-10-31,"13,600","14,000","13,600","13,850","13,910.00","14,165.00","14,815.00","16,531.67", ,0,392,"1,390.20","1,022.95","1,772.37", 
2018-11-01,"13,850","15,100","13,850","14,500","13,990.00","14,175.00","14,702.50","16,467.50", ,0,341,"1,374.40","1,000.95","1,702.50", 
2018-11-02,"14,600","15,300","14,500","15,200","14,150.00","14,195.00","14,627.50","16,415.00", ,0,"2,367","1,451.40","1,117.20","1,673.45", 
2018-11-05,"15,250","15,650","15,000","15,600","14,550.00","14,305.00","14,592.50","16,371.67", ,0,960,968.60,"1,159.60","1,648.75", 
2018-11-06,"15,650","15,650","15,200","15,550","14,940.00","14,450.00","14,590.00","16,340.83", ,30,493,910.60,"1,115.25","1,573.60", 
2018-11-07,"15,900","18,450","15,650","15,650","15,300.00","14,605.00","14,612.50","16,317.50", ,29,"14,343","3,700.80","1,725.20","1,734.22", 
2018-11-08,"15,700","16,400","15,700","16,400","15,680.00","14,835.00","14,682.50","16,309.17", ,0,"3,150","4,262.60","1,844.40","1,740.20", 
2018-11-09,"16,600","16,600","15,800","15,900","15,820.00","14,985.00","14,732.50","16,288.33", ,0,"1,694","4,128.00","1,875.00","1,722.83", 
2018-11-12,"15,900","16,950","15,100","16,800","16,060.00","15,305.00","14,837.50","16,276.67", ,0,"3,892","4,714.40","2,051.35","1,588.63", 
2018-11-13,"16,750","16,850","15,950","16,700","16,290.00","15,615.00","14,940.00","16,268.33", ,0,"2,295","5,074.80","2,133.30","1,576.30", 
2018-11-14,"16,700","17,950","16,700","17,050","16,570.00","15,935.00","15,050.00","16,255.83", ,29,"9,423","4,090.80","2,558.50","1,687.60", 
2018-11-15,"16,700","17,050","16,150","16,650","16,620.00","16,150.00","15,162.50","16,237.50", ,0,"1,994","3,859.60","2,581.45","1,692.25", 
2018-11-16,"16,400","17,050","16,400","16,850","16,810.00","16,315.00","15,255.00","16,225.83", ,30,"1,218","3,764.40","2,546.05","1,698.30", 
2018-11-19,"16,850","17,500","16,700","16,850","16,820.00","16,440.00","15,372.50","16,214.17", ,0,"1,309","3,247.80","2,605.20","1,672.13", 
2018-11-20,"16,550","17,000","16,250","16,350","16,750.00","16,520.00","15,485.00","16,191.67", ,0,"2,123","3,213.40","2,669.80","1,669.35", 
2018-11-21,"16,400","16,650","16,300","16,600","16,660.00","16,615.00","15,610.00","16,173.33", ,0,421,"1,413.00","2,648.70","1,658.33", 
2018-11-22,"16,550","16,800","16,300","16,500","16,630.00","16,625.00","15,730.00","16,151.67", ,0,"1,299","1,274.00","2,692.65","1,653.03", 
2018-11-23,"16,450","17,500","16,300","16,500","16,560.00","16,685.00","15,835.00","16,127.50", ,0,"1,596","1,349.60","2,673.35","1,664.00", 
2018-11-26,"16,500","16,600","16,400","16,600","16,510.00","16,665.00","15,985.00","16,117.50", ,0,"2,548","1,597.40","2,632.05","1,687.98", 
2018-11-27,"16,550","16,700","16,500","16,700","16,580.00","16,665.00","16,140.00","16,107.50", ,0,123,"1,197.40","2,599.05","1,681.12", 
2018-11-28,"16,700","16,950","16,350","16,350","16,530.00","16,595.00","16,265.00","16,095.00", ,0,666,"1,246.40","2,612.75","1,671.93", 
2018-11-29,"16,450","16,900","16,450","16,600","16,550.00","16,590.00","16,370.00","16,083.33", ,0,543,"1,095.20","2,622.85","1,665.90", 
2018-11-30,"16,350","16,650","16,350","16,600","16,570.00","16,565.00","16,440.00","16,067.50", ,0,394,854.80,"2,524.20","1,667.12", 
2018-12-03,"16,650","16,700","16,450","16,600","16,570.00","16,540.00","16,490.00","16,051.67", ,0,644,474.00,"2,508.40","1,665.50", 
2018-12-04,"16,600","17,150","16,450","16,750","16,580.00","16,580.00","16,550.00","16,040.83", ,0,460,541.40,"2,506.75","1,656.23", 
2018-12-05,"16,000","16,700","16,000","16,650","16,640.00","16,585.00","16,600.00","16,026.67", ,18,283,464.80,"1,803.75","1,623.05", 
2018-12-06,"16,600","16,950","16,600","16,800","16,680.00","16,615.00","16,620.00","16,015.00", ,0,855,527.20,"1,689.00","1,617.45", 
2018-12-07,"16,800","18,000","16,800","17,200","16,800.00","16,685.00","16,685.00","16,010.00", ,0,"1,607",769.80,"1,684.65","1,627.75", 
2018-12-10,"17,200","17,200","16,600","16,800","16,840.00","16,705.00","16,685.00","15,991.67", ,0,485,738.00,"1,514.30","1,556.97", 
2018-12-11,"16,350","16,800","15,700","15,900","16,670.00","16,625.00","16,645.00","15,963.33", ,0,"1,726",991.20,"1,485.85","1,552.60", 
2018-12-12,"16,000","16,250","15,650","16,200","16,580.00","16,610.00","16,602.50","15,943.33", ,0,"1,014","1,137.40","1,065.40","1,551.78", 
2018-12-13,"15,900","16,200","15,450","15,600","16,340.00","16,510.00","16,550.00","15,914.17", ,0,"1,340","1,234.40","1,032.70","1,557.72", 
2018-12-14,"15,800","18,800","15,800","16,200","16,140.00","16,470.00","16,517.50","15,894.17", ,66,"50,397","10,992.40","3,491.65","2,361.88", 
2018-12-17,"16,250","16,500","15,700","15,800","15,940.00","16,390.00","16,465.00","15,870.83", ,0,"3,316","11,558.60","3,592.00","2,398.18", 
2018-12-18,"15,800","15,900","15,500","15,600","15,880.00","16,275.00","16,427.50","15,848.33", ,0,"2,416","11,696.60","3,606.65","2,424.83", 
2018-12-19,"15,600","16,100","15,600","16,000","15,840.00","16,210.00","16,397.50","15,839.17", ,0,910,"11,675.80","3,631.10","2,402.58", 
2018-12-20,"15,600","16,350","15,600","15,950","15,910.00","16,125.00","16,370.00","15,832.50", ,70,422,"11,492.20","3,587.25","2,368.10", 
2018-12-21,"15,900","16,200","15,900","16,200","15,910.00","16,025.00","16,355.00","15,825.00", ,0,232,"1,459.20","3,519.05","2,367.07", 
2018-12-24,"15,900","16,100","15,850","16,000","15,950.00","15,945.00","16,325.00","15,810.00","16,496.25",0,353,866.60,"3,409.30","2,365.00","6,597.78"
2018-12-26,"15,800","16,200","15,650","15,650","15,960.00","15,920.00","16,272.50","15,789.17","16,501.25",0,"1,209",625.20,"3,463.60","2,357.63","6,567.90"
2018-12-27,"15,850","15,850","15,400","15,400","15,840.00","15,840.00","16,225.00","15,768.33","16,502.08",0,700,583.20,"3,465.30","2,367.00","6,559.13"
2018-12-28,"15,650","16,350","15,650","16,350","15,920.00","15,915.00","16,212.50","15,761.67","16,514.17",0,465,591.80,"3,461.40","2,361.73","6,553.15"
2019-01-02,"16,300","16,300","15,700","15,700","15,820.00","15,865.00","16,167.50","15,745.00","16,518.33",0,"1,033",752.00,"3,493.35","2,378.25","6,547.57"
2019-01-03,"15,700","16,050","15,700","15,950","15,810.00","15,880.00","16,135.00","15,739.17","16,517.92",70,52,691.80,"3,463.75","2,377.25","6,530.80"
2019-01-04,"15,700","16,100","15,450","15,900","15,860.00","15,910.00","16,092.50","15,744.17","16,527.50",0,"1,160",682.00,"3,498.75","2,373.58","6,517.98"
2019-01-07,"16,000","17,850","15,900","15,950","15,970.00","15,905.00","16,057.50","15,756.67","16,534.58",66,"5,043","1,550.60","3,736.75","2,421.90","6,543.38"
2019-01-08,"16,250","16,850","16,050","16,750","16,050.00","15,985.00","16,055.00","15,785.83","16,549.17",0,"4,177","2,293.00","3,902.85","2,478.75","6,560.21"
2019-01-09,"16,800","16,800","15,900","16,350","16,180.00","16,000.00","16,012.50","15,810.00","16,559.58",0,"3,772","2,840.80","4,011.10","2,523.58","6,576.14"
2019-01-10,"16,300","16,350","16,000","16,250","16,240.00","16,025.00","15,985.00","15,835.83","16,566.25",0,234,"2,877.20","3,998.55","2,521.40","6,571.10"
2019-01-11,"16,000","16,450","16,000","16,350","16,330.00","16,095.00","16,007.50","15,864.17","16,546.67",0,482,"2,741.60","3,936.35","2,518.50","6,227.02"
2019-01-14,"16,350","16,600","16,200","16,400","16,420.00","16,195.00","16,017.50","15,890.00","16,521.67",0,882,"1,909.40","3,929.75","2,517.88","5,221.63"
2019-01-15,"16,500","17,050","16,450","16,850","16,440.00","16,245.00","16,080.00","15,930.83","16,520.83",0,"2,209","1,515.80","3,973.20","2,529.12","5,048.27"
2019-01-16,"16,850","17,450","16,850","17,200","16,610.00","16,395.00","16,130.00","15,967.50","16,530.83",0,758,913.00,"1,491.25","2,509.65","4,956.88"
2019-01-17,"17,000","17,450","16,800","16,850","16,730.00","16,485.00","16,182.50","16,006.67","16,527.50",30,741,"1,014.40","1,362.50","2,519.90","4,135.13"
2019-01-18,"17,050","17,300","16,500","16,850","16,830.00","16,580.00","16,245.00","16,052.50","16,512.50",0,"1,932","1,304.40","1,338.30","2,538.25","3,184.12"
2019-01-21,"17,400","17,400","16,900","17,000","16,950.00","16,685.00","16,295.00","16,100.83","16,500.00",0,309,"1,189.80","1,308.25","2,529.35","2,612.97"
2019-01-22,"17,050","17,400","16,950","17,050","16,990.00","16,715.00","16,350.00","16,150.00","16,492.08",30,476,843.20,"1,310.95","2,530.28","2,459.02"
2019-01-23,"17,050","17,250","16,800","17,050","16,960.00","16,785.00","16,392.50","16,194.17","16,483.33",0,805,852.60,"1,339.60","2,510.67","2,337.36"
2019-01-24,"16,900","17,250","16,500","16,650","16,920.00","16,825.00","16,425.00","16,245.00","16,465.83",30,"1,934","1,091.20","1,418.65","2,486.67","2,217.82"
2019-01-25,"16,650","17,100","16,650","16,950","16,940.00","16,885.00","16,490.00","16,300.83","16,453.75",0,501,805.00,"1,383.25","2,481.97","2,166.91"
2019-01-28,"17,050","17,200","16,800","17,100","16,960.00","16,955.00","16,575.00","16,355.00","16,443.33",0,"1,498","1,042.80","1,423.15","2,500.40","2,136.38"
2019-01-29,"17,100","17,100","16,500","17,100","16,970.00","16,980.00","16,612.50","16,398.33","16,432.92",28,"1,107","1,169.00","1,455.25","2,513.17","2,107.83"
2019-01-30,"16,600","18,000","16,600","17,750","17,110.00","17,035.00","16,715.00","16,440.83","16,427.92",0,"8,495","2,707.00","1,828.35","2,615.30","2,144.38"
2019-01-31,"18,000","18,000","17,250","17,600","17,300.00","17,110.00","16,797.50","16,474.17","16,422.92",30,"2,037","2,727.60","1,927.60","2,633.25","2,141.00"
2019-02-01,"17,400","18,000","17,050","17,400","17,390.00","17,165.00","16,872.50","16,505.00","16,422.92",30,"3,306","3,288.60","2,034.90","2,680.13","2,126.87"
2019-02-07,"17,500","18,000","17,500","17,650","17,500.00","17,230.00","16,957.50","16,538.33","16,427.92",30,"3,223","3,633.60","1,943.90","2,494.80","2,114.51"
2019-02-08,"17,850","18,000","17,350","17,750","17,630.00","17,300.00","17,007.50","16,560.83","16,435.00",30,"2,033","3,818.80","1,836.70","2,476.18","2,108.19"
2019-02-11,"17,400","17,850","17,000","17,200","17,520.00","17,315.00","17,050.00","16,582.50","16,435.42",0,"2,521","2,624.00","1,774.15","2,489.97","2,106.40"
2019-02-12,"17,100","17,200","16,800","17,100","17,420.00","17,360.00","17,092.50","16,587.50","16,432.08",0,"1,632","2,543.00","1,844.05","2,452.30","2,020.47"
2019-02-13,"16,850","17,400","16,800","17,350","17,410.00","17,400.00","17,142.50","16,598.33","16,433.33",0,"1,030","2,087.80","1,871.45","2,431.22","2,003.76"
2019-02-14,"17,350","17,400","17,000","17,300","17,340.00","17,420.00","17,187.50","16,602.50","16,429.17",30,242,"1,491.60","1,839.45","2,278.20","1,982.90"
2019-02-15,"17,050","17,300","16,900","17,300","17,250.00","17,440.00","17,210.00","16,613.33","16,425.42",0,530,"1,191.00","1,755.50","2,253.80","1,973.03"
2019-02-18,"16,900","17,800","16,900","17,550","17,320.00","17,420.00","17,227.50","16,625.00","16,425.42",0,"2,604","1,207.60","1,847.80","2,276.90","1,987.60"
2019-02-19,"17,700","17,750","17,500","17,650","17,430.00","17,425.00","17,267.50","16,638.33","16,426.25",0,"1,618","1,204.80","1,891.65","2,282.05","1,977.09"
2019-02-20,"17,600","17,600","17,250","17,500","17,460.00","17,435.00","17,300.00","16,657.50","16,424.58",24,311,"1,061.00","1,810.60","2,251.85","1,960.60"
2019-02-21,"17,650","17,650","17,100","17,400","17,480.00","17,410.00","17,320.00","16,670.83","16,422.08",0,468,"1,106.20","1,818.55","2,252.63","1,955.48"
2019-02-22,"17,600","17,800","17,100","17,450","17,510.00","17,380.00","17,340.00","16,686.67","16,419.17",0,272,"1,054.60","1,808.35","2,235.52","1,944.28"
2019-02-25,"17,250","17,600","17,000","17,000","17,400.00","17,360.00","17,337.50","16,695.00","16,411.25",0,329,599.60,"1,784.55","2,214.40","1,939.20"
2019-02-26,"17,050","17,450","16,900","16,900","17,250.00","17,340.00","17,350.00","16,700.00","16,408.75",66,"1,401",556.20,"1,757.90","2,195.28","1,941.63"
2019-02-27,"17,200","17,200","16,700","17,000","17,150.00","17,305.00","17,352.50","16,705.00","16,406.25",0,230,540.00,"1,744.35","2,197.07","1,939.09"
2019-02-28,"17,300","17,300","16,100","16,100","16,890.00","17,185.00","17,302.50","16,700.83","16,397.92",2,811,608.60,"1,710.00","2,199.48","1,935.71"
2019-03-04,"16,100","16,950","16,100","16,650","16,730.00","17,120.00","17,280.00","16,701.67","16,392.50",70,642,682.60,"1,686.75","2,201.13","1,933.52"
2019-03-05,"17,150","17,150","16,500","16,500","16,630.00","17,015.00","17,217.50","16,700.00","16,383.75",0,367,690.20,"1,280.35","2,200.68","1,933.90"
2019-03-06,"16,200","16,700","16,000","16,450","16,540.00","16,895.00","17,160.00","16,697.50","16,374.58",0,"1,795",769.00,"1,268.25","2,219.87","1,942.68"
2019-03-07,"16,150","16,700","16,000","16,150","16,370.00","16,760.00","17,097.50","16,687.50","16,364.17",70,"1,064",935.80,"1,156.15","2,229.93","1,943.08"
2019-03-08,"16,200","16,200","15,850","15,850","16,320.00","16,605.00","17,007.50","16,674.17","16,350.42",0,653,904.20,"1,027.65","2,236.10","1,929.58"
2019-03-11,"15,850","16,500","15,850","16,050","16,200.00","16,465.00","16,922.50","16,661.67","16,338.33",70,394,854.60,945.70,"2,228.42","1,922.93"
2019-03-12,"16,350","16,350","15,800","16,100","16,120.00","16,375.00","16,867.50","16,643.33","16,326.67",0,525,886.20,845.90,"2,210.38","1,919.07"
2019-03-13,"15,900","16,350","15,550","15,600","15,950.00","16,245.00","16,792.50","16,623.33","16,307.50",0,"1,661",859.40,847.35,"2,229.98","1,893.47"
2019-03-14,"15,550","16,200","15,450","16,150","15,950.00","16,160.00","16,732.50","16,627.50","16,295.42",0,"1,326",911.80,862.15,"2,223.32","1,887.96"
2019-03-15,"16,200","16,200","15,800","15,800","15,940.00","16,130.00","16,657.50","16,620.83","16,282.08",0,161,813.40,858.10,"2,209.10","1,880.44"
2019-03-18,"15,950","17,200","15,950","16,050","15,940.00","16,070.00","16,595.00","16,628.33","16,271.25",66,"1,563","1,047.20",909.75,"2,212.82","1,885.27"
2019-03-19,"16,400","16,400","16,050","16,250","15,970.00","16,045.00","16,530.00","16,629.17","16,261.67",0,108,963.80,784.95,"1,374.67","1,868.28"
2019-03-20,"16,650","16,850","16,000","16,150","16,080.00","16,015.00","16,455.00","16,635.00","16,252.92",0,468,725.20,727.45,"1,327.20","1,862.69"
2019-03-21,"16,150","16,800","16,000","16,650","16,180.00","16,065.00","16,412.50","16,652.50","16,250.42",70,"1,676",795.20,795.70,"1,314.87","1,869.85"
2019-03-22,"16,950","16,950","16,200","16,200","16,260.00","16,100.00","16,352.50","16,655.83","16,247.50",0,622,887.40,803.40,"1,310.07","1,856.33"
2019-03-25,"16,350","16,400","16,000","16,050","16,260.00","16,100.00","16,282.50","16,657.50","16,245.00",0,"1,328",840.40,856.20,"1,325.17","1,846.63"
2019-03-26,"16,500","16,500","16,000","16,150","16,240.00","16,105.00","16,240.00","16,656.67","16,240.83",70,311,881.00,855.30,"1,326.48","1,846.78"
2019-03-27,"16,150","16,400","15,750","16,100","16,230.00","16,155.00","16,200.00","16,658.33","16,234.17",0,"2,098","1,207.00",890.15,"1,355.57","1,860.28"
2019-03-28,"16,300","16,300","15,750","15,850","16,070.00","16,125.00","16,142.50","16,661.67","16,225.42",70,"2,622","1,396.20","1,009.75","1,379.12","1,868.38"
2019-03-29,"16,100","16,100","15,700","15,800","15,990.00","16,125.00","16,127.50","16,668.33","16,218.33",0,"2,387","1,749.20","1,088.55","1,407.23","1,887.12"
2019-04-01,"15,800","16,250","15,800","16,250","16,030.00","16,145.00","16,107.50","16,666.67","16,214.17",0,993,"1,682.20","1,106.10","1,416.03","1,888.88"
2019-04-02,"16,300","16,300","16,000","16,250","16,050.00","16,145.00","16,095.00","16,675.83","16,210.42",0,303,"1,680.60","1,102.90","1,403.87","1,891.06"
2019-04-03,"16,250","16,500","16,000","16,200","16,070.00","16,150.00","16,082.50","16,680.00","16,209.58",0,448,"1,350.60","1,035.55","1,410.47","1,893.86"
2019-04-04,"16,100","16,450","16,000","16,250","16,150.00","16,110.00","16,087.50","16,685.83","16,215.00",0,"1,577","1,141.60","1,061.20","1,417.42","1,895.50"
2019-04-05,"16,550","16,550","16,200","16,550","16,300.00","16,145.00","16,122.50","16,695.83","16,226.25",0,773,818.80,"1,067.20","1,346.25","1,884.08"
2019-04-08,"16,700","17,000","16,500","16,750","16,400.00","16,215.00","16,157.50","16,695.83","16,240.83",0,"1,578",935.80,"1,126.40","1,302.93","1,890.84"
2019-04-09,"16,850","16,850","16,450","16,750","16,500.00","16,275.00","16,190.00","16,702.50","16,256.25",0,"2,418","1,358.80","1,221.05","1,280.37","1,901.97"
2019-04-10,"16,800","16,800","16,500","16,650","16,590.00","16,330.00","16,242.50","16,709.17","16,272.50",0,679,"1,405.00","1,171.95","1,287.78","1,904.59"
2019-04-11,"16,650","17,200","16,650","17,100","16,760.00","16,455.00","16,290.00","16,721.67","16,292.92",0,"2,877","1,665.00","1,249.50","1,327.70","1,923.10"
2019-04-12,"17,100","17,150","16,800","16,950","16,840.00","16,570.00","16,347.50","16,730.83","16,310.42",0,"2,239","1,958.20","1,353.40","1,350.32","1,934.10"
2019-04-15,"17,450","17,950","17,000","17,350","16,960.00","16,680.00","16,412.50","16,739.17","16,335.00",0,"3,612","2,365.00","1,455.85","1,373.70","1,951.41"
2019-04-16,"17,400","17,400","17,000","17,150","17,040.00","16,770.00","16,457.50","16,738.33","16,352.92",0,"4,125","2,706.40","1,656.70","1,429.82","1,969.73"
2019-04-17,"17,800","22,250","17,400","22,250","18,160.00","17,375.00","16,762.50","16,828.33","16,417.50",18,"91,795","20,929.60","6,223.05","2,947.38","2,733.64"
2019-04-18,"22,250","22,250","18,200","18,950","18,530.00","17,645.00","16,877.50","16,863.33","16,457.92",30,"93,442","39,042.60","10,811.35","4,472.55","3,505.40"
2019-04-19,"18,950","22,500","18,300","19,950","19,130.00","17,985.00","17,065.00","16,912.50","16,506.67",0,"86,138","55,822.40","15,087.15","5,903.03","4,216.19"
2019-04-22,"20,300","23,300","19,400","21,000","19,860.00","18,410.00","17,312.50","16,978.33","16,564.17",0,"101,689","75,437.80","20,105.20","7,589.92","5,060.10"
2019-04-23,"20,300","26,250","19,950","22,300","20,890.00","18,965.00","17,620.00","17,065.83","16,630.00",0,"229,859","120,584.60","31,582.60","11,407.48","6,959.07"
2019-04-24,"21,600","24,450","20,700","20,750","20,590.00","19,375.00","17,852.50","17,134.17","16,689.58",29,"56,631","113,551.80","34,309.25","12,319.10","7,402.88"
2019-04-25,"20,500","20,850","19,550","19,750","20,750.00","19,640.00","18,047.50","17,180.83","16,740.83",0,"19,152","98,693.80","35,135.75","12,629.95","7,555.96"
2019-04-26,"19,500","20,400","18,550","19,000","20,560.00","19,845.00","18,207.50","17,212.50","16,783.75",23,"17,468","84,959.80","35,889.80","12,896.12","7,698.26"
2019-04-29,"19,000","19,850","18,150","19,300","20,220.00","20,040.00","18,360.00","17,249.17","16,823.75",0,"10,868","66,795.60","36,383.55","13,058.80","7,785.98"
2019-04-30,"18,900","19,700","18,700","19,300","19,620.00","20,255.00","18,512.50","17,275.00","16,857.92",0,"8,166","22,457.00","36,776.70","13,053.32","7,834.31"
2019-05-02,"19,700","19,950","19,150","19,700","19,410.00","20,000.00","18,687.50","17,310.00","16,892.08",0,"4,892","12,109.20","36,998.90","13,100.90","7,867.07"
2019-05-03,"19,700","19,700","19,000","19,250","19,310.00","20,030.00","18,837.50","17,340.83","16,922.92",0,"4,870","9,252.80","37,163.55","13,126.97","7,903.55"
2019-05-07,"18,700","19,550","18,400","18,800","19,270.00","19,915.00","18,950.00","17,360.00","16,949.17",0,"1,634","6,086.00","37,206.60","13,100.48","7,797.64"
2019-05-08,"18,600","19,300","18,500","19,000","19,210.00","19,715.00","19,062.50","17,380.83","16,970.83",0,"3,031","4,518.60","37,279.25","13,117.12","7,796.65"
2019-05-09,"19,000","19,800","18,350","18,650","19,080.00","19,350.00","19,157.50","17,405.00","16,993.75",0,"3,684","3,622.20","37,342.55","13,136.50","7,813.23"
2019-05-10,"19,400","19,400","18,050","18,650","18,870.00","19,140.00","19,257.50","17,430.83","17,009.17",0,"1,434","2,930.60","37,380.30","13,133.20","7,792.75"
2019-05-13,"18,650","18,650","17,600","17,600","18,540.00","18,925.00","19,282.50","17,435.00","17,016.67",2,"4,687","2,894.00","37,470.80","13,194.15","7,812.68"
2019-05-14,"17,400","18,400","17,150","17,650","18,310.00","18,790.00","19,317.50","17,440.83","17,021.67",54,"3,280","3,223.20","37,522.85","13,244.78","7,761.49"
2019-05-15,"18,900","22,250","17,450","18,400","18,190.00","18,700.00","19,370.00","17,459.17","17,036.25",0,"248,545","52,326.00","49,769.50","17,378.37","9,816.08"
2019-05-16,"18,300","20,100","18,150","18,600","18,180.00","18,630.00","19,442.50","17,476.67","17,050.83",66,"32,330","58,055.20","51,179.75","17,873.80","10,075.35"
2019-05-17,"18,900","18,950","18,250","18,300","18,110.00","18,490.00","19,245.00","17,487.50","17,062.92",0,"6,252","59,018.80","46,902.60","17,951.03","10,116.54"
2019-05-20,"18,350","18,700","17,900","18,150","18,220.00","18,380.00","19,205.00","17,498.33","17,077.92",0,"5,005","59,082.40","42,480.75","18,029.27","10,140.56"
2019-05-21,"18,150","18,350","17,500","18,050","18,300.00","18,305.00","19,110.00","17,509.17","17,090.00",0,"4,026","59,231.60","38,375.15","18,088.57","10,170.60"
2019-05-22,"18,200","18,850","17,600","17,900","18,200.00","18,195.00","18,955.00","17,516.67","17,101.67",0,"9,017","11,326.00","33,741.55","18,234.32","10,234.92"
2019-05-23,"18,100","18,100","17,400","17,700","18,020.00","18,100.00","18,725.00","17,528.33","17,111.67",0,"3,499","5,559.80","22,423.55","18,287.15","10,250.78"
2019-05-24,"17,500","17,900","16,050","16,400","17,640.00","17,875.00","18,507.50","17,520.00","17,110.00",0,"5,366","5,382.60","19,860.30","18,353.23","10,274.26"
2019-05-27,"16,500","17,150","16,350","16,400","17,290.00","17,755.00","18,340.00","17,510.00","17,107.50",49,"1,848","4,751.20","18,995.10","18,380.20","10,288.63"
2019-05-28,"16,600","17,000","16,400","16,850","17,050.00","17,675.00","18,232.50","17,522.50","17,111.67",0,"2,193","4,384.60","18,231.35","18,403.23","10,301.36"
2019-05-29,"17,250","17,300","16,500","16,500","16,770.00","17,485.00","18,092.50","17,520.00","17,110.83",0,"2,678","3,116.80","17,821.85","18,437.17","10,319.15"
2019-05-30,"16,400","17,050","16,000","16,450","16,520.00","17,270.00","17,950.00","17,519.17","17,109.58",0,"5,543","3,525.60","17,690.70","18,523.43","10,362.06"
2019-05-31,"16,600","16,750","16,400","16,650","16,570.00","17,105.00","17,797.50","17,522.50","17,110.00",0,"2,386","2,929.60","17,565.40","18,533.28","10,376.58"
2019-06-03,"16,750","16,850","16,650","16,700","16,630.00","16,960.00","17,670.00","17,531.67","17,109.58",0,"1,166","2,793.20","17,380.20","18,534.98","10,382.46"
2019-06-04,"16,900","17,050","16,650","16,950","16,650.00","16,850.00","17,577.50","17,550.00","17,112.08",70,"2,192","2,793.00","17,408.10","18,560.63","10,398.37"
2019-06-05,"17,300","17,400","16,650","16,800","16,710.00","16,740.00","17,467.50","17,562.50","17,112.08",70,"2,463","2,750.00","17,379.70","18,595.12","10,411.77"
2019-06-07,"16,650","17,100","16,550","16,900","16,800.00","16,660.00","17,380.00","17,575.83","17,109.58",0,"1,643","1,970.00","17,277.65","18,613.75","10,412.07"
2019-06-10,"16,900","17,950","16,800","17,000","16,870.00","16,720.00","17,297.50","17,599.17","17,111.25",66,"1,844","1,861.60","17,298.15","18,616.80","10,423.39"
2019-06-11,"17,100","17,400","16,850","17,300","16,990.00","16,810.00","17,282.50","17,618.33","17,122.92",0,"1,959","2,020.20","17,161.75","18,627.35","10,425.33"
2019-06-12,"17,700","18,300","17,250","18,000","17,200.00","16,925.00","17,300.00","17,655.00","17,137.92",0,"5,988","2,779.40","17,297.15","18,724.47","10,466.78"
2019-06-13,"19,450","19,500","18,000","18,000","17,440.00","17,075.00","17,280.00","17,687.50","17,157.92",0,"19,113","6,109.40","5,825.55","19,016.97","10,614.89"
2019-06-14,"18,100","18,500","17,500","18,350","17,730.00","17,265.00","17,267.50","17,722.50","17,175.83",0,"3,429","6,466.60","4,380.50","19,072.32","10,223.49"
2019-06-17,"18,450","18,550","17,350","17,650","17,860.00","17,365.00","17,235.00","17,747.50","17,191.25",39,"4,766","7,051.00","4,306.20","19,143.95","10,235.58"
2019-06-18,"17,650","18,000","17,500","17,850","17,970.00","17,480.00","17,220.00","17,767.50","17,210.00",0,"2,232","7,105.60","4,167.55","19,153.22","10,234.04"
2019-06-19,"18,000","18,300","17,700","18,250","18,020.00","17,610.00","17,230.00","17,801.67","17,228.75",0,"8,311","7,570.20","4,381.80","19,281.37","10,295.72"
2019-06-20,"20,500","21,100","18,500","18,500","18,120.00","17,780.00","17,260.00","17,842.50","17,250.00",0,"45,307","12,809.00","6,196.30","20,014.35","10,669.76"
2019-06-21,"18,250","18,600","18,050","18,100","18,070.00","17,900.00","17,280.00","17,875.00","17,265.83",0,"5,196","13,162.40","6,281.15","20,095.77","10,711.13"
2019-06-24,"18,000","18,500","17,900","18,000","18,140.00","18,000.00","17,360.00","17,906.67","17,282.50",0,"1,712","12,551.60","6,098.45","20,089.33","10,722.45"
2019-06-25,"18,000","18,300","17,950","18,100","18,190.00","18,080.00","17,445.00","17,944.17","17,302.92",0,"1,809","12,467.00","6,096.50","20,075.78","10,727.45"
2019-06-26,"18,000","18,200","17,850","18,200","18,180.00","18,100.00","17,512.50","17,984.17","17,326.25",0,765,"10,957.80","6,025.10","20,048.75","10,727.99"
2019-06-27,"18,200","18,900","17,950","18,350","18,150.00","18,135.00","17,605.00","18,019.17","17,342.92",0,"5,334","2,963.20","6,157.90","20,121.10","10,768.57"
2019-06-28,"18,050","20,000","18,050","18,550","18,240.00","18,155.00","17,710.00","18,057.50","17,366.67",29,"45,033","10,930.60","8,132.40","20,866.60","11,135.23"
2019-07-01,"19,000","19,850","18,650","19,150","18,470.00","18,305.00","17,835.00","18,106.67","17,393.33",0,"5,493","11,686.80","8,287.75","20,950.68","11,180.58"
2019-07-02,"18,850","19,450","18,700","19,100","18,670.00","18,430.00","17,955.00","18,154.17","17,420.00",0,"4,571","12,239.20","8,458.00","21,000.58","11,209.00"
2019-07-03,"19,000","19,700","18,600","18,600","18,750.00","18,465.00","18,037.50","18,188.33","17,442.08",0,"7,944","13,675.00","8,745.60","21,120.10","11,233.17"
2019-07-04,"18,400","19,350","18,350","19,100","18,900.00","18,525.00","18,152.50","18,227.50","17,461.67",0,"6,815","13,971.20","8,963.20","21,207.38","11,255.16"
2019-07-05,"19,500","23,100","18,700","20,900","19,370.00","18,805.00","18,352.50","18,296.67","17,499.58",0,"52,000","15,364.60","11,481.05","22,033.75","11,657.06"
2019-07-08,"20,800","21,000","19,700","19,750","19,490.00","18,980.00","18,490.00","18,348.33","17,528.75",37,"8,539","15,973.80","11,815.80","22,164.75","11,726.27"
2019-07-09,"19,200","21,750","19,200","19,700","19,610.00","19,140.00","18,610.00","18,391.67","17,556.67",29,"9,687","16,997.00","12,202.20","22,278.25","11,802.98"
2019-07-10,"20,400","24,550","20,250","22,650","20,420.00","19,585.00","18,842.50","18,486.67","17,608.75",11,"81,839","31,776.00","15,994.75","23,604.92","12,477.62"
2019-07-11,"21,900","22,000","21,000","21,300","20,860.00","19,880.00","19,007.50","18,552.50","17,645.83",37,"12,183","32,849.60","15,648.25","23,747.77","12,560.73"
2019-07-12,"21,600","21,600","20,150","20,650","20,810.00","20,090.00","19,122.50","18,610.83","17,674.58",38,"5,627","23,575.00","15,758.15","23,772.80","12,601.31"
2019-07-15,"20,650","21,200","20,050","21,000","21,060.00","20,275.00","19,290.00","18,590.00","17,709.17",0,"5,294","22,926.00","15,784.55","22,331.12","12,639.25"
2019-07-16,"21,200","21,200","20,300","20,900","21,300.00","20,455.00","19,442.50","18,622.50","17,742.92",30,"4,101","21,808.80","15,878.00","20,842.10","12,657.33"
2019-07-17,"20,400","21,000","19,700","19,950","20,760.00","20,590.00","19,527.50","18,622.50","17,767.50",0,"7,783","6,997.60","15,851.60","19,536.18","12,719.61"
2019-07-18,"19,700","20,900","19,700","20,750","20,650.00","20,755.00","19,640.00","18,618.33","17,798.33",0,"4,773","5,515.60","13,824.90","17,920.92","12,755.42"
2019-07-19,"20,000","21,600","19,850","20,900","20,700.00","20,755.00","19,780.00","18,595.00","17,830.42",0,"4,494","5,289.00","13,789.80","14,164.83","12,786.16"
2019-07-22,"21,550","21,550","20,000","20,000","20,500.00","20,780.00","19,880.00","18,582.50","17,858.33",0,"3,804","4,991.00","13,894.40","13,284.38","12,801.74"
2019-07-23,"19,800","20,000","19,350","19,400","20,200.00","20,750.00","19,945.00","18,576.67","17,878.75",0,"1,325","4,435.80","13,870.20","12,987.27","12,808.61"
2019-07-24,"19,350","19,800","18,500","18,700","19,950.00","20,355.00","19,970.00","18,571.67","17,892.08",0,"1,144","3,108.00","13,889.15","12,715.20","12,805.66"
2019-07-25,"18,400","19,400","18,000","19,200","19,640.00","20,145.00","20,012.50","18,570.00","17,909.58",0,"3,059","2,765.20","13,775.40","12,585.05","12,821.92"
2019-07-26,"19,400","19,500","18,700","18,900","19,240.00","19,970.00","20,030.00","18,563.33","17,919.17",0,808,"2,028.00","11,564.15","12,462.42","12,757.87"
2019-07-29,"18,900","19,500","18,200","19,250","19,090.00","19,795.00","20,035.00","18,555.83","17,932.92",0,"2,337","1,734.60","11,406.35","12,419.83","12,760.37"
2019-07-30,"19,150","19,950","18,950","19,500","19,110.00","19,655.00","20,055.00","18,560.00","17,950.42",0,"1,734","1,816.40","11,264.50","12,367.57","12,747.27"
2019-07-31,"19,500","20,150","19,150","19,250","19,220.00","19,585.00","20,087.50","18,567.50","17,963.75",0,775,"1,742.60","10,906.05","12,353.25","12,726.87"
2019-08-01,"18,200","19,050","18,200","18,600","19,100.00","19,370.00","20,062.50","18,560.83","17,970.83",0,518,"1,234.40","10,591.20","12,311.37","12,714.24"
2019-08-02,"18,600","18,750","18,000","18,550","19,030.00","19,135.00","19,945.00","18,559.17","17,982.08",0,342,"1,141.20","8,008.30","12,255.67","12,696.08"
2019-08-05,"18,050","19,000","18,050","18,200","18,820.00","18,955.00","19,867.50","18,551.67","17,991.25",0,776,829.00,"7,620.15","12,244.70","12,688.95"
2019-08-06,"18,100","19,000","17,950","18,300","18,580.00","18,845.00","19,797.50","18,563.33","17,999.17",0,"2,189",920.00,"7,245.25","12,203.07","12,698.61"
2019-08-07,"18,300","19,100","18,300","18,450","18,420.00","18,820.00","19,587.50","18,576.67","18,008.75",68,"1,107",986.40,"3,208.65","12,166.85","12,705.82"
2019-08-08,"18,450","19,250","18,000","18,350","18,370.00","18,735.00","19,440.00","18,575.83","18,017.50",0,"2,407","1,364.20","2,719.85","8,064.55","12,721.46"
2019-08-09,"18,550","18,550","18,250","18,350","18,330.00","18,680.00","19,325.00","18,571.67","18,024.17",0,881,"1,472.00","2,482.55","7,540.40","12,707.10"
2019-08-12,"18,350","21,800","18,300","19,500","18,590.00","18,705.00","19,250.00","18,591.67","18,039.58",0,"12,446","3,806.00","2,840.15","7,643.63","12,797.33"
2019-08-13,"19,500","20,800","19,000","19,200","18,770.00","18,675.00","19,165.00","18,609.17","18,053.75",0,"7,911","4,950.40","3,030.65","7,692.07","12,860.67"
2019-08-14,"19,200","19,800","19,200","19,300","18,940.00","18,680.00","19,132.50","18,630.00","18,069.58",0,"2,355","5,200.00","2,759.25","7,664.22","12,876.39"
2019-08-16,"19,000","20,600","19,000","19,600","19,190.00","18,780.00","19,075.00","18,658.33","18,087.50",0,"3,058","5,330.20","2,673.50","7,564.90","12,899.61"
2019-08-19,"19,600","20,350","19,250","20,350","19,590.00","18,960.00","19,047.50","18,702.50","18,115.42",0,"1,504","5,454.80","2,524.00","7,531.65","12,909.40"
2019-08-20,"20,350","20,700","19,750","20,250","19,740.00","19,165.00","19,060.00","18,766.67","18,143.33",33,"1,664","3,298.40","2,417.00","7,469.95","12,911.59"
2019-08-21,"20,250","20,600","20,100","20,500","20,000.00","19,385.00","19,115.00","18,835.00","18,172.50",0,"1,913","2,098.80","2,446.40","7,471.03","12,925.62"
2019-08-22,"20,000","20,450","19,700","20,050","20,150.00","19,545.00","19,182.50","18,888.33","18,205.42",0,"1,407","1,909.20","2,459.55","7,457.93","12,930.58"
2019-08-23,"19,600","19,950","19,600","19,750","20,180.00","19,685.00","19,210.00","18,942.50","18,231.25",0,"1,241","1,545.80","2,368.65","7,433.98","12,935.58"
2019-08-26,"19,650","20,400","19,150","19,900","20,090.00","19,840.00","19,260.00","19,000.00","18,259.58",0,513,"1,347.60","2,353.90","7,350.15","12,936.79"
2019-08-27,"19,900","19,900","19,550","19,550","19,950.00","19,845.00","19,275.00","19,048.33","18,285.42",0,368,"1,088.40","2,255.45","7,316.52","12,924.90"
2019-08-28,"19,600","19,950","19,400","19,600","19,770.00","19,885.00","19,280.00","19,096.67","18,314.17",0,607,827.20,"2,199.10","7,307.20","12,921.09"
2019-08-29,"19,450","19,750","18,800","18,800","19,520.00","19,835.00","19,257.50","19,127.50","18,338.75",0,"2,059",957.60,"2,263.30","7,304.98","12,932.81"
2019-08-30,"19,000","20,300","19,000","19,800","19,530.00","19,855.00","19,317.50","19,177.50","18,370.00",0,"2,832","1,275.80","2,379.00","7,311.13","12,953.13"
2019-09-02,"19,800","20,000","19,300","19,600","19,470.00","19,780.00","19,370.00","19,222.50","18,399.17",0,548,"1,282.80","2,389.30","7,292.88","12,953.32"
2019-09-03,"19,600","19,900","19,400","19,600","19,480.00","19,715.00","19,440.00","19,265.83","18,432.50",0,764,"1,362.00","2,388.70","7,274.88","12,945.84"
2019-09-04,"19,600","20,150","19,550","20,050","19,570.00","19,670.00","19,527.50","19,311.67","18,465.00",0,647,"1,370.00","2,311.60","7,253.02","12,940.18"
2019-09-05,"20,100","20,900","20,050","20,600","19,930.00","19,725.00","19,635.00","19,355.00","18,505.00",0,"1,149","1,188.00","2,313.70","7,172.37","12,948.42"
2019-09-06,"20,900","20,900","19,350","20,000","19,970.00","19,750.00","19,717.50","19,388.33","18,537.92",39,"2,420","1,105.60","2,314.35","6,894.15","12,955.56"
2019-09-09,"20,100","20,100","19,100","19,100","19,870.00","19,670.00","19,755.00","19,400.83","18,561.67",40,"1,957","1,387.40","2,368.15","6,869.62","12,970.97"
2019-09-10,"18,900","19,900","18,600","19,600","19,870.00","19,675.00","19,760.00","19,433.33","18,590.42",0,728,"1,380.20","1,782.25","6,802.32","12,973.13"
2019-09-11,"20,050","20,050","19,150","19,700","19,800.00","19,685.00","19,785.00","19,464.17","18,615.83",0,605,"1,371.80","1,416.95","6,775.20","12,964.21"
2019-09-16,"19,700","20,000","19,450","19,700","19,620.00","19,775.00","19,805.00","19,488.33","18,645.00",0,594,"1,260.80","1,328.90","6,646.58","12,963.98"
2019-09-17,"19,700","20,350","19,400","19,800","19,580.00","19,775.00","19,815.00","19,510.00","18,676.25",0,760,928.80,"1,214.00","5,904.13","12,959.24"
2019-09-18,"19,800","19,800","19,050","19,350","19,630.00","19,750.00","19,765.00","19,530.83","18,702.92",0,"1,447",826.80,"1,211.15","5,841.65","12,968.71"
2019-09-19,"19,200","19,750","19,050","19,750","19,660.00","19,765.00","19,740.00","19,560.00","18,733.33",70,"1,488",978.80,"1,202.35","5,837.92","12,963.63"
2019-09-20,"19,950","20,200","19,350","19,900","19,700.00","19,750.00","19,710.00","19,590.00","18,767.08",0,727,"1,003.20","1,143.05","5,819.88","12,947.83"
2019-09-23,"19,600","21,750","19,600","19,850","19,730.00","19,675.00","19,700.00","19,617.50","18,800.83",29,"8,890","2,662.40","1,517.20","5,955.30","13,002.03"
2019-09-24,"20,400","20,400","19,150","19,250","19,620.00","19,600.00","19,675.00","19,632.50","18,825.83",39,"1,909","2,892.20","1,550.60","5,898.22","13,009.66"
2019-09-25,"18,750","19,850","18,750","19,000","19,550.00","19,590.00","19,630.00","19,640.00","18,848.75",66,"1,922","2,987.20","1,621.05","5,179.70","13,023.15"
2019-09-26,"19,450","19,550","18,800","18,800","19,360.00","19,510.00","19,592.50","19,634.17","18,870.42",0,"1,152","2,920.00","1,660.25","5,107.35","13,029.02"
2019-09-27,"19,300","19,750","18,800","18,800","19,140.00","19,420.00","19,552.50","19,629.17","18,891.67",70,"2,452","3,265.00","1,752.50","5,072.03","13,036.31"
2019-09-30,"18,800","19,150","18,800","19,100","18,990.00","19,360.00","19,567.50","19,637.50","18,912.92",70,"1,714","1,829.80","1,735.25","4,968.20","13,044.15"
2019-10-01,"19,300","19,350","18,750","19,250","18,990.00","19,305.00","19,540.00","19,640.00","18,933.75",0,"1,122","1,672.40","1,649.75","4,873.32","13,040.35"
2019-10-02,"18,900","19,150","18,750","19,050","19,000.00","19,275.00","19,512.50","19,609.17","18,952.92",70,613,"1,410.60","1,653.00","4,016.87","13,025.31"
2019-10-04,"19,000","19,000","18,600","18,700","18,980.00","19,170.00","19,467.50","19,591.67","18,970.00",0,835,"1,347.20","1,656.55","3,888.47","13,026.61"
2019-10-07,"18,500","18,600","17,900","18,100","18,840.00","18,990.00","19,370.00","19,565.00","18,978.33",0,"2,141","1,285.00","1,731.25","3,762.70","13,020.48"
2019-10-08,"18,100","18,700","17,700","18,350","18,690.00","18,840.00","19,257.50","19,493.33","18,990.00",8,"1,097","1,161.60","1,728.65","2,417.00","13,010.96"
2019-10-10,"17,950","18,550","17,900","18,100","18,460.00","18,725.00","19,162.50","19,440.00","18,996.25",0,316,"1,000.40","1,623.45","2,219.22","12,983.49"
2019-10-11,"18,400","18,500","18,100","18,100","18,270.00","18,635.00","19,112.50","19,397.50","19,004.17",0,370,951.80,"1,544.10","2,131.60","12,952.20"
2019-10-14,"18,000","18,950","18,000","18,900","18,310.00","18,645.00","19,077.50","19,362.50","18,976.25",60,649,914.60,"1,540.15","2,054.18","12,192.65"
2019-10-15,"18,900","19,250","18,350","19,100","18,510.00","18,675.00","19,047.50","19,332.50","18,977.50",61,367,559.80,"1,528.25","1,991.95","11,417.03"
2019-10-16,"19,200","19,200","18,750","19,200","18,680.00","18,685.00","19,022.50","19,320.00","18,971.25",0,911,522.60,"1,544.10","1,877.42","10,706.80"
2019-10-17,"18,800","19,100","18,600","19,050","18,870.00","18,665.00","18,985.00","19,291.67","18,955.00",0,214,502.20,"1,516.80","1,801.43","9,861.17"
2019-10-18,"19,150","19,300","18,800","19,300","19,110.00","18,690.00","18,982.50","19,265.00","18,930.00",0,277,483.60,"1,458.30","1,731.15","7,947.99"
2019-10-21,"18,800","19,300","18,600","18,950","19,120.00","18,715.00","18,942.50","19,247.50","18,915.00",30,927,539.20,"1,430.25","1,683.20","7,483.79"
2019-10-22,"19,200","19,200","18,650","18,850","19,070.00","18,790.00","18,890.00","19,238.33","18,907.50",0,465,558.80,"1,417.15","1,668.87","7,328.07"
2019-10-23,"19,000","19,000","18,600","18,700","18,970.00","18,825.00","18,832.50","19,238.33","18,905.00",0,688,514.20,"1,007.05","1,661.27","7,188.23"
2019-10-24,"18,700","18,800","18,350","18,650","18,890.00","18,880.00","18,802.50","19,229.17","18,899.58",0,738,619.00,948.50,"1,622.58","7,103.82"
2019-10-25,"18,600","19,150","18,250","18,700","18,770.00","18,940.00","18,787.50","19,225.83","18,894.58",0,"1,899",943.40,947.35,"1,640.77","7,051.59"
2019-10-28,"18,250","18,500","18,200","18,200","18,620.00","18,870.00","18,757.50","19,208.33","18,882.08",0,"1,738","1,105.60",976.65,"1,630.78","7,025.31"
2019-10-29,"17,900","18,700","17,900","18,300","18,510.00","18,790.00","18,732.50","19,188.33","18,874.17",60,"1,512","1,315.00",929.65,"1,627.08","6,997.32"
2019-10-30,"18,600","18,600","18,100","18,350","18,440.00","18,705.00","18,695.00","19,173.33","18,870.42",0,779,"1,333.20",882.90,"1,627.15","6,990.20"
2019-10-31,"18,350","18,800","18,050","18,050","18,320.00","18,605.00","18,635.00","19,164.17","18,862.50",0,"1,643","1,514.20",908.95,"1,645.90","6,978.63"
2019-11-01,"18,000","18,900","18,000","18,650","18,310.00","18,540.00","18,615.00","19,165.83","18,862.50",60,989,"1,332.20",927.75,"1,656.68","6,956.18"
2019-11-04,"19,050","19,050","18,250","18,350","18,340.00","18,480.00","18,597.50","19,168.33","18,860.00",0,354,"1,055.40",903.70,"1,649.65","6,947.18"
2019-11-05,"18,450","18,950","18,450","18,650","18,410.00","18,460.00","18,625.00","19,174.17","18,868.75",58,841,921.20,838.70,"1,627.18","6,915.13"
2019-11-06,"18,650","19,000","18,550","18,650","18,470.00","18,455.00","18,640.00","19,177.50","18,877.08",0,482,861.80,807.95,"1,616.77","6,891.81"
2019-11-07,"19,000","19,300","18,400","18,500","18,560.00","18,440.00","18,660.00","19,180.00","18,877.92",0,852,703.60,834.75,"1,590.85","4,827.70"
2019-11-08,"18,700","19,000","18,500","18,600","18,550.00","18,430.00","18,685.00","19,184.17","18,877.92",0,"1,241",754.00,878.30,"1,596.85","4,568.63"
2019-11-11,"18,900","18,900","18,550","18,600","18,600.00","18,470.00","18,670.00","19,169.17","18,880.42",0,655,814.20,878.60,"1,400.33","4,521.98"
2019-11-12,"18,750","19,000","18,450","18,600","18,590.00","18,500.00","18,645.00","19,159.17","18,884.17",0,293,704.60,874.90,"1,273.37","4,482.72"
2019-11-13,"18,600","19,000","18,600","18,700","18,600.00","18,535.00","18,620.00","19,149.17","18,889.58",0,306,669.40,844.65,"1,239.22","4,451.72"
2019-11-14,"19,500","19,500","18,600","18,700","18,640.00","18,600.00","18,602.50","19,134.17","18,896.25",0,257,550.40,846.80,"1,192.53","4,378.72"
2019-11-15,"18,600","19,000","18,600","19,000","18,720.00","18,635.00","18,587.50","19,111.67","18,907.08",0,171,336.40,841.50,"1,170.32","4,350.98"
2019-11-18,"19,400","19,400","18,700","18,900","18,780.00","18,690.00","18,585.00","19,089.17","18,927.92",0,100,225.40,800.15,"1,144.25","4,307.10"
2019-11-19,"18,900","19,450","18,900","19,000","18,860.00","18,725.00","18,592.50","19,064.17","18,949.58",0,"1,264",419.60,840.10,"1,133.43","4,302.23"
2019-11-20,"19,150","19,150","18,700","18,800","18,880.00","18,740.00","18,597.50","19,043.33","18,965.83",0,143,387.00,812.85,"1,112.37","4,285.15"
2019-11-21,"18,800","18,800","18,300","18,300","18,800.00","18,720.00","18,580.00","19,019.17","18,980.83",0,738,483.20,812.85,"1,103.98","4,268.98"
2019-11-22,"18,300","19,400","18,300","18,850","18,770.00","18,745.00","18,587.50","19,001.67","19,000.83",70,219,492.80,728.85,"1,099.08","4,224.62"
2019-11-25,"18,700","19,150","18,350","18,350","18,660.00","18,720.00","18,595.00","18,981.67","19,015.00",0,894,651.60,686.65,"1,107.85","4,212.18"
2019-11-26,"18,500","18,700","18,400","18,650","18,590.00","18,725.00","18,612.50","18,965.83","19,031.25",0,858,570.40,653.95,"1,112.03","4,209.62"
2019-11-27,"18,650","18,800","18,400","18,650","18,560.00","18,720.00","18,627.50","18,963.33","19,045.42",0,612,664.20,645.60,"1,087.92","4,196.45"
2019-11-28,"18,650","19,000","18,600","18,650","18,630.00","18,715.00","18,657.50","18,944.17","19,060.83",0,602,637.00,593.55,"1,050.75","4,180.94"
2019-11-29,"18,500","18,800","18,500","18,800","18,620.00","18,695.00","18,665.00","18,930.83","19,076.67",0,"1,222",837.60,605.20,"1,061.98","4,177.43"
2019-12-02,"18,500","18,500","18,200","18,300","18,610.00","18,635.00","18,662.50","18,909.17","19,087.50",0,366,732.00,605.80,"1,055.35","4,165.12"
2019-12-03,"18,400","18,500","18,000","18,450","18,570.00","18,580.00","18,652.50","18,882.50","19,097.08",0,"2,398","1,040.00",683.65,"1,084.53","4,168.77"
2019-12-04,"18,300","19,750","18,100","18,550","18,550.00","18,555.00","18,647.50","18,848.33","19,101.67",0,"3,265","1,570.60",822.80,"1,119.80","4,146.08"
2019-12-05,"18,600","20,950","18,450","19,600","18,740.00","18,685.00","18,702.50","18,841.67","19,115.00",0,"16,981","4,846.40","1,629.25","1,362.48","4,128.32"
2019-12-06,"20,300","20,300","19,400","19,400","18,860.00","18,740.00","18,742.50","18,846.67","19,123.75",0,"2,295","5,061.00","1,681.95","1,368.12","4,118.87"
2019-12-09,"18,800","20,400","18,800","19,300","19,060.00","18,835.00","18,777.50","18,841.67","19,137.50",29,"2,511","5,490.00","1,774.75","1,397.83","4,100.07"
2019-12-10,"19,050","24,800","19,050","21,200","19,610.00","19,090.00","18,907.50","18,866.67","19,165.42",0,"108,705","26,751.40","7,195.35","3,199.50","4,987.35"
2019-12-11,"20,600","24,500","20,350","21,850","20,270.00","19,410.00","19,065.00","18,902.50","19,195.42",29,"73,367","40,771.80","10,848.40","4,412.38","5,529.48"
2019-12-12,"21,600","23,350","21,300","21,650","20,680.00","19,710.00","19,212.50","18,933.33","19,221.67",0,"12,084","39,792.40","11,439.75","4,601.12","5,252.63"
2019-12-13,"21,450","22,050","20,900","20,900","20,980.00","19,920.00","19,307.50","18,959.17","19,245.00",0,"6,799","40,693.20","11,771.15","4,690.32","5,265.98"
2019-12-16,"20,900","23,450","20,500","22,100","21,540.00","20,300.00","19,467.50","18,998.33","19,279.17",0,"14,142","43,019.40","12,473.25","4,901.22","5,369.57"
2019-12-17,"22,450","25,800","21,350","21,850","21,670.00","20,640.00","19,610.00","19,030.83","19,310.42",0,"54,190","32,116.40","15,119.55","5,792.27","5,806.07"
2019-12-18,"21,500","22,400","21,100","21,300","21,560.00","20,915.00","19,735.00","19,055.00","19,336.25",0,"6,459","18,734.80","15,435.35","5,751.75","5,853.52"
2019-12-19,"21,350","22,200","20,700","21,850","21,600.00","21,140.00","19,912.50","19,098.33","19,365.42",0,"6,589","17,635.80","15,727.90","5,829.75","5,863.98"
2019-12-20,"21,500","22,550","21,500","22,000","21,820.00","21,400.00","20,070.00","19,148.33","19,394.17",0,"3,363","16,948.60","15,885.10","5,853.77","5,516.73"
2019-12-23,"21,550","22,800","21,550","21,900","21,780.00","21,660.00","20,247.50","19,200.00","19,417.08",0,"1,599","14,440.00","15,920.35","5,861.22","5,484.28"
2019-12-24,"22,050","23,000","21,550","21,900","21,790.00","21,730.00","20,410.00","19,251.67","19,440.42",0,"5,445","4,691.00","16,149.70","5,911.10","5,491.57"
2019-12-26,"21,400","22,400","21,200","21,250","21,780.00","21,670.00","20,540.00","19,287.50","19,462.50",0,"2,695","3,938.20","16,253.85","5,927.45","5,447.82"
2019-12-27,"20,900","21,500","20,900","21,050","21,620.00","21,610.00","20,660.00","19,317.50","19,478.75",0,"1,258","2,872.00","16,286.65","5,929.72","5,401.52"
2019-12-30,"21,100","21,850","20,800","21,100","21,440.00","21,630.00","20,775.00","19,351.67","19,480.42",0,479,"2,295.20","16,249.50","5,927.48","4,972.18"
2020-01-02,"20,850","22,950","20,850","21,950","21,450.00","21,615.00","20,957.50","19,405.83","19,498.75",0,"4,229","2,821.20","16,442.65","5,984.05","4,936.26"
2020-01-03,"21,800","22,900","21,650","21,950","21,460.00","21,625.00","21,132.50","19,470.00","19,517.50",0,"2,179","2,168.00","16,431.70","5,984.68","4,873.69"
2020-01-06,"21,650","22,000","21,250","22,000","21,610.00","21,695.00","21,305.00","19,530.83","19,512.08",0,"1,489","1,926.80","16,342.90","5,991.22","4,204.11"
2020-01-07,"22,000","22,900","21,800","22,150","21,830.00","21,725.00","21,432.50","19,598.33","19,519.17",0,"1,494","1,974.00","15,568.55","6,010.85","4,115.03"
2020-01-08,"22,100","22,150","20,800","20,800","21,770.00","21,605.00","21,502.50","19,643.33","19,520.42",2,"2,104","2,299.00","15,559.00","6,039.75","4,085.68"
2020-01-09,"21,850","22,400","21,100","21,550","21,690.00","21,570.00","21,615.00","19,687.50","19,525.00",69,808,"1,614.80","15,473.85","6,042.40","4,048.29"
2020-01-10,"20,900","21,950","20,900","21,950","21,690.00","21,575.00","21,652.50","19,735.00","19,533.75",60,23,"1,183.60","10,039.75","6,036.67","4,014.31"
2020-01-13,"21,300","21,900","21,300","21,900","21,670.00","21,640.00","21,655.00","19,780.00","19,550.00",0,679,"1,021.60","6,405.35","6,032.80","3,955.11"
2020-01-14,"22,600","22,600","21,200","21,450","21,530.00","21,680.00","21,645.00","19,820.00","19,555.83",0,552,833.20,"5,828.75","6,038.43","3,919.93"
2020-01-15,"21,450","21,900","21,000","21,000","21,570.00","21,670.00","21,650.00","19,848.33","19,556.67",0,"1,720",756.40,"5,574.80","6,062.48","3,896.82"
2020-01-16,"21,350","21,350","20,500","20,700","21,400.00","21,545.00","21,580.00","19,877.50","19,562.50",0,"1,663",927.40,"4,950.85","6,074.75","3,878.97"
2020-01-17,"20,350","21,300","20,350","21,000","21,210.00","21,450.00","21,537.50","19,913.33","19,575.83",0,353,993.40,"2,259.00","6,072.88","3,870.88"
2020-01-20,"21,300","21,350","20,000","20,800","20,990.00","21,330.00","21,512.50","19,948.33","19,593.33",0,"2,928","1,443.20","2,082.45","6,110.22","3,885.74"
2020-01-21,"20,350","20,750","20,300","20,750","20,850.00","21,190.00","21,457.50","19,983.33","19,606.25",0,963,"1,525.40","1,801.15","6,113.97","3,868.28"
2020-01-22,"20,700","21,250","20,500","20,700","20,790.00","21,180.00","21,392.50","20,016.67","19,621.25",0,514,"1,284.20","1,658.70","6,090.88","3,865.82"
2020-01-23,"20,750","21,350","20,550","20,600","20,770.00","21,085.00","21,327.50","20,056.67","19,632.50",0,596,"1,070.80","1,608.55","6,071.85","3,851.32"
2020-01-28,"19,650","21,250","19,500","20,650","20,700.00","20,955.00","21,265.00","20,095.83","19,642.08",0,"1,683","1,336.80","1,420.45","6,074.70","3,850.89"
2020-01-29,"20,100","21,900","20,100","21,050","20,750.00","20,870.00","21,255.00","20,140.83","19,657.08",0,"3,787","1,508.60","1,475.05","6,124.83","3,875.99"
2020-01-30,"21,100","22,000","20,250","20,800","20,760.00","20,805.00","21,242.50","20,186.67","19,675.42",0,"2,493","1,814.60","1,536.80","6,139.00","3,892.45"
2020-01-31,"20,500","21,300","19,550","19,550","20,530.00","20,660.00","21,165.00","20,201.67","19,683.75",0,"2,227","2,157.20","1,624.20","6,159.63","3,908.16"
2020-02-03,"19,000","20,500","19,000","19,550","20,320.00","20,545.00","21,045.00","20,221.67","19,695.00",0,"1,622","2,362.40","1,493.85","6,180.77","3,915.21"
2020-02-04,"19,550","20,650","19,350","20,200","20,230.00","20,465.00","20,957.50","20,247.50","19,710.83",0,976,"2,221.00","1,433.70","6,183.02","3,905.10"
2020-02-05,"20,200","20,800","20,200","20,800","20,180.00","20,465.00","20,897.50","20,283.33","19,730.42",67,942,"1,652.00","1,406.35","6,190.68","3,903.72"
2020-02-06,"20,800","21,300","20,800","21,000","20,220.00","20,490.00","20,840.00","20,325.00","19,752.50",67,629,"1,279.20","1,363.10","6,186.97","3,888.91"
2020-02-07,"20,800","22,350","20,800","21,700","20,650.00","20,590.00","20,885.00","20,376.67","19,780.42",67,"2,572","1,348.20","1,386.50","6,209.15","3,903.00"
2020-02-10,"22,250","22,450","21,100","21,550","21,050.00","20,685.00","20,885.00","20,425.83","19,797.50",0,879,"1,199.60","1,390.05","6,212.88","3,806.61"
2020-02-11,"21,600","22,500","21,550","22,450","21,500.00","20,865.00","20,910.00","20,490.00","19,824.58",0,"1,326","1,269.60","1,455.20","6,230.10","3,751.73"
2020-02-12,"22,450","23,900","22,000","22,250","21,790.00","20,985.00","20,927.50","20,549.17","19,849.17",0,"1,114","1,304.00","1,476.95","6,243.57","3,741.39"
2020-02-13,"22,600","22,600","21,650","21,650","21,920.00","21,070.00","20,937.50","20,598.33","19,866.25",0,624,"1,303.00","1,480.55","6,249.68","3,721.11"
2020-02-14,"21,650","22,550","21,300","21,700","21,920.00","21,285.00","20,972.50","20,643.33","19,877.50",0,917,972.00,"1,440.40","6,262.12","3,716.22"
2020-02-17,"21,150","21,900","21,150","21,450","21,900.00","21,475.00","21,010.00","20,685.83","19,887.50",0,358,867.80,"1,375.15","6,266.42","3,705.33"
2020-02-18,"21,200","21,650","21,100","21,500","21,710.00","21,605.00","21,035.00","20,727.50","19,895.83",0,172,637.00,"1,366.10","6,248.22","3,690.82"
2020-02-19,"21,500","21,950","21,100","21,300","21,520.00","21,655.00","21,060.00","20,769.17","19,906.25",0,176,449.40,"1,228.50","6,248.77","3,680.57"
2020-02-20,"21,150","21,650","21,150","21,500","21,490.00","21,705.00","21,097.50","20,822.50","19,920.83",0,201,364.80,"1,190.40","6,239.82","3,671.90"
2020-02-21,"22,200","22,200","20,450","21,350","21,420.00","21,670.00","21,130.00","20,864.17","19,932.92",0,759,333.20,"1,202.65","6,248.82","3,673.95"
2020-02-24,"20,900","21,350","20,300","20,300","21,190.00","21,545.00","21,115.00","20,896.67","19,939.17",0,633,388.20,"1,204.50","6,244.47","3,676.16"
2020-02-25,"20,300","23,200","20,300","20,650","21,020.00","21,365.00","21,115.00","20,930.00","19,947.92",70,"1,131",580.00,"1,176.90","6,249.02","3,680.53"
2020-02-26,"21,400","21,400","20,650","20,900","20,940.00","21,230.00","21,107.50","20,967.50","19,965.42",0,90,562.80,992.05,"6,240.32","3,664.12"
2020-02-27,"20,750","21,500","20,150","20,150","20,670.00","21,080.00","21,075.00","20,992.50","19,968.33",0,"1,442",811.00,939.50,"6,254.32","3,652.53"
2020-02-28,"20,150","21,000","19,800","20,400","20,480.00","20,950.00","21,117.50","21,019.17","19,975.00",8,"1,096",878.40,882.95,"6,252.22","3,657.10"
2020-03-02,"19,900","21,400","19,900","20,700","20,560.00","20,875.00","21,175.00","21,059.17","19,984.17",0,345,820.80,819.10,"6,251.87","3,653.61"
2020-03-03,"21,150","21,150","20,650","21,000","20,630.00","20,825.00","21,215.00","21,101.67","19,992.08",0,490,692.60,794.80,"6,220.07","3,652.30"
2020-03-04,"20,600","21,050","20,500","20,950","20,640.00","20,790.00","21,222.50","21,141.67","19,995.00",0,"1,136",901.80,804.50,"6,184.58","3,652.19"
2020-03-05,"20,950","21,250","20,700","20,950","20,800.00","20,735.00","21,220.00","21,164.17","20,002.92",0,539,721.20,800.00,"5,910.55","3,636.52"
2020-03-06,"21,200","21,300","20,350","20,550","20,830.00","20,655.00","21,162.50","21,183.33","20,015.00",0,926,687.20,717.70,"5,887.73","3,627.93"
2020-03-09,"20,800","20,800","20,000","20,450","20,780.00","20,670.00","21,107.50","21,202.50","20,022.08",0,181,654.40,682.80,"5,848.90","3,623.37"
2020-03-10,"20,400","21,100","19,850","20,800","20,740.00","20,685.00","21,025.00","21,195.83","20,031.25",0,"1,299",816.20,681.45,"4,058.80","3,629.15"
2020-03-11,"20,800","20,850","19,600","19,750","20,500.00","20,570.00","20,900.00","21,160.83","20,031.67",0,"1,156",820.20,683.55,"2,855.28","3,633.83"
2020-03-12,"19,750","19,750","18,000","18,000","19,910.00","20,355.00","20,717.50","21,100.00","20,016.67",2,"4,590","1,630.40",881.85,"2,730.38","3,665.75"
2020-03-13,"16,250","18,500","16,250","18,100","19,420.00","20,125.00","20,537.50","21,053.33","20,006.25",54,"1,950","1,835.20",933.50,"2,649.57","3,669.94"
2020-03-16,"18,600","18,900","17,600","18,250","18,980.00","19,880.00","20,377.50","20,989.17","19,993.75",0,"2,627","2,324.40","1,046.95","2,457.65","3,679.43"
2020-03-17,"19,400","19,400","16,350","18,250","18,470.00","19,605.00","20,215.00","20,929.17","19,980.00",0,"1,012","2,267.00","1,088.95","1,571.35","3,681.81"
2020-03-18,"19,300","19,300","16,700","16,700","17,860.00","19,180.00","19,985.00","20,852.50","19,953.75",2,955,"2,226.80","1,127.90","1,479.62","3,615.68"
2020-03-19,"16,600","16,600","14,700","15,800","17,420.00","18,665.00","19,700.00","20,751.67","19,925.00",0,"1,121","1,533.00","1,173.90","1,388.48","3,609.12"
2020-03-20,"14,650","17,300","14,650","15,700","16,940.00","18,180.00","19,417.50","20,646.67","19,897.50",0,"1,804","1,503.80","1,226.15","1,362.50","3,608.13"
2020-03-23,"15,700","15,700","14,900","15,650","16,420.00","17,700.00","19,185.00","20,542.50","19,871.25",0,130,"1,004.40","1,201.00","1,338.02","3,599.62"
2020-03-24,"15,000","17,000","15,000","16,800","16,130.00","17,300.00","18,992.50","20,457.50","19,854.58",0,914,984.80,"1,190.15","1,262.50","3,586.80"
2020-03-25,"16,400","18,100","16,400","17,950","16,380.00","17,120.00","18,845.00","20,402.50","19,845.00",0,"4,440","1,681.80","1,407.65","1,291.58","3,609.52"
2020-03-26,"18,700","18,700","17,500","17,550","16,730.00","17,075.00","18,715.00","20,344.17","19,830.83",0,826,"1,622.80","1,376.85","1,284.38","3,607.05"
2020-03-27,"18,800","19,000","17,300","18,450","17,280.00","17,110.00","18,617.50","20,300.00","19,825.83",0,549,"1,371.80","1,349.50","1,285.55","3,606.52"
2020-03-30,"17,350","18,600","17,350","17,400","17,630.00","17,025.00","18,452.50","20,224.17","19,815.00",0,904,"1,526.60","1,377.45","1,230.13","3,607.09"
2020-03-31,"17,200","18,050","17,200","17,800","17,830.00","16,980.00","18,292.50","20,155.00","19,812.50",0,"3,147","1,973.20","1,510.30","1,246.27","3,615.47"
2020-04-01,"17,500","18,500","16,700","17,000","17,640.00","17,010.00","18,095.00","20,071.67","19,801.25",0,"1,444","1,374.00","1,525.70","1,245.52","3,618.37"
2020-04-02,"16,300","17,300","16,300","16,850","17,500.00","17,115.00","17,890.00","19,983.33","19,790.83",0,970,"1,402.80","1,547.25","1,236.78","3,623.82"
2020-04-03,"16,400","17,400","16,400","17,250","17,260.00","17,270.00","17,725.00","19,924.17","19,783.75",0,612,"1,415.40","1,531.55","1,211.92","3,625.83"
2020-04-06,"16,750","18,400","16,750","17,400","17,260.00","17,445.00","17,572.50","19,855.00","19,771.25",67,630,"1,360.60","1,554.00","1,208.95","3,625.68"
2020-04-07,"17,650","18,300","17,400","18,300","17,360.00","17,595.00","17,447.50","19,794.17","19,764.58",0,964,924.00,"1,537.25","1,224.63","3,630.65"
2020-04-08,"18,600","18,600","17,550","18,000","17,560.00","17,600.00","17,360.00","19,729.17","19,754.58",0,"3,322","1,299.60","1,645.55","1,268.68","3,650.74"
2020-04-09,"18,300","18,300","17,600","18,000","17,790.00","17,645.00","17,360.00","19,671.67","19,745.83",0,"2,110","1,527.60","1,521.55","1,294.65","3,666.54"
2020-04-10,"18,500","18,750","18,000","18,100","17,960.00","17,610.00","17,360.00","19,623.33","19,735.83",0,692,"1,543.60","1,458.65","1,277.52","3,670.00"
2020-04-13,"18,850","18,850","18,300","18,400","18,160.00","17,710.00","17,367.50","19,585.00","19,731.25",0,977,"1,613.00","1,376.15","1,266.08","3,670.42"
2020-04-14,"18,300","20,600","18,300","19,650","18,430.00","17,895.00","17,437.50","19,562.50","19,737.92",0,"10,764","3,573.00","1,863.75","1,439.60","3,756.24"
2020-04-16,"19,650","20,200","19,100","19,300","18,690.00","18,125.00","17,567.50","19,537.50","19,742.92",0,"1,977","3,304.00","1,914.85","1,423.75","3,766.98"
2020-04-17,"19,700","19,750","19,450","19,500","18,990.00","18,390.00","17,752.50","19,516.67","19,750.00",0,"1,238","3,129.60","1,920.70","1,428.33","3,771.15"
2020-04-20,"19,500","21,500","19,500","20,300","19,430.00","18,695.00","17,982.50","19,510.00","19,763.33",0,"7,367","4,464.60","2,198.85","1,542.55","3,816.72"
2020-04-21,"20,300","21,000","19,450","20,000","19,750.00","18,955.00","18,200.00","19,500.00","19,778.33",0,882,"4,445.60","2,236.45","1,547.32","3,809.58"
2020-04-22,"19,300","20,800","19,300","20,600","19,940.00","19,185.00","18,390.00","19,499.17","19,797.50",0,438,"2,380.40","2,212.65","1,526.57","3,800.63"
2020-04-23,"19,900","20,800","19,700","20,000","20,080.00","19,385.00","18,492.50","19,481.67","19,811.25",30,982,"2,181.40","2,039.75","1,479.82","3,802.32"
2020-04-24,"20,000","20,200","19,800","20,150","20,210.00","19,600.00","18,622.50","19,470.83","19,828.75",0,91,"1,952.00","2,003.00","1,439.78","3,789.39"
2020-04-27,"20,150","20,500","19,950","20,250","20,200.00","19,815.00","18,712.50","19,482.50","19,842.08",0,334,545.40,"1,992.25","1,408.23","3,783.93"
2020-04-28,"20,500","20,600","20,000","20,500","20,300.00","20,025.00","18,867.50","19,498.33","19,860.00",0,"1,483",665.60,"2,021.20","1,405.92","3,793.34"
2020-04-29,"20,600","21,400","20,000","20,300","20,240.00","20,090.00","18,992.50","19,500.00","19,873.75",0,"1,383",854.60,"1,933.00","1,412.70","3,797.86"
2020-05-04,"20,300","20,600","20,200","20,600","20,360.00","20,220.00","19,172.50","19,496.67","19,890.00",0,410,740.20,"1,881.30","1,403.83","3,797.26"
2020-05-06,"20,700","21,300","20,500","21,250","20,580.00","20,395.00","19,392.50","19,500.83","19,912.92",0,703,862.60,"1,867.95","1,405.07","3,796.02"
2020-05-07,"21,000","21,700","21,000","21,650","20,860.00","20,530.00","19,612.50","19,500.00","19,938.33",0,338,863.40,"1,854.25","1,367.83","3,788.49"
2020-05-08,"21,650","21,800","21,000","21,500","21,060.00","20,680.00","19,817.50","19,499.17","19,962.50",0,"1,041",775.00,"1,874.80","1,370.53","3,791.71"
2020-05-11,"21,600","22,000","20,900","21,500","21,300.00","20,770.00","19,977.50","19,483.33","19,986.67",0,"1,884",875.20,"1,920.80","1,379.83","3,804.97"
2020-05-12,"21,400","21,600","20,750","20,750","21,330.00","20,845.00","20,115.00","19,458.33","20,003.75",0,939,981.00,"1,801.65","1,376.92","3,810.24"
2020-05-13,"21,300","21,300","20,750","21,100","21,300.00","20,940.00","20,270.00","19,449.17","20,023.75",0,184,877.20,"1,705.35","1,369.58","3,809.63"
2020-05-14,"20,700","21,200","20,000","20,250","21,020.00","20,940.00","20,377.50","19,425.00","20,034.17",0,644,938.40,"1,702.95","1,365.03","3,813.57"
2020-05-15,"20,400","20,400","19,800","19,800","20,680.00","20,870.00","20,447.50","19,397.50","20,041.67",0,"1,268",983.80,"1,717.50","1,380.20","3,823.31"
2020-05-18,"22,100","22,500","20,400","20,500","20,480.00","20,890.00","20,490.00","19,380.83","20,054.17",0,"8,463","2,299.60","1,602.45","1,518.38","3,883.30"
2020-05-19,"20,600","21,700","20,150","21,200","20,570.00","20,950.00","20,585.00","19,379.17","20,074.17",0,"3,350","2,781.80","1,671.10","1,571.28","3,910.03"
2020-05-20,"21,100","21,550","20,500","20,800","20,510.00","20,905.00","20,650.00","19,367.50","20,095.00",0,"1,755","3,096.00","1,696.95","1,597.18","3,918.50"
2020-05-21,"20,800","21,450","20,800","21,200","20,700.00","20,860.00","20,695.00","19,365.00","20,114.58",0,293,"3,025.80","1,343.25","1,589.42","3,919.12"
2020-05-22,"21,200","21,800","20,550","20,550","20,850.00","20,765.00","20,722.50","19,369.17","20,132.92",0,"1,420","3,056.20","1,370.15","1,602.53","3,923.50"
2020-05-25,"21,250","21,250","20,600","20,650","20,880.00","20,680.00","20,725.00","19,369.17","20,149.58",0,"1,046","1,572.80","1,400.55","1,601.12","3,925.07"
2020-05-26,"20,500","21,350","20,300","20,950","20,830.00","20,700.00","20,772.50","19,370.00","20,168.75",0,"1,908","1,284.40","1,446.85","1,631.42","3,935.87"
2020-05-27,"20,800","22,000","20,800","21,150","20,900.00","20,705.00","20,822.50","19,386.67","20,189.58",29,"3,283","1,590.00","1,606.45","1,662.10","3,958.21"
2020-05-28,"21,400","21,550","20,400","20,500","20,760.00","20,730.00","20,835.00","19,388.33","20,203.75",0,"1,240","1,779.40","1,651.75","1,664.50","3,958.36"
2020-05-29,"20,700","21,300","20,400","21,000","20,850.00","20,850.00","20,860.00","19,393.33","20,226.25",70,510,"1,597.40","1,603.10","1,667.25","3,959.56"
2020-06-01,"21,000","21,950","21,000","21,600","21,040.00","20,960.00","20,925.00","19,403.33","20,252.50",0,"3,043","1,996.80","1,686.10","1,709.80","3,964.93"
2020-06-02,"21,600","23,000","21,300","22,250","21,300.00","21,065.00","21,007.50","19,425.00","20,283.33",0,"10,199","3,655.00","2,175.55","1,860.85","4,022.72"
2020-06-03,"22,000","27,000","22,000","24,150","21,900.00","21,400.00","21,152.50","19,478.33","20,321.25",0,"29,324","8,863.20","3,606.60","2,340.60","4,125.57"
2020-06-04,"23,850","25,350","23,000","24,500","22,700.00","21,730.00","21,295.00","19,544.17","20,363.75",0,"8,451","10,305.40","4,012.25","2,466.02","4,176.88"
2020-06-05,"24,700","25,700","23,200","24,000","23,300.00","22,075.00","21,420.00","19,603.33","20,402.92",0,"3,609","10,925.20","4,140.65","2,523.15","4,186.02"
2020-06-08,"24,800","26,400","23,900","25,050","23,990.00","22,515.00","21,597.50","19,674.17","20,435.00",0,"6,070","11,530.60","4,349.95","2,602.67","3,330.73"
2020-06-09,"24,850","30,500","24,850","30,500","25,640.00","23,470.00","22,085.00","19,853.33","20,507.08",18,"47,611","19,013.00","6,683.55","3,376.92","3,116.10"
2020-06-10,"31,500","31,500","28,150","30,100","26,830.00","24,365.00","22,535.00","20,055.00","20,577.50",0,"20,596","17,267.40","7,704.15","3,643.68","3,187.03"
2020-06-11,"30,250","30,600","27,650","29,750","27,880.00","25,290.00","23,010.00","20,249.17","20,651.25",0,"14,620","18,501.20","8,402.95","3,854.85","3,252.21"
2020-06-12,"29,000","30,500","27,000","30,100","29,100.00","26,200.00","23,525.00","20,446.67","20,717.92",0,"9,371","19,653.60","8,808.10","3,967.25","3,212.45"
2020-06-15,"30,050","30,500","28,900","29,700","30,030.00","27,010.00","23,985.00","20,637.50","20,783.33",30,"8,100","20,059.60","8,789.95","4,085.38","2,828.37"
2020-06-16,"29,550","30,850","28,900","30,850","30,100.00","27,870.00","24,467.50","20,873.33","20,862.92",0,"5,983","11,734.00","8,921.60","4,169.18","2,824.40"
2020-06-17,"30,850","36,150","30,450","34,600","31,000.00","28,915.00","25,157.50","21,186.67","20,969.17",0,"22,160","12,046.80","9,941.85","4,519.83","2,954.16"
2020-06-18,"36,000","40,400","33,500","37,550","32,560.00","30,220.00","25,975.00","21,550.83","21,098.75",0,"22,607","13,644.20","11,057.55","4,866.55","3,114.53"
2020-06-19,"37,750","39,800","26,700","31,500","32,840.00","30,970.00","26,522.50","21,815.00","21,178.75",39,"44,950","20,760.00","13,234.05","5,613.55","3,475.78"
2020-06-22,"32,400","32,400","27,800","30,200","32,940.00","31,485.00","27,000.00","22,038.33","21,247.92",40,"16,931","22,526.20","14,028.30","5,880.50","3,571.50"
2020-06-23,"29,100","30,700","26,700","30,600","32,890.00","31,495.00","27,482.50","22,249.17","21,325.83",0,"25,588","26,447.20","15,212.30","6,232.97","3,762.28"
2020-06-24,"32,000","32,950","29,100","31,400","32,250.00","31,625.00","27,995.00","22,480.00","21,412.08",0,"9,568","23,928.80","15,526.55","6,378.67","3,831.53"
2020-06-25,"29,650","31,000","29,450","30,850","30,910.00","31,735.00","28,512.50","22,686.67","21,493.33",0,"4,852","20,377.80","15,707.15","6,450.38","3,867.97"
2020-06-26,"30,500","31,500","29,700","30,950","30,800.00","31,820.00","29,010.00","22,912.50","21,568.33",0,"2,355","11,858.80","15,799.40","6,474.57","3,852.35"
2020-06-29,"28,550","30,350","28,000","28,700","30,500.00","31,720.00","29,365.00","23,094.17","21,624.58",0,"9,410","10,354.60","16,117.75","6,578.95","3,912.61"
2020-06-30,"28,750","29,000","27,550","29,000","30,180.00","31,535.00","29,702.50","23,294.17","21,682.92",0,"7,574","6,751.80","15,986.50","6,681.12","3,963.32"
2020-07-01,"29,450","37,700","27,900","37,000","31,300.00","31,775.00","30,345.00","23,630.00","21,806.67",0,"114,376","27,713.40","20,239.10","8,571.22","4,904.00"
2020-07-02,"35,000","37,400","33,600","35,900","32,310.00","31,610.00","30,915.00","23,940.83","21,932.50",0,"30,372","32,817.40","21,335.15","9,067.22","5,139.57"
2020-07-03,"35,200","35,950","33,900","34,300","32,980.00","31,890.00","31,430.00","24,222.50","22,038.75",0,"7,932","33,932.80","21,551.30","9,188.92","5,198.93"
2020-07-06,"32,700","34,700","32,700","33,800","34,000.00","32,250.00","31,867.50","24,480.83","22,137.50",0,"8,159","33,682.60","21,655.75","9,308.83","5,266.73"
2020-07-07,"33,650","34,800","32,100","34,800","35,160.00","32,670.00","32,082.50","24,760.83","22,245.00",0,"7,888","33,745.40","19,669.60","9,384.93","5,326.81"
2020-07-08,"34,800","45,200","33,400","45,200","36,800.00","34,050.00","32,837.50","25,214.17","22,442.92",0,"198,769","50,624.00","28,578.25","12,662.58","6,978.62"
2020-07-09,"55,200","58,700","40,000","40,000","37,620.00","34,965.00","33,350.00","25,579.17","22,601.25",44,"484,830","141,515.60","52,088.75","20,731.55","11,004.53"
2020-07-10,"38,800","39,200","34,750","35,950","37,950.00","35,465.00","33,642.50","25,871.67","22,728.33",0,"93,788","158,686.80","56,309.60","22,278.40","11,772.24"
2020-07-13,"35,900","36,900","34,800","36,300","38,450.00","36,225.00","33,972.50","26,149.17","22,855.83",0,"18,371","160,729.20","56,823.15","22,405.18","11,922.39"
2020-07-14,"36,250","37,000","34,800","35,650","38,620.00","36,890.00","34,212.50","26,421.67","22,979.58",0,"18,825","162,916.60","57,465.25","22,685.98","12,054.87"
2020-07-15,"35,650","35,900","34,250","35,000","36,580.00","36,690.00","34,232.50","26,680.00","23,098.33",0,"12,000","125,562.80","56,957.25","22,865.35","12,146.84"
2020-07-16,"34,950","36,100","34,000","34,300","35,440.00","36,530.00","34,070.00","26,913.33","23,211.67",23,"10,276","30,652.00","56,340.70","22,913.83","12,228.19"
2020-07-17,"34,350","34,850","34,150","34,550","35,160.00","36,555.00","34,222.50","27,155.83","23,327.92",0,"3,393","12,573.00","54,262.85","22,955.68","12,251.50"
2020-07-20,"34,550","35,400","31,500","34,300","34,760.00","36,605.00","34,427.50","27,384.17","23,441.67",0,"14,638","11,826.40","54,148.20","23,192.35","12,359.46"
2020-07-21,"34,050","34,600","33,600","34,000","34,430.00","36,525.00","34,597.50","27,617.50","23,549.58",0,"5,386","9,138.60","53,138.10","23,265.75","12,372.78"
2020-07-22,"33,550","39,300","33,450","35,350","34,500.00","35,540.00","34,795.00","27,870.83","23,670.83",29,"47,857","16,310.00","55,052.55","24,061.85","12,750.82"
2020-07-23,"35,000","36,000","33,450","33,700","34,380.00","34,910.00","34,937.50","28,095.00","23,788.75",0,"15,272","17,309.20","55,573.55","24,310.82","12,859.53"
2020-07-24,"33,700","34,600","31,850","33,300","34,130.00","34,645.00","35,055.00","28,308.33","23,903.33",0,"11,783","18,987.20","56,044.95","24,482.48","12,944.20"
2020-07-27,"32,300","33,700","32,100","32,200","33,710.00","34,235.00","35,230.00","28,506.67","24,003.33",0,"6,856","17,430.80","55,917.25","24,573.70","12,993.20"
2020-07-28,"32,050","33,550","31,650","33,050","33,520.00","33,975.00","35,432.50","28,714.17","24,105.42",0,"6,279","17,609.40","55,852.50","24,671.52","13,037.67"
2020-07-29,"33,050","33,500","32,300","33,100","33,070.00","33,785.00","35,237.50","28,911.67","24,206.25",0,"2,306","8,499.20","50,249.00","24,698.23","13,051.65"
2020-07-30,"33,300","33,300","32,350","32,850","32,900.00","33,640.00","35,085.00","29,098.33","24,299.17",0,"1,929","5,830.60","48,826.85","24,724.75","13,046.29"
2020-07-31,"32,900","32,900","31,500","32,750","32,790.00","33,460.00","35,007.50","29,285.83","24,392.50",0,"2,431","3,960.20","48,551.80","24,747.92","13,059.23"
2020-08-03,"32,700","34,000","32,100","32,900","32,930.00","33,320.00","34,962.50","29,475.83","24,479.58",0,"1,866","2,962.20","48,237.15","24,747.62","13,063.73"
2020-08-04,"32,950","38,500","32,550","34,200","33,160.00","33,340.00","34,932.50","29,700.00","24,579.17",66,"85,133","18,733.00","52,099.40","26,150.85","13,763.88"
2020-08-05,"39,200","39,200","34,250","34,800","33,500.00","33,285.00","34,412.50","29,928.33","24,688.75",0,"36,300","25,531.80","43,975.95","26,752.78","14,061.18"
2020-08-06,"34,650","34,650","33,750","33,800","33,690.00","33,295.00","34,102.50","30,154.17","24,789.58",0,"7,819","26,709.80","20,125.40","26,872.37","14,118.70"
2020-08-07,"33,700","35,650","33,700","34,900","34,120.00","33,455.00","34,050.00","30,405.83","24,901.67",0,"5,138","27,251.20","15,692.90","26,936.87","14,158.53"
2020-08-10,"34,850","36,000","33,700","34,500","34,440.00","33,685.00","33,960.00","30,639.17","25,010.00",0,"4,707","27,819.40","15,009.70","26,874.27","14,196.33"
2020-08-11,"34,800","41,200","34,000","37,250","35,050.00","34,105.00","34,040.00","30,906.67","25,142.92",0,"91,299","29,052.60","18,633.40","28,340.08","14,955.68"
2020-08-12,"36,850","36,850","35,150","35,400","35,170.00","34,335.00","34,060.00","31,150.00","25,258.75",37,"12,466","24,285.80","18,656.70","28,518.60","15,057.89"
2020-08-13,"35,900","35,900","34,450","35,000","35,410.00","34,550.00","34,095.00","31,380.00","25,372.50",38,"13,964","25,514.80","18,841.10","28,746.45","15,167.93"
2020-08-14,"35,000","35,000","33,700","33,700","35,170.00","34,645.00","34,052.50","31,599.17","25,484.17",42,"8,669","26,221.00","19,104.90","28,867.27","15,234.90"
2020-08-18,"33,700","34,100","30,250","31,650","34,600.00","34,520.00","33,920.00","31,782.50","25,575.83",42,"10,296","27,338.80","18,887.80","29,021.43","15,311.28"
2020-08-19,"31,650","32,950","31,600","32,700","33,690.00","34,370.00","33,855.00","31,978.33","25,674.17",0,"2,645","9,608.00","18,750.75","29,033.72","15,332.57"
2020-08-20,"32,700","32,700","30,000","30,750","32,760.00","33,965.00","33,625.00","32,138.33","25,762.50",0,"5,356","8,186.00","16,625.70","29,068.27","15,365.18"
2020-08-21,"30,750","31,800","30,400","31,800","32,120.00","33,765.00","33,530.00","32,326.67","25,857.50",0,"3,761","6,145.40","16,050.15","29,110.28","15,387.39"
2020-08-24,"32,900","32,900","31,250","31,300","31,640.00","33,405.00","33,430.00","32,498.33","25,945.83",0,"1,637","4,739.00","15,542.85","29,129.07","15,398.16"
2020-08-25,"31,000","32,750","31,000","32,400","31,790.00","33,195.00","33,440.00","32,678.33","26,040.83",0,"3,376","3,355.00","15,368.85","29,134.62","15,422.21"
2020-08-26,"31,650","33,400","31,500","32,500","31,750.00","32,720.00","33,412.50","32,849.17","26,137.08",0,"3,544","3,534.80","15,232.10","29,023.70","15,442.28"
2020-08-27,"32,500","34,500","31,850","33,900","32,380.00","32,570.00","33,452.50","33,011.67","26,245.00",68,"8,902","4,244.00","15,561.90","28,683.33","15,511.97"
2020-08-28,"34,200","35,800","34,200","34,250","32,870.00","32,495.00","33,522.50","33,174.17","26,359.17",0,"12,848","6,061.40","16,107.85","28,756.62","15,611.32"
2020-08-31,"35,650","35,700","34,450","35,150","33,640.00","32,640.00","33,642.50","33,360.00","26,481.67",0,"7,968","7,327.60","16,384.70","28,829.27","15,676.21"
2020-09-01,"34,100","35,800","34,000","35,400","34,240.00","33,015.00","33,767.50","33,532.50","26,603.33",0,"3,333","7,319.00","16,458.05","28,783.65","15,693.16"
2020-09-02,"34,600","35,400","34,500","35,350","34,810.00","33,280.00","33,825.00","33,613.33","26,733.33",0,"2,679","7,146.00","12,335.35","28,034.78","15,705.85"
2020-09-03,"35,400","35,400","34,350","34,350","34,900.00","33,640.00","33,802.50","33,684.17","26,869.58",30,"3,072","5,980.00","10,673.95","27,742.72","15,693.20"
2020-09-04,"34,000","34,200","31,500","33,500","34,750.00","33,810.00","33,787.50","33,746.67","26,997.92",71,"3,898","4,190.00","10,477.90","27,564.02","15,709.43"
2020-09-07,"34,000","35,000","34,000","34,650","34,650.00","34,145.00","33,775.00","33,822.50","27,134.58",0,"1,855","2,967.40","10,313.75","27,438.75","15,703.00"
2020-09-08,"34,650","35,650","33,800","34,250","34,420.00","34,330.00","33,762.50","33,898.33","27,267.92",0,"1,993","2,699.40","10,178.05","27,336.97","15,711.17"
2020-09-09,"34,200","34,250","33,800","34,250","34,200.00","34,505.00","33,612.50","33,955.00","27,414.17",0,"1,208","2,405.20","5,673.50","27,257.38","15,713.28"
2020-09-10,"34,200","38,950","34,200","35,050","34,340.00","34,620.00","33,595.00","33,962.50","27,574.58",29,"36,085","9,007.80","6,854.45","27,489.47","16,004.65"
2020-09-11,"41,500","45,550","38,350","45,550","36,750.00","35,750.00","34,122.50","34,095.83","27,823.33",0,"679,854","144,199.00","40,148.95","38,443.58","21,655.07"
2020-09-14,"43,800","44,950","39,450","39,450","37,710.00","36,180.00","34,410.00","34,228.33","28,021.67",17,"216,133","187,054.60","50,522.15","41,296.63","23,455.09"
2020-09-15,"38,950","42,800","35,000","35,250","37,910.00","36,165.00","34,590.00","34,312.50","28,175.42",0,"141,537","214,963.40","57,084.20","43,373.40","24,626.95"
2020-09-16,"36,100","36,100","34,100","34,950","38,050.00","36,125.00","34,702.50","34,385.00","28,317.08",0,"53,366","225,395.00","59,620.25","43,836.37","25,034.67"
2020-09-17,"34,950","35,000","33,650","33,900","37,820.00","36,080.00","34,860.00","34,426.67","28,453.33",42,"25,827","223,343.40","60,643.80","44,107.35","25,243.01"
2020-09-18,"34,250","36,550","33,900","34,200","35,550.00","36,150.00","34,980.00","34,482.50","28,584.58",0,"47,234","96,819.40","62,817.45","44,813.72","25,632.05"
2020-09-21,"34,400","34,450","31,450","31,600","33,980.00","35,845.00","34,995.00","34,493.33","28,702.92",0,"26,314","58,855.60","64,051.30","45,213.03","25,843.80"
2020-09-22,"31,000","31,500","29,300","30,250","32,980.00","35,445.00","34,887.50","34,519.17","28,806.67",0,"17,761","34,100.40","64,770.55","45,352.22","25,965.58"
2020-09-23,"30,350","31,000","29,100","29,750","31,940.00","34,995.00","34,750.00","34,531.67","28,912.92",0,"8,166","25,060.40","65,001.65","45,362.08","26,021.60"
2020-09-24,"29,050","29,400","26,950","27,200","30,600.00","34,210.00","34,415.00","34,368.33","28,999.17",0,"13,834","22,661.80","65,248.25","43,686.38","26,128.80"
2020-09-25,"27,500","28,500","26,050","27,900","29,340.00","32,445.00","34,097.50","34,235.00","29,087.92",8,"10,063","15,227.60","65,109.00","43,347.90","26,207.56"
2020-09-28,"27,650","29,250","27,500","28,200","28,660.00","31,320.00","33,750.00","34,133.33","29,177.92",0,"3,695","10,703.80","64,895.35","43,277.28","26,233.10"
2020-09-29,"28,200","28,250","27,600","27,600","28,130.00","30,555.00","33,360.00","34,030.00","29,255.42",0,"2,035","7,558.60","64,830.45","43,175.22","26,242.03"
2020-10-05,"27,600","27,850","27,500","27,600","27,700.00","29,820.00","32,972.50","33,910.00","29,335.42",0,"1,898","6,305.00","64,791.40","43,075.38","26,230.16"
2020-10-06,"27,650","28,600","27,600","27,600","27,780.00","29,190.00","32,635.00","33,616.67","29,415.42",0,"2,137","3,965.60","64,744.65","39,798.18","26,230.38"
2020-10-07,"27,550","27,900","27,500","27,500","27,700.00","28,520.00","32,335.00","33,408.33","29,493.75",0,"1,842","2,321.40","64,641.85","31,748.38","26,239.97"
2020-10-08,"27,400","27,650","27,150","27,450","27,550.00","28,105.00","31,975.00","33,266.67","29,569.17",0,"2,302","2,042.80","64,664.20","30,223.62","26,251.01"
2020-10-12,"27,600","27,750","27,450","27,700","27,570.00","27,850.00","31,647.50","33,123.33","29,636.25",0,"1,752","1,986.20","64,652.15","29,946.63","26,175.91"
2020-10-13,"28,400","28,400","27,750","28,300","27,710.00","27,705.00","31,350.00","33,000.83","29,711.25",0,"2,589","2,124.40","64,721.20","29,676.03","26,181.01"
2020-10-14,"28,200","28,450","27,950","28,300","27,850.00","27,815.00","31,012.50","32,889.17","29,784.58",0,"1,679","2,032.80","63,000.90","29,504.02","26,184.68"
2020-10-15,"28,350","30,000","28,350","29,400","28,230.00","27,965.00","30,205.00","32,807.50","29,860.42",0,"10,966","3,857.60","29,556.50","29,515.52","26,214.67"
2020-10-16,"29,500","30,250","27,650","28,300","28,400.00","27,975.00","29,647.50","32,703.33","29,929.58",0,"5,610","4,519.20","19,030.35","29,552.47","26,254.08"
2020-10-19,"28,300","28,300","27,300","27,400","28,340.00","27,955.00","29,255.00","32,588.33","29,986.25",0,"5,819","5,332.60","12,244.45","29,405.48","26,298.92"
2020-10-20,"27,700","27,700","26,450","26,700","28,020.00","27,865.00","28,842.50","32,466.67","30,042.08",0,"2,250","5,264.80","9,688.65","29,353.22","26,309.48"
2020-10-21,"27,000","27,550","27,000","27,550","27,870.00","27,860.00","28,525.00","32,336.67","30,103.75",58,"3,204","5,569.80","8,557.50","28,609.00","26,335.42"
2020-10-22,"27,600","28,500","27,600","28,100","27,610.00","27,920.00","28,220.00","32,243.33","30,169.17",59,"3,720","4,120.60","6,381.80","28,416.47","26,363.64"
2020-10-23,"28,100","28,300","27,150","28,250","27,600.00","28,000.00","28,052.50","32,159.17","30,233.75",20,"2,243","3,447.20","5,178.25","28,257.47","26,369.97"
2020-10-26,"28,300","28,300","27,300","27,300","27,580.00","27,960.00","27,905.00","32,077.50","30,292.08",30,"2,077","2,698.80","4,394.05","28,177.82","26,375.76"
2020-10-27,"28,800","28,800","27,150","27,350","27,710.00","27,865.00","27,785.00","31,982.50","30,348.33",0,"1,591","2,567.00","4,065.30","28,099.68","26,385.60"
2020-10-28,"26,550","28,150","26,550","27,550","27,710.00","27,790.00","27,802.50","31,890.00","30,400.83",0,"1,608","2,247.80","3,454.00","28,088.05","26,393.14"
2020-10-29,"27,050","27,450","26,800","27,450","27,580.00","27,595.00","27,780.00","31,800.00","30,449.17",0,"2,944","2,092.60","3,098.05","28,104.97","26,414.86"
2020-10-30,"28,400","28,400","26,900","26,900","27,310.00","27,455.00","27,715.00","31,702.50","30,494.17",0,"2,505","2,145.00","3,038.55","28,106.20","26,427.06"
2020-11-02,"26,900","26,900","26,500","26,900","27,230.00","27,405.00","27,680.00","31,602.50","30,539.17",0,"1,019","1,933.40","2,987.75","28,092.08","26,419.85"
2020-11-03,"27,750","27,750","27,000","27,400","27,240.00","27,475.00","27,670.00","31,489.17","30,594.58",0,425,"1,700.20","2,914.10","26,680.28","26,415.57"
2020-11-04,"28,050","28,050","27,050","27,600","27,250.00","27,480.00","27,670.00","31,369.17","30,648.75",0,"1,060","1,590.60","2,860.25","26,092.95","26,422.87"
2020-11-05,"27,450","27,450","27,000","27,250","27,210.00","27,395.00","27,657.50","31,260.00","30,707.08",0,"2,605","1,522.80","2,898.40","26,006.05","26,439.21"
2020-11-06,"27,400","27,450","27,000","27,100","27,250.00","27,280.00","27,640.00","31,130.00","30,767.92",70,"1,618","1,345.40","2,864.20","25,947.38","26,442.13"
2020-11-09,"27,100","27,100","26,950","27,000","27,270.00","27,250.00","27,605.00","31,005.00","30,822.08",0,"2,399","1,621.40","2,896.55","25,908.92","26,391.59"
2020-11-10,"27,050","27,150","26,950","26,950","27,180.00","27,210.00","27,537.50","30,833.33","30,870.00",70,"1,540","1,844.40","2,844.10","24,412.93","26,376.51"
2020-11-11,"26,950","26,950","26,650","26,950","27,050.00","27,150.00","27,470.00","30,692.50","30,921.25",0,"1,540","1,940.40","2,837.15","24,230.83","26,374.72"
2020-11-12,"26,600","27,200","26,600","27,050","27,010.00","27,110.00","27,352.50","30,560.00","30,970.00",0,523,"1,524.00","2,315.00","24,006.82","26,376.63"
2020-11-13,"27,050","27,150","26,850","26,850","26,960.00","27,105.00","27,280.00","30,445.83","31,022.50",0,892,"1,378.80","2,079.10","23,877.20","26,372.23"
2020-11-16,"26,900","27,200","26,800","27,200","27,000.00","27,135.00","27,270.00","30,371.67","31,077.08",0,"1,164","1,131.80","1,846.35","23,725.00","26,373.22"
2020-11-17,"27,200","27,200","26,750","26,750","26,960.00","27,070.00","27,272.50","30,272.50","31,125.42",0,"1,633","1,150.40","1,815.50","23,708.13","26,370.92"
2020-11-18,"26,350","26,950","26,350","26,600","26,890.00","26,970.00","27,225.00","30,203.33","31,170.83",0,562,954.80,"1,683.40","23,628.23","26,348.25"
2020-11-19,"26,800","26,800","26,550","26,550","26,790.00","26,900.00","27,147.50","30,115.83","31,221.25",0,660,982.20,"1,530.40","23,576.55","26,343.42"
2020-11-20,"26,500","26,600","26,500","26,600","26,740.00","26,850.00","27,065.00","30,037.50","31,267.92",0,760,955.80,"1,456.25","23,561.93","26,345.50"
2020-11-23,"26,000","26,000","25,250","25,850","26,470.00","26,735.00","26,992.50","29,928.33","31,303.33",71,"8,514","2,425.80","1,778.10","23,647.57","26,391.09"
2020-11-24,"26,250","26,250","25,550","25,650","26,250.00","26,605.00","26,907.50","29,814.17","31,331.67",0,"2,178","2,534.80","1,807.45","23,624.80","26,324.25"
2020-11-25,"25,650","25,900","25,050","25,650","26,060.00","26,475.00","26,812.50","29,676.67","31,344.17",0,"5,698","3,562.00","2,011.95","23,571.40","26,127.37"
2020-11-26,"25,700","26,000","25,550","25,550","25,860.00","26,325.00","26,717.50","29,531.67","31,352.92",0,"1,540","3,738.00","1,941.75","23,382.93","26,069.78"
2020-11-27,"25,250","25,800","25,250","25,550","25,650.00","26,195.00","26,650.00","29,371.67","31,365.83",0,"1,512","3,888.40","1,892.10","23,275.33","26,052.30"
2020-11-30,"25,950","25,950","25,000","25,050","25,490.00","25,980.00","26,557.50","29,199.17","31,365.83",2,"4,046","2,994.80","2,043.45","23,287.22","26,035.43"
2020-12-01,"25,100","25,400","25,050","25,350","25,430.00","25,840.00","26,455.00","29,032.50","31,322.92",58,"3,319","3,223.00","2,188.15","23,297.88","25,666.33"
2020-12-02,"25,400","25,400","25,100","25,100","25,320.00","25,690.00","26,330.00","28,878.33","31,281.25",0,453,"2,174.00","2,157.80","23,254.23","25,498.47"
2020-12-03,"25,100","25,100","24,850","25,000","25,210.00","25,535.00","26,217.50","28,736.67","31,241.67",0,"1,259","2,117.80","2,090.50","23,210.25","25,387.13"
2020-12-04,"25,000","25,000","24,250","25,000","25,100.00","25,375.00","26,112.50","28,575.83","31,199.17",46,"1,636","2,142.60","2,091.40","23,206.60","25,322.67"
