2018-06-26,"39,200","39,750","39,000","39,450", , , , , ,0,"2,798", , , , 
2018-06-27,"39,850","39,850","38,950","38,950", , , , , ,0,"2,445", , , , 
2018-06-28,"39,500","39,500","38,850","39,050", , , , , ,0,"1,659", , , , 
2018-06-29,"39,200","39,400","38,850","39,400", , , , , ,0,"4,736", , , , 
2018-07-02,"39,400","39,450","38,750","38,950","39,160.00", , , , ,0,"2,143","2,756.20", , , 
2018-07-03,"38,950","39,500","38,800","39,500","39,170.00", , , , ,0,"6,266","3,449.80", , , 
2018-07-04,"39,000","39,650","39,000","39,350","39,250.00", , , , ,0,"2,163","3,393.40", , , 
2018-07-05,"39,350","39,350","38,800","38,800","39,200.00", , , , ,0,"1,738","3,409.20", , , 
2018-07-06,"38,850","39,200","38,700","39,200","39,160.00", , , , ,0,"4,094","3,280.80", , , 
2018-07-09,"39,200","39,800","39,000","39,200","39,210.00","39,185.00", , , ,0,"3,143","3,480.80", , , 
2018-07-10,"39,200","40,500","39,200","40,450","39,400.00","39,285.00", , , ,0,"2,553","2,738.20", , , 
2018-07-11,"40,450","41,600","40,450","40,950","39,720.00","39,485.00", , , ,0,"2,048","2,715.20", , , 
2018-07-12,"41,000","41,000","40,400","40,900","40,140.00","39,670.00", , , ,0,"1,810","2,729.60", , , 
2018-07-13,"41,450","41,650","41,200","41,400","40,580.00","39,870.00", , , ,0,"2,085","2,327.80", , , 
2018-07-16,"41,200","41,700","40,850","41,200","40,980.00","40,095.00", , , ,0,"1,013","1,901.80", , , 
2018-07-17,"40,900","41,200","40,000","40,100","40,910.00","40,155.00", , , ,0,"2,597","1,910.60", , , 
2018-07-18,"40,000","41,950","40,000","41,500","41,020.00","40,370.00", , , ,0,"9,081","3,317.20", , , 
2018-07-19,"41,900","41,900","41,200","41,500","41,140.00","40,640.00", , , ,0,"3,684","3,692.00", , , 
2018-07-20,"41,500","41,500","40,350","40,650","40,990.00","40,785.00", , , ,0,"3,212","3,917.40", , , 
2018-07-23,"40,550","41,300","40,200","40,700","40,890.00","40,935.00","40,060.00", , ,0,"1,910","4,096.80","3,058.90", , 
2018-07-24,"40,300","41,350","40,200","40,650","41,000.00","40,955.00","40,120.00", , ,0,887,"3,754.80","2,963.35", , 
2018-07-25,"41,100","41,100","40,250","40,600","40,820.00","40,920.00","40,202.50", , ,0,716,"2,081.80","2,876.90", , 
2018-07-26,"40,600","41,550","39,850","41,000","40,720.00","40,930.00","40,300.00", , ,0,942,"1,533.40","2,841.05", , 
2018-07-27,"41,450","41,450","40,100","40,800","40,750.00","40,870.00","40,370.00", , ,0,"1,221","1,135.20","2,665.30", , 
2018-07-30,"40,800","41,350","40,600","40,950","40,800.00","40,845.00","40,470.00", , ,0,498,852.80,"2,583.05", , 
2018-07-31,"40,650","41,250","40,600","40,600","40,790.00","40,895.00","40,525.00", , ,0,"1,214",918.20,"2,330.45", , 
2018-08-01,"41,250","41,300","40,900","41,150","40,900.00","40,860.00","40,615.00", , ,0,315,838.00,"2,238.05", , 
2018-08-02,"41,300","41,300","40,350","40,950","40,890.00","40,805.00","40,722.50", , ,30,"1,949","1,039.40","2,248.60", , 
2018-08-03,"40,400","41,000","40,350","41,000","40,930.00","40,840.00","40,812.50", , ,0,594,914.00,"2,073.60", , 
2018-08-06,"41,100","41,200","40,400","41,100","40,960.00","40,880.00","40,907.50", , ,0,756,965.60,"1,954.25", , 
2018-08-07,"41,100","41,250","40,800","41,100","41,060.00","40,925.00","40,940.00", , ,0,299,782.60,"1,841.55", , 
2018-08-08,"41,000","41,050","40,600","40,950","41,020.00","40,960.00","40,940.00", , ,0,"3,497","1,419.00","1,914.00", , 
2018-08-09,"40,600","41,050","40,550","41,000","41,030.00","40,960.00","40,945.00", , ,30,959,"1,221.00","1,871.45", , 
2018-08-10,"41,350","41,350","40,400","40,450","40,920.00","40,925.00","40,897.50", , ,39,867,"1,275.60","1,810.55", , 
2018-08-13,"40,500","40,500","39,800","39,800","40,660.00","40,810.00","40,827.50", , ,40,"2,848","1,694.00","1,902.30", , 
2018-08-14,"39,450","39,850","38,400","39,050","40,250.00","40,655.00","40,775.00", , ,0,"9,863","3,606.80","2,265.60", , 
2018-08-16,"38,750","39,000","37,100","38,200","39,700.00","40,360.00","40,610.00", , ,0,"10,191","4,945.60","2,321.10", , 
2018-08-17,"38,200","38,550","38,050","38,400","39,180.00","40,105.00","40,455.00", , ,8,"8,660","6,485.80","2,569.90", , 
2018-08-20,"38,450","38,800","38,300","38,550","38,800.00","39,860.00","40,350.00", , ,0,"3,571","7,026.60","2,587.85", , 
2018-08-21,"38,550","38,750","38,300","38,750","38,590.00","39,625.00","40,252.50", , ,70,"2,206","6,898.20","2,602.65", , 
2018-08-22,"38,400","38,850","38,400","38,850","38,550.00","39,400.00","40,162.50", , ,0,"2,647","5,455.00","2,690.65", , 
2018-08-23,"38,850","38,850","37,850","38,450","38,600.00","39,150.00","40,055.00", , ,0,"5,771","4,571.00","2,943.40", , 
2018-08-24,"38,300","38,450","37,350","37,700","38,460.00","38,820.00","39,890.00", , ,0,"5,733","3,985.60","3,182.95", , 
2018-08-27,"37,750","38,150","37,700","38,150","38,380.00","38,590.00","39,757.50", , ,8,714,"3,414.20","3,157.60", , 
2018-08-28,"38,100","38,400","37,850","38,250","38,280.00","38,435.00","39,622.50", , ,0,"2,197","3,412.40","3,242.55", , 
2018-08-29,"38,250","38,600","38,200","38,450","38,200.00","38,375.00","39,515.00", , ,67,"1,540","3,191.00","3,258.85", , 
2018-08-30,"38,450","38,550","38,000","38,350","38,180.00","38,390.00","39,375.00", , ,0,"1,881","2,413.00","3,337.15", , 
2018-08-31,"38,700","38,700","38,100","38,350","38,310.00","38,385.00","39,245.00", , ,0,"3,423","1,951.00","3,410.85", , 
2018-09-03,"37,750","38,350","37,500","37,900","38,260.00","38,320.00","39,090.00", , ,0,"2,852","2,378.60","3,523.75", , 
2018-09-04,"37,600","37,900","37,350","37,800","38,170.00","38,225.00","38,925.00", , ,0,"2,725","2,484.20","3,622.20", , 
2018-09-05,"38,000","38,000","37,350","37,550","37,990.00","38,095.00","38,747.50", , ,70,"2,863","2,748.80","3,750.40", , 
2018-09-06,"37,550","37,950","37,300","37,450","37,810.00","37,995.00","38,572.50", , ,0,"1,020","2,576.60","3,626.55", , 
2018-09-07,"37,450","37,500","37,250","37,500","37,640.00","37,975.00","38,397.50", , ,0,"1,682","2,228.40","3,662.70", , 
2018-09-10,"37,300","37,550","37,250","37,500","37,560.00","37,910.00","38,250.00", , ,70,"3,119","2,281.80","3,775.30", , 
2018-09-11,"37,900","37,900","37,250","37,400","37,480.00","37,825.00","38,130.00", , ,70,"6,242","2,985.20","3,945.00", , 
2018-09-12,"37,400","37,800","37,250","37,500","37,470.00","37,730.00","38,052.50", , ,70,"1,496","2,711.80","3,526.65", , 
2018-09-13,"37,500","37,800","37,450","37,750","37,530.00","37,670.00","38,030.00", , ,0,"2,015","2,910.80","3,117.85", , 
2018-09-14,"37,750","38,400","37,750","38,400","37,710.00","37,675.00","38,030.00", , ,67,"2,988","3,172.00","2,834.25", , 
2018-09-17,"38,100","38,400","37,600","37,700","37,750.00","37,655.00","37,987.50", , ,30,"1,001","2,748.40","2,705.75", , 
2018-09-18,"37,500","38,300","37,250","37,600","37,790.00","37,635.00","37,930.00","39,414.17", ,0,"1,314","1,762.80","2,661.15","2,774.23", 
2018-09-19,"37,600","38,050","37,250","37,650","37,820.00","37,645.00","37,870.00","39,384.17", ,70,"2,038","1,871.20","2,630.70","2,761.57", 
2018-09-20,"37,700","37,750","37,000","37,600","37,790.00","37,660.00","37,827.50","39,361.67", ,71,"2,856","2,039.40","2,484.95","2,768.42", 
2018-09-21,"37,900","37,900","37,250","37,550","37,620.00","37,665.00","37,820.00","39,336.67", ,0,986,"1,639.00","2,247.60","2,757.20", 
2018-09-27,"37,550","38,350","37,400","38,200","37,720.00","37,735.00","37,822.50","39,316.67", ,0,"2,428","1,924.40","2,333.30","2,718.73", 
2018-09-28,"38,200","38,500","37,800","38,150","37,830.00","37,810.00","37,817.50","39,303.33", ,33,"1,804","2,022.40","2,313.65","2,713.08", 
2018-10-01,"38,150","38,350","38,000","38,050","37,910.00","37,865.00","37,797.50","39,279.17", ,0,"1,672","1,949.20","2,320.25","2,636.52", 
2018-10-02,"37,750","38,400","37,750","38,000","37,990.00","37,890.00","37,780.00","39,256.67", ,0,"3,017","1,981.40","2,377.05","2,650.75", 
2018-10-04,"38,600","38,600","37,850","38,400","38,160.00","37,890.00","37,782.50","39,250.00", ,20,"2,098","2,203.80","2,310.80","2,656.75", 
2018-10-05,"37,600","38,150","37,450","38,150","38,150.00","37,935.00","37,795.00","39,232.50", ,0,"1,755","2,069.20","2,255.95","2,617.77", 
2018-10-08,"38,150","38,450","37,850","37,850","38,090.00","37,960.00","37,797.50","39,210.00", ,0,782,"1,864.80","2,158.80","2,578.42", 
2018-10-10,"37,700","37,800","36,700","37,800","38,040.00","37,975.00","37,810.00","39,165.83", ,71,"4,255","2,381.40","2,228.40","2,606.78", 
2018-10-11,"36,000","37,800","36,000","37,050","37,850.00","37,920.00","37,790.00","39,100.83", ,0,"9,256","3,629.20","2,640.20","2,726.92", 
2018-10-12,"36,300","37,300","36,300","37,300","37,630.00","37,895.00","37,780.00","39,040.83", ,0,747,"3,359.00","2,593.45","2,709.20", 
2018-10-15,"36,700","37,350","36,700","37,300","37,460.00","37,805.00","37,770.00","38,972.50", ,67,793,"3,166.60","2,477.15","2,687.67", 
2018-10-16,"37,700","37,800","37,000","37,500","37,390.00","37,740.00","37,775.00","38,910.83", ,0,"1,613","3,332.80","2,245.70","2,697.67", 
2018-10-17,"37,500","37,850","37,200","37,500","37,330.00","37,685.00","37,775.00","38,867.50", ,0,710,"2,623.80","2,206.40","2,666.22", 
2018-10-18,"36,800","37,650","36,800","37,650","37,450.00","37,650.00","37,770.00","38,803.33", ,0,"1,071",986.80,"2,159.20","2,532.72", 
2018-10-19,"37,550","37,900","37,000","37,850","37,560.00","37,595.00","37,742.50","38,742.50", ,0,"4,699","1,777.20","2,244.75","2,549.63", 
2018-10-22,"37,700","37,950","37,350","37,950","37,690.00","37,575.00","37,755.00","38,697.50", ,67,"1,963","2,011.20","2,292.85","2,528.82", 
2018-10-23,"37,700","38,050","37,450","37,650","37,720.00","37,555.00","37,757.50","38,646.67", ,0,"1,195","1,927.60","2,286.90","2,516.90", 
2018-10-24,"37,400","38,100","37,350","38,050","37,830.00","37,580.00","37,777.50","38,603.33", ,0,"4,971","2,779.80","2,433.55","2,584.97", 
2018-10-25,"37,700","37,900","37,300","37,900","37,880.00","37,665.00","37,792.50","38,558.33", ,0,"2,627","3,091.00","2,422.10","2,616.82", 
2018-10-26,"37,550","37,750","36,500","36,850","37,680.00","37,620.00","37,757.50","38,489.17", ,0,"14,162","4,983.60","3,080.90","2,837.15", 
2018-10-29,"36,000","38,000","36,000","36,750","37,440.00","37,565.00","37,685.00","38,421.67", ,0,"3,796","5,350.20","3,149.30","2,880.07", 
2018-10-30,"36,650","38,000","36,050","37,450","37,400.00","37,560.00","37,650.00","38,363.33", ,0,"3,715","5,854.20","3,244.85","2,933.68", 
2018-10-31,"37,900","38,600","37,500","38,400","37,470.00","37,650.00","37,667.50","38,326.67", ,0,"3,790","5,618.00","3,350.75","2,976.62", 
2018-11-01,"38,600","38,700","38,200","38,400","37,570.00","37,725.00","37,687.50","38,280.83", ,0,"1,718","5,436.20","3,285.80","3,000.00", 
2018-11-02,"38,400","39,400","38,400","39,100","38,020.00","37,850.00","37,722.50","38,250.00", ,0,"7,751","4,154.00","3,568.45","3,096.70", 
2018-11-05,"39,300","39,500","38,850","39,400","38,550.00","37,995.00","37,785.00","38,223.33", ,0,"2,148","3,824.40","3,588.10","3,122.60", 
2018-11-06,"40,600","40,600","39,100","39,250","38,910.00","38,155.00","37,855.00","38,192.50", ,39,"1,083","3,298.00","3,603.15","3,128.05", 
2018-11-07,"40,200","40,200","38,750","39,300","39,090.00","38,280.00","37,930.00","38,162.50", ,0,"1,835","2,907.00","3,482.15","3,153.65", 
2018-11-08,"40,200","40,200","39,450","40,000","39,410.00","38,490.00","38,077.50","38,146.67", ,30,"1,132","2,789.80","3,075.95","3,114.23", 
2018-11-09,"39,950","40,350","39,450","39,900","39,570.00","38,795.00","38,207.50","38,128.33", ,0,937,"1,427.00","3,085.45","3,113.87", 
2018-11-12,"39,950","39,950","39,150","39,700","39,630.00","39,090.00","38,327.50","38,115.83", ,23,"2,829","1,563.20","3,187.25","3,146.57", 
2018-11-13,"39,500","39,600","38,400","39,000","39,580.00","39,245.00","38,402.50","38,102.50", ,0,"2,892","1,925.00","3,251.20","3,147.30", 
2018-11-14,"38,550","39,500","38,550","39,500","39,620.00","39,355.00","38,502.50","38,110.00", ,0,"6,539","2,865.80","3,542.65","3,091.90", 
2018-11-15,"39,500","40,700","39,500","40,500","39,720.00","39,565.00","38,645.00","38,148.33", ,0,"5,588","3,757.00","3,768.50","3,015.18", 
2018-11-16,"40,650","42,800","40,350","42,800","40,300.00","39,935.00","38,892.50","38,221.67", ,0,"6,674","4,904.40","3,867.25","2,982.08", 
2018-11-19,"42,800","43,500","41,800","42,650","40,890.00","40,260.00","39,127.50","38,290.00", ,17,"4,822","5,303.00","4,010.20","3,002.93", 
2018-11-20,"42,650","42,700","41,700","42,700","41,630.00","40,605.00","39,380.00","38,355.83", ,0,"3,057","5,336.00","4,103.30","3,017.12", 
2018-11-21,"42,000","43,200","41,100","42,950","42,320.00","40,970.00","39,625.00","38,424.17", ,0,"4,738","4,975.80","4,091.65","3,051.97", 
2018-11-22,"43,050","43,150","42,400","42,700","42,760.00","41,240.00","39,865.00","38,495.00", ,0,"2,665","4,391.20","4,093.55","3,000.20", 
2018-11-23,"42,900","42,900","42,450","42,600","42,720.00","41,510.00","40,152.50","38,576.67", ,0,"1,204","3,297.20","3,445.65","2,924.72", 
2018-11-26,"42,500","43,050","42,000","42,450","42,680.00","41,785.00","40,437.50","38,648.33", ,0,"2,305","2,793.80","3,371.10","2,951.23", 
2018-11-27,"42,550","42,550","41,750","42,100","42,560.00","42,095.00","40,670.00","38,712.50", ,23,745,"2,331.40","3,222.60","2,927.03", 
2018-11-28,"42,250","42,250","41,300","41,750","42,320.00","42,320.00","40,837.50","38,767.50", ,0,"1,222","1,628.20","3,094.20","2,921.73", 
2018-11-29,"41,550","42,500","41,550","42,000","42,180.00","42,470.00","41,017.50","38,828.33", ,0,"3,668","1,828.80","3,191.70","2,951.52", 
2018-11-30,"42,500","42,500","41,400","42,050","42,070.00","42,395.00","41,165.00","38,890.00", ,30,"1,210","1,830.00","2,864.65","2,914.63", 
2018-12-03,"42,750","43,050","42,050","42,300","42,040.00","42,360.00","41,310.00","38,963.33", ,0,"1,782","1,725.40","2,846.35","2,896.80", 
2018-12-04,"42,300","42,850","41,500","42,100","42,040.00","42,300.00","41,452.50","39,035.00", ,0,889,"1,754.20","2,836.65","2,866.20", 
2018-12-05,"41,200","41,800","40,950","41,650","42,020.00","42,170.00","41,570.00","39,103.33", ,0,"1,948","1,899.40","2,842.30","2,850.95", 
2018-12-06,"41,300","41,950","40,950","41,200","41,860.00","42,020.00","41,630.00","39,165.83", ,0,817,"1,329.20","2,826.55","2,847.57", 
2018-12-07,"41,000","42,150","41,000","41,500","41,750.00","41,910.00","41,710.00","39,232.50", ,0,"1,154","1,318.00","2,837.40","2,838.77", 
2018-12-10,"41,500","41,850","40,300","40,900","41,470.00","41,755.00","41,770.00","39,289.17", ,0,"1,266","1,214.80","2,759.25","2,807.88", 
2018-12-11,"41,000","41,300","40,300","40,950","41,240.00","41,640.00","41,867.50","39,348.33", ,70,552,"1,147.40","2,642.25","2,713.05", 
2018-12-12,"41,800","41,800","41,000","41,500","41,210.00","41,615.00","41,967.50","39,415.00", ,0,140,785.80,"2,322.30","2,690.45", 
2018-12-13,"41,500","41,500","41,000","41,500","41,270.00","41,565.00","42,017.50","39,477.50", ,70,"2,141","1,050.60","2,149.95","2,692.55", 
2018-12-14,"41,350","41,800","40,850","41,700","41,310.00","41,530.00","41,962.50","39,532.50", ,0,"1,620","1,143.80","1,897.25","2,669.75", 
2018-12-17,"41,000","41,850","40,950","41,500","41,430.00","41,450.00","41,905.00","39,595.83", ,0,"1,193","1,129.20","1,715.80","2,672.95", 
2018-12-18,"41,800","41,800","40,400","41,350","41,510.00","41,375.00","41,837.50","39,658.33","39,536.25",71,634,"1,145.60","1,594.65","2,661.62","2,717.93"
2018-12-19,"41,000","41,500","40,900","41,100","41,430.00","41,320.00","41,745.00","39,715.83","39,550.00",0,"4,260","1,969.60","1,570.75","2,698.65","2,730.11"
2018-12-20,"40,750","41,050","40,600","40,750","41,280.00","41,275.00","41,647.50","39,768.33","39,565.00",0,"3,282","2,197.80","1,601.60","2,705.75","2,737.08"
2018-12-21,"40,750","41,000","40,100","40,800","41,100.00","41,205.00","41,557.50","39,822.50","39,579.58",0,"4,789","2,831.60","1,780.85","2,769.13","2,763.17"
2018-12-24,"40,850","41,000","40,500","40,800","40,960.00","41,195.00","41,475.00","39,865.83","39,591.25",0,"5,056","3,604.20","1,918.40","2,812.93","2,765.83"
2018-12-26,"40,500","41,200","40,400","41,200","40,930.00","41,220.00","41,430.00","39,916.67","39,610.00",60,"6,702","4,817.80","2,216.25","2,894.57","2,803.82"
2018-12-27,"41,450","42,250","41,350","42,100","41,130.00","41,280.00","41,447.50","39,984.17","39,631.67",61,"1,465","4,258.80","2,228.40","2,891.12","2,763.82"
2018-12-28,"42,250","42,700","41,950","42,700","41,520.00","41,400.00","41,482.50","40,062.50","39,659.58",0,"2,707","4,143.80","2,180.35","2,885.95","2,768.35"
2019-01-02,"42,700","42,950","42,000","42,250","41,810.00","41,455.00","41,492.50","40,126.67","39,688.33",17,"2,933","3,772.60","2,266.50","2,899.87","2,778.31"
2019-01-03,"42,050","42,250","41,000","41,000","41,850.00","41,405.00","41,427.50","40,174.17","39,703.33",0,"1,774","3,116.20","2,266.10","2,900.18","2,758.97"
2019-01-04,"41,000","41,450","40,000","41,400","41,890.00","41,410.00","41,392.50","40,233.33","39,721.67",20,988,"1,973.40","2,271.05","2,903.62","2,741.02"
2019-01-07,"41,000","41,950","41,000","41,250","41,720.00","41,425.00","41,372.50","40,290.83","39,728.33",66,"1,870","2,054.40","2,267.15","2,863.87","2,735.32"
2019-01-08,"41,000","41,750","40,900","41,250","41,430.00","41,475.00","41,375.00","40,360.83","39,730.83",0,854,"1,683.80","2,269.00","2,723.83","2,725.38"
2019-01-09,"41,250","41,500","40,700","41,200","41,220.00","41,515.00","41,360.00","40,425.83","39,733.33",0,"1,260","1,349.20","2,274.30","2,732.38","2,720.79"
2019-01-10,"41,200","41,700","41,200","41,500","41,320.00","41,585.00","41,390.00","40,495.83","39,734.17",0,"2,511","1,496.60","2,336.55","2,761.02","2,724.34"
2019-01-11,"41,500","41,900","41,300","41,750","41,390.00","41,640.00","41,430.00","40,566.67","39,738.75",0,"2,221","1,743.20","2,420.00","2,771.15","2,734.41"
2019-01-14,"41,750","42,000","40,450","40,800","41,300.00","41,510.00","41,395.00","40,621.67","39,744.58",0,"2,434","1,856.00","2,534.70","2,799.88","2,733.05"
2019-01-15,"40,750","41,850","40,750","41,750","41,400.00","41,415.00","41,407.50","40,690.00","39,746.67",18,"1,847","2,054.60","2,520.00","2,812.82","2,672.77"
2019-01-16,"41,950","42,400","41,750","41,900","41,540.00","41,380.00","41,417.50","40,757.50","39,750.00",0,594,"1,921.40","2,468.70","2,744.40","2,647.02"
2019-01-17,"41,950","43,400","41,950","43,150","41,870.00","41,595.00","41,500.00","40,844.17","39,770.83",0,"4,857","2,390.60","2,651.90","2,792.63","2,660.72"
2019-01-18,"43,350","44,050","43,150","43,500","42,220.00","41,805.00","41,607.50","40,941.67","39,794.17",0,"3,570","2,660.40","2,798.70","2,832.22","2,674.56"
2019-01-21,"43,500","44,000","42,650","42,700","42,600.00","41,950.00","41,687.50","41,019.17","39,811.25",24,"2,084","2,590.40","2,689.90","2,784.10","2,684.53"
2019-01-22,"43,000","43,500","42,500","43,100","42,870.00","42,135.00","41,805.00","41,105.83","39,832.08",0,"2,710","2,763.00","2,661.30","2,785.48","2,701.15"
2019-01-23,"43,450","43,450","42,950","43,200","43,130.00","42,335.00","41,925.00","41,211.67","39,850.42",0,"2,414","3,127.00","2,542.55","2,589.68","2,713.42"
2019-01-24,"43,400","45,200","43,400","44,800","43,460.00","42,665.00","42,125.00","41,345.83","39,883.75",0,"6,731","3,501.80","2,626.30","2,638.60","2,759.33"
2019-01-25,"44,800","46,850","44,400","45,250","43,810.00","43,015.00","42,327.50","41,475.83","39,919.58",0,"10,172","4,822.20","2,799.80","2,746.22","2,839.95"
2019-01-28,"44,850","45,500","44,550","44,850","44,240.00","43,420.00","42,465.00","41,583.33","39,955.00",0,"2,208","4,847.00","2,836.95","2,719.85","2,848.23"
2019-01-29,"45,300","45,300","44,650","45,000","44,620.00","43,745.00","42,580.00","41,693.33","39,987.08",0,"2,064","4,717.80","2,804.80","2,725.62","2,862.81"
2019-01-30,"47,000","48,100","46,550","47,200","45,420.00","44,275.00","42,827.50","41,828.33","40,039.17",0,"18,863","8,007.60","3,601.30","2,910.82","3,003.76"
2019-01-31,"47,100","47,150","46,550","46,800","45,820.00","44,640.00","43,117.50","41,951.67","40,087.50",0,"3,602","7,381.80","3,692.70","2,935.05","3,028.82"
2019-02-01,"47,200","47,250","45,250","46,300","46,030.00","44,920.00","43,362.50","42,069.17","40,130.83",0,"6,331","6,613.60","3,959.85","3,022.52","3,075.28"
2019-02-07,"46,300","46,500","45,800","45,900","46,240.00","45,240.00","43,595.00","42,179.17","40,170.83",0,"4,789","7,129.80","4,105.80","3,071.75","3,112.70"
2019-02-08,"45,950","46,250","45,300","46,000","46,440.00","45,530.00","43,832.50","42,279.17","40,212.92",0,"2,814","7,279.80","4,203.80","3,099.78","3,107.01"
2019-02-11,"45,800","46,500","45,250","46,100","46,220.00","45,820.00","44,077.50","42,382.50","40,255.42",0,"2,850","4,077.20","4,283.30","3,131.67","3,122.77"
2019-02-12,"46,100","46,500","45,650","46,150","46,090.00","45,955.00","44,310.00","42,490.00","40,302.92",30,"1,815","3,719.80","4,248.50","3,114.77","3,130.67"
2019-02-13,"46,200","46,600","45,950","46,100","46,050.00","46,040.00","44,527.50","42,608.33","40,355.42",0,"3,070","3,067.60","4,290.95","3,117.73","3,132.52"
2019-02-14,"46,250","48,200","46,250","48,000","46,470.00","46,355.00","44,887.50","42,750.00","40,430.00",0,"10,786","4,267.00","4,708.55","3,188.52","3,140.21"
2019-02-15,"47,650","48,000","47,100","47,250","46,720.00","46,580.00","45,162.50","42,862.50","40,505.42",37,"2,401","4,184.40","4,736.25","3,135.40","3,075.29"
2019-02-18,"47,250","48,000","47,100","47,550","47,010.00","46,615.00","45,445.00","42,941.67","40,581.67",30,"4,004","4,415.20","4,906.75","3,090.90","3,036.49"
2019-02-19,"47,600","47,700","47,400","47,450","47,270.00","46,680.00","45,660.00","43,021.67","40,655.83",0,"2,064","4,465.00","4,767.10","3,044.93","3,023.93"
2019-02-20,"47,600","48,500","47,300","48,500","47,750.00","46,900.00","45,910.00","43,118.33","40,737.08",0,"8,926","5,636.20","5,034.90","3,142.75","3,079.93"
2019-02-21,"48,500","48,750","47,900","48,100","47,770.00","47,120.00","46,180.00","43,204.17","40,814.17",0,"3,932","4,265.40","5,127.30","3,129.32","3,090.64"
2019-02-22,"48,100","48,450","46,850","46,900","47,700.00","47,210.00","46,370.00","43,274.17","40,884.58",0,"6,653","5,115.80","5,324.45","3,195.78","3,097.99"
2019-02-25,"46,850","47,100","45,250","45,350","47,260.00","47,135.00","46,477.50","43,320.00","40,948.33",23,"9,166","6,148.20","5,662.05","3,328.48","3,126.60"
2019-02-26,"45,550","46,750","44,800","45,000","46,770.00","47,020.00","46,487.50","43,362.50","41,005.42",0,"6,986","7,132.60","5,674.80","3,406.50","3,178.87"
2019-02-27,"44,800","45,300","44,200","45,200","46,110.00","46,930.00","46,485.00","43,414.17","41,063.33",0,"4,502","6,247.80","5,391.30","3,469.12","3,198.07"
2019-02-28,"44,650","45,400","44,300","44,400","45,370.00","46,570.00","46,462.50","43,458.33","41,112.92",0,"3,851","6,231.60","5,473.45","3,512.93","3,217.33"
2019-03-04,"44,800","45,300","44,000","44,800","44,950.00","46,325.00","46,452.50","43,505.00","41,166.67",0,"2,696","5,440.20","5,505.05","3,496.73","3,224.13"
2019-03-05,"44,800","45,200","44,300","45,000","44,880.00","46,070.00","46,342.50","43,554.17","41,222.08",0,"2,298","4,066.60","4,676.80","3,514.87","3,214.75"
2019-03-06,"45,000","45,450","44,750","44,900","44,860.00","45,815.00","46,247.50","43,597.50","41,280.42",0,"1,893","3,048.00","4,591.35","3,516.72","3,206.76"
2019-03-07,"45,300","45,300","44,400","44,450","44,710.00","45,410.00","46,155.00","43,636.67","41,335.83",0,"1,853","2,518.20","4,367.45","3,532.78","3,199.49"
2019-03-08,"44,350","44,900","43,750","43,900","44,610.00","44,990.00","46,055.00","43,674.17","41,388.75",0,"2,405","2,229.00","4,248.25","3,540.40","3,195.68"
2019-03-11,"43,900","44,050","41,500","42,950","44,240.00","44,595.00","45,902.50","43,703.33","41,434.58",0,"6,276","2,945.00","4,421.35","3,631.38","3,239.47"
2019-03-12,"43,000","43,150","41,800","42,500","43,740.00","44,310.00","45,722.50","43,720.00","41,476.25",0,"5,188","3,523.00","4,538.25","3,698.62","3,268.69"
2019-03-13,"42,900","43,800","42,050","43,250","43,410.00","44,135.00","45,577.50","43,759.17","41,524.17",0,"3,559","3,856.20","4,625.45","3,736.83","3,272.36"
2019-03-14,"42,750","43,700","42,750","43,150","43,150.00","43,930.00","45,430.00","43,795.83","41,572.08",0,"3,828","4,251.20","4,663.35","3,791.43","3,252.24"
2019-03-15,"43,150","43,800","42,900","43,750","43,120.00","43,865.00","45,217.50","43,833.33","41,624.17",0,"3,569","4,484.00","4,302.50","3,848.58","3,269.52"
2019-03-18,"44,100","44,200","43,450","43,800","43,290.00","43,765.00","45,045.00","43,871.67","41,674.58",0,"3,656","3,960.00","4,365.25","3,873.83","3,283.19"
2019-03-19,"43,750","44,250","43,250","43,800","43,550.00","43,645.00","44,857.50","43,906.67","41,719.58",0,"2,807","3,483.80","4,305.40","3,893.62","3,281.68"
2019-03-20,"43,800","43,800","42,650","43,600","43,620.00","43,515.00","44,665.00","43,941.67","41,768.75",0,"2,297","3,231.40","4,317.05","3,912.02","3,292.48"
2019-03-21,"43,600","43,650","42,750","42,950","43,580.00","43,365.00","44,387.50","43,968.33","41,813.33",0,"2,149","2,895.60","3,978.20","3,937.27","3,299.44"
2019-03-22,"43,050","45,000","42,600","44,100","43,650.00","43,385.00","44,187.50","44,018.33","41,867.08",0,"3,864","2,954.60","3,974.80","3,930.67","3,314.66"
2019-03-25,"44,100","44,100","42,950","43,200","43,530.00","43,410.00","44,002.50","44,059.17","41,913.75",0,"2,395","2,702.40","3,761.90","3,915.88","3,310.82"
2019-03-26,"43,200","44,000","42,900","43,300","43,430.00","43,490.00","43,900.00","44,100.83","41,961.67",0,"2,822","2,705.40","3,444.70","3,883.10","3,326.12"
2019-03-27,"43,150","44,000","42,600","43,000","43,310.00","43,465.00","43,800.00","44,137.50","42,001.67",0,"4,304","3,106.80","3,310.60","3,870.57","3,341.75"
2019-03-28,"42,950","44,200","42,150","43,500","43,420.00","43,500.00","43,715.00","44,175.83","42,046.25",0,"8,832","4,443.40","3,527.10","3,906.07","3,400.32"
2019-03-29,"43,150","46,150","43,150","45,800","43,760.00","43,705.00","43,785.00","44,237.50","42,110.83",0,"9,483","5,567.20","3,808.70","4,039.70","3,465.41"
2019-04-01,"46,200","46,200","45,000","45,300","44,180.00","43,855.00","43,810.00","44,280.83","42,171.67",0,"3,650","5,818.20","3,856.40","4,055.42","3,470.68"
2019-04-02,"45,300","45,900","44,750","44,900","44,500.00","43,965.00","43,805.00","44,325.00","42,225.83",0,"2,341","5,722.00","3,858.55","4,045.55","3,472.71"
2019-04-03,"44,900","45,050","44,250","44,850","44,870.00","44,090.00","43,802.50","44,389.17","42,281.67",43,"4,647","5,790.60","3,996.25","4,093.43","3,496.81"
2019-04-04,"44,850","44,850","43,850","44,150","45,000.00","44,210.00","43,787.50","44,435.00","42,334.17",43,"3,063","4,636.80","4,056.75","4,128.02","3,515.82"
2019-04-05,"44,350","44,400","43,950","44,100","44,660.00","44,210.00","43,797.50","44,482.50","42,386.67",42,"1,934","3,127.00","4,033.20","4,129.08","3,496.47"
2019-04-08,"44,600","49,000","44,400","46,200","44,840.00","44,510.00","43,960.00","44,565.00","42,462.92",0,"45,636","11,524.20","6,001.20","4,875.45","3,799.64"
2019-04-09,"46,850","47,700","45,150","45,200","44,900.00","44,700.00","44,095.00","44,631.67","42,528.75",0,"13,872","13,830.40","6,435.40","5,085.65","3,909.02"
2019-04-10,"44,000","46,000","43,900","45,300","44,990.00","44,930.00","44,197.50","44,695.00","42,595.42",0,"14,067","15,714.40","6,960.80","5,278.25","4,019.63"
2019-04-11,"45,450","55,000","45,450","50,000","46,160.00","45,580.00","44,540.00","44,832.50","42,699.58",0,"182,118","51,525.40","15,875.30","8,276.53","5,523.84"
2019-04-12,"49,550","54,500","48,700","53,500","48,040.00","46,350.00","45,027.50","45,044.17","42,832.92",0,"152,079","81,554.40","23,300.80","10,770.62","6,785.25"
2019-04-15,"57,600","58,500","52,100","52,900","49,380.00","47,110.00","45,482.50","45,230.00","42,960.00",0,"159,932","104,413.60","31,114.60","13,405.37","8,109.09"
2019-04-16,"52,800","54,800","50,500","54,300","51,200.00","48,050.00","46,007.50","45,436.67","43,097.08",0,"75,719","116,783.00","34,760.20","14,657.45","8,700.92"
2019-04-17,"55,000","55,600","52,000","53,200","52,780.00","48,885.00","46,487.50","45,604.17","43,224.17",0,"41,404","122,250.40","36,715.55","15,266.57","9,029.60"
2019-04-18,"52,100","52,700","50,900","51,700","53,120.00","49,640.00","46,925.00","45,740.83","43,341.25",0,"27,429","91,312.60","37,979.55","15,664.22","9,248.22"
2019-04-19,"52,300","52,600","50,900","51,800","52,780.00","50,410.00","47,310.00","45,892.50","43,455.83",0,"14,197","63,736.20","38,496.20","15,866.10","9,325.10"
2019-04-22,"51,900","51,900","50,500","51,700","52,540.00","50,960.00","47,735.00","46,035.83","43,570.83",0,"12,147","34,179.20","38,983.80","16,023.38","9,404.43"
2019-04-23,"52,000","52,900","50,800","52,800","52,240.00","51,720.00","48,210.00","46,195.83","43,703.75",0,"16,692","22,373.80","39,677.30","16,261.35","9,425.52"
2019-04-24,"52,100","52,100","49,900","51,500","51,900.00","52,340.00","48,635.00","46,307.50","43,826.67",0,"13,985","16,890.00","40,161.35","16,382.25","9,510.42"
2019-04-25,"52,000","52,500","49,200","50,000","51,560.00","52,340.00","48,960.00","46,386.67","43,931.25",0,"16,840","14,772.20","40,561.75","16,493.38","9,619.80"
2019-04-26,"50,000","50,000","48,300","48,550","50,910.00","51,845.00","49,097.50","46,448.33","44,015.83",42,"13,391","14,611.00","40,757.15","16,679.77","9,699.81"
2019-04-29,"48,900","50,400","48,600","49,600","50,490.00","51,515.00","49,312.50","46,525.00","44,109.17",0,"13,578","14,897.20","41,253.55","16,871.67","9,798.64"
2019-04-30,"49,600","50,500","49,500","50,100","49,950.00","51,095.00","49,572.50","46,573.33","44,200.83",0,"5,313","12,621.40","41,402.15","16,645.83","9,778.33"
2019-05-02,"49,350","52,200","49,350","51,800","50,010.00","50,955.00","49,920.00","46,656.67","44,304.17",0,"7,599","11,344.20","41,549.75","16,712.45","9,823.75"
2019-05-03,"51,700","52,300","50,700","51,500","50,310.00","50,935.00","50,287.50","46,743.33","44,406.25",37,"6,015","9,179.20","41,697.35","16,707.18","9,864.85"
2019-05-07,"51,000","51,500","49,850","51,400","50,880.00","50,895.00","50,652.50","46,835.00","44,507.08",0,"6,105","7,722.00","41,905.90","16,729.12","9,900.43"
2019-05-08,"51,500","51,900","50,600","51,400","51,240.00","50,865.00","50,912.50","46,925.00","44,602.08",0,"4,296","5,865.60","39,838.90","16,753.82","9,926.80"
2019-05-09,"51,000","53,300","50,300","50,800","51,380.00","50,665.00","51,192.50","47,003.33","44,692.92",0,"23,508","9,504.60","40,320.70","17,098.12","10,114.89"
2019-05-10,"51,000","51,400","50,000","50,500","51,120.00","50,565.00","51,452.50","47,075.83","44,782.92",0,"6,963","9,377.40","39,965.50","17,183.92","10,149.34"
2019-05-13,"50,500","50,500","48,600","49,700","50,760.00","50,535.00","51,437.50","47,135.83","44,872.08",0,"8,614","9,897.20","31,290.30","17,276.32","10,197.03"
2019-05-14,"49,650","50,500","49,100","50,100","50,500.00","50,690.00","51,267.50","47,170.83","44,960.42",0,"11,996","11,075.40","24,286.15","17,296.48","10,242.50"
2019-05-15,"50,500","50,500","49,000","49,750","50,170.00","50,705.00","51,110.00","47,212.50","45,037.50",0,"5,556","11,327.40","16,567.35","17,349.07","10,242.23"
2019-05-16,"50,000","50,400","49,200","49,900","49,990.00","50,685.00","50,890.00","47,251.67","45,096.67",0,"3,312","7,288.20","12,947.00","17,337.53","10,214.22"
2019-05-17,"50,400","50,400","48,200","48,300","49,550.00","50,335.00","50,645.00","47,265.83","45,143.75",2,"16,095","9,114.60","11,681.55","17,571.38","10,308.16"
2019-05-20,"48,300","48,950","45,200","47,500","49,110.00","49,935.00","50,435.00","47,249.17","45,183.75",0,"23,111","12,014.00","11,465.65","17,807.80","10,475.28"
2019-05-21,"46,750","47,150","45,600","46,700","48,430.00","49,465.00","50,180.00","47,225.83","45,215.00",0,"10,590","11,732.80","11,285.30","17,918.77","10,524.04"
2019-05-22,"46,700","46,900","46,000","46,550","47,790.00","48,980.00","49,922.50","47,220.00","45,247.08",0,"4,575","11,536.60","10,906.70","17,884.13","10,539.96"
2019-05-23,"46,700","46,700","45,900","46,350","47,080.00","48,535.00","49,600.00","47,236.67","45,278.33",0,"3,214","11,517.00","10,232.80","17,784.93","10,556.71"
2019-05-24,"46,350","47,450","46,350","47,250","46,870.00","48,210.00","49,387.50","47,274.17","45,318.33",0,"4,079","9,113.80","9,737.50","17,736.48","10,571.49"
2019-05-27,"47,250","47,250","46,300","46,450","46,660.00","47,885.00","49,210.00","47,295.00","45,354.58",0,"4,272","5,346.00","9,109.10","17,732.65","10,600.88"
2019-05-28,"46,500","47,500","45,800","47,450","46,810.00","47,620.00","49,155.00","47,345.83","45,402.08",0,"5,547","4,337.40","8,716.90","17,760.92","10,636.92"
2019-05-29,"47,450","47,500","46,750","47,200","46,940.00","47,365.00","49,035.00","47,385.83","45,445.42",0,"4,958","4,414.00","8,285.90","17,798.62","10,647.67"
2019-05-30,"47,250","49,350","47,000","47,900","47,250.00","47,165.00","48,925.00","47,434.17","45,494.17",0,"6,199","5,011.00","8,330.20","17,863.63","10,689.25"
2019-05-31,"47,950","48,650","47,400","47,950","47,390.00","47,130.00","48,732.50","47,485.00","45,541.25",0,"6,349","5,465.00","8,267.70","17,937.90","10,727.31"
2019-06-03,"47,950","47,950","46,450","46,900","47,480.00","47,070.00","48,502.50","47,525.83","45,581.25",0,"5,652","5,741.00","8,249.55","18,001.22","10,767.00"
2019-06-04,"47,300","48,450","46,700","47,300","47,450.00","47,130.00","48,297.50","47,582.50","45,628.33",57,"8,375","6,306.60","8,363.05","18,100.72","10,820.56"
2019-06-05,"47,750","47,950","47,100","47,350","47,480.00","47,210.00","48,095.00","47,655.83","45,679.58",0,"2,911","5,897.20","8,293.80","18,044.63","10,838.01"
2019-06-07,"47,350","48,800","47,350","47,950","47,490.00","47,370.00","47,952.50","47,746.67","45,733.33",0,"7,818","6,221.00","7,509.30","18,088.47","10,893.54"
2019-06-10,"48,350","48,400","47,600","48,350","47,570.00","47,480.00","47,845.00","47,831.67","45,795.42",0,"8,405","6,632.20","7,581.40","18,169.23","10,953.03"
2019-06-11,"48,450","48,750","48,350","48,600","47,910.00","47,695.00","47,790.00","47,922.50","45,859.17",0,"5,726","6,647.00","7,437.00","18,200.87","10,996.15"
2019-06-12,"48,600","48,600","46,900","48,000","48,050.00","47,750.00","47,685.00","47,993.33","45,913.33",0,"5,299","6,031.80","7,102.15","18,229.70","11,039.14"
2019-06-13,"47,950","48,800","47,750","48,500","48,280.00","47,880.00","47,622.50","48,071.67","45,971.67",0,"5,021","6,453.80","7,075.40","18,252.45","11,063.14"
2019-06-14,"48,500","48,850","47,700","48,100","48,310.00","47,900.00","47,532.50","48,143.33","46,025.00",0,"1,215","5,133.20","6,970.55","18,225.92","11,059.77"
2019-06-17,"48,100","48,350","46,900","46,950","48,030.00","47,800.00","47,465.00","48,199.17","46,070.42",0,"2,792","4,010.60","6,305.40","18,234.17","11,073.09"
2019-06-18,"47,200","47,700","46,800","47,650","47,840.00","47,875.00","47,472.50","48,277.50","46,122.92",58,"4,081","3,681.60","5,353.90","18,266.37","11,101.82"
2019-06-19,"47,150","47,600","46,900","47,300","47,700.00","47,875.00","47,502.50","48,330.83","46,174.58",0,"2,664","3,154.60","4,957.60","18,246.37","11,088.52"
2019-06-20,"47,300","47,450","45,100","45,350","47,070.00","47,675.00","47,442.50","48,366.67","46,212.92",0,"22,337","6,617.80","5,845.70","18,578.73","11,247.31"
2019-06-21,"45,450","45,550","44,950","45,150","46,480.00","47,395.00","47,382.50","48,397.50","46,249.17",0,"6,524","7,679.60","6,011.20","18,640.43","11,261.77"
2019-06-24,"45,600","45,600","45,050","45,150","46,120.00","47,075.00","47,277.50","48,433.33","46,285.42",0,"3,357","7,792.60","5,975.10","18,624.65","11,247.61"
2019-06-25,"45,100","45,450","44,500","44,700","45,530.00","46,685.00","47,190.00","48,453.33","46,314.58",0,"3,911","7,758.60","5,957.05","18,542.63","11,224.35"
2019-06-26,"44,450","44,700","44,300","44,450","44,960.00","46,330.00","47,040.00","48,430.83","46,334.17",0,"2,628","7,751.40","5,811.10","18,428.38","11,234.04"
2019-06-27,"44,450","44,650","44,000","44,350","44,760.00","45,915.00","46,897.50","48,415.00","46,347.92",0,"2,909","3,865.80","5,708.65","18,416.03","11,235.73"
2019-06-28,"44,800","45,350","44,050","44,950","44,720.00","45,600.00","46,750.00","48,415.83","46,370.42",0,"7,252","4,011.40","5,761.30","18,497.88","11,271.72"
2019-07-01,"45,500","45,500","44,500","44,600","44,610.00","45,365.00","46,582.50","48,411.67","46,400.42",0,"2,360","3,812.00","5,561.85","18,459.77","11,276.60"
2019-07-02,"44,850","44,850","44,500","44,550","44,580.00","45,055.00","46,465.00","48,418.33","46,426.67",70,"3,001","3,630.00","5,429.30","18,458.73","11,293.38"
2019-07-03,"44,750","45,750","44,600","45,150","44,720.00","44,840.00","46,357.50","48,435.83","46,459.17",0,"8,815","4,867.40","5,451.30","18,573.42","11,351.25"
2019-07-04,"45,150","45,750","45,150","45,650","44,980.00","44,870.00","46,272.50","48,426.67","46,495.83",0,"7,127","5,711.00","5,662.10","17,931.60","11,403.53"
2019-07-05,"45,750","46,600","45,650","46,500","45,290.00","45,005.00","46,200.00","48,448.33","46,540.00",0,"7,549","5,770.40","5,648.65","17,826.22","11,455.93"
2019-07-08,"46,400","46,550","44,750","44,800","45,330.00","44,970.00","46,022.50","48,440.00","46,567.50",2,"6,871","6,672.60","5,571.95","17,706.28","11,492.27"
2019-07-09,"44,400","45,100","44,100","44,500","45,320.00","44,950.00","45,817.50","48,348.33","46,590.42",0,"4,164","6,905.20","5,493.85","14,740.38","11,508.46"
2019-07-10,"44,100","44,750","43,800","44,100","45,110.00","44,915.00","45,622.50","48,191.67","46,617.92",0,"3,119","5,766.00","5,384.85","12,257.72","11,514.17"
2019-07-11,"44,100","44,350","43,800","44,250","44,830.00","44,905.00","45,410.00","48,047.50","46,638.75",70,"2,912","4,923.00","5,279.40","9,640.72","11,523.04"
2019-07-12,"44,200","44,400","44,050","44,200","44,370.00","44,830.00","45,215.00","47,879.17","46,657.92",0,793,"3,571.80","5,258.30","8,391.95","11,524.70"
2019-07-15,"45,100","45,100","43,550","44,000","44,210.00","44,770.00","45,067.50","47,725.83","46,665.00",0,"4,024","3,002.40","5,319.90","7,768.95","11,517.76"
2019-07-16,"44,000","45,000","43,950","44,750","44,260.00","44,790.00","44,922.50","47,610.00","46,675.42",0,"3,262","2,822.00","5,278.95","7,366.17","11,515.19"
2019-07-17,"44,700","45,000","44,350","44,400","44,320.00","44,715.00","44,777.50","47,486.67","46,689.58",0,661,"2,330.40","5,178.80","7,140.57","11,503.33"
2019-07-18,"44,450","45,900","44,300","45,150","44,500.00","44,665.00","44,767.50","47,377.50","46,706.67",0,"3,720","2,492.00","4,247.95","7,000.12","11,511.75"
2019-07-19,"45,150","45,400","45,050","45,300","44,720.00","44,545.00","44,775.00","47,252.50","46,724.17",0,"1,225","2,578.40","3,983.00","6,742.33","11,501.84"
2019-07-22,"45,250","45,600","44,750","45,000","44,920.00","44,565.00","44,767.50","47,144.17","46,725.83",0,"1,008","1,975.20","3,865.55","6,526.05","11,454.15"
2019-07-23,"44,950","45,550","44,950","45,250","45,020.00","44,640.00","44,795.00","47,065.00","46,725.83",0,715,"1,465.80","3,705.75","6,257.30","11,375.34"
2019-07-24,"45,200","45,750","43,750","44,700","45,080.00","44,700.00","44,807.50","47,000.83","46,724.58",0,"4,699","2,273.40","3,809.30","6,112.43","11,396.10"
2019-07-25,"44,350","44,650","43,600","44,450","44,940.00","44,720.00","44,812.50","46,915.00","46,720.00",0,"7,461","3,021.60","4,036.90","6,010.48","11,441.08"
2019-07-26,"44,450","44,450","43,350","43,550","44,590.00","44,655.00","44,742.50","46,805.83","46,689.58",0,"2,440","3,264.60","3,796.30","5,962.60","11,304.22"
2019-07-29,"43,000","43,650","41,500","42,400","44,070.00","44,495.00","44,632.50","46,649.17","46,652.92",0,"4,418","3,946.60","3,899.20","5,909.58","11,311.02"
2019-07-30,"42,400","43,150","41,500","43,000","43,620.00","44,320.00","44,555.00","46,507.50","46,625.42",70,"1,385","4,080.60","3,818.40","5,832.42","11,269.80"
2019-07-31,"42,950","43,100","42,000","42,450","43,170.00","44,125.00","44,420.00","46,358.33","46,596.67",0,"1,496","3,440.00","3,452.45","5,755.60","11,242.36"
2019-08-01,"42,250","43,100","42,100","42,700","42,820.00","43,880.00","44,272.50","46,213.33","46,569.17",0,"2,433","2,434.40","3,217.75","5,724.55","11,239.18"
2019-08-02,"42,000","43,000","40,500","41,100","42,330.00","43,460.00","44,002.50","46,051.67","46,527.50",0,"8,187","3,583.80","3,249.65","5,469.20","11,283.66"
2019-08-05,"41,700","41,700","38,950","39,050","41,660.00","42,865.00","43,715.00","45,860.83","46,468.33",2,"10,869","4,874.00","3,449.55","5,534.30","11,359.11"
2019-08-06,"38,600","40,000","37,100","38,300","40,720.00","42,170.00","43,405.00","45,670.83","46,403.33",0,"6,098","5,816.60","3,546.25","5,492.37","11,384.34"
2019-08-07,"38,800","39,400","38,100","38,600","39,950.00","41,560.00","43,130.00","45,479.17","46,325.00",0,"1,925","5,902.40","3,486.55","5,324.52","11,310.50"
2019-08-08,"39,300","40,000","38,500","40,000","39,410.00","41,115.00","42,917.50","45,316.67","46,264.58",0,"1,683","5,752.40","3,425.10","5,259.97","11,304.52"
2019-08-09,"39,300","40,400","39,300","39,800","39,150.00","40,740.00","42,697.50","45,148.33","46,200.00",0,"1,977","4,510.40","3,484.30","5,237.72","11,287.63"
2019-08-12,"39,800","40,550","39,050","39,900","39,320.00","40,490.00","42,492.50","45,008.33","46,137.08",0,"2,768","2,890.20","3,421.50","5,015.60","11,293.49"
2019-08-13,"40,450","41,700","39,900","41,400","39,940.00","40,330.00","42,325.00","44,906.67","46,077.92",0,"5,008","2,672.20","3,508.80","4,713.88","11,260.84"
2019-08-14,"41,650","41,950","40,800","41,250","40,470.00","40,210.00","42,167.50","44,815.83","46,020.83",0,"3,269","2,941.00","3,639.20","4,591.87","11,255.32"
2019-08-16,"41,250","41,550","40,050","40,350","40,540.00","39,975.00","41,927.50","44,712.50","45,966.25",0,"3,104","3,225.20","3,608.40","4,567.35","11,225.74"
2019-08-19,"40,950","40,950","40,100","40,350","40,650.00","39,900.00","41,680.00","44,612.50","45,924.58",0,"2,806","3,391.00","3,687.45","4,560.55","11,172.74"
2019-08-20,"40,400","41,950","40,350","40,950","40,860.00","40,090.00","41,477.50","44,507.50","45,890.83",0,"2,299","3,297.20","3,752.00","4,530.88","11,133.68"
2019-08-21,"40,800","41,750","40,800","41,550","40,890.00","40,415.00","41,292.50","44,425.83","45,860.42",0,"2,139","2,723.40","3,823.20","4,495.33","11,113.99"
2019-08-22,"41,550","42,800","41,450","42,550","41,150.00","40,810.00","41,185.00","44,344.17","45,845.00",67,"3,586","2,786.80","3,767.55","4,462.65","11,111.78"
2019-08-23,"41,750","43,200","41,750","42,600","41,600.00","41,070.00","41,092.50","44,267.50","45,826.67",0,"2,775","2,721.00","3,533.25","4,426.27","11,112.44"
2019-08-26,"42,500","42,500","41,850","41,900","41,910.00","41,280.00","41,010.00","44,167.50","45,800.83",0,"1,997","2,559.20","3,511.10","4,356.23","11,109.93"
2019-08-27,"41,900","43,850","41,900","42,400","42,200.00","41,530.00","41,010.00","44,075.00","45,780.00",29,787,"2,256.80","3,329.55","4,263.53","11,100.72"
2019-08-28,"42,350","42,500","42,000","42,450","42,380.00","41,635.00","40,982.50","44,000.83","45,763.33",0,"1,091","2,047.20","3,314.85","4,187.52","11,094.37"
2019-08-29,"42,400","43,500","42,350","43,350","42,540.00","41,845.00","41,027.50","43,935.00","45,758.75",0,"1,806","1,691.20","3,330.35","4,078.03","11,089.38"
2019-08-30,"43,350","43,350","42,600","43,050","42,630.00","42,115.00","41,045.00","43,863.33","45,759.58",0,"2,413","1,618.80","3,329.35","4,069.73","11,057.18"
2019-09-02,"43,800","43,800","42,800","42,800","42,810.00","42,360.00","41,130.00","43,777.50","45,762.08",0,"1,031","1,425.60","2,971.55","3,956.62","11,022.54"
2019-09-03,"44,000","44,000","42,800","43,050","42,940.00","42,570.00","41,330.00","43,689.17","45,760.42",0,262,"1,320.60","2,441.20","3,820.90","10,995.07"
2019-09-04,"43,250","43,350","42,900","42,950","43,040.00","42,710.00","41,562.50","43,595.00","45,758.75",0,689,"1,240.20","2,170.75","3,736.95","10,968.91"
2019-09-05,"43,000","43,100","41,050","41,200","42,610.00","42,575.00","41,692.50","43,481.67","45,737.50",42,"4,515","1,782.00","2,300.25","3,723.88","10,976.79"
2019-09-06,"41,300","42,150","41,200","41,300","42,260.00","42,445.00","41,757.50","43,361.67","45,716.67",57,"1,163","1,532.00","2,274.25","3,659.58","10,956.02"
2019-09-09,"40,750","42,300","40,750","41,350","41,970.00","42,390.00","41,835.00","43,249.17","45,696.25",0,"1,088","1,543.40","2,229.80","3,657.47","10,941.69"
2019-09-10,"41,350","42,200","41,050","41,800","41,720.00","42,330.00","41,930.00","43,163.33","45,681.25",0,"2,048","1,900.60","2,193.80","3,645.07","10,939.62"
2019-09-11,"41,700","42,650","41,400","41,500","41,430.00","42,235.00","41,935.00","43,060.83","45,669.17",66,"2,108","2,184.40","2,048.80","3,612.18","10,939.28"
2019-09-16,"41,900","41,900","40,900","41,150","41,420.00","42,015.00","41,930.00","42,958.33","45,644.58",0,"3,222","1,925.80","2,046.45","3,621.48","10,933.92"
2019-09-17,"41,100","41,800","39,600","40,600","41,280.00","41,770.00","41,942.50","42,879.17","45,622.92",0,"8,463","3,385.80","2,314.40","3,390.25","10,984.49"
2019-09-18,"40,800","40,850","40,100","40,450","41,100.00","41,535.00","41,947.50","42,800.83","45,599.17",0,"2,683","3,704.80","2,308.25","3,326.23","10,983.33"
2019-09-19,"40,700","40,800","40,400","40,550","40,850.00","41,285.00","41,927.50","42,724.17","45,578.75",0,"1,917","3,678.60","2,289.15","3,302.23","10,963.44"
2019-09-20,"40,550","40,800","40,200","40,650","40,680.00","41,055.00","41,882.50","42,656.67","45,555.00",0,"3,014","3,859.80","2,332.90","3,287.28","10,914.96"
2019-09-23,"40,650","40,950","40,500","40,650","40,580.00","41,000.00","41,787.50","42,593.33","45,512.08",0,"1,164","3,448.20","2,211.80","3,262.88","10,845.63"
2019-09-24,"40,850","40,900","40,450","40,600","40,580.00","40,930.00","41,687.50","42,530.83","45,472.92",0,"2,046","2,164.80","2,175.35","3,248.50","10,832.27"
2019-09-25,"40,500","40,850","40,250","40,300","40,550.00","40,825.00","41,607.50","42,453.33","45,434.58",0,"2,055","2,039.20","2,178.25","3,161.88","10,829.88"
2019-09-26,"40,800","40,800","40,200","40,200","40,480.00","40,665.00","41,497.50","42,380.00","45,395.83",0,"1,028","1,861.40","2,190.30","3,139.68","10,799.73"
2019-09-27,"40,300","40,600","39,950","40,600","40,470.00","40,575.00","41,405.00","42,314.17","45,366.25",0,"3,908","2,040.20","2,331.15","3,154.80","10,806.77"
2019-09-30,"39,900","40,600","39,900","40,600","40,460.00","40,520.00","41,267.50","42,238.33","45,337.08",0,"1,761","2,159.60","2,328.90","3,037.23","10,805.33"
2019-10-01,"40,850","40,850","40,100","40,800","40,500.00","40,540.00","41,155.00","42,157.50","45,292.08",71,"4,670","2,684.40","2,441.75","2,996.28","10,463.94"
2019-10-02,"40,550","40,700","39,800","39,950","40,430.00","40,490.00","41,012.50","42,048.33","45,248.33",0,"8,662","4,005.80","2,823.30","3,014.83","10,420.53"
2019-10-04,"40,500","40,500","39,050","39,600","40,310.00","40,395.00","40,840.00","41,961.67","45,200.83",0,"1,480","4,096.20","2,884.20","2,924.98","10,315.63"
2019-10-07,"39,300","39,850","39,200","39,400","40,070.00","40,270.00","40,662.50","41,876.67","45,112.50",0,"1,904","3,695.40","2,944.95","2,887.32","8,813.85"
2019-10-08,"39,700","39,700","39,050","39,100","39,770.00","40,115.00","40,557.50","41,793.33","44,992.50",0,"1,778","3,698.80","2,808.10","2,864.97","7,561.34"
2019-10-10,"39,400","39,400","38,800","38,850","39,380.00","39,940.00","40,435.00","41,703.33","44,875.42",0,695,"2,903.80","2,784.70","2,828.02","6,234.37"
2019-10-11,"39,050","39,200","38,250","38,250","39,040.00","39,735.00","40,280.00","41,604.17","44,741.67",0,"5,371","2,245.60","2,998.85","2,904.32","5,648.13"
2019-10-14,"38,300","38,900","38,250","38,750","38,870.00","39,590.00","40,127.50","41,516.67","44,621.25",70,"2,694","2,488.40","3,031.15","2,882.15","5,325.55"
2019-10-15,"39,300","39,500","38,950","39,000","38,790.00","39,430.00","40,002.50","41,420.83","44,515.42",0,"1,506","2,408.80","3,001.05","2,852.88","5,109.52"
2019-10-16,"38,950","39,400","38,950","39,250","38,820.00","39,295.00","39,907.50","41,335.00","44,410.83",70,"2,466","2,546.40","2,963.25","2,882.97","5,011.77"
2019-10-17,"39,400","39,500","39,150","39,300","38,910.00","39,145.00","39,842.50","41,237.50","44,307.50",0,359,"2,479.20","2,558.05","2,826.95","4,913.53"
2019-10-18,"39,300","39,750","39,300","39,500","39,160.00","39,100.00","39,795.00","41,140.83","44,196.67",0,"2,168","1,838.60","2,532.30","2,842.67","4,792.50"
2019-10-21,"39,200","39,850","39,200","39,750","39,360.00","39,115.00","39,755.00","41,053.33","44,098.75",0,"1,575","1,614.80","2,515.20","2,852.12","4,689.08"
2019-10-22,"39,600","40,100","39,300","39,500","39,460.00","39,125.00","39,697.50","40,957.50","44,011.25",0,"1,290","1,571.60","2,429.00","2,861.70","4,559.50"
2019-10-23,"39,300","39,850","38,050","38,300","39,270.00","39,045.00","39,580.00","40,850.83","43,925.83",0,"7,092","2,496.80","2,725.40","2,901.58","4,507.01"
2019-10-24,"38,350","38,750","38,350","38,550","39,120.00","39,015.00","39,477.50","40,752.50","43,833.75",58,"1,036","2,632.20","2,674.90","2,794.50","4,402.49"
2019-10-25,"38,650","39,500","38,650","39,050","39,030.00","39,095.00","39,415.00","40,677.50","43,741.67",59,"2,627","2,724.00","2,703.50","2,797.62","4,380.11"
2019-10-28,"39,050","39,450","39,050","39,050","38,890.00","39,125.00","39,357.50","40,621.67","43,635.42",0,"2,532","2,915.40","2,778.70","2,766.18","4,337.88"
2019-10-29,"39,300","39,300","39,150","39,150","38,820.00","39,140.00","39,285.00","40,557.50","43,532.50",0,817,"2,820.80","2,624.15","2,756.72","4,294.57"
2019-10-30,"39,200","39,400","39,000","39,100","38,980.00","39,125.00","39,210.00","40,501.67","43,430.00",0,"2,024","1,807.20","2,637.30","2,765.52","4,260.56"
2019-10-31,"39,050","39,200","38,850","39,000","39,070.00","39,095.00","39,120.00","40,440.00","43,326.67",0,"3,274","2,254.80","2,567.50","2,779.53","4,252.04"
2019-11-01,"39,000","39,350","39,000","39,100","39,080.00","39,055.00","39,077.50","40,406.67","43,229.17",0,"2,121","2,153.60","2,240.45","2,678.43","4,073.82"
2019-11-04,"39,150","40,400","39,150","40,400","39,350.00","39,120.00","39,117.50","40,429.17","43,145.00",18,"2,989","2,245.00","2,315.90","2,547.10","4,040.70"
2019-11-05,"40,300","40,300","39,950","40,150","39,550.00","39,185.00","39,155.00","40,460.00","43,065.42",37,"3,558","2,793.20","2,398.60","2,504.77","3,998.57"
2019-11-06,"40,400","40,600","39,650","40,150","39,760.00","39,370.00","39,207.50","40,485.83","42,982.50",0,"8,710","4,130.40","2,745.20","2,617.85","3,971.18"
2019-11-07,"40,150","40,650","40,050","40,300","40,020.00","39,545.00","39,280.00","40,490.83","42,903.75",0,"1,569","3,789.40","2,788.90","2,615.95","3,937.96"
2019-11-08,"40,650","41,400","40,650","41,150","40,430.00","39,755.00","39,425.00","40,513.33","42,830.83",0,"2,965","3,958.20","2,668.60","2,632.42","3,935.07"
2019-11-11,"41,150","41,300","40,900","41,250","40,600.00","39,975.00","39,550.00","40,535.83","42,772.08",0,"2,975","3,955.40","2,682.65","2,635.87","3,825.73"
2019-11-12,"41,400","41,400","41,050","41,200","40,810.00","40,180.00","39,660.00","40,532.50","42,719.58",0,508,"3,345.40","2,632.75","2,560.87","3,637.38"
2019-11-13,"41,350","41,350","40,800","41,300","41,040.00","40,400.00","39,762.50","40,533.33","42,674.58",0,"4,735","2,550.40","2,746.20","2,585.30","3,588.58"
2019-11-14,"41,300","41,300","41,000","41,000","41,180.00","40,600.00","39,847.50","40,544.17","42,628.33",0,"2,025","2,641.60","2,829.50","2,567.32","3,567.33"
2019-11-15,"41,400","41,400","41,000","41,000","41,150.00","40,790.00","39,922.50","40,555.00","42,583.75",0,"1,117","2,272.00","2,776.95","2,539.17","3,549.86"
2019-11-18,"41,000","41,150","41,000","41,100","41,120.00","40,860.00","39,990.00","40,557.50","42,532.50",0,"1,228","1,922.60","2,759.60","2,521.32","3,526.10"
2019-11-19,"41,250","41,550","41,000","41,450","41,170.00","40,990.00","40,087.50","40,555.83","42,490.83",0,"2,486","2,318.20","2,819.40","2,527.10","3,511.22"
2019-11-20,"41,450","41,450","40,650","40,700","41,050.00","41,045.00","40,207.50","40,525.00","42,434.58",34,"8,875","3,146.20","2,908.55","2,615.25","3,538.95"
2019-11-21,"40,800","41,600","40,450","40,700","40,990.00","41,085.00","40,315.00","40,493.33","42,380.42",0,"7,108","4,162.80","3,212.15","2,687.47","3,556.87"
2019-11-22,"40,900","41,450","40,900","41,450","41,080.00","41,115.00","40,435.00","40,485.83","42,326.67",0,"1,509","4,241.20","3,156.25","2,679.33","3,517.78"
2019-11-25,"41,500","41,650","41,500","41,550","41,170.00","41,145.00","40,560.00","40,471.67","42,273.33",0,"1,324","4,260.40","3,095.85","2,688.28","3,475.91"
2019-11-26,"41,550","41,750","41,500","41,600","41,200.00","41,185.00","40,682.50","40,457.50","42,229.17",0,"1,094","3,982.00","3,109.70","2,688.33","3,437.93"
2019-11-27,"41,800","41,800","41,400","41,750","41,410.00","41,230.00","40,815.00","40,430.83","42,182.92",0,651,"2,337.20","3,041.05","2,669.08","3,373.56"
2019-11-28,"41,950","41,950","41,650","41,750","41,620.00","41,305.00","40,952.50","40,409.17","42,136.25",0,"1,176","1,150.80","2,936.15","2,648.47","3,359.10"
2019-11-29,"41,700","41,900","41,350","41,350","41,600.00","41,340.00","41,065.00","40,385.00","42,081.25",0,"2,021","1,253.20","2,931.15","2,664.97","3,310.79"
2019-12-02,"41,350","41,950","41,000","41,200","41,530.00","41,350.00","41,105.00","40,354.17","42,021.67",23,793,"1,147.00","2,821.35","2,673.82","3,247.36"
2019-12-03,"41,800","42,600","41,000","42,000","41,610.00","41,405.00","41,197.50","40,338.33","41,966.67",0,"8,996","2,727.40","3,093.25","2,812.27","3,274.61"
2019-12-04,"42,000","42,300","42,000","42,000","41,660.00","41,535.00","41,290.00","40,351.67","41,916.67",0,"1,948","2,986.80","2,755.15","2,769.48","3,246.68"
2019-12-05,"42,300","42,300","41,550","41,550","41,620.00","41,620.00","41,352.50","40,355.83","41,858.75",30,"5,330","3,817.60","2,943.20","2,838.93","3,249.26"
2019-12-06,"42,250","46,950","42,000","43,850","42,120.00","41,860.00","41,487.50","40,397.50","41,823.33",13,"46,082","12,629.80","5,099.05","3,588.83","3,623.15"
2019-12-09,"43,850","44,100","43,500","44,100","42,700.00","42,115.00","41,630.00","40,435.83","41,799.58",0,"4,772","13,425.60","5,188.90","3,634.23","3,639.65"
2019-12-10,"43,800","44,500","42,600","43,400","42,980.00","42,295.00","41,740.00","40,467.50","41,764.17",0,"3,050","12,236.40","5,316.00","3,649.93","3,631.06"
2019-12-11,"44,700","44,700","43,200","43,200","43,220.00","42,440.00","41,835.00","40,501.67","41,730.00",0,"4,507","12,748.20","5,304.60","3,671.35","3,646.42"
2019-12-12,"44,400","44,400","42,400","42,500","43,410.00","42,515.00","41,910.00","40,533.33","41,706.25",34,"1,598","12,001.80","5,283.25","3,556.93","3,473.59"
2019-12-13,"42,850","42,850","42,000","42,500","43,140.00","42,630.00","41,985.00","40,567.50","41,684.17",0,"2,038","3,193.00","5,329.30","3,546.18","3,436.21"
2019-12-16,"42,500","42,850","42,100","42,500","42,820.00","42,760.00","42,055.00","40,600.00","41,662.08",30,"1,145","2,467.60","5,325.15","3,533.32","3,417.78"
2019-12-17,"43,300","43,300","42,000","42,000","42,540.00","42,760.00","42,082.50","40,622.50","41,639.58",0,"6,613","3,180.20","5,531.50","3,593.30","3,440.29"
2019-12-18,"42,050","43,000","42,050","42,450","42,390.00","42,805.00","42,170.00","40,652.50","41,622.92",0,"1,738","2,626.40","5,174.65","3,602.87","3,432.88"
2019-12-19,"42,700","43,000","42,550","43,000","42,490.00","42,950.00","42,285.00","40,692.50","41,611.67",30,"1,706","2,648.00","4,904.55","3,597.20","3,422.85"
2019-12-20,"43,050","43,500","42,750","42,800","42,550.00","42,845.00","42,352.50","40,734.17","41,593.75",0,"2,284","2,697.20","4,943.30","3,601.02","3,381.45"
2019-12-23,"42,500","47,950","42,450","43,850","42,820.00","42,820.00","42,467.50","40,795.00","41,587.50",29,"57,946","14,057.40","7,774.40","4,549.65","3,844.67"
2019-12-24,"44,850","45,500","43,400","43,800","43,180.00","42,860.00","42,577.50","40,848.33","41,581.25",0,"21,867","17,108.20","8,813.05","4,848.97","4,001.88"
2019-12-26,"43,800","45,000","43,700","44,400","43,570.00","42,980.00","42,710.00","40,911.67","41,575.00",0,"5,637","17,888.00","9,062.35","4,913.57","3,975.40"
2019-12-27,"44,450","45,500","44,400","44,750","43,920.00","43,205.00","42,860.00","40,977.50","41,567.50",0,"8,417","19,230.20","9,424.40","4,976.02","3,986.15"
2019-12-30,"46,000","46,450","44,850","45,200","44,400.00","43,475.00","43,052.50","41,065.00","41,556.67",0,"9,148","20,603.00","9,780.75","4,984.12","3,999.47"
2020-01-02,"44,900","45,750","44,050","44,750","44,580.00","43,700.00","43,230.00","41,150.83","41,556.25",0,"3,678","9,749.40","9,925.00","5,020.75","3,972.87"
2020-01-03,"44,550","45,150","44,200","44,450","44,710.00","43,945.00","43,352.50","41,235.00","41,555.83",0,"1,517","5,679.40","9,551.05","5,014.30","3,950.81"
2020-01-06,"44,450","44,450","43,350","43,650","44,560.00","44,065.00","43,435.00","41,310.83","41,552.08",0,"2,537","5,059.40","9,580.50","5,026.95","3,945.96"
2020-01-07,"43,650","44,500","43,650","44,100","44,430.00","44,175.00","43,562.50","41,398.33","41,550.83",0,"2,232","3,822.40","9,425.60","5,052.57","3,940.29"
2020-01-08,"44,550","44,600","42,000","43,350","44,060.00","44,230.00","43,537.50","41,483.33","41,543.75",0,"8,332","3,659.20","7,538.10","5,101.92","4,003.12"
2020-01-09,"43,450","44,100","43,400","43,600","43,830.00","44,205.00","43,512.50","41,564.17","41,540.42",0,"1,467","3,217.00","7,372.85","5,081.47","3,981.81"
2020-01-10,"44,500","44,500","43,050","43,250","43,590.00","44,150.00","43,505.00","41,635.00","41,527.92",39,"2,111","3,335.80","7,325.90","5,091.55","3,972.22"
2020-01-13,"44,950","45,400","42,500","42,800","43,420.00","43,990.00","43,485.00","41,694.17","41,514.58",40,"21,785","7,185.40","8,189.80","5,413.53","4,148.25"
2020-01-14,"42,800","43,000","42,350","42,400","43,080.00","43,755.00","43,480.00","41,745.83","41,491.67",0,"3,997","7,538.40","8,309.75","5,474.17","4,150.56"
2020-01-15,"42,400","43,500","41,500","42,600","42,930.00","43,495.00","43,485.00","41,797.50","41,469.17",0,"3,979","6,667.80","8,406.80","5,504.35","4,173.51"
2020-01-16,"42,150","42,900","42,150","42,500","42,710.00","43,270.00","43,485.00","41,843.33","41,448.33",0,"2,307","6,835.80","8,464.90","5,516.55","4,184.33"
2020-01-17,"43,000","43,050","42,350","42,500","42,560.00","43,075.00","43,510.00","41,893.33","41,425.42",0,"3,486","7,110.80","8,308.55","5,553.15","4,207.43"
2020-01-20,"42,600","42,900","42,350","42,500","42,500.00","42,960.00","43,512.50","41,963.33","41,407.08",70,925,"2,938.80","8,267.90","5,450.37","4,175.98"
2020-01-21,"42,500","42,550","40,750","41,100","42,240.00","42,660.00","43,417.50","42,005.83","41,379.17",0,"23,388","6,817.00","9,352.00","5,822.90","4,308.70"
2020-01-22,"40,950","41,350","40,900","40,950","41,910.00","42,420.00","43,325.00","42,037.50","41,357.50",0,"1,998","6,420.80","9,337.70","5,812.42","4,305.02"
2020-01-23,"41,350","41,350","40,100","40,250","41,460.00","42,085.00","43,145.00","42,057.50","41,339.58",0,"2,704","6,500.20","6,575.60","5,815.28","4,290.73"
2020-01-28,"38,950","39,650","37,750","39,000","40,760.00","41,660.00","42,905.00","42,055.00","41,306.25",0,"10,048","7,812.60","5,984.65","5,969.13","4,362.93"
2020-01-29,"38,900","39,400","38,000","39,200","40,100.00","41,300.00","42,645.00","42,056.67","41,279.17",0,"5,252","8,678.00","5,965.40","6,022.93","4,394.23"
2020-01-30,"39,300","39,300","37,700","38,200","39,520.00","40,880.00","42,317.50","42,043.33","41,241.67",0,"8,040","5,608.40","5,946.55","6,102.37","4,440.95"
2020-01-31,"38,200","38,650","37,850","37,950","38,920.00","40,415.00","41,955.00","42,024.17","41,215.42",0,"3,264","5,861.60","5,652.35","6,121.42","4,399.93"
2020-02-03,"37,950","40,250","37,950","40,000","38,870.00","40,165.00","41,717.50","42,017.50","41,223.33",0,"9,588","7,238.40","5,947.85","6,231.40","4,389.25"
2020-02-04,"40,200","40,850","39,500","40,200","39,110.00","39,935.00","41,505.00","42,018.33","41,239.17",0,"5,549","6,338.60","6,149.45","6,264.58","4,384.68"
2020-02-05,"40,450","40,700","40,100","40,500","39,370.00","39,735.00","41,347.50","42,024.17","41,255.00",0,"2,104","5,709.00","6,127.80","6,154.48","4,386.17"
2020-02-06,"40,500","40,750","40,400","40,450","39,820.00","39,670.00","41,165.00","42,026.67","41,258.75",0,"1,354","4,371.80","6,083.90","6,150.90","4,383.43"
2020-02-07,"40,450","40,900","40,450","40,900","40,410.00","39,665.00","41,042.50","42,022.50","41,267.92",0,"1,094","3,937.80","5,722.00","6,119.72","4,376.07"
2020-02-10,"40,550","40,900","39,850","40,800","40,570.00","39,720.00","40,902.50","42,015.00","41,275.42",0,"4,846","2,989.40","5,890.95","6,150.90","4,393.38"
2020-02-11,"40,700","40,700","39,700","40,000","40,530.00","39,820.00","40,740.00","41,995.00","41,263.75",0,"5,643","3,008.20","6,067.55","6,236.48","4,398.68"
2020-02-12,"39,700","40,650","39,700","40,050","40,440.00","39,905.00","40,602.50","41,974.17","41,253.75",70,"4,499","3,487.20","5,203.25","6,232.55","4,408.93"
2020-02-13,"40,550","40,550","39,700","40,400","40,430.00","40,125.00","40,502.50","41,964.17","41,254.17",70,"4,463","4,109.00","5,226.55","6,273.18","4,420.25"
2020-02-14,"39,800","40,300","39,800","40,250","40,300.00","40,355.00","40,385.00","41,951.67","41,253.33",0,"1,216","4,133.40","5,088.40","6,274.83","4,407.00"
2020-02-17,"39,700","40,150","39,600","39,800","40,100.00","40,335.00","40,250.00","41,930.00","41,243.75",0,"2,309","3,626.00","5,088.50","6,292.85","4,407.08"
2020-02-18,"39,550","40,450","39,300","39,500","40,000.00","40,265.00","40,100.00","41,897.50","41,226.67",0,"3,030","3,103.40","5,065.70","6,301.92","4,414.51"
2020-02-19,"39,700","39,900","39,300","39,550","39,900.00","40,170.00","39,952.50","41,878.33","41,201.67",70,"2,334","2,670.40","5,136.15","6,192.90","4,404.07"
2020-02-20,"39,500","39,700","39,250","39,450","39,710.00","40,070.00","39,870.00","41,857.50","41,175.42",0,"4,649","2,707.60","4,199.20","6,151.92","4,419.69"
2020-02-21,"39,300","41,600","39,100","39,300","39,520.00","39,910.00","39,787.50","41,821.67","41,153.75",45,"8,470","4,158.40","4,522.80","6,267.93","4,473.63"
2020-02-24,"38,800","38,800","38,000","38,100","39,180.00","39,640.00","39,680.00","41,764.17","41,117.92",0,"8,639","5,424.40","4,819.55","6,389.85","4,539.07"
2020-02-25,"38,000","38,500","37,850","38,350","38,950.00","39,475.00","39,647.50","41,710.00","41,083.75",0,"3,904","5,599.20","4,512.35","6,436.68","4,562.51"
2020-02-26,"37,250","39,150","37,150","38,000","38,640.00","39,270.00","39,587.50","41,647.50","41,039.17",0,"4,348","6,002.00","4,467.15","6,498.30","4,583.69"
2020-02-27,"37,950","38,400","37,800","38,000","38,350.00","39,030.00","39,577.50","41,585.00","40,997.08",0,"3,941","5,860.40","4,262.20","6,544.38","4,596.43"
2020-02-28,"37,750","37,750","36,200","36,200","37,730.00","38,625.00","39,490.00","41,499.17","40,942.08",2,"6,122","5,390.80","4,405.10","6,612.73","4,638.85"
2020-03-02,"36,000","36,200","35,100","35,450","37,200.00","38,190.00","39,262.50","41,403.33","40,878.75",0,"12,117","6,086.40","4,531.55","6,801.47","4,737.64"
2020-03-03,"35,950","36,350","35,500","35,850","36,700.00","37,825.00","39,045.00","41,300.83","40,819.58",0,"6,090","6,523.60","4,558.60","6,753.03","4,782.65"
2020-03-04,"36,300","37,000","35,000","36,850","36,470.00","37,555.00","38,862.50","41,215.00","40,783.33",71,"8,144","7,282.80","4,860.60","6,856.30","4,812.89"
2020-03-05,"36,900","38,400","36,900","38,150","36,500.00","37,425.00","38,747.50","41,158.33","40,757.08",0,"7,442","7,983.00","5,165.00","6,891.50","4,865.22"
2020-03-06,"38,150","38,350","37,350","37,600","36,780.00","37,255.00","38,582.50","41,054.17","40,725.83",0,"6,094","7,977.40","5,415.00","6,225.03","4,906.93"
2020-03-09,"37,600","37,600","36,000","36,500","36,990.00","37,095.00","38,367.50","40,927.50","40,681.67",0,"7,337","7,021.40","5,539.55","6,267.78","4,951.01"
2020-03-10,"35,050","35,900","35,050","35,450","36,910.00","36,805.00","38,140.00","40,795.00","40,631.25",0,"5,605","6,924.40","5,537.65","6,310.37","4,980.15"
2020-03-11,"35,450","35,650","33,900","33,900","36,320.00","36,395.00","37,832.50","40,640.00","40,570.83",0,"8,088","6,913.20","5,717.10","6,370.05","5,020.70"
2020-03-12,"33,500","33,550","31,150","31,250","34,940.00","35,720.00","37,375.00","40,452.50","40,492.92",2,"10,438","7,512.40","6,015.85","6,517.38","5,037.16"
2020-03-13,"30,000","30,300","26,650","29,200","33,260.00","35,020.00","36,822.50","40,230.83","40,399.17",71,"14,559","9,205.40","6,683.00","6,726.07","5,136.13"
2020-03-16,"29,200","29,700","27,000","27,700","31,500.00","34,245.00","36,217.50","39,984.17","40,292.08",0,"6,564","9,050.80","6,895.75","6,816.38","5,174.85"
2020-03-17,"25,150","29,000","25,150","25,750","29,560.00","33,235.00","35,530.00","39,713.33","40,167.92",66,"8,132","9,556.20","7,150.85","6,841.70","5,217.50"
2020-03-18,"25,800","27,350","25,800","25,950","27,970.00","32,145.00","34,850.00","39,438.33","40,045.42",0,"10,700","10,078.60","7,569.15","6,991.07","5,296.97"
2020-03-19,"25,900","25,950","22,050","23,000","26,320.00","30,630.00","34,027.50","39,105.00","39,898.75",0,"12,517","10,494.40","7,962.55","7,171.25","5,384.23"
2020-03-20,"22,050","23,350","20,050","23,000","25,080.00","29,170.00","33,212.50","38,775.00","39,754.58",54,"63,102","20,203.00","10,694.15","8,184.88","5,892.95"
2020-03-23,"21,200","21,900","20,300","20,750","23,690.00","27,595.00","32,345.00","38,390.00","39,592.50",0,"12,381","21,366.40","10,881.25","7,425.47","5,987.56"
2020-03-24,"21,050","21,800","20,900","21,600","22,860.00","26,210.00","31,507.50","38,020.00","39,434.17",0,"5,693","20,878.60","10,970.70","7,155.90","6,002.43"
2020-03-25,"22,100","27,000","22,100","24,300","22,530.00","25,250.00","30,822.50","37,685.00","39,298.33",0,"45,574","27,853.40","13,032.00","7,821.52","6,367.54"
2020-03-26,"26,000","26,500","24,500","25,000","22,930.00","24,625.00","30,172.50","37,355.83","39,166.67",0,"30,941","31,538.20","14,382.00","8,196.92","6,586.47"
2020-03-27,"25,700","26,400","23,650","24,850","23,300.00","24,190.00","29,605.00","37,016.67","39,040.83",0,"40,316","26,981.00","16,091.70","8,716.38","6,850.25"
2020-03-30,"24,650","24,800","23,000","24,800","24,110.00","23,900.00","29,072.50","36,684.17","38,917.50",0,"18,438","28,192.40","16,407.75","8,962.38","6,991.57"
2020-03-31,"25,200","26,250","25,100","25,600","24,910.00","23,885.00","28,560.00","36,370.00","38,802.50",0,"8,234","28,700.60","16,514.95","9,074.33","7,044.32"
2020-04-01,"25,550","26,400","25,100","25,150","25,080.00","23,805.00","27,975.00","36,061.67","38,686.25",70,"16,406","22,867.00","16,928.05","9,305.48","7,166.22"
2020-04-02,"25,100","25,600","24,100","25,200","25,120.00","24,025.00","27,327.50","35,746.67","38,572.50",0,"10,006","18,680.00","17,056.25","9,435.05","7,243.81"
2020-04-03,"25,050","25,500","25,000","25,000","25,150.00","24,225.00","26,697.50","35,440.83","38,462.08",0,"6,813","11,979.40","17,092.20","9,409.73","7,255.82"
2020-04-06,"25,200","26,650","24,750","26,200","25,430.00","24,770.00","26,182.50","35,150.83","38,357.50",0,"26,083","13,508.40","18,029.50","9,820.00","7,450.73"
2020-04-07,"27,400","28,100","26,250","26,800","25,670.00","25,290.00","25,750.00","34,876.67","38,255.83",0,"28,994","17,660.40","19,198.95","10,268.05","7,679.80"
2020-04-08,"26,800","28,250","26,500","27,900","26,220.00","25,650.00","25,450.00","34,628.33","38,161.25",0,"16,194","17,618.00","19,604.25","10,174.87","7,794.20"
2020-04-09,"28,500","34,000","28,500","31,050","27,390.00","26,255.00","25,440.00","34,439.17","38,092.50",0,"100,170","35,650.80","24,090.85","11,777.75","8,625.96"
2020-04-10,"31,600","32,250","29,900","31,250","28,640.00","26,895.00","25,542.50","34,250.00","38,023.75",0,"28,261","39,940.40","24,775.95","12,182.45","8,843.40"
2020-04-13,"31,000","31,550","29,900","30,300","29,460.00","27,445.00","25,672.50","34,046.67","37,945.00",0,"21,930","39,109.80","25,544.25","12,509.50","9,013.02"
2020-04-14,"30,400","31,500","30,250","30,900","30,280.00","27,975.00","25,930.00","33,853.33","37,873.33",0,"14,884","36,287.80","25,881.85","12,699.47","9,126.31"
2020-04-16,"30,100","30,900","29,700","30,850","30,870.00","28,545.00","26,175.00","33,659.17","37,811.25",0,"8,509","34,750.80","25,772.30","12,825.87","9,138.12"
2020-04-17,"31,150","35,800","31,050","34,000","31,460.00","29,425.00","26,725.00","33,540.83","37,773.33",0,"120,428","38,802.40","31,167.85","14,443.20","10,133.05"
2020-04-20,"36,800","43,500","34,550","41,250","33,460.00","31,050.00","27,637.50","33,545.83","37,791.67",0,"355,092","104,168.60","45,767.35","20,328.10","13,070.26"
2020-04-21,"43,700","47,500","39,350","44,350","36,270.00","32,865.00","28,817.50","33,614.17","37,835.83",0,"362,817","172,346.00","63,289.15","26,329.98","16,072.63"
2020-04-22,"43,550","44,800","42,500","43,400","38,770.00","34,525.00","29,907.50","33,687.50","37,871.25",0,"92,434","187,856.00","67,626.20","27,703.08","16,836.11"
2020-04-23,"44,500","48,000","44,250","45,200","41,640.00","36,255.00","30,952.50","33,787.50","37,922.08",0,"122,043","210,562.80","71,449.65","29,649.60","17,836.27"
2020-04-24,"44,500","46,200","42,500","42,750","43,390.00","37,425.00","31,840.00","33,863.33","37,953.33",0,"53,585","197,194.20","72,581.85","30,408.68","18,255.53"
2020-04-27,"44,650","45,200","42,100","42,900","43,720.00","38,590.00","32,742.50","33,945.83","37,985.00",0,"82,623","142,700.40","74,697.20","31,731.33","18,926.38"
2020-04-28,"42,900","42,900","41,350","41,800","43,210.00","39,740.00","33,592.50","33,975.83","37,996.67",0,"47,384","79,613.80","76,144.50","32,361.27","19,296.33"
2020-04-29,"41,550","42,750","40,600","41,300","42,790.00","40,780.00","34,377.50","33,994.17","38,006.25",23,"42,218","69,570.60","77,843.70","32,972.42","19,618.50"
2020-05-04,"39,500","42,400","39,500","40,600","41,870.00","41,755.00","35,150.00","33,995.83","38,010.00",0,"50,949","55,351.80","79,570.85","33,786.50","19,970.49"
2020-05-06,"41,100","41,800","40,500","40,650","41,450.00","42,420.00","35,922.50","33,999.17","38,012.92",0,"26,891","50,013.00","80,415.10","34,212.12","20,181.51"
2020-05-07,"40,800","51,500","40,650","47,300","42,330.00","43,025.00","37,037.50","34,105.83","38,064.17",0,"623,123","158,113.00","111,230.60","44,579.27","25,349.49"
2020-05-08,"49,000","54,000","49,000","51,500","44,270.00","43,740.00","38,302.50","34,284.17","38,149.58",0,"147,417","178,119.60","117,297.30","46,955.45","26,553.17"
2020-05-11,"52,000","53,500","50,500","51,000","46,210.00","44,500.00","39,512.50","34,467.50","38,231.25",0,"68,273","183,330.60","119,261.25","47,999.28","27,117.88"
2020-05-12,"51,900","51,900","49,350","50,500","48,190.00","45,030.00","40,642.50","34,641.67","38,307.92",0,"65,824","186,305.60","121,742.75","49,021.37","27,626.96"
2020-05-13,"48,350","50,900","45,200","47,800","49,620.00","45,535.00","41,480.00","34,765.00","38,364.58",0,"109,592","202,845.80","122,213.85","50,773.52","28,523.35"
2020-05-14,"46,800","47,650","43,550","45,350","49,230.00","45,780.00","42,185.00","34,850.00","38,400.83",0,"125,413","103,303.80","127,071.45","52,843.47","29,559.15"
2020-05-15,"44,550","45,400","43,200","44,800","47,890.00","46,080.00","42,910.00","34,933.33","38,431.67",0,"59,632","85,746.80","128,956.55","53,798.85","30,045.85"
2020-05-18,"45,700","45,700","43,050","43,500","46,390.00","46,300.00","43,540.00","35,000.00","38,448.75",0,"54,575","83,007.20","130,941.10","54,657.93","30,479.92"
2020-05-19,"44,500","45,900","42,950","43,300","44,950.00","46,570.00","44,162.50","35,062.50","38,470.42",0,"86,441","87,130.60","134,837.70","56,059.72","31,126.31"
2020-05-20,"43,500","44,200","43,150","43,850","44,160.00","46,890.00","44,655.00","35,135.83","38,496.67",0,"36,205","72,453.20","130,626.55","56,585.65","31,368.78"
2020-05-21,"44,050","46,400","43,550","45,200","44,130.00","46,680.00","44,852.50","35,234.17","38,527.92",0,"68,521","61,074.80","116,298.00","57,586.50","31,927.22"
2020-05-22,"45,350","46,150","44,000","44,000","43,970.00","45,930.00","44,835.00","35,332.50","38,548.33",0,"48,194","58,787.20","100,566.85","58,245.75","32,317.80"
2020-05-25,"44,800","48,200","44,200","45,700","44,410.00","45,400.00","44,950.00","35,455.00","38,582.50",0,"83,302","64,532.60","100,110.25","59,569.05","33,002.87"
2020-05-26,"45,700","45,750","44,200","44,700","44,690.00","44,820.00","44,925.00","35,566.67","38,607.08",0,"45,494","56,343.20","96,282.80","60,254.82","33,376.56"
2020-05-27,"45,350","45,450","43,750","43,750","44,670.00","44,415.00","44,975.00","35,662.50","38,623.75",0,"44,929","58,088.00","95,850.00","60,937.95","33,741.17"
2020-05-28,"45,000","45,900","40,550","41,900","44,010.00","44,070.00","44,925.00","35,757.50","38,628.33",0,"75,005","59,384.80","95,469.10","62,086.00","34,349.37"
2020-05-29,"41,900","42,500","40,850","41,600","43,530.00","43,750.00","44,915.00","35,860.00","38,631.67",0,"36,127","56,971.40","94,906.25","62,486.17","34,643.82"
2020-06-01,"41,600","42,300","41,050","41,400","42,670.00","43,540.00","44,920.00","35,952.50","38,626.67",0,"28,256","45,962.20","94,208.15","62,855.60","34,804.32"
2020-06-02,"41,500","41,750","40,500","40,900","41,910.00","43,300.00","44,935.00","36,020.00","38,617.50",0,"32,686","43,400.60","93,295.00","63,264.63","35,060.47"
2020-06-03,"41,300","41,300","40,100","40,200","41,200.00","42,935.00","44,912.50","36,054.17","38,606.25",0,"45,558","43,526.40","94,228.35","63,899.90","35,395.70"
2020-06-04,"40,600","41,200","40,050","40,200","40,860.00","42,435.00","44,557.50","36,097.50","38,575.83",0,"33,948","35,315.00","64,769.60","64,364.13","35,294.58"
2020-06-05,"40,200","42,000","40,150","40,550","40,650.00","42,090.00","44,010.00","36,165.00","38,546.25",0,"46,358","37,361.20","59,716.65","65,014.48","35,641.13"
2020-06-08,"41,000","41,000","40,100","40,600","40,490.00","41,580.00","43,490.00","36,250.83","38,522.92",0,"20,454","35,800.80","57,325.70","65,261.97","35,786.17"
2020-06-09,"40,300","40,600","40,050","40,300","40,370.00","41,140.00","42,980.00","36,357.50","38,498.75",0,"20,349","33,333.40","55,051.95","65,466.32","35,918.18"
2020-06-10,"40,150","40,750","39,800","39,950","40,320.00","40,760.00","42,587.50","36,502.50","38,477.50",0,"25,390","29,299.80","50,841.85","65,715.52","36,116.45"
2020-06-11,"40,000","40,000","38,300","38,450","39,970.00","40,415.00","42,242.50","36,656.67","38,443.75",2,"38,222","30,154.60","46,482.30","66,109.90","36,417.98"
2020-06-12,"35,300","37,350","35,200","37,200","39,300.00","39,975.00","41,862.50","36,815.00","38,399.58",0,"41,872","29,257.40","45,594.30","66,698.37","36,757.38"
2020-06-15,"37,250","37,250","34,250","34,300","38,040.00","39,265.00","41,402.50","36,957.50","38,335.42",2,"25,642","30,295.00","44,147.65","66,990.20","36,915.95"
2020-06-16,"34,400","36,150","34,400","35,550","37,090.00","38,730.00","41,015.00","37,117.50","38,277.92",58,"21,233","30,471.80","40,887.25","67,165.75","37,078.41"
2020-06-17,"34,600","35,600","34,300","34,800","36,060.00","38,190.00","40,562.50","37,314.17","38,209.58",0,"17,357","28,865.20","39,944.85","67,246.42","37,208.83"
2020-06-18,"34,400","35,700","34,400","35,350","35,440.00","37,705.00","40,070.00","37,520.00","38,147.50",0,"17,581","24,737.00","37,397.85","66,487.73","37,336.31"
2020-06-19,"35,300","36,350","35,100","35,950","35,190.00","37,245.00","39,667.50","37,773.33","38,081.67",0,"17,725","19,907.60","35,874.40","66,576.80","37,001.13"
2020-06-22,"35,950","36,050","34,950","35,200","35,370.00","36,705.00","39,142.50","38,000.00","38,010.00",0,"9,155","16,610.20","32,167.05","66,634.50","36,895.20"
2020-06-23,"35,200","35,300","33,950","34,550","35,170.00","36,130.00","38,635.00","38,170.83","37,927.92",0,"15,981","15,559.80","30,691.40","66,141.28","36,981.40"
2020-06-24,"34,800","35,000","33,950","34,700","35,150.00","35,605.00","38,182.50","38,332.50","37,844.17",70,"15,300","15,148.40","29,209.95","65,880.60","37,038.76"
2020-06-25,"34,700","35,150","34,050","34,150","34,910.00","35,175.00","37,795.00","38,487.50","37,752.08",0,"10,858","13,803.80","26,002.60","65,389.63","37,053.01"
2020-06-26,"34,300","34,800","33,700","34,200","34,560.00","34,875.00","37,425.00","38,644.17","37,664.17",0,"8,766","12,012.00","24,634.55","65,228.43","37,095.41"
2020-06-29,"33,700","33,800","32,550","33,000","34,120.00","34,745.00","37,005.00","38,767.50","37,568.75",0,"18,600","13,901.00","24,151.75","65,401.20","37,237.77"
2020-06-30,"33,200","34,300","33,050","33,950","34,000.00","34,585.00","36,657.50","38,914.17","37,487.92",8,"10,404","12,785.60","23,037.65","65,301.17","37,303.32"
2020-07-01,"34,650","34,650","33,500","33,750","33,810.00","34,480.00","36,335.00","39,056.67","37,401.67",0,"4,974","10,720.40","21,008.45","65,217.30","37,326.18"
2020-07-02,"34,300","34,300","33,300","33,900","33,760.00","34,335.00","36,020.00","39,205.00","37,322.92",0,"6,352","9,819.20","19,628.65","65,209.62","37,309.68"
2020-07-03,"33,700","35,500","33,700","34,800","33,880.00","34,220.00","35,732.50","39,348.33","37,249.58",0,"12,345","10,535.00","17,928.00","64,980.65","37,400.32"
2020-07-06,"34,850","35,250","34,300","35,100","34,300.00","34,210.00","35,457.50","39,486.67","37,181.67",0,"8,696","8,554.20","17,340.10","64,642.35","37,455.20"
2020-07-07,"35,250","35,250","34,150","34,200","34,350.00","34,175.00","35,152.50","39,591.67","37,110.00",0,"13,858","9,245.00","17,015.55","64,603.42","37,389.14"
2020-07-08,"34,200","34,500","33,600","34,300","34,460.00","34,135.00","34,870.00","39,645.83","37,042.50",0,"8,188","9,887.80","16,155.45","63,070.38","37,424.07"
2020-07-09,"34,450","34,450","33,850","33,950","34,470.00","34,115.00","34,645.00","39,690.83","36,970.42",0,"8,011","10,219.60","14,644.90","62,732.88","37,457.67"
2020-07-10,"33,750","34,000","33,000","33,150","34,140.00","34,010.00","34,442.50","39,738.33","36,892.50",0,"8,756","9,501.80","12,989.10","62,513.32","37,511.41"
2020-07-13,"33,600","33,600","32,750","33,150","33,750.00","34,025.00","34,385.00","39,775.83","36,814.58",0,"5,876","8,937.80","12,000.80","62,363.18","37,531.32"
2020-07-14,"33,300","33,300","32,000","33,000","33,510.00","33,930.00","34,257.50","39,811.67","36,735.42",71,"15,278","9,221.80","11,703.05","62,476.00","37,650.93"
2020-07-15,"33,400","33,900","33,150","33,800","33,410.00","33,935.00","34,207.50","39,808.33","36,674.58",0,"10,538","9,691.80","11,362.10","60,644.50","37,543.85"
2020-07-16,"33,950","34,550","33,750","34,100","33,440.00","33,955.00","34,145.00","39,689.17","36,617.50",0,"9,524","9,994.40","10,959.25","54,885.03","37,606.57"
2020-07-17,"34,150","34,700","33,700","34,400","33,690.00","33,915.00","34,067.50","39,523.33","36,568.75",0,"9,436","10,130.40","10,544.80","48,995.35","37,662.67"
2020-07-20,"34,350","34,700","33,350","33,800","33,820.00","33,785.00","33,997.50","39,363.33","36,525.42",30,"10,538","11,062.80","10,613.95","47,630.42","37,666.75"
2020-07-21,"34,000","34,300","33,450","34,000","34,020.00","33,765.00","33,970.00","39,176.67","36,482.08",0,"21,668","12,340.80","10,898.30","45,957.50","37,803.55"
2020-07-22,"34,000","35,250","33,750","34,300","34,120.00","33,765.00","33,950.00","39,035.83","36,449.58",0,"25,167","15,266.60","11,391.65","45,483.87","37,946.28"
2020-07-23,"34,000","34,100","33,200","33,450","33,990.00","33,715.00","33,915.00","38,878.33","36,412.08",0,"13,811","16,124.00","11,539.30","44,337.00","38,034.17"
2020-07-24,"33,450","33,700","32,650","33,400","33,790.00","33,740.00","33,875.00","38,738.33","36,357.08",0,"12,787","16,794.20","11,740.35","43,760.38","38,060.82"
2020-07-27,"33,350","33,550","33,000","33,400","33,710.00","33,765.00","33,895.00","38,606.67","36,300.42",0,"3,871","15,460.80","11,003.90","43,121.27","38,046.84"
2020-07-28,"33,300","34,300","33,150","33,450","33,600.00","33,810.00","33,870.00","38,487.50","36,241.67",0,"13,055","13,738.20","11,136.45","42,489.70","38,138.10"
2020-07-29,"33,800","34,050","33,200","33,600","33,460.00","33,790.00","33,862.50","38,370.00","36,184.58",0,"7,123","10,129.40","11,243.90","42,160.23","38,186.18"
2020-07-30,"33,600","33,850","33,200","33,500","33,470.00","33,730.00","33,842.50","38,140.00","36,122.92",70,"7,752","8,917.60","11,313.90","31,904.05","38,241.66"
2020-07-31,"33,400","33,400","33,050","33,300","33,450.00","33,620.00","33,767.50","37,836.67","36,060.42",0,"6,651","7,690.40","11,029.20","29,557.95","38,256.70"
2020-08-03,"33,450","33,450","32,550","32,700","33,310.00","33,510.00","33,647.50","37,531.67","35,999.58",0,"9,700","8,856.20","11,079.40","28,581.73","38,290.51"
2020-08-04,"32,950","33,200","32,650","32,750","33,170.00","33,385.00","33,575.00","37,235.83","35,938.75",69,"5,166","7,278.40","10,644.80","27,570.77","38,296.07"
2020-08-05,"32,800","33,200","32,800","32,900","33,030.00","33,245.00","33,505.00","36,987.50","35,876.25",0,"6,152","7,084.20","10,543.00","25,846.77","38,310.14"
2020-08-06,"32,800","33,600","32,800","33,200","32,970.00","33,220.00","33,467.50","36,785.00","35,817.50",70,"8,624","7,258.60","10,573.65","23,900.28","38,371.88"
2020-08-07,"33,900","35,000","33,300","35,000","33,310.00","33,380.00","33,560.00","36,621.67","35,777.50",0,"33,591","12,646.60","11,815.40","23,466.27","38,632.56"
2020-08-10,"35,000","36,100","34,750","35,250","33,820.00","33,565.00","33,665.00","36,484.17","35,742.08",0,"23,842","15,475.00","12,713.70","22,954.05","38,805.99"
2020-08-11,"35,900","35,900","34,700","35,000","34,270.00","33,720.00","33,765.00","36,345.83","35,704.17",0,"13,957","17,233.20","12,647.65","21,745.98","38,902.85"
2020-08-12,"34,800","35,200","34,150","35,150","34,720.00","33,875.00","33,832.50","36,200.83","35,668.33",0,"15,040","19,010.80","12,872.75","21,393.23","38,989.44"
2020-08-13,"35,150","35,150","34,550","34,950","35,070.00","34,020.00","33,875.00","36,030.00","35,632.08",0,"14,191","20,124.20","13,106.10","20,487.73","39,037.12"
2020-08-14,"34,550","35,350","34,350","34,650","35,000.00","34,155.00","33,887.50","35,874.17","35,603.33",0,"16,541","16,714.20","13,461.35","19,960.18","39,102.97"
2020-08-18,"34,350","34,350","32,400","32,400","34,430.00","34,125.00","33,817.50","35,652.50","35,553.75",2,"22,787","16,503.20","14,073.80","18,951.60","39,260.32"
2020-08-19,"32,250","33,250","31,800","32,800","33,990.00","34,130.00","33,757.50","35,454.17","35,510.42",9,"12,585","16,228.80","13,619.65","18,403.12","39,328.97"
2020-08-20,"32,700","32,700","29,700","30,400","33,040.00","33,880.00","33,562.50","35,231.67","35,447.08",0,"30,099","19,240.60","13,866.25","18,155.95","39,546.95"
2020-08-21,"30,700","30,950","30,000","30,750","32,200.00","33,635.00","33,427.50","35,045.83","35,401.67",58,"5,905","17,583.40","13,470.95","17,004.28","39,545.14"
2020-08-24,"30,100","31,100","30,000","30,750","31,420.00","33,210.00","33,295.00","34,865.00","35,362.50",70,"6,228","15,520.80","13,143.00","16,505.97","39,496.07"
2020-08-25,"30,700","31,100","30,600","30,800","31,100.00","32,765.00","33,165.00","34,688.33","35,320.42",0,"9,061","12,775.60","13,402.50","16,186.05","39,520.82"
2020-08-26,"30,950","31,200","30,300","30,700","30,680.00","32,335.00","33,027.50","34,518.33","35,269.17",0,"9,081","12,074.80","13,203.80","15,792.63","39,528.63"
2020-08-27,"30,700","30,700","29,800","30,100","30,620.00","31,830.00","32,852.50","34,350.00","35,202.08",0,"7,469","7,548.80","13,221.10","15,157.82","39,528.86"
2020-08-28,"30,100","30,700","30,050","30,100","30,490.00","31,345.00","32,682.50","34,181.67","35,139.58",0,"5,907","7,549.20","13,128.85","14,690.47","39,527.30"
2020-08-31,"30,500","31,000","30,200","30,400","30,420.00","30,920.00","32,537.50","34,012.50","35,088.75",0,"9,798","8,263.20","13,286.20","14,081.13","39,547.81"
2020-09-01,"30,350","30,500","30,200","30,250","30,310.00","30,705.00","32,415.00","33,840.00","35,045.42",70,"5,317","7,514.40","13,067.05","13,828.85","39,545.41"
2020-09-02,"30,450","31,250","30,450","30,750","30,320.00","30,500.00","32,315.00","33,680.83","35,019.17",0,"7,065","7,111.20","13,162.00","13,607.45","39,536.88"
2020-09-03,"31,500","31,500","30,750","31,100","30,520.00","30,570.00","32,225.00","33,533.33","35,017.92",0,"8,196","7,256.60","13,264.20","13,320.88","39,518.20"
2020-09-04,"30,400","30,800","30,300","30,800","30,660.00","30,575.00","32,105.00","33,405.83","35,031.25",0,"8,866","7,848.40","13,276.30","12,831.62","39,470.76"
2020-09-07,"30,800","31,600","30,550","31,250","30,830.00","30,625.00","31,917.50","33,306.67","35,060.83",0,"9,121","7,713.00","12,052.80","12,285.77","39,492.07"
2020-09-08,"31,350","31,950","31,300","31,650","31,110.00","30,710.00","31,737.50","33,262.50","35,110.00",0,"11,164","8,882.40","11,418.90","12,044.47","39,517.33"
2020-09-09,"31,900","31,900","31,050","31,150","31,190.00","30,755.00","31,545.00","33,189.17","35,153.33",0,"6,471","8,763.60","11,044.60","11,798.43","39,482.09"
2020-09-10,"31,100","31,450","30,950","31,150","31,200.00","30,860.00","31,345.00","33,128.33","35,221.25",54,"5,229","8,170.20","10,554.05","11,596.30","39,421.36"
2020-09-11,"31,100","31,700","30,450","31,250","31,290.00","30,975.00","31,160.00","33,060.00","35,290.00",0,"5,427","7,482.40","10,115.85","11,393.73","38,940.73"
2020-09-14,"31,350","31,900","31,250","31,550","31,350.00","31,090.00","31,005.00","32,986.67","35,380.00",0,"5,560","6,770.20","9,566.80","11,190.98","38,883.89"
2020-09-15,"31,600","32,100","31,500","32,050","31,430.00","31,270.00","30,987.50","32,934.17","35,467.08",0,"9,593","6,456.00","8,907.10","11,198.28","38,916.39"
2020-09-16,"32,150","32,500","31,250","31,550","31,510.00","31,350.00","30,925.00","32,884.17","35,527.50",0,"16,291","8,420.00","9,092.40","11,203.45","38,672.37"
2020-09-17,"31,950","32,200","31,150","31,550","31,590.00","31,395.00","30,982.50","32,831.67","35,582.08",0,"4,792","8,332.60","7,827.05","11,028.32","38,454.46"
2020-09-18,"32,200","32,200","31,250","31,600","31,660.00","31,475.00","31,025.00","32,789.17","35,638.33",30,"3,147","7,876.60","7,689.15","10,899.80","38,144.72"
2020-09-21,"31,600","31,850","30,650","30,950","31,540.00","31,445.00","31,035.00","32,735.00","35,689.58",0,"10,313","8,827.20","7,893.40","10,925.58","38,077.01"
2020-09-22,"30,900","31,000","30,200","30,450","31,220.00","31,325.00","31,017.50","32,692.50","35,730.00",23,"9,852","8,879.00","7,932.95","10,779.78","38,090.49"
2020-09-23,"30,500","30,700","30,050","30,500","31,010.00","31,260.00","31,007.50","32,635.00","35,774.58",0,"3,831","6,387.00","7,670.45","10,670.23","37,985.70"
2020-09-24,"30,300","30,300","29,200","29,650","30,630.00","31,110.00","30,985.00","32,566.67","35,811.67",0,"15,072","8,443.00","8,050.60","10,838.53","38,027.92"
2020-09-25,"29,650","30,200","29,250","29,900","30,290.00","30,975.00","30,975.00","32,500.00","35,852.50",0,"5,306","8,874.80","8,020.55","10,821.10","38,015.36"
2020-09-28,"29,950","30,300","29,800","30,200","30,140.00","30,840.00","30,965.00","32,423.33","35,885.83",0,"2,127","7,237.60","7,637.00","10,650.80","37,815.72"
2020-09-29,"30,200","30,850","30,000","30,200","30,090.00","30,655.00","30,962.50","32,341.67","35,914.17",0,"5,378","6,342.80","7,640.05","10,595.50","37,618.93"
2020-10-05,"30,200","30,850","30,150","30,550","30,100.00","30,555.00","30,952.50","32,280.83","35,936.25",0,"3,065","6,189.60","7,440.05","10,415.62","37,509.52"
2020-10-06,"30,600","31,200","30,550","30,900","30,350.00","30,490.00","30,942.50","32,224.17","35,935.00",0,"6,081","4,391.40","7,334.30","10,380.50","36,725.44"
2020-10-07,"30,650","31,150","30,500","31,000","30,570.00","30,430.00","30,952.50","32,175.00","35,932.92",0,"3,379","4,006.00","7,059.95","10,303.30","36,518.09"
2020-10-08,"31,450","31,450","30,650","30,750","30,680.00","30,410.00","30,927.50","32,135.00","35,936.67",0,"2,956","4,171.80","6,751.70","10,206.63","36,359.97"
2020-10-12,"31,200","31,600","30,950","31,500","30,940.00","30,515.00","30,920.00","32,107.50","35,941.67",0,"11,086","5,313.40","6,747.80","10,293.47","36,328.32"
2020-10-13,"32,900","32,900","31,000","31,800","31,190.00","30,645.00","30,952.50","32,087.50","35,949.58",0,"11,584","7,017.20","7,003.45","10,231.90","36,353.95"
2020-10-14,"31,500","31,900","31,150","31,300","31,270.00","30,810.00","30,960.00","32,045.83","35,927.08",0,"4,264","6,653.80","6,955.20","10,127.33","35,385.92"
2020-10-15,"31,450","31,550","30,950","31,050","31,280.00","30,925.00","30,950.00","31,995.00","35,842.08",0,"3,942","6,766.40","6,880.95","10,034.30","32,459.67"
2020-10-16,"31,050","31,400","30,450","31,050","31,340.00","31,010.00","30,925.00","31,939.17","35,731.25",0,"4,817","7,138.60","6,843.80","9,957.32","29,476.33"
2020-10-19,"31,200","31,200","30,550","30,750","31,190.00","31,065.00","30,860.00","31,888.33","35,625.83",0,"4,389","5,799.20","6,583.60","9,854.83","28,742.63"
2020-10-20,"30,900","30,900","30,300","30,700","30,970.00","31,080.00","30,817.50","31,833.33","35,505.00",0,"5,556","4,593.60","6,046.85","9,586.30","27,771.90"
2020-10-21,"31,000","31,150","30,700","30,900","30,890.00","31,080.00","30,785.00","31,776.67","35,406.25",0,"8,092","5,359.20","6,211.85","9,301.72","27,392.79"
2020-10-22,"30,900","31,000","30,350","30,400","30,760.00","31,020.00","30,725.00","31,725.83","35,302.08",0,"5,877","5,746.20","6,348.35","9,169.48","26,753.24"
2020-10-23,"30,400","30,950","30,250","30,750","30,700.00","31,020.00","30,715.00","31,681.67","35,210.00",0,"3,432","5,469.20","6,004.30","9,013.57","26,386.97"
2020-10-26,"31,000","31,000","30,300","30,350","30,620.00","30,905.00","30,710.00","31,630.83","35,118.75",0,"4,686","5,528.60","5,746.00","9,027.15","26,074.21"
2020-10-27,"30,200","30,350","29,850","30,000","30,480.00","30,725.00","30,685.00","31,573.33","35,030.42",0,"8,005","6,018.40","5,954.70","8,942.98","25,716.34"
2020-10-28,"29,650","30,750","29,650","30,250","30,350.00","30,620.00","30,715.00","31,517.50","34,943.75",0,"3,788","5,157.60","5,390.50","8,887.40","25,523.82"
2020-10-29,"29,200","30,050","29,200","30,000","30,270.00","30,515.00","30,720.00","31,459.17","34,799.58",55,"9,635","5,909.20","5,606.95","8,918.78","20,411.42"
2020-10-30,"30,000","30,300","29,650","29,650","30,050.00","30,375.00","30,692.50","31,398.33","34,617.50",0,"3,802","5,983.20","5,690.70","8,871.30","19,214.63"
2020-11-02,"29,650","30,050","29,650","30,000","29,980.00","30,300.00","30,682.50","31,353.33","34,442.50",70,"1,964","5,438.80","5,520.00","8,742.37","18,662.05"
2020-11-03,"30,300","30,300","29,700","30,100","30,000.00","30,240.00","30,660.00","31,309.17","34,272.50",0,"4,080","4,653.80","5,570.75","8,724.27","18,147.52"
2020-11-04,"30,450","30,450","29,800","30,050","29,960.00","30,155.00","30,617.50","31,261.67","34,124.58",0,"2,723","4,440.80","5,402.85","8,667.12","17,256.94"
2020-11-05,"30,050","30,750","29,950","30,400","30,040.00","30,155.00","30,587.50","31,215.00","34,000.00",0,"4,764","3,466.60","5,472.10","8,602.78","16,251.53"
2020-11-06,"30,800","30,800","30,200","30,400","30,190.00","30,120.00","30,570.00","31,138.33","33,880.00",0,"3,554","3,417.00","5,502.00","8,102.17","15,784.22"
2020-11-09,"30,400","31,250","30,400","31,150","30,420.00","30,200.00","30,552.50","31,070.00","33,777.08",0,"6,815","4,387.20","5,288.45","7,818.38","15,386.22"
2020-11-10,"34,500","34,550","32,100","32,900","30,980.00","30,490.00","30,607.50","31,035.00","33,690.42",0,"91,260","21,823.20","9,272.25","9,106.77","15,426.38"
2020-11-11,"34,200","38,250","34,200","36,000","32,170.00","31,065.00","30,842.50","31,049.17","33,625.00",0,"298,997","81,078.00","24,008.90","13,839.38","17,616.31"
2020-11-12,"35,600","35,750","34,300","34,450","32,980.00","31,510.00","31,012.50","31,040.83","33,535.42",37,"71,204","94,366.00","27,372.00","14,789.60","17,638.67"
2020-11-13,"36,400","38,700","34,700","36,450","34,190.00","32,190.00","31,282.50","31,070.83","33,472.50",0,"145,934","122,842.00","34,427.85","16,946.15","18,453.17"
2020-11-16,"39,500","46,750","37,400","42,350","36,430.00","33,425.00","31,862.50","31,236.67","33,444.58",0,"1,043,130","330,105.00","86,364.90","33,951.87","26,451.73"
2020-11-17,"43,200","43,450","39,600","39,650","37,780.00","34,380.00","32,310.00","31,350.83","33,402.50",0,"163,879","344,628.80","94,281.05","36,473.43","27,438.28"
2020-11-18,"39,050","39,550","37,650","37,700","38,120.00","35,145.00","32,650.00","31,472.50","33,352.08",0,"75,014","299,832.20","97,627.15","37,222.02","27,688.98"
2020-11-19,"37,500","38,300","37,100","37,450","38,720.00","35,850.00","33,002.50","31,584.17","33,315.00",0,"52,654","296,122.20","99,966.00","38,001.17","27,502.72"
2020-11-20,"37,100","38,350","36,900","37,800","38,990.00","36,590.00","33,355.00","31,701.67","33,283.33",0,"30,656","273,066.60","101,327.20","38,408.30","27,457.13"
2020-11-23,"38,600","38,800","37,550","38,100","38,140.00","37,285.00","33,742.50","31,823.33","33,255.83",0,"30,129","70,466.40","102,599.35","38,759.43","27,472.74"
2020-11-24,"38,100","38,850","37,800","38,400","37,890.00","37,835.00","34,162.50","31,951.67","33,235.00",0,"38,925","45,475.60","104,145.35","39,256.83","27,524.73"
2020-11-25,"38,800","38,850","37,650","38,350","38,020.00","38,070.00","34,567.50","32,089.17","33,219.58",30,"27,382","35,949.20","105,325.05","39,588.72","27,373.27"
2020-11-26,"38,350","38,350","37,400","37,600","38,050.00","38,385.00","34,947.50","32,214.17","33,197.92",0,"15,867","28,591.80","105,636.65","39,754.72","27,222.59"
2020-11-27,"37,350","38,850","37,350","38,350","38,160.00","38,575.00","35,382.50","32,346.67","33,179.58",0,"27,440","27,948.60","106,818.55","40,048.75","27,064.94"
2020-11-30,"38,350","39,300","38,000","38,400","38,220.00","38,180.00","35,802.50","32,482.50","33,161.25",0,"26,415","27,205.80","108,041.10","40,400.38","27,114.62"
