"2018/06/1947,200","47,350","46,500","47,000", , , , , ,0,"15,217,971", , , , 
"2018/06/2047,450","47,600","46,850","47,000", , , , , ,0,"12,959,316", , , , 
"2018/06/2147,900","47,900","47,050","47,050", , , , , ,0,"10,015,541", , , , 
"2018/06/2247,000","47,250","46,200","47,250", , , , , ,0,"10,298,006", , , , 
"2018/06/2547,050","47,050","46,150","46,650","46,990.00", , , , ,0,"10,587,711","11,815,709", , , 
"2018/06/2645,900","47,300","45,900","47,000","46,990.00", , , , ,0,"11,223,166","11,016,748", , , 
"2018/06/2747,450","48,500","47,000","47,950","47,180.00", , , , ,0,"15,274,752","11,479,835", , , 
"2018/06/2846,850","47,150","46,600","46,800","47,130.00", , , , ,0,"12,784,800","12,033,687", , , 
"2018/06/2946,250","47,150","46,200","46,650","47,010.00", , , , ,0,"14,099,635","12,794,013", , , 
"2018/07/0246,500","47,150","45,500","45,550","46,790.00","46,890.00", , , ,0,"13,112,253","13,298,921", , , 
"2018/07/0345,750","46,450","45,750","46,150","46,620.00","46,805.00", , , ,0,"10,959,655","13,246,219", , , 
"2018/07/0446,700","47,050","46,050","46,250","46,280.00","46,730.00", , , ,0,"8,776,763","11,946,621", , , 
"2018/07/0546,100","46,550","45,600","45,950","46,110.00","46,620.00", , , ,0,"7,039,773","10,797,616", , , 
"2018/07/0645,500","45,850","44,650","44,900","45,760.00","46,385.00", , , ,0,"17,843,706","11,546,430", , , 
"2018/07/0945,500","46,100","45,200","45,600","45,770.00","46,280.00", , , ,0,"11,602,464","11,244,472", , , 
"2018/07/1046,200","46,550","46,100","46,300","45,800.00","46,210.00", , , ,0,"10,528,665","11,158,274", , , 
"2018/07/1146,400","46,450","45,400","46,000","45,750.00","46,015.00", , , ,0,"11,224,077","11,647,737", , , 
"2018/07/1245,900","46,250","45,450","45,500","45,660.00","45,885.00", , , ,0,"11,828,104","12,605,403", , , 
"2018/07/1345,800","46,500","45,750","46,500","45,980.00","45,870.00", , , ,0,"11,543,389","11,345,340", , , 
"2018/07/1646,800","46,800","46,000","46,050","46,070.00","45,920.00","46,405.00", , ,0,"7,678,719","10,560,591","11,729,923", , 
"2018/07/1746,150","46,200","45,600","45,850","45,980.00","45,890.00","46,347.50", , ,0,"8,892,953","10,233,448","11,413,672", , 
"2018/07/1846,700","47,200","46,450","46,550","46,090.00","45,920.00","46,325.00", , ,0,"10,952,645","10,179,162","11,313,339", , 
"2018/07/1947,050","47,200","46,600","46,900","46,370.00","46,015.00","46,317.50", , ,30,"9,880,128","9,789,567","11,306,568", , 
"2018/07/2047,000","47,600","46,700","47,450","46,560.00","46,270.00","46,327.50", , ,0,"10,474,547","9,575,798","11,315,395", , 
"2018/07/2347,100","47,200","46,150","46,500","46,650.00","46,360.00","46,320.00", , ,0,"10,823,782","10,204,811","11,327,199", , 
"2018/07/2446,350","46,600","45,950","46,150","46,710.00","46,345.00","46,277.50", , ,0,"8,261,363","10,078,493","11,179,109", , 
"2018/07/2546,250","46,550","45,900","46,150","46,630.00","46,360.00","46,187.50", , ,0,"7,222,471","9,332,458","10,776,495", , 
"2018/07/2646,100","47,000","46,000","46,900","46,630.00","46,500.00","46,192.50", , ,0,"7,374,946","8,831,422","10,506,002", , 
"2018/07/2746,450","47,000","46,450","46,900","46,520.00","46,540.00","46,205.00", , ,30,"4,762,460","7,689,004","10,039,143", , 
"2018/07/3046,550","46,800","46,350","46,500","46,520.00","46,585.00","46,252.50", , ,0,"5,723,035","6,668,855","9,669,682", , 
"2018/07/3146,200","46,450","46,000","46,250","46,540.00","46,625.00","46,257.50", , ,0,"8,033,607","6,623,304","9,523,380", , 
"2018/08/0146,050","46,850","46,050","46,550","46,620.00","46,625.00","46,272.50", , ,0,"7,484,499","6,675,709","9,458,767", , 
"2018/08/0246,550","46,800","45,500","45,550","46,350.00","46,490.00","46,252.50", , ,0,"8,560,924","6,912,905","9,534,824", , 
"2018/08/0345,850","45,900","45,450","45,750","46,120.00","46,320.00","46,295.00", , ,69,"8,274,944","7,615,402","9,056,386", , 
"2018/08/0646,150","46,150","45,750","45,800","45,980.00","46,250.00","46,305.00", , ,0,"6,771,979","7,825,191","8,814,862", , 
"2018/08/0746,300","46,750","45,900","46,700","46,070.00","46,305.00","46,325.00", , ,0,"9,058,174","8,030,104","8,741,337", , 
"2018/08/0847,000","47,000","46,550","46,800","46,120.00","46,370.00","46,365.00", , ,0,"6,429,338","7,819,072","8,501,600", , 
"2018/08/0947,000","47,050","46,450","46,900","46,390.00","46,370.00","46,435.00", , ,0,"12,010,886","8,509,064","8,510,739", , 
"2018/08/1046,150","46,400","44,850","45,400","46,320.00","46,220.00","46,380.00", , ,0,"16,670,643","10,188,204","8,767,102", , 
"2018/08/1344,950","45,100","44,650","45,050","46,170.00","46,075.00","46,330.00", , ,0,"9,803,831","10,794,574","8,873,358", , 
"2018/08/1444,850","45,400","44,850","45,150","45,860.00","45,965.00","46,295.00", , ,0,"6,409,259","10,264,791","8,749,173", , 
"2018/08/1643,800","44,650","43,700","44,250","45,350.00","45,735.00","46,180.00", , ,0,"10,088,229","10,996,570","8,705,952", , 
"2018/08/1744,050","44,400","44,050","44,100","44,790.00","45,590.00","46,040.00", , ,0,"6,808,747","9,956,142","8,552,383", , 
"2018/08/2043,500","44,200","43,500","43,850","44,480.00","45,400.00","45,860.00", , ,0,"7,289,124","8,079,838","8,393,112", , 
"2018/08/2143,700","44,900","43,700","44,800","44,430.00","45,300.00","45,775.00", , ,55,"9,520,270","8,023,126","8,327,936", , 
"2018/08/2245,150","46,200","44,900","46,100","44,620.00","45,240.00","45,772.50", , ,0,"11,641,656","9,069,605","8,496,951", , 
"2018/08/2346,150","46,200","45,700","46,200","45,010.00","45,180.00","45,775.00", , ,30,"6,730,918","8,398,143","8,472,373", , 
"2018/08/2445,900","46,400","45,550","46,150","45,420.00","45,105.00","45,737.50", , ,0,"6,582,535","8,352,901","8,432,753", , 
"2018/08/2746,100","46,550","46,000","46,300","45,910.00","45,195.00","45,707.50", , ,0,"5,263,782","7,947,832","8,457,819", , 
"2018/08/2846,800","46,950","46,300","46,550","46,260.00","45,345.00","45,710.00", , ,0,"7,365,976","7,516,973","8,539,966", , 
"2018/08/2946,750","46,800","46,400","46,800","46,400.00","45,510.00","45,737.50", , ,0,"5,572,374","6,303,117","8,416,904", , 
"2018/08/3046,950","47,950","46,700","47,650","46,690.00","45,850.00","45,792.50", , ,0,"12,193,231","7,395,580","8,652,341", , 
"2018/08/3147,100","48,450","47,000","48,450","47,150.00","46,285.00","45,937.50", , ,18,"13,577,454","8,794,563","8,903,168", , 
"2018/09/0348,200","48,300","47,300","47,450","47,380.00","46,645.00","46,022.50", , ,37,"8,595,084","9,460,824","8,919,175", , 
"2018/09/0447,550","47,800","47,200","47,650","47,600.00","46,930.00","46,115.00", , ,0,"6,791,255","9,345,880","8,920,138", , 
"2018/09/0547,300","47,450","46,400","46,600","47,560.00","46,980.00","46,110.00", , ,0,"9,139,998","10,059,404","8,924,230", , 
"2018/09/0646,200","46,400","45,800","46,100","47,250.00","46,970.00","46,075.00", , ,0,"9,040,553","9,428,869","9,054,790", , 
"2018/09/0744,500","45,200","44,400","44,900","46,540.00","46,845.00","45,975.00", , ,0,"18,285,508","10,370,480","9,368,521", , 
"2018/09/1045,450","45,550","45,000","45,500","46,150.00","46,765.00","45,980.00", , ,0,"9,979,838","10,647,430","9,033,981", , 
"2018/09/1145,550","45,900","45,050","45,050","45,630.00","46,615.00","45,980.00","46,238.33", ,0,"9,865,790","11,262,337","9,037,079","9,880,120", 
"2018/09/1244,900","45,100","44,500","44,550","45,220.00","46,390.00","45,950.00","46,197.50", ,0,"12,995,269","12,033,392","9,366,380","9,843,075", 
"2018/09/1344,550","44,750","44,000","44,050","44,810.00","46,030.00","45,940.00","46,148.33", ,0,"18,277,942","13,880,869","9,775,865","9,931,719", 
"2018/09/1445,000","45,850","44,900","45,850","45,000.00","45,770.00","46,027.50","46,128.33", ,0,"12,446,344","12,713,037","10,057,745","9,972,232", 
"2018/09/1745,550","45,800","44,900","45,150","44,930.00","45,540.00","46,092.50","46,093.33", ,70,"8,123,384","12,341,746","10,099,458","9,935,988", 
"2018/09/1844,950","45,900","44,700","45,500","45,020.00","45,325.00","46,127.50","46,074.17", ,0,"9,987,090","12,366,006","10,122,799","9,925,978", 
"2018/09/1946,000","46,200","45,700","46,150","45,340.00","45,280.00","46,130.00","46,060.00", ,0,"9,367,454","11,640,443","10,009,089","9,895,050", 
"2018/09/2046,850","47,600","46,400","47,250","45,980.00","45,395.00","46,182.50","46,048.33", ,0,"13,536,966","10,692,248","10,349,391","9,866,086", 
"2018/09/2146,550","47,550","46,550","47,400","46,290.00","45,645.00","46,245.00","46,058.33", ,0,"14,476,906","11,098,360","10,744,110","9,894,288", 
"2018/09/2746,950","47,500","46,450","47,500","46,760.00","45,845.00","46,305.00","46,072.50", ,0,"15,804,586","12,634,600","11,271,150","9,922,704", 
"2018/09/2847,250","47,250","46,300","46,450","46,950.00","45,985.00","46,300.00","46,087.50", ,0,"11,270,515","12,891,285","11,466,377","9,892,008", 
"2018/10/0146,450","46,800","45,800","46,350","46,990.00","46,165.00","46,277.50","46,090.83", ,0,"6,354,983","12,288,791","11,505,508","9,815,264", 
"2018/10/0246,450","46,700","45,700","45,700","46,680.00","46,330.00","46,180.00","46,081.67", ,43,"6,607,188","10,902,836","11,226,205","9,779,104", 
"2018/10/0445,150","45,600","44,700","44,700","46,140.00","46,215.00","45,992.50","46,060.83", ,0,"11,865,327","10,380,520","11,140,599","9,859,530", 
"2018/10/0544,800","45,500","44,550","44,700","45,580.00","46,170.00","45,855.00","46,057.50", ,0,"10,544,165","9,328,436","11,238,053","9,737,871", 
"2018/10/0844,200","45,200","44,200","44,950","45,280.00","46,115.00","45,720.00","46,046.67", ,0,"6,759,464","8,426,225","11,236,464","9,657,155", 
"2018/10/1045,250","45,500","44,500","45,300","45,070.00","46,030.00","45,655.00","46,030.00", ,0,"10,341,349","9,223,499","11,296,531","9,654,033", 
"2018/10/1144,000","44,650","43,100","43,100","44,550.00","45,615.00","45,505.00","45,981.67", ,0,"19,324,537","11,766,968","11,810,730","9,789,040", 
"2018/10/1243,200","44,650","43,200","44,000","44,410.00","45,275.00","45,460.00","45,956.67", ,0,"12,640,906","11,922,084","11,528,500","9,802,587", 
"2018/10/1544,050","44,050","43,350","43,800","44,230.00","44,905.00","45,375.00","45,911.67", ,0,"7,434,522","11,300,156","11,401,234","9,734,106", 
"2018/10/1643,700","44,150","43,350","43,600","43,960.00","44,620.00","45,302.50","45,870.83", ,70,"6,825,677","11,313,398","11,249,229","9,719,889", 
"2018/10/1744,150","44,500","44,000","44,150","43,730.00","44,400.00","45,282.50","45,842.50", ,0,"8,306,193","10,906,367","11,014,775","9,710,109", 
"2018/10/1843,950","44,450","43,700","44,050","43,920.00","44,235.00","45,282.50","45,800.83", ,0,"8,347,725","8,711,005","10,518,264","9,666,694", 
"2018/10/1943,900","44,150","43,450","43,900","43,900.00","44,155.00","45,185.00","45,750.83", ,0,"7,842,520","7,751,327","10,288,073","9,632,734", 
"2018/10/2243,450","43,950","43,200","43,550","43,850.00","44,040.00","45,105.00","45,685.83", ,0,"8,357,648","7,935,953","10,299,786","9,597,452", 
"2018/10/2343,300","43,450","42,550","43,050","43,740.00","43,850.00","44,982.50","45,628.33", ,0,"9,531,231","8,477,063","10,276,993","9,575,910", 
"2018/10/2443,050","43,100","42,250","42,550","43,420.00","43,575.00","44,802.50","45,568.33", ,0,"13,522,825","9,520,390","10,484,762","9,663,601", 
"2018/10/2540,600","41,550","40,550","41,000","42,810.00","43,365.00","44,490.00","45,482.50", ,0,"19,338,170","11,718,479","10,774,822","9,865,529", 
"2018/10/2641,100","41,300","40,400","41,000","42,230.00","43,065.00","44,170.00","45,384.17", ,0,"14,413,864","13,032,748","10,771,670","9,982,844", 
"2018/10/2940,850","41,950","40,550","41,400","41,800.00","42,825.00","43,865.00","45,292.50", ,60,"14,460,521","14,253,322","10,704,467","10,144,479", 
"2018/10/3041,400","43,000","41,000","42,350","41,660.00","42,700.00","43,660.00","45,223.33", ,61,"14,205,190","15,188,114","10,851,200","10,285,848", 
"2018/10/3142,900","43,350","41,700","42,400","41,630.00","42,525.00","43,462.50","45,159.17", ,0,"17,621,480","16,007,845","11,414,525","10,445,646", 
"2018/11/0142,450","42,950","42,150","42,150","41,860.00","42,335.00","43,285.00","45,085.83", ,0,"13,423,132","14,824,837","11,755,322","10,544,623", 
"2018/11/0243,050","44,250","42,800","44,150","42,490.00","42,360.00","43,257.50","45,062.50", ,0,"16,517,112","15,245,487","11,987,912","10,677,226", 
"2018/11/0543,750","43,800","42,900","43,800","42,970.00","42,385.00","43,212.50","45,030.00", ,0,"9,426,777","14,238,738","11,932,042","10,696,423", 
"2018/11/0643,750","43,800","42,950","43,750","43,250.00","42,455.00","43,152.50","44,995.83", ,30,"7,713,625","12,940,425","11,979,750","10,712,117", 
"2018/11/0743,600","44,500","43,400","44,000","43,570.00","42,600.00","43,087.50","44,950.83", ,0,"11,553,998","11,726,929","12,040,383","10,753,714", 
"2018/11/0844,900","45,050","44,050","44,050","43,950.00","42,905.00","43,135.00","44,905.00", ,0,"12,617,397","11,565,782","11,705,026","10,856,849", 
"2018/11/0944,450","44,850","43,900","44,300","43,980.00","43,235.00","43,150.00","44,861.67", ,0,"7,318,500","9,726,059","11,438,905","10,778,642", 
"2018/11/1243,850","45,250","43,700","45,200","44,260.00","43,615.00","43,220.00","44,858.33", ,18,"8,552,566","9,551,217","11,494,808","10,643,341", 
"2018/11/1343,900","44,500","43,400","44,500","44,410.00","43,830.00","43,265.00","44,849.17", ,0,"9,311,126","9,870,717","11,619,080","10,635,129", 
"2018/11/1444,500","44,500","43,800","44,100","44,430.00","44,000.00","43,262.50","44,831.67", ,30,"6,783,344","8,916,587","11,542,938","10,641,364", 
"2018/11/1544,050","44,350","43,500","44,250","44,470.00","44,210.00","43,272.50","44,831.67", ,0,"5,864,067","7,565,921","11,418,755","10,570,961", 
"2018/11/1644,600","44,750","43,700","44,000","44,410.00","44,195.00","43,277.50","44,830.00", ,0,"7,777,124","7,657,645","11,415,485","10,587,101", 
"2018/11/1944,050","44,250","43,450","43,650","44,100.00","44,180.00","43,282.50","44,826.67", ,0,"7,538,720","7,454,876","11,374,538","10,591,261", 
"2018/11/2042,450","43,000","42,100","42,800","43,760.00","44,085.00","43,270.00","44,793.33", ,0,"9,420,664","7,476,784","11,369,010","10,589,601", 
"2018/11/2141,800","42,300","41,800","42,100","43,360.00","43,895.00","43,247.50","44,726.67", ,0,"10,769,589","8,274,033","11,231,348","10,575,066", 
"2018/11/2242,000","42,650","42,000","42,450","43,000.00","43,735.00","43,320.00","44,664.17", ,0,"5,970,796","8,295,379","10,562,980","10,562,398", 
"2018/11/2342,450","42,600","41,900","42,400","42,680.00","43,545.00","43,390.00","44,601.67", ,0,"5,192,638","7,778,481","10,101,918","10,539,233", 
"2018/11/2642,150","42,800","42,100","42,600","42,470.00","43,285.00","43,450.00","44,540.00", ,0,"6,613,009","7,593,339","9,709,543","10,561,720", 
"2018/11/2742,900","43,100","42,500","43,050","42,520.00","43,140.00","43,485.00","44,481.67", ,0,"8,367,091","7,382,625","9,417,638","10,578,405", 
"2018/11/2842,800","43,200","42,750","43,150","42,730.00","43,045.00","43,522.50","44,420.83", ,0,"6,943,099","6,617,327","8,883,719","10,601,250", 
"2018/11/2943,850","43,850","42,900","43,150","42,870.00","42,935.00","43,572.50","44,345.83", ,0,"8,473,511","7,117,870","8,636,238","10,539,255", 
"2018/11/3043,450","44,000","41,750","41,850","42,760.00","42,720.00","43,457.50","44,235.83", ,0,"19,775,519","10,034,446","8,799,158","10,642,556", 
"2018/12/0342,750","43,400","42,400","43,250","42,890.00","42,680.00","43,430.00","44,165.83", ,58,"12,110,702","11,133,984","8,933,354","10,701,150", 
"2018/12/0442,650","42,900","41,900","42,150","42,710.00","42,615.00","43,350.00","44,074.17", ,0,"14,347,746","12,330,115","9,265,060","10,827,091", 
"2018/12/0540,900","41,750","40,850","41,450","42,370.00","42,550.00","43,222.50","43,988.33", ,0,"12,631,983","13,467,892","9,318,960","10,885,291", 
"2018/12/0640,600","41,100","40,450","40,500","41,840.00","42,355.00","43,045.00","43,895.00", ,0,"14,251,826","14,623,555","9,400,681","10,972,146", 
"2018/12/0740,900","41,400","40,850","40,950","41,660.00","42,210.00","42,877.50","43,829.17", ,0,"11,433,083","12,955,068","9,606,410","10,857,939", 
"2018/12/1040,450","40,650","40,000","40,200","41,050.00","41,970.00","42,627.50","43,740.83", ,0,"14,892,263","13,511,380","9,923,395","10,939,812", 
"2018/12/1140,600","40,700","40,200","40,250","40,670.00","41,690.00","42,415.00","43,660.83","44,949.58",0,"10,638,766","12,769,584","9,989,777","10,952,695","10,416,408"
"2018/12/1240,250","40,700","40,150","40,450","40,470.00","41,420.00","42,232.50","43,592.50","44,895.00",0,"12,024,279","12,648,043","10,251,824","10,936,512","10,389,794"
"2018/12/1340,650","40,750","40,000","40,000","40,370.00","41,105.00","42,020.00","43,525.00","44,836.67",0,"26,254,646","15,048,607","11,271,353","11,069,457","10,500,588"
"2018/12/1440,200","40,200","38,700","38,950","39,970.00","40,815.00","41,767.50","43,410.00","44,769.17",0,"19,671,783","16,696,347","11,866,086","11,189,881","10,581,057"
"2018/12/1738,650","39,600","38,650","39,150","39,760.00","40,405.00","41,542.50","43,310.00","44,701.67",9,"11,532,968","16,024,488","12,065,798","11,246,708","10,591,348"
"2018/12/1838,300","39,200","38,300","38,900","39,490.00","40,080.00","41,347.50","43,200.00","44,637.08",0,"11,042,101","16,105,155","12,146,870","11,264,291","10,595,135"
"2018/12/1938,900","39,350","38,850","39,100","39,220.00","39,845.00","41,197.50","43,082.50","44,571.25",0,"9,942,037","15,688,707","12,105,492","11,273,867","10,584,458"
"2018/12/2038,600","39,100","38,500","38,650","38,950.00","39,660.00","41,007.50","42,939.17","44,493.75",0,"11,937,617","12,825,301","12,403,833","11,247,212","10,556,649"
"2018/12/2138,200","38,650","38,100","38,650","38,890.00","39,430.00","40,820.00","42,793.33","44,425.83",0,"14,947,080","11,880,361","12,891,555","11,255,048","10,574,668"
"2018/12/2438,500","39,050","38,300","38,800","38,820.00","39,290.00","40,630.00","42,648.33","44,360.42",0,"9,729,530","11,519,673","13,047,382","11,153,797","10,538,250"
"2018/12/2638,400","38,750","38,300","38,350","38,710.00","39,100.00","40,395.00","42,513.33","44,300.42",70,"12,707,675","11,852,788","13,264,411","11,177,750","10,534,879"
"2018/12/2738,700","38,800","38,100","38,250","38,540.00","38,880.00","40,150.00","42,378.33","44,234.58",0,"10,510,643","11,966,509","13,442,788","11,247,011","10,531,137"
"2018/12/2838,250","38,900","38,200","38,700","38,550.00","38,750.00","39,927.50","42,261.67","44,171.67",0,"9,900,267","11,559,039","13,514,126","11,301,895","10,540,500"
"2019/01/0239,400","39,400","38,550","38,750","38,570.00","38,730.00","39,772.50","42,162.50","44,111.67",0,"7,847,664","10,139,156","12,917,733","11,234,934","10,547,232"
"2019/01/0338,300","38,550","37,450","37,600","38,330.00","38,575.00","39,490.00","42,044.17","44,050.83",0,"12,471,493","10,687,548","12,935,773","11,267,056","10,502,464"
"2019/01/0437,450","37,600","36,850","37,450","38,150.00","38,430.00","39,255.00","41,919.17","43,982.92",0,"14,108,958","10,967,805","12,923,833","11,389,548","10,523,351"
"2019/01/0738,000","38,900","37,800","38,750","38,250.00","38,395.00","39,120.00","41,810.00","43,920.00",0,"12,748,997","11,415,476","12,929,684","11,429,675","10,541,854"
"2019/01/0838,000","39,200","37,950","38,100","38,130.00","38,340.00","39,000.00","41,726.67","43,854.17",66,"12,756,554","11,986,733","12,854,920","11,320,209","10,554,625"
"2019/01/0938,650","39,600","38,300","39,600","38,300.00","38,435.00","38,932.50","41,653.33","43,805.00",0,"17,452,708","13,907,742","13,155,901","11,400,406","10,601,496"
"2019/01/1040,000","40,150","39,600","39,800","38,740.00","38,535.00","38,912.50","41,586.67","43,749.17",0,"14,731,699","14,359,783","13,147,873","11,522,025","10,628,066"
"2019/01/1140,350","40,550","39,950","40,500","39,350.00","38,750.00","38,925.00","41,535.00","43,702.92",0,"11,661,063","13,870,204","13,198,988","11,602,615","10,661,252"
"2019/01/1440,450","40,700","39,850","40,050","39,610.00","38,930.00","38,905.00","41,466.67","43,654.58",0,"11,984,996","13,717,404","13,197,024","11,663,928","10,687,019"
"2019/01/1540,050","41,100","39,850","41,100","40,210.00","39,170.00","38,960.00","41,417.50","43,609.17",0,"11,492,756","13,464,644","12,458,929","11,716,346","10,691,520"
"2019/01/1641,150","41,450","40,700","41,450","40,580.00","39,440.00","39,085.00","41,376.67","43,563.75",0,"8,491,595","11,672,422","11,899,920","11,727,164","10,679,949"
"2019/01/1741,700","42,100","41,450","41,950","41,010.00","39,875.00","39,225.00","41,350.00","43,517.92",0,"11,736,903","11,073,463","11,910,117","11,783,484","10,690,468"
"2019/01/1842,000","42,400","41,950","42,300","41,370.00","40,360.00","39,395.00","41,337.50","43,482.92",0,"11,029,256","10,947,101","11,909,475","11,808,452","10,692,181"
"2019/01/2142,700","42,750","41,900","42,750","41,910.00","40,760.00","39,577.50","41,340.83","43,454.58",0,"11,355,701","10,821,242","11,980,158","11,772,333","10,717,967"
"2019/01/2242,750","42,850","41,850","42,150","42,120.00","41,165.00","39,752.50","41,360.00","43,421.25",0,"9,964,356","10,515,562","11,881,495","11,616,103","10,740,816"
"2019/01/2341,350","42,250","41,350","42,000","42,230.00","41,405.00","39,920.00","41,376.67","43,380.42",0,"11,071,079","11,031,459","11,687,695","11,560,389","10,771,617"
"2019/01/2443,050","43,100","42,350","43,050","42,450.00","41,730.00","40,132.50","41,404.17","43,348.33",0,"14,747,623","11,633,603","11,938,599","11,565,175","10,854,827"
"2019/01/2544,300","44,750","43,750","44,750","42,940.00","42,155.00","40,452.50","41,444.17","43,333.75",0,"22,789,395","13,985,631","12,442,685","11,708,245","10,997,046"
"2019/01/2845,000","45,500","44,600","45,050","43,400.00","42,655.00","40,792.50","41,488.33","43,323.75",0,"17,998,914","15,314,273","12,817,099","11,714,535","11,080,090"
"2019/01/2945,050","45,500","44,350","45,500","44,070.00","43,095.00","41,132.50","41,544.17","43,315.00",30,"16,215,017","16,564,406","13,132,836","11,761,067","11,152,845"
"2019/01/3044,800","46,400","44,800","46,400","44,950.00","43,590.00","41,515.00","41,581.67","43,322.08",18,"17,505,980","17,851,386","13,615,752","11,777,548","11,227,387"
"2019/01/3146,650","47,050","46,150","46,150","45,570.00","44,010.00","41,942.50","41,620.83","43,325.42",0,"21,621,145","19,226,090","14,073,235","11,980,787","11,338,605"
"2019/02/0146,650","46,950","46,250","46,350","45,890.00","44,415.00","42,387.50","41,664.17","43,330.00",0,"13,832,454","17,434,702","14,059,410","12,082,768","11,397,442"
"2019/02/0746,800","47,100","46,200","46,200","46,120.00","44,760.00","42,760.00","41,700.83","43,325.83",0,"15,872,001","17,009,319","14,215,560","12,154,734","11,454,224"
"2019/02/0845,700","45,700","44,650","44,800","45,980.00","45,025.00","43,095.00","41,713.33","43,309.17",0,"12,689,196","16,304,155","14,212,192","12,155,931","11,506,390"
"2019/02/1144,500","45,000","44,250","45,000","45,700.00","45,325.00","43,365.00","41,725.00","43,293.33",0,"11,125,044","15,027,968","13,895,809","12,219,373","11,499,008"
"2019/02/1244,650","46,250","44,650","46,050","45,680.00","45,625.00","43,677.50","41,739.17","43,298.75",0,"13,184,367","13,340,612","13,818,442","12,296,570","11,469,956"
"2019/02/1346,400","46,700","46,000","46,200","45,650.00","45,770.00","43,962.50","41,767.50","43,308.33",0,"11,299,738","12,834,069","13,800,376","12,329,714","11,482,421"
"2019/02/1446,600","47,500","46,150","47,500","45,910.00","46,015.00","44,335.00","41,824.17","43,327.92",0,"17,259,341","13,111,537","14,064,093","12,504,314","11,572,839"
"2019/02/1546,750","46,850","45,650","46,050","46,160.00","46,070.00","44,582.50","41,854.17","43,342.92",0,"10,554,643","12,684,627","14,017,187","12,582,490","11,576,726"
"2019/02/1846,500","46,850","45,850","46,200","46,400.00","46,050.00","44,820.00","41,890.83","43,360.42",30,"8,183,728","12,096,363","14,001,794","12,589,267","11,588,184"
"2019/02/1945,850","46,150","45,450","45,950","46,380.00","46,030.00","45,020.00","41,929.17","43,377.92",0,"6,741,395","10,807,769","13,752,019","12,575,978","11,583,619"
"2019/02/2046,750","47,100","46,500","46,900","46,520.00","46,085.00","45,250.00","41,997.50","43,395.42",0,"11,506,720","10,849,165","13,775,892","12,610,745","11,600,173"
"2019/02/2146,500","47,200","46,200","46,950","46,410.00","46,160.00","45,460.00","42,078.33","43,402.50",0,"8,694,009","9,136,099","13,642,807","12,576,152","11,575,609"
"2019/02/2246,500","47,150","46,450","47,150","46,630.00","46,395.00","45,710.00","42,156.67","43,410.42",0,"6,895,772","8,404,325","13,489,378","12,591,569","11,576,983"
"2019/02/2547,400","47,550","47,050","47,350","46,860.00","46,630.00","45,977.50","42,239.17","43,420.42",0,"7,484,716","8,264,522","13,310,060","12,629,770","11,584,501"
"2019/02/2647,350","47,450","46,500","46,750","47,020.00","46,700.00","46,162.50","42,308.33","43,424.17",0,"7,985,547","8,513,353","12,971,956","12,652,646","11,607,183"
"2019/02/2747,000","47,250","46,750","46,750","46,990.00","46,755.00","46,262.50","42,370.00","43,425.83",0,"8,045,211","7,821,051","12,234,747","12,647,281","11,612,843"
"2019/02/2846,400","46,500","45,100","45,100","46,620.00","46,515.00","46,265.00","42,402.50","43,411.67",2,"23,569,321","10,796,113","12,513,267","12,924,385","11,762,818"
"2019/03/0446,000","46,100","44,800","44,850","46,160.00","46,395.00","46,232.50","42,430.83","43,388.33",2,"12,926,539","12,002,267","12,348,843","12,998,602","11,768,928"
"2019/03/0544,600","45,100","44,150","44,250","45,540.00","46,200.00","46,125.00","42,470.83","43,353.33",0,"10,612,405","12,627,805","12,004,165","12,845,883","11,744,220"
"2019/03/0644,000","44,300","43,700","44,000","44,990.00","46,005.00","46,017.50","42,483.33","43,324.58",0,"10,202,544","13,071,204","11,433,235","12,814,081","11,757,615"
"2019/03/0743,400","44,950","43,400","44,450","44,530.00","45,760.00","45,922.50","42,521.67","43,297.92",0,"11,049,749","13,672,112","11,294,099","12,759,114","11,793,103"
"2019/03/0844,450","44,800","43,800","43,800","44,270.00","45,445.00","45,802.50","42,560.83","43,274.58",0,"7,729,069","10,504,061","10,886,953","12,677,399","11,781,345"
"2019/03/1144,400","44,450","43,650","43,650","44,030.00","45,095.00","45,745.00","42,613.33","43,254.17",0,"10,717,408","10,062,235","10,788,363","12,618,492","11,795,319"
"2019/03/1244,300","44,950","44,150","44,650","44,110.00","44,825.00","45,727.50","42,675.00","43,252.08",0,"11,431,977","10,226,149","10,803,710","12,618,473","11,738,206"
"2019/03/1344,250","44,450","43,700","43,850","44,080.00","44,535.00","45,617.50","42,735.83","43,238.33",0,"8,108,343","9,807,309","10,549,909","12,505,408","11,722,610"
"2019/03/1443,700","44,300","43,550","43,850","43,960.00","44,245.00","45,500.00","42,795.83","43,228.33",0,"18,039,161","11,205,192","10,886,880","12,628,748","11,790,722"
"2019/03/1543,800","44,250","43,700","44,200","44,040.00","44,155.00","45,335.00","42,858.33","43,225.42",0,"16,814,163","13,022,210","10,864,621","12,708,579","11,822,546"
"2019/03/1843,950","44,150","43,450","43,700","44,050.00","44,040.00","45,217.50","42,920.00","43,222.50",0,"8,188,876","12,516,504","10,746,333","12,407,483","11,738,470"
"2019/03/1943,750","43,900","43,550","43,900","43,900.00","44,005.00","45,102.50","43,002.50","43,206.25",0,"7,609,563","11,752,021","10,717,624","12,206,446","11,698,164"
"2019/03/2043,800","44,200","43,100","44,050","43,940.00","44,010.00","45,007.50","43,084.17","43,197.08",0,"9,846,242","12,099,601","10,872,867","12,178,334","11,712,521"
"2019/03/2144,600","46,250","44,050","45,850","44,340.00","44,150.00","44,955.00","43,200.00","43,200.00",0,"21,138,016","12,719,372","11,354,432","12,346,599","11,805,445"
"2019/03/2246,850","47,000","46,250","46,550","44,810.00","44,425.00","44,935.00","43,324.17","43,203.33",0,"12,535,911","11,863,722","11,546,527","12,389,831","11,831,849"
"2019/03/2545,300","45,650","44,800","45,500","45,170.00","44,610.00","44,852.50","43,438.33","43,188.75",0,"8,699,728","11,965,892","11,636,724","12,335,866","11,791,539"
"2019/03/2645,500","45,700","44,900","45,250","45,440.00","44,670.00","44,747.50","43,548.33","43,170.83",0,"9,729,811","12,389,942","11,748,979","12,248,911","11,751,980"
"2019/03/2744,750","45,600","44,250","45,350","45,700.00","44,820.00","44,677.50","43,657.50","43,152.92",0,"9,568,081","12,334,309","11,828,106","12,246,220","11,700,009"
"2019/03/2844,950","45,200","44,300","44,850","45,500.00","44,920.00","44,582.50","43,765.83","43,139.58",0,"6,821,306","9,470,967","11,766,911","12,148,114","11,662,932"
"2019/03/2944,500","44,900","44,200","44,650","45,120.00","44,965.00","44,560.00","43,872.50","43,125.42",0,"11,491,713","9,262,128","11,163,030","12,164,465","11,705,738"
"2019/04/0145,200","45,450","44,850","45,050","45,030.00","45,100.00","44,570.00","43,978.33","43,120.00",0,"7,362,129","8,994,608","10,884,810","12,122,163","11,712,029"
"2019/04/0245,550","46,100","45,350","45,750","45,130.00","45,285.00","44,645.00","44,095.00","43,128.75",0,"9,480,688","8,944,783","10,828,224","12,149,380","11,692,157"
"2019/04/0346,750","46,750","45,800","46,600","45,380.00","45,540.00","44,775.00","44,245.00","43,144.58",0,"12,436,570","9,518,481","10,939,925","12,148,798","11,707,927"
"2019/04/0446,150","47,100","46,150","46,950","45,800.00","45,650.00","44,900.00","44,403.33","43,161.25",0,"12,650,168","10,684,254","11,019,946","12,124,485","11,757,016"
"2019/04/0546,950","47,550","46,600","46,850","46,240.00","45,680.00","45,052.50","44,538.33","43,174.17",0,"8,546,339","10,095,179","11,060,810","12,054,441","11,742,058"
"2019/04/0847,250","47,250","46,150","46,650","46,560.00","45,795.00","45,202.50","44,680.83","43,203.75",0,"8,507,909","10,324,335","10,950,335","11,983,630","11,651,919"
"2019/04/0946,700","46,950","46,200","46,650","46,740.00","45,935.00","45,302.50","44,798.33","43,225.83",0,"6,878,761","9,803,949","10,722,674","11,807,398","11,603,902"
"2019/04/1046,400","46,700","46,050","46,700","46,760.00","46,070.00","45,445.00","44,913.33","43,250.00",0,"11,883,995","9,693,434","10,911,457","11,759,936","11,640,981"
"2019/04/1146,700","46,800","46,150","46,250","46,620.00","46,210.00","45,565.00","45,009.17","43,272.08",0,"13,697,399","9,902,881","10,694,368","11,793,875","11,698,245"
"2019/04/1246,050","46,900","46,000","46,850","46,620.00","46,430.00","45,697.50","45,122.50","43,294.58",18,"7,668,936","9,727,400","10,237,107","11,721,940","11,692,934"
"2019/04/1547,150","47,500","47,000","47,050","46,700.00","46,630.00","45,865.00","45,221.67","43,319.58",0,"8,733,019","9,772,422","10,264,314","11,675,945","11,696,145"
"2019/04/1647,400","47,400","46,800","47,250","46,820.00","46,780.00","46,032.50","45,318.33","43,347.50",0,"7,730,881","9,942,846","10,270,380","11,663,266","11,695,215"
"2019/04/1747,300","47,600","47,000","47,050","46,890.00","46,825.00","46,182.50","45,403.33","43,376.67",0,"5,513,658","8,668,779","10,053,751","11,559,545","11,671,515"
"2019/04/1847,200","47,250","45,500","45,600","46,760.00","46,690.00","46,170.00","45,458.33","43,397.92",42,"12,808,747","8,491,048","9,637,287","11,589,204","11,698,828"
"2019/04/1945,750","46,000","45,250","45,300","46,450.00","46,535.00","46,107.50","45,500.83","43,420.83",42,"8,479,710","8,653,203","9,434,477","11,541,270","11,656,802"
"2019/04/2245,400","45,900","45,100","45,350","46,110.00","46,405.00","46,100.00","45,554.17","43,457.08",0,"6,006,957","8,107,991","9,299,839","11,475,314","11,545,708"
"2019/04/2345,050","45,500","45,000","45,200","45,700.00","46,260.00","46,097.50","45,607.50","43,492.08",0,"6,920,566","7,945,928","9,159,377","11,406,139","11,483,264"
"2019/04/2445,400","45,650","44,150","44,750","45,240.00","46,065.00","46,067.50","45,635.83","43,520.00",0,"13,299,267","9,503,049","9,345,936","11,381,999","11,473,587"
"2019/04/2544,250","45,000","44,100","44,650","45,050.00","45,905.00","46,057.50","45,634.17","43,539.17",0,"10,868,965","9,115,093","9,548,319","11,183,325","11,445,785"
"2019/04/2644,200","45,000","43,800","44,850","44,960.00","45,705.00","46,067.50","45,630.83","43,559.58",0,"9,739,982","9,367,147","9,460,732","11,045,677","11,380,106"
"2019/04/2945,150","46,150","45,100","46,150","45,120.00","45,615.00","46,122.50","45,641.67","43,592.92",0,"8,777,517","9,921,259","9,531,502","10,921,718","11,341,392"
"2019/04/3046,000","46,300","45,350","45,850","45,250.00","45,475.00","46,127.50","45,632.50","43,607.08",0,"11,121,273","10,761,401","9,613,531","10,815,306","11,296,427"
"2019/05/0245,500","46,150","45,400","45,900","45,480.00","45,360.00","46,092.50","45,628.33","43,624.58",0,"8,625,126","9,826,573","9,422,959","10,598,706","11,289,747"
"2019/05/0345,900","46,050","45,300","45,300","45,610.00","45,330.00","46,010.00","45,610.83","43,637.50",0,"6,562,916","8,965,363","9,118,596","10,477,547","11,280,157"
"2019/05/0745,250","45,300","44,400","44,850","45,610.00","45,285.00","45,910.00","45,588.33","43,644.58",0,"12,014,907","9,420,348","9,292,025","10,413,262","11,283,998"
"2019/05/0844,300","44,850","44,200","44,250","45,230.00","45,175.00","45,790.00","45,579.17","43,646.25",0,"10,398,754","9,744,595","9,386,567","10,375,088","11,265,510"
"2019/05/0943,900","44,250","42,450","42,450","44,550.00","44,900.00","45,580.00","45,536.67","43,630.83",0,"23,029,718","12,126,284","10,194,115","10,573,500","11,396,436"
"2019/05/1042,600","43,450","42,450","42,900","43,950.00","44,715.00","45,390.00","45,484.17","43,611.67",70,"14,579,512","13,317,161","10,328,891","10,596,752","11,446,661"
"2019/05/1342,500","43,200","42,350","42,650","43,420.00","44,515.00","45,210.00","45,425.00","43,596.25",0,"7,635,079","13,531,594","10,025,775","10,535,674","11,432,694"
"2019/05/1441,300","43,100","41,300","42,650","42,980.00","44,295.00","45,000.00","45,344.17","43,584.17",0,"11,563,730","13,441,359","10,220,514","10,440,747","11,472,531"
"2019/05/1542,700","43,050","42,550","42,550","42,640.00","43,935.00","44,775.00","45,285.83","43,570.00",0,"7,670,185","12,895,645","10,167,373","10,392,673","11,487,581"
"2019/05/1642,350","42,400","41,350","41,550","42,460.00","43,505.00","44,490.00","45,208.33","43,549.58",0,"13,687,828","11,027,267","10,465,220","10,484,408","11,536,837"
"2019/05/1741,950","42,050","40,850","41,200","42,120.00","43,035.00","44,197.50","45,129.17","43,529.17",0,"13,357,951","10,782,955","10,857,435","10,594,684","11,585,331"
"2019/05/2041,650","42,100","41,550","42,000","41,990.00","42,705.00","44,017.50","45,047.50","43,522.50",0,"15,752,397","12,406,418","11,004,617","10,665,445","11,638,095"
"2019/05/2142,600","43,950","42,350","43,150","42,090.00","42,535.00","43,910.00","44,984.17","43,531.25",0,"18,812,133","13,856,099","11,521,238","10,834,081","11,705,117"
"2019/05/2243,700","43,800","42,400","43,500","42,280.00","42,460.00","43,817.50","44,923.33","43,540.00",71,"11,033,339","14,528,730","11,772,557","10,903,040","11,747,304"
"2019/05/2343,900","44,000","43,250","43,850","42,740.00","42,600.00","43,750.00","44,865.00","43,552.08",0,"12,259,006","14,242,965","12,039,479","10,982,612","11,806,191"
"2019/05/2443,800","43,800","42,400","42,700","43,040.00","42,580.00","43,647.50","44,797.50","43,552.92",0,"13,966,305","14,364,636","12,072,831","11,082,291","11,867,468"
"2019/05/2742,500","43,000","42,350","42,650","43,170.00","42,580.00","43,547.50","44,729.17","43,549.58",54,"8,066,669","12,827,490","11,932,716","11,082,649","11,864,965"
"2019/05/2842,550","42,950","42,150","42,550","43,050.00","42,570.00","43,432.50","44,686.67","43,544.58",0,"24,506,881","13,966,440","12,671,061","11,098,275","12,011,330"
"2019/05/2941,850","42,100","41,300","41,800","42,710.00","42,495.00","43,215.00","44,635.83","43,533.33",0,"14,930,618","14,745,896","12,978,716","11,131,676","12,065,139"
"2019/05/3042,200","42,700","42,150","42,550","42,450.00","42,595.00","43,050.00","44,607.50","43,539.17",0,"11,766,018","14,647,298","13,010,954","11,150,903","11,998,393"
"2019/05/3142,600","42,800","42,150","42,500","42,410.00","42,725.00","42,880.00","44,582.50","43,532.92",70,"11,365,999","14,127,237","13,147,997","11,170,294","11,992,187"
"2019/06/0342,950","43,900","42,500","43,800","42,640.00","42,905.00","42,805.00","44,571.67","43,546.67",0,"15,466,580","15,607,219","13,593,180","11,243,908","12,001,511"
"2019/06/0443,400","43,700","43,000","43,450","42,820.00","42,935.00","42,735.00","44,565.83","43,563.33",0,"9,913,497","12,688,542","13,488,110","11,280,315","11,978,857"
"2019/06/0544,050","44,200","43,700","43,900","43,240.00","42,975.00","42,717.50","44,570.00","43,591.67",0,"12,464,135","12,195,246","13,591,379","11,309,427","11,963,959"
"2019/06/0743,600","44,350","43,450","44,200","43,570.00","43,010.00","42,805.00","44,562.50","43,618.75",0,"11,683,682","12,178,779","13,024,077","11,313,622","11,966,048"
"2019/06/1044,300","44,850","44,050","44,800","44,030.00","43,220.00","42,900.00","44,578.33","43,657.08",0,"8,792,182","11,664,015","12,734,711","11,325,019","11,915,214"
"2019/06/1144,800","45,000","44,550","44,850","44,240.00","43,440.00","43,010.00","44,595.00","43,695.42",0,"6,664,872","9,903,674","12,686,200","11,135,448","11,882,098"
"2019/06/1244,800","45,050","44,300","44,600","44,470.00","43,645.00","43,107.50","44,601.67","43,730.00",0,"8,607,439","9,642,462","12,538,386","10,998,669","11,853,624"
"2019/06/1344,200","44,400","43,400","43,750","44,440.00","43,840.00","43,167.50","44,602.50","43,761.25",0,"16,906,541","10,530,943","13,000,204","11,143,963","11,775,723"
"2019/06/1443,750","44,150","43,300","44,000","44,400.00","43,985.00","43,290.00","44,604.17","43,803.33",0,"9,322,873","10,058,781","12,781,956","11,172,519","11,689,482"
"2019/06/1743,750","44,050","43,400","43,900","44,220.00","44,125.00","43,425.00","44,601.67","43,842.92",0,"11,890,424","10,678,430","12,708,580","11,206,588","11,692,461"
"2019/06/1843,750","44,500","43,650","44,350","44,120.00","44,180.00","43,542.50","44,576.67","43,888.33",0,"7,994,928","10,944,441","12,320,706","10,987,537","11,667,068"
"2019/06/1945,450","45,450","45,000","45,350","44,270.00","44,370.00","43,652.50","44,556.67","43,940.42",0,"10,417,690","11,306,491","11,900,984","10,952,233","11,671,032"
"2019/06/2044,850","45,500","44,850","45,500","44,620.00","44,530.00","43,752.50","44,556.67","43,997.50",0,"7,147,785","9,354,740","11,706,706","10,926,367","11,631,117"
"2019/06/2145,750","45,800","45,200","45,700","44,960.00","44,680.00","43,845.00","44,564.17","44,056.25",0,"9,454,913","9,381,148","11,566,502","10,921,786","11,585,349"
"2019/06/2445,200","45,800","45,200","45,500","45,280.00","44,750.00","43,985.00","44,566.67","44,112.08",30,"6,085,066","8,220,076","11,172,440","10,863,736","11,554,978"
"2019/06/2545,200","45,800","45,200","45,600","45,530.00","44,825.00","44,132.50","44,579.17","44,172.50",30,"7,076,774","8,036,446","11,122,945","10,867,993","11,508,054"
"2019/06/2645,800","46,000","45,600","45,700","45,600.00","44,935.00","44,290.00","44,596.67","44,234.58",0,"9,226,097","7,798,127","10,358,906","10,830,233","11,497,349"
"2019/06/2746,000","46,600","45,750","46,500","45,800.00","45,210.00","44,525.00","44,620.83","44,299.58",0,"12,603,534","8,889,277","10,242,551","10,917,590","11,519,876"
"2019/06/2847,000","47,000","46,700","47,000","46,060.00","45,510.00","44,747.50","44,641.67","44,368.33",0,"12,949,231","9,588,140","10,301,712","10,975,399","11,562,390"
"2019/07/0147,350","47,400","46,250","46,600","46,280.00","45,780.00","44,952.50","44,641.67","44,443.33",0,"11,383,522","10,647,832","10,302,588","10,957,848","11,553,323"
"2019/07/0246,200","46,900","45,850","46,250","46,410.00","45,970.00","45,075.00","44,630.00","44,516.67",0,"8,463,073","10,925,091","9,952,413","10,888,063","11,506,274"
"2019/07/0345,750","46,350","45,200","45,400","46,350.00","45,975.00","45,172.50","44,605.83","44,572.08",0,"9,669,368","11,013,746","9,940,206","10,906,780","11,480,611"
"2019/07/0445,250","46,200","45,250","46,000","46,250.00","46,025.00","45,277.50","44,595.00","44,637.92",0,"6,365,573","9,766,153","9,635,278","10,871,075","11,427,352"
"2019/07/0545,950","45,950","45,250","45,650","45,980.00","46,020.00","45,350.00","44,578.33","44,688.33",37,"7,235,395","8,623,386","9,412,864","10,877,019","11,342,208"
"2019/07/0844,750","44,800","44,350","44,400","45,540.00","45,910.00","45,330.00","44,540.00","44,726.67",38,"7,823,843","7,911,450","9,364,447","10,809,349","11,284,643"
"2019/07/0944,850","45,450","44,700","45,100","45,310.00","45,860.00","45,342.50","44,520.83","44,765.00",0,"7,646,421","7,748,120","9,413,525","10,708,500","11,251,187"
"2019/07/1045,550","46,150","45,500","45,550","45,340.00","45,845.00","45,390.00","44,499.17","44,810.83",0,"9,253,930","7,665,032","9,445,849","10,734,916","11,228,428"
"2019/07/1146,350","46,550","46,150","46,200","45,380.00","45,815.00","45,512.50","44,485.00","44,853.33",0,"10,989,751","8,589,868","9,150,010","10,772,529","11,224,237"
"2019/07/1246,350","46,400","45,800","46,300","45,510.00","45,745.00","45,627.50","44,469.17","44,893.75",0,"5,245,804","8,191,950","8,946,156","10,731,111","11,197,188"
"2019/07/1545,950","46,650","45,750","46,450","45,920.00","45,730.00","45,755.00","44,459.17","44,931.25",0,"4,717,226","7,570,626","8,587,496","10,717,837","11,138,691"
"2019/07/1646,450","46,850","46,300","46,850","46,270.00","45,790.00","45,880.00","44,480.00","44,969.17",0,"7,407,824","7,522,907","8,558,141","10,627,821","11,108,512"
"2019/07/1746,150","46,350","45,950","46,050","46,370.00","45,855.00","45,915.00","44,492.50","44,996.67",0,"5,216,602","6,715,441","8,298,087","10,573,436","11,057,353"
"2019/07/1846,450","46,450","45,650","46,100","46,350.00","45,865.00","45,945.00","44,505.00","45,029.58",0,"5,143,554","5,546,202","8,197,875","10,559,046","11,017,180"
"2019/07/1946,650","46,950","46,600","46,800","46,450.00","45,980.00","46,000.00","44,531.67","45,069.58",0,"8,819,393","6,260,920","8,166,099","10,590,693","10,998,416"
"2019/07/2246,800","47,300","46,600","47,200","46,600.00","46,260.00","46,085.00","44,572.50","45,104.17",0,"9,009,109","7,119,296","8,312,301","10,519,191","10,950,595"
"2019/07/2347,350","47,550","47,050","47,300","46,690.00","46,480.00","46,170.00","44,616.67","45,125.42",0,"9,061,381","7,450,008","8,411,532","10,489,064","10,836,195"
"2019/07/2447,100","47,150","46,250","46,400","46,760.00","46,565.00","46,205.00","44,642.50","45,136.67",0,"8,756,522","8,157,992","8,388,053","10,472,673","10,759,175"
"2019/07/2547,150","47,200","46,600","47,200","46,980.00","46,665.00","46,240.00","44,660.00","45,150.83",13,"8,408,838","8,811,049","8,178,318","10,466,529","10,694,123"
"2019/07/2646,650","47,150","46,550","47,150","47,050.00","46,750.00","46,247.50","44,681.67","45,157.08",0,"7,873,886","8,621,947","7,924,551","10,412,405","10,613,856"
"2019/07/2946,800","47,050","46,000","46,100","46,830.00","46,715.00","46,222.50","44,685.00","45,156.67",0,"6,856,846","8,191,495","7,698,217","10,382,934","10,490,820"
"2019/07/3046,300","46,850","46,300","46,550","46,680.00","46,685.00","46,237.50","44,705.83","45,158.33",58,"5,551,014","7,489,421","7,552,614","10,366,069","10,421,808"
"2019/07/3146,200","46,600","45,000","45,350","46,470.00","46,615.00","46,235.00","44,714.17","45,151.25",0,"12,872,916","8,312,700","7,712,791","10,380,369","10,396,816"
"2019/08/0144,900","45,500","44,850","45,200","46,070.00","46,525.00","46,195.00","44,730.00","45,154.58",0,"7,811,181","8,193,169","7,785,072","10,337,243","10,356,166"
"2019/08/0244,550","45,500","44,300","44,950","45,630.00","46,340.00","46,160.00","44,771.67","45,154.17",0,"12,151,374","9,048,666","8,030,871","10,155,937","10,364,718"
"2019/08/0544,350","44,600","43,600","43,950","45,200.00","46,015.00","46,137.50","44,789.17","45,136.67",0,"14,214,086","10,520,114","8,350,383","10,149,847","10,373,299"
"2019/08/0642,500","43,800","42,500","43,500","44,590.00","45,635.00","46,057.50","44,803.33","45,114.17",0,"15,083,824","12,426,676","8,722,253","10,273,993","10,404,833"
"2019/08/0743,600","43,900","43,100","43,200","44,160.00","45,315.00","45,940.00","44,812.50","45,078.33",0,"10,002,533","11,852,600","8,759,683","10,247,973","10,344,360"
"2019/08/0843,250","43,500","42,650","42,650","43,650.00","44,860.00","45,762.50","44,814.17","45,050.00",0,"16,926,881","13,675,740","9,056,540","10,402,251","10,397,462"
"2019/08/0943,250","43,350","43,050","43,150","43,290.00","44,460.00","45,605.00","44,840.83","45,024.58",0,"9,685,147","13,182,494","9,278,507","10,335,540","10,409,974"
"2019/08/1244,000","44,000","43,550","43,700","43,240.00","44,220.00","45,467.50","44,882.50","45,005.83",0,"8,466,169","12,032,911","9,465,954","10,254,010","10,424,347"
"2019/08/1343,500","43,500","42,950","43,000","43,140.00","43,865.00","45,275.00","44,899.17","44,973.33",0,"7,276,979","10,471,542","9,459,412","10,112,753","10,389,099"
"2019/08/1443,900","44,250","43,500","43,700","43,240.00","43,700.00","45,157.50","44,908.33","44,946.25",0,"8,750,135","10,221,062","9,636,088","9,945,053","10,389,567"
"2019/08/1643,800","43,900","43,300","43,900","43,490.00","43,570.00","45,047.50","44,915.00","44,919.17",0,"9,528,115","8,741,309","9,855,316","9,919,966","10,411,503"
"2019/08/1944,350","44,350","43,500","43,600","43,580.00","43,435.00","44,887.50","44,910.83","44,887.92",0,"6,014,218","8,007,123","9,715,058","9,815,886","10,399,249"
"2019/08/2043,950","44,600","43,550","44,450","43,730.00","43,485.00","44,750.00","44,940.00","44,868.75",0,"8,434,205","8,000,730","9,686,313","9,723,684","10,402,988"
"2019/08/2144,350","44,800","44,150","44,500","44,030.00","43,585.00","44,610.00","44,970.83","44,850.00",0,"6,571,717","7,859,678","9,561,829","9,698,769","10,390,709"
"2019/08/2244,500","44,700","43,850","44,050","44,100.00","43,670.00","44,492.50","44,995.83","44,841.25",0,"8,061,177","7,721,886","9,527,062","9,424,674","10,261,474"
"2019/08/2343,800","44,200","43,650","43,950","44,110.00","43,800.00","44,330.00","45,031.67","44,833.75",0,"5,017,381","6,819,740","9,357,489","9,259,453","10,195,564"
"2019/08/2643,050","43,800","42,950","43,600","44,110.00","43,845.00","44,152.50","45,049.17","44,828.33",0,"7,954,949","7,207,886","9,361,542","9,195,935","10,173,419"
"2019/08/2743,650","44,200","43,600","44,050","44,030.00","43,880.00","44,050.00","45,075.00","44,828.75",0,"16,883,932","8,897,831","9,862,897","9,287,901","10,229,097"
"2019/08/2844,100","44,400","43,750","44,150","43,960.00","43,995.00","43,930.00","45,080.83","44,826.25",0,"5,758,333","8,735,154","9,873,263","9,126,097","10,185,002"
"2019/08/2944,200","44,200","43,050","43,400","43,830.00","43,965.00","43,832.50","45,080.00","44,822.92",39,"10,768,862","9,276,691","9,768,060","9,140,353","10,210,334"
"2019/08/3043,750","44,300","43,750","44,000","43,840.00","43,975.00","43,772.50","45,081.67","44,825.83",58,"9,899,073","10,253,030","9,872,455","9,097,602","10,203,514"
"2019/09/0244,850","44,850","43,650","43,800","43,880.00","43,995.00","43,715.00","45,075.00","44,818.75",0,"7,185,537","10,099,147","9,624,163","9,022,632","10,168,127"
"2019/09/0343,550","43,650","43,100","43,250","43,720.00","43,875.00","43,680.00","45,049.17","44,813.75",0,"9,774,941","8,677,349","9,402,205","9,039,012","10,182,016"
"2019/09/0443,250","44,100","43,150","44,100","43,710.00","43,835.00","43,710.00","45,036.67","44,815.83",0,"12,441,837","10,014,050","9,270,106","9,135,295","10,135,371"
"2019/09/0544,800","46,100","44,450","45,700","44,170.00","44,000.00","43,835.00","45,055.00","44,828.33",0,"18,297,430","11,519,764","9,684,851","9,296,794","10,147,732"
"2019/09/0646,500","46,500","45,850","46,300","44,630.00","44,235.00","44,017.50","45,097.50","44,850.00",0,"9,896,562","11,519,261","9,333,335","9,179,961","10,161,962"
"2019/09/0946,450","47,000","46,300","46,900","45,250.00","44,565.00","44,205.00","45,145.83","44,875.00",0,"9,434,157","11,968,985","9,320,785","9,181,816","10,177,167"
"2019/09/1047,100","47,200","46,550","47,000","46,000.00","44,860.00","44,370.00","45,197.50","44,899.58",0,"9,231,792","11,860,356","9,359,067","9,137,506","10,172,047"
"2019/09/1147,300","47,400","46,800","47,150","46,610.00","45,160.00","44,577.50","45,244.17","44,910.42",0,"16,141,619","12,600,312","9,802,299","9,273,284","10,130,410"
"2019/09/1647,000","47,100","46,400","47,100","46,890.00","45,530.00","44,747.50","45,273.33","44,915.00",0,"15,550,926","12,051,011","10,142,338","9,358,838","10,155,535"
"2019/09/1747,000","47,100","46,800","46,900","47,010.00","45,820.00","44,897.50","45,296.67","44,926.67",30,"7,006,280","11,472,955","10,016,246","9,356,479","10,141,423"
"2019/09/1846,900","47,700","46,800","47,700","47,170.00","46,210.00","45,102.50","45,330.00","44,947.08",0,"10,413,027","11,668,729","10,236,187","9,372,448","10,147,117"
"2019/09/1948,050","49,200","47,850","49,150","47,600.00","46,800.00","45,337.50","45,390.83","44,978.75",0,"16,461,413","13,114,653","10,637,547","9,545,387","10,204,561"
"2019/09/2049,400","49,600","49,100","49,200","48,010.00","47,310.00","45,572.50","45,450.83","45,015.00",33,"15,460,210","12,978,371","11,081,972","9,685,111","10,276,552"
"2019/09/2349,250","49,300","49,000","49,300","48,450.00","47,670.00","45,835.00","45,510.83","45,053.75",0,"7,568,553","11,381,897","11,057,341","9,657,485","10,243,859"
"2019/09/2449,050","49,650","48,850","49,500","48,970.00","47,990.00","46,112.50","45,560.83","45,090.83",0,"7,871,955","11,555,032","11,200,069","9,578,626","10,248,108"
"2019/09/2549,200","49,350","48,800","48,900","49,210.00","48,190.00","46,377.50","45,592.50","45,117.08",0,"9,187,141","11,309,854","11,261,679","9,515,924","10,245,661"
"2019/09/2649,000","49,250","48,900","49,200","49,220.00","48,410.00","46,635.00","45,635.83","45,138.75",0,"8,494,756","9,716,523","10,842,220","9,467,778","10,212,813"
"2019/09/2748,000","48,700","48,000","48,400","49,060.00","48,535.00","46,847.50","45,671.67","45,150.83",0,"8,048,041","8,234,089","10,956,706","9,460,861","10,174,462"
"2019/09/3048,050","49,250","47,900","49,050","49,010.00","48,730.00","47,130.00","45,732.50","45,169.17",0,"9,497,119","8,619,802","10,893,118","9,457,990","10,182,385"
"2019/10/0148,900","49,100","48,650","48,850","48,880.00","48,925.00","47,372.50","45,780.00","45,187.50",37,"6,206,035","8,286,618","10,708,467","9,455,331","10,163,203"
"2019/10/0248,350","48,400","47,600","47,600","48,620.00","48,915.00","47,562.50","45,812.50","45,195.42",38,"8,382,463","8,125,683","10,768,313","9,474,449","10,175,734"
"2019/10/0447,400","48,650","47,350","48,000","48,380.00","48,800.00","47,800.00","45,872.50","45,206.25",0,"9,331,695","8,293,071","10,746,151","9,499,580","10,154,465"
"2019/10/0748,350","48,700","47,650","47,750","48,250.00","48,655.00","47,982.50","45,916.67","45,218.75",0,"7,047,273","8,092,917","10,476,422","9,489,594","10,099,047"
"2019/10/0847,900","49,000","47,600","48,900","48,220.00","48,615.00","48,142.50","45,972.50","45,235.83",0,"14,239,367","9,041,367","10,273,519","9,572,684","10,153,800"
"2019/10/1048,200","49,200","48,000","48,550","48,160.00","48,520.00","48,255.00","46,011.67","45,248.33",0,"18,639,855","11,528,131","10,710,684","9,700,186","10,236,357"
"2019/10/1149,000","49,450","48,800","49,150","48,470.00","48,545.00","48,367.50","46,059.17","45,264.17",0,"7,783,275","11,408,293","10,628,140","9,742,477","10,236,794"
"2019/10/1450,000","50,300","49,850","50,000","48,870.00","48,625.00","48,517.50","46,118.33","45,288.75",0,"11,130,635","11,768,081","10,723,082","9,849,368","10,283,602"
"2019/10/1549,900","50,200","49,900","50,100","49,340.00","48,795.00","48,665.00","46,172.50","45,326.25",0,"6,058,105","11,570,247","10,218,906","9,826,872","10,227,347"
"2019/10/1650,700","50,900","50,400","50,700","49,700.00","48,960.00","48,845.00","46,250.00","45,371.25",0,"9,136,282","10,549,630","9,898,174","9,892,200","10,232,818"
"2019/10/1750,500","50,600","50,100","50,500","50,090.00","49,125.00","49,025.00","46,323.33","45,414.17",0,"6,701,380","8,161,935","9,882,929","9,918,164","10,238,605"
"2019/10/1850,300","50,900","49,650","49,900","50,240.00","49,355.00","49,135.00","46,375.00","45,453.33",0,"8,483,106","8,301,902","9,786,433","9,912,559","10,251,626"
"2019/10/2149,900","50,400","49,800","50,300","50,300.00","49,585.00","49,192.50","46,426.67","45,499.58",0,"4,406,531","6,957,081","9,183,689","9,835,850","10,177,520"
"2019/10/2250,800","51,500","50,700","51,200","50,520.00","49,930.00","49,292.50","46,491.67","45,554.17",0,"10,898,729","7,925,206","8,955,615","9,866,472","10,177,768"
"2019/10/2351,300","51,500","50,800","51,200","50,620.00","50,160.00","49,387.50","46,571.67","45,607.08",30,"8,663,880","7,830,725","9,010,381","9,864,928","10,168,801"
"2019/10/2452,500","52,500","50,500","50,700","50,660.00","50,375.00","49,447.50","46,630.00","45,645.00",0,"21,185,785","10,727,606","9,676,073","10,077,877","10,272,203"
"2019/10/2550,800","51,200","50,500","50,900","50,860.00","50,550.00","49,547.50","46,692.50","45,687.08",0,"7,879,897","10,606,964","9,610,710","10,077,977","10,245,191"
"2019/10/2850,700","51,500","50,700","51,300","51,060.00","50,680.00","49,652.50","46,779.17","45,732.08",0,"6,431,522","11,011,963","9,507,549","10,070,889","10,226,911"
"2019/10/2951,400","51,700","50,800","51,100","51,040.00","50,780.00","49,787.50","46,855.00","45,780.42",0,"7,581,629","10,348,543","9,484,228","10,104,732","10,235,401"
"2019/10/3050,700","50,800","50,200","50,400","50,880.00","50,750.00","49,855.00","46,939.17","45,826.67",0,"8,959,435","10,407,654","9,457,344","10,039,507","10,209,938"
"2019/10/3151,000","51,400","50,300","50,400","50,820.00","50,740.00","49,932.50","47,025.83","45,877.92",0,"10,304,777","8,231,452","9,662,281","10,081,067","10,209,155"
"2019/11/0150,600","51,200","50,400","51,200","50,880.00","50,870.00","50,112.50","47,130.00","45,950.83",0,"8,467,846","8,349,042","9,666,550","10,019,675","10,087,806"
"2019/11/0451,700","52,300","51,400","52,300","51,080.00","51,070.00","50,327.50","47,269.17","46,029.17",0,"13,012,411","9,665,220","9,850,586","9,999,647","10,074,747"
"2019/11/0552,400","52,700","52,100","52,700","51,400.00","51,220.00","50,575.00","47,422.50","46,112.92",0,"10,581,034","10,265,101","10,027,274","9,924,601","10,099,297"
"2019/11/0652,900","53,500","52,700","53,300","51,980.00","51,430.00","50,795.00","47,590.83","46,201.67",0,"14,361,133","11,345,440","10,033,362","9,997,244","10,122,608"
"2019/11/0753,400","53,400","52,400","52,900","52,480.00","51,650.00","51,012.50","47,761.67","46,287.92",0,"9,257,116","11,135,908","9,564,225","9,869,415","10,135,833"
"2019/11/0853,200","53,300","52,000","52,100","52,660.00","51,770.00","51,160.00","47,910.83","46,375.83",0,"11,603,290","11,762,997","9,755,226","9,901,384","10,118,462"
"2019/11/1152,200","52,200","51,400","51,600","52,520.00","51,800.00","51,240.00","48,042.50","46,462.50",43,"8,185,952","10,797,705","9,607,992","9,896,714","10,075,362"
"2019/11/1251,800","52,600","51,600","52,600","52,500.00","51,950.00","51,365.00","48,202.50","46,550.83",0,"6,576,148","9,996,728","9,633,894","9,885,033","9,998,893"
"2019/11/1352,500","52,500","52,000","52,500","52,340.00","52,160.00","51,455.00","48,349.17","46,628.75",0,"6,225,196","8,369,540","9,488,340","9,842,951","9,894,002"
"2019/11/1451,900","52,800","51,900","52,800","52,320.00","52,400.00","51,570.00","48,497.50","46,706.25",0,"12,010,018","8,920,121","9,753,772","9,884,316","9,902,141"
"2019/11/1552,900","53,700","52,600","53,700","52,640.00","52,650.00","51,760.00","48,665.83","46,788.33",0,"9,703,360","8,540,135","9,814,784","9,945,801","9,880,844"
"2019/11/1853,600","53,800","53,200","53,500","53,020.00","52,770.00","51,920.00","48,816.67","46,878.33",17,"7,746,554","8,452,255","9,981,786","9,934,341","9,829,013"
"2019/11/1953,200","53,500","52,700","53,500","53,200.00","52,850.00","52,035.00","48,966.67","46,968.75",0,"8,907,177","8,918,461","9,882,208","9,973,265","9,836,017"
"2019/11/2053,400","53,400","52,000","52,000","53,100.00","52,720.00","52,075.00","49,099.17","47,047.50",2,"12,560,070","10,185,436","10,077,018","10,048,246","9,736,460"
"2019/11/2151,600","52,100","50,600","51,000","52,740.00","52,530.00","52,090.00","49,216.67","47,124.17",0,"14,298,646","10,643,161","9,732,661","10,202,934","9,731,194"
"2019/11/2251,000","51,600","50,900","51,600","52,320.00","52,480.00","52,125.00","49,350.00","47,199.58",8,"8,478,310","10,398,151","9,762,581","10,211,657","9,703,796"
"2019/11/2552,200","52,600","51,700","51,800","51,980.00","52,500.00","52,150.00","49,479.17","47,277.08",0,"9,050,625","10,658,966","9,893,536","10,081,102","9,684,501"
"2019/11/2651,900","52,900","51,800","51,800","51,640.00","52,420.00","52,185.00","49,606.67","47,343.75",66,"27,372,226","14,351,975","10,883,066","10,441,333","9,783,715"
"2019/11/2751,800","52,300","51,600","52,200","51,680.00","52,390.00","52,275.00","49,753.33","47,416.67",0,"7,546,261","13,349,214","10,812,408","10,387,623","9,763,988"
"2019/11/2851,900","52,100","51,300","51,300","51,740.00","52,240.00","52,320.00","49,875.00","47,478.33",0,"6,833,885","11,856,261","10,638,863","10,336,537","9,717,069"
"2019/11/2951,200","51,400","50,200","50,300","51,480.00","51,900.00","52,275.00","49,983.33","47,529.17",0,"11,179,334","12,396,466","10,774,437","10,403,100","9,712,866"
"2019/12/0250,900","51,300","50,400","50,400","51,200.00","51,590.00","52,180.00","50,102.50","47,575.83",0,"18,877,252","14,361,792","11,067,679","10,554,805","9,796,909"
"2019/12/0349,800","50,300","49,500","49,900","50,820.00","51,230.00","52,040.00","50,199.17","47,617.92",0,"12,059,812","11,299,309","11,141,618","10,548,438","9,841,866"
"2019/12/0449,600","49,850","49,000","49,450","50,270.00","50,975.00","51,847.50","50,261.67","47,658.33",0,"13,246,549","12,439,366","11,085,889","10,464,257","9,880,526"
"2019/12/0550,200","50,400","49,500","49,500","49,910.00","50,825.00","51,677.50","50,315.00","47,706.25",0,"10,449,715","13,162,532","11,145,519","10,473,476","9,826,719"
"2019/12/0650,100","50,900","49,950","50,400","49,930.00","50,705.00","51,592.50","50,373.33","47,759.58",0,"11,414,563","13,209,578","11,136,083","10,506,483","9,844,149"
"2019/12/0950,900","51,400","50,700","51,200","50,090.00","50,645.00","51,572.50","50,443.33","47,820.42",0,"8,470,627","11,128,253","11,150,316","10,493,797","9,815,651"
"2019/12/1051,000","51,600","50,700","51,500","50,410.00","50,615.00","51,517.50","50,515.83","47,880.00",70,"6,882,771","10,092,845","11,165,648","10,339,483","9,806,383"
"2019/12/1151,500","52,200","51,400","51,900","50,900.00","50,585.00","51,487.50","50,595.83","47,934.58",67,"11,379,521","9,719,439","11,423,364","10,269,959","9,814,398"
"2019/12/1253,000","53,300","52,700","53,300","51,660.00","50,785.00","51,512.50","50,702.50","47,999.58",0,"29,178,697","13,465,236","12,281,798","10,639,500","9,997,989"
"2019/12/1354,500","54,800","53,900","54,700","52,520.00","51,225.00","51,562.50","50,819.17","48,074.58",0,"18,120,261","14,806,375","12,702,643","10,767,953","10,070,201"
"2019/12/1654,500","54,900","54,300","54,700","53,220.00","51,655.00","51,622.50","50,911.67","48,151.25",0,"11,512,405","15,414,731","12,890,935","10,685,470","10,115,428"
"2019/12/1755,800","56,700","55,400","56,700","54,260.00","52,335.00","51,782.50","51,036.67","48,243.75",0,"19,358,433","17,909,863","13,413,498","10,750,440","10,217,776"
"2019/12/1856,700","57,200","56,000","56,300","55,140.00","53,020.00","51,997.50","51,153.33","48,332.08",17,"15,558,208","18,745,601","13,563,405","10,883,601","10,270,543"
"2019/12/1957,000","57,300","55,500","56,000","55,680.00","53,670.00","52,247.50","51,261.67","48,411.25",0,"14,180,520","15,745,965","13,557,499","10,988,744","10,283,685"
"2019/12/2056,100","56,500","55,600","56,000","55,940.00","54,230.00","52,467.50","51,380.00","48,486.25",0,"12,095,519","14,541,017","13,738,359","11,037,217","10,276,570"
"2019/12/2356,100","56,400","55,100","55,500","56,100.00","54,660.00","52,652.50","51,485.00","48,560.42",0,"9,839,252","14,206,386","13,777,791","11,059,625","10,263,702"
"2019/12/2455,600","55,700","54,800","55,000","55,760.00","55,010.00","52,812.50","51,595.00","48,633.33",43,"11,868,463","12,708,392","13,002,602","11,123,299","10,292,080"
"2019/12/2654,700","55,400","54,400","55,400","55,580.00","55,360.00","52,972.50","51,700.83","48,716.67",0,"9,645,034","11,525,758","13,107,541","11,125,764","10,291,877"
"2019/12/2755,700","56,900","55,500","56,500","55,680.00","55,680.00","53,232.50","51,828.33","48,804.17",0,"12,313,056","11,152,265","13,381,500","11,227,548","10,341,439"
"2019/12/3056,200","56,600","55,700","55,800","55,640.00","55,790.00","53,507.50","51,965.00","48,888.75",17,"8,356,767","10,404,514","13,240,371","11,227,120","10,350,784"
"2020/01/0255,500","56,000","55,000","55,200","55,580.00","55,840.00","53,747.50","52,085.00","48,978.75",0,"12,993,228","11,035,310","12,946,170","11,288,145","10,393,862"
"2020/01/0356,000","56,600","54,900","55,500","55,680.00","55,720.00","54,027.50","52,214.17","49,065.42",0,"15,422,255","11,746,068","13,114,292","11,427,728","10,458,661"
"2020/01/0654,900","55,600","54,600","55,500","55,700.00","55,640.00","54,330.00","52,324.17","49,148.33",0,"10,278,951","11,872,851","12,965,912","11,361,721","10,467,203"
"2020/01/0755,700","56,400","55,600","55,800","55,560.00","55,620.00","54,645.00","52,445.00","49,228.33",0,"10,009,778","11,412,196","12,943,915","11,217,887","10,459,036"
"2020/01/0856,200","57,400","55,900","56,800","55,760.00","55,700.00","54,965.00","52,572.50","49,315.83",0,"23,501,171","14,441,077","13,548,246","11,479,852","10,611,164"
"2020/01/0958,400","58,600","57,400","58,600","56,440.00","56,010.00","55,335.00","52,715.83","49,417.08",20,"24,102,579","16,662,947","14,329,843","11,696,051","10,772,709"
"2020/01/1058,800","59,700","58,300","59,500","57,240.00","56,460.00","55,735.00","52,872.50","49,522.50",0,"16,000,170","16,778,530","14,785,713","11,861,752","10,844,312"
"2020/01/1359,600","60,000","59,100","60,000","58,140.00","56,920.00","56,140.00","53,027.50","49,638.75",0,"11,359,139","16,994,567","14,784,694","11,898,799","10,895,500"
"2020/01/1460,400","61,000","59,900","60,000","58,980.00","57,270.00","56,475.00","53,185.83","49,754.58",0,"16,906,295","18,373,871","14,171,074","12,068,881","10,993,523"
"2020/01/1559,500","59,600","58,900","59,000","59,420.00","57,590.00","56,690.00","53,337.50","49,856.25",0,"14,300,928","16,533,822","13,980,108","12,165,845","11,039,202"
"2020/01/1659,100","60,700","59,000","60,700","59,840.00","58,140.00","56,990.00","53,510.83","49,968.75",18,"14,381,774","14,589,661","14,123,576","12,332,099","11,083,974"
"2020/01/1761,900","62,000","61,000","61,300","60,200.00","58,720.00","57,220.00","53,679.17","50,085.42",0,"16,025,661","14,594,759","13,956,937","12,417,548","11,142,010"
"2020/01/2062,000","62,800","61,700","62,400","60,680.00","59,410.00","57,525.00","53,865.83","50,218.75",0,"12,528,855","14,828,703","13,805,470","12,481,964","11,173,446"
"2020/01/2162,000","62,400","61,200","61,400","60,960.00","59,970.00","57,795.00","54,044.17","50,337.08",0,"11,142,693","13,675,982","13,653,578","12,314,579","11,196,228"
"2020/01/2260,500","62,600","60,400","62,300","61,620.00","60,520.00","58,110.00","54,234.17","50,463.33",0,"15,339,565","13,883,710","13,815,781","12,438,907","11,258,442"
"2020/01/2361,800","61,800","60,700","60,800","61,640.00","60,740.00","58,375.00","54,392.50","50,585.83",37,"14,916,555","13,990,666","14,069,646","12,580,324","11,325,606"
"2020/01/2859,400","59,400","58,300","58,800","61,140.00","60,670.00","58,565.00","54,520.83","50,687.92",38,"23,664,541","15,518,442","14,659,450","12,848,373","11,476,552"
"2020/01/2959,100","59,700","58,800","59,100","60,480.00","60,580.00","58,750.00","54,665.83","50,802.50",0,"16,446,102","16,301,891","14,999,503","12,973,151","11,506,329"
"2020/01/3058,800","58,800","56,800","57,200","59,640.00","60,300.00","58,785.00","54,779.17","50,902.50",0,"20,821,939","18,237,740","15,424,947","13,148,437","11,614,752"
"2020/01/3157,800","58,400","56,400","56,400","58,460.00","60,040.00","58,815.00","54,865.83","50,997.92",0,"19,749,457","19,119,719","15,994,582","13,336,463","11,678,069"
"2020/02/0355,500","57,400","55,200","57,200","57,740.00","59,690.00","58,915.00","54,947.50","51,108.33",0,"23,995,260","20,935,460","16,544,683","13,519,511","11,759,579"
"2020/02/0457,100","59,000","56,800","58,900","57,760.00","59,450.00","59,085.00","55,050.83","51,236.67",0,"21,800,192","20,562,590","16,863,580","13,706,497","11,815,549"
"2020/02/0560,000","60,200","58,900","59,500","57,840.00","59,160.00","59,285.00","55,154.17","51,372.50",0,"19,278,165","21,129,003","17,313,541","13,788,447","11,892,846"
"2020/02/0660,100","61,100","59,700","61,100","58,620.00","59,130.00","59,550.00","55,290.83","51,526.25",0,"14,727,159","19,910,047","17,549,410","13,879,615","11,874,515"
"2020/02/0761,100","61,200","59,700","60,400","59,420.00","58,940.00","59,730.00","55,429.17","51,670.00",0,"16,402,493","19,240,654","17,194,476","13,959,602","11,930,493"
"2020/02/1059,200","59,800","59,100","59,700","59,920.00","58,830.00","59,785.00","55,564.17","51,803.33",0,"13,107,121","17,063,026","16,644,703","14,041,621","11,969,167"
"2020/02/1159,800","60,700","59,700","59,900","60,120.00","58,940.00","59,805.00","55,685.83","51,944.17",0,"11,071,231","14,917,234","16,398,256","14,116,539","12,000,786"
"2020/02/1260,300","60,700","59,700","60,500","60,320.00","59,080.00","59,830.00","55,819.17","52,084.17",30,"12,904,207","13,642,442","16,475,510","14,227,856","12,035,403"
"2020/02/1361,200","61,600","60,500","60,700","60,240.00","59,430.00","59,865.00","55,950.83","52,224.17",0,"18,449,775","14,386,965","16,552,684","14,335,185","12,109,750"
"2020/02/1460,900","61,900","60,200","61,800","60,520.00","59,970.00","60,005.00","56,085.83","52,375.83",0,"13,276,067","13,761,680","16,501,441","14,394,730","12,170,266"
"2020/02/1761,600","62,000","61,200","61,500","60,880.00","60,400.00","60,045.00","56,219.17","52,517.92",0,"8,740,596","12,888,375","16,219,382","14,411,298","12,172,819"
"2020/02/1860,800","60,900","59,700","59,800","60,860.00","60,490.00","59,970.00","56,324.17","52,645.42",0,"16,674,266","14,008,982","16,251,812","14,540,749","12,257,007"
"2020/02/1959,800","60,400","59,400","60,200","60,800.00","60,560.00","59,860.00","56,460.83","52,780.00",0,"12,951,496","14,018,440","16,272,944","14,547,273","12,297,760"
"2020/02/2060,700","61,300","59,600","60,000","60,660.00","60,450.00","59,790.00","56,610.83","52,913.75",0,"14,591,924","13,246,870","16,445,406","14,552,161","12,377,548"
"2020/02/2158,800","59,800","58,500","59,200","60,140.00","60,330.00","59,635.00","56,737.50","53,043.75",0,"13,777,393","13,347,135","16,367,297","14,640,479","12,426,068"
"2020/02/2457,400","58,100","56,800","56,800","59,200.00","60,040.00","59,435.00","56,820.83","53,150.00",0,"25,627,537","16,724,523","16,902,846","14,916,761","12,498,931"
"2020/02/2556,200","58,000","56,200","57,900","58,820.00","59,840.00","59,390.00","56,922.50","53,264.58",60,"23,885,408","18,166,752","16,913,889","14,858,647","12,649,990"
"2020/02/2656,000","57,000","56,000","56,500","58,080.00","59,440.00","59,260.00","56,994.17","53,373.75",0,"25,483,102","20,673,073","17,365,739","15,157,595","12,772,609"
"2020/02/2756,300","56,900","55,500","55,900","57,260.00","58,960.00","59,195.00","57,070.83","53,472.92",0,"23,209,541","22,396,596","17,485,120","15,430,522","12,883,529"
"2020/02/2855,000","55,500","54,200","54,200","56,260.00","58,200.00","59,085.00","57,135.83","53,559.58",0,"30,054,227","25,651,963","18,000,358","15,745,104","13,074,102"
"2020/03/0254,300","55,500","53,600","55,000","55,900.00","57,550.00","58,975.00","57,212.50","53,657.50",8,"30,403,412","26,607,138","18,320,766","15,937,206","13,246,006"
"2020/03/0356,700","56,900","55,100","55,400","55,400.00","57,110.00","58,800.00","57,304.17","53,751.67",0,"30,330,295","27,896,115","18,747,271","16,241,714","13,395,076"
"2020/03/0454,800","57,600","54,600","57,400","55,580.00","56,830.00","58,695.00","57,436.67","53,849.17",60,"24,765,728","27,752,641","19,021,649","16,433,701","13,448,979"
"2020/03/0557,600","58,000","56,700","57,800","55,960.00","56,610.00","58,530.00","57,575.00","53,945.00",61,"21,698,990","27,450,530","19,370,240","16,621,189","13,547,332"
"2020/03/0656,500","57,200","56,200","56,500","56,420.00","56,340.00","58,335.00","57,676.67","54,025.00",0,"18,716,656","25,183,016","19,485,949","16,742,890","13,624,687"
"2020/03/0954,700","55,000","53,600","54,200","56,260.00","56,080.00","58,060.00","57,726.67","54,085.00",0,"30,261,485","25,154,631","20,343,667","17,106,071","13,799,934"
"2020/03/1053,800","54,900","53,700","54,600","56,100.00","55,750.00","57,795.00","57,778.33","54,147.08",0,"32,106,554","25,509,883","21,395,433","17,526,468","13,932,975"
"2020/03/1154,300","54,400","52,000","52,100","55,040.00","55,310.00","57,375.00","57,781.67","54,188.75",2,"45,707,281","29,698,193","23,035,587","18,098,597","14,184,278"
"2020/03/1251,000","51,900","49,300","50,800","53,640.00","54,800.00","56,880.00","57,740.00","54,221.25",0,"48,149,999","34,988,395","24,520,598","18,414,785","14,527,142"
"2020/03/1347,450","51,600","46,850","49,950","52,330.00","54,375.00","56,287.50","57,660.83","54,240.00",0,"59,462,933","43,137,650","26,829,941","19,103,830","14,935,892"
"2020/03/1650,100","50,900","48,800","48,900","51,270.00","53,765.00","55,657.50","57,564.17","54,237.92",0,"33,339,821","43,753,318","28,059,902","19,467,620","15,076,545"
"2020/03/1746,900","49,650","46,700","47,300","49,810.00","52,955.00","55,032.50","57,407.50","54,222.08",66,"51,218,151","47,575,637","29,787,097","19,998,615","15,374,528"
"2020/03/1847,750","48,350","45,600","45,600","48,510.00","51,775.00","54,302.50","57,229.17","54,191.25",0,"40,152,623","46,464,705","31,147,153","20,408,522","15,646,062"
"2020/03/1946,400","46,650","42,300","42,950","46,940.00","50,290.00","53,450.00","57,011.67","54,136.67",0,"56,925,513","48,219,808","33,263,832","21,120,939","16,054,841"
"2020/03/2044,150","45,500","43,550","45,400","46,030.00","49,180.00","52,760.00","56,835.00","54,107.50",58,"49,730,008","46,273,223","35,061,463","21,748,180","16,392,699"
"2020/03/2342,600","43,550","42,400","42,500","44,750.00","48,010.00","52,045.00","56,618.33","54,051.67",0,"41,701,626","47,945,584","35,865,168","22,279,220","16,669,423"
"2020/03/2443,850","46,950","43,050","46,950","44,680.00","47,245.00","51,497.50","56,484.17","54,039.58",0,"49,801,908","47,662,336","37,160,993","22,911,444","17,017,371"
"2020/03/2548,950","49,600","47,150","48,650","45,290.00","46,900.00","51,105.00","56,371.67","54,036.25",0,"52,735,922","50,178,995","38,523,634","23,629,625","17,377,695"
"2020/03/2649,000","49,300","47,700","47,800","46,260.00","46,600.00","50,700.00","56,226.67","54,027.50",0,"42,185,129","47,230,919","39,472,413","24,127,493","17,677,521"
"2020/03/2749,600","49,700","46,850","48,300","46,840.00","46,435.00","50,405.00","56,101.67","54,033.33",0,"39,896,178","45,264,153","39,964,511","24,653,150","17,940,135"
"2020/03/3047,050","48,350","46,550","47,850","47,910.00","46,330.00","50,047.50","55,979.17","54,032.08",0,"26,797,395","42,283,306","39,784,210","24,883,220","18,085,682"
"2020/03/3148,000","48,500","47,150","47,750","48,070.00","46,375.00","49,665.00","55,850.00","54,032.08",0,"30,654,261","38,453,777","39,800,408","25,137,086","18,282,407"
"2020/04/0147,450","47,900","45,800","45,800","47,500.00","46,395.00","49,085.00","55,688.33","54,006.25",0,"27,259,532","33,358,499","39,925,098","25,420,096","18,390,909"
"2020/04/0246,200","46,850","45,350","46,800","47,300.00","46,780.00","48,535.00","55,538.33","53,991.67",8,"21,621,076","29,245,688","39,921,203","25,613,618","18,415,752"
"2020/04/0347,400","47,600","46,550","47,000","47,040.00","46,940.00","48,060.00","55,375.00","53,973.75",0,"22,784,682","25,823,389","40,124,604","25,601,676","18,540,764"
"2020/04/0647,500","48,800","47,250","48,700","47,210.00","47,560.00","47,785.00","55,210.00","53,962.92",0,"23,395,726","25,143,055","39,781,316","25,589,895","18,642,973"
"2020/04/0749,650","50,200","49,000","49,600","47,580.00","47,825.00","47,535.00","55,045.00","53,958.75",0,"31,524,034","25,317,010","39,752,190","25,848,626","18,855,189"
"2020/04/0849,600","49,750","48,600","48,600","48,140.00","47,820.00","47,360.00","54,855.00","53,941.25",0,"25,010,314","24,867,166","38,717,342","26,076,146","18,987,473"
"2020/04/0949,750","49,800","48,700","49,100","48,600.00","47,950.00","47,275.00","54,673.33","53,929.58",0,"22,628,058","25,068,563","37,441,245","26,171,509","19,120,195"
"2020/04/1048,950","49,250","48,650","49,250","49,050.00","48,045.00","47,240.00","54,510.83","53,924.17",0,"17,839,111","24,079,449","35,360,053","26,230,478","19,198,162"
"2020/04/1348,650","48,900","48,300","48,300","48,970.00","48,090.00","47,210.00","54,304.17","53,907.50",0,"14,431,800","22,286,663","34,414,652","26,231,312","19,281,706"
"2020/04/1448,800","49,200","48,300","49,000","48,850.00","48,215.00","47,295.00","54,099.17","53,889.17",0,"14,206,216","18,823,100","32,564,056","26,200,988","19,309,268"
"2020/04/1649,350","49,350","48,550","49,000","48,930.00","48,535.00","47,465.00","53,875.83","53,870.83",0,"23,349,760","18,490,989","31,723,912","26,381,336","19,431,650"
"2020/04/1750,800","52,000","50,300","51,400","49,390.00","48,995.00","47,887.50","53,709.17","53,876.67",0,"32,041,675","20,373,712","30,479,721","26,729,653","19,522,116"
"2020/04/2051,400","51,400","50,000","50,100","49,560.00","49,305.00","48,122.50","53,505.83","53,870.00",34,"21,866,354","21,179,161","29,086,538","26,838,433","19,638,670"
"2020/04/2149,400","49,700","48,700","49,250","49,750.00","49,360.00","48,460.00","53,313.33","53,852.92",0,"27,407,543","23,774,310","28,371,834","27,046,616","19,813,470"
"2020/04/2248,700","50,000","48,350","49,850","49,920.00","49,385.00","48,605.00","53,164.17","53,842.50",0,"18,613,864","24,655,839","26,812,432","26,962,438","19,905,405"
"2020/04/2350,200","50,300","49,500","49,850","50,090.00","49,510.00","48,665.00","53,010.00","53,837.92",0,"18,754,442","23,736,776","25,113,358","27,000,910","19,987,030"
"2020/04/2449,650","49,750","49,000","49,350","49,680.00","49,535.00","48,742.50","52,879.17","53,829.17",0,"15,618,347","20,452,110","23,785,018","26,914,184","20,031,310"
"2020/04/2749,350","50,000","49,100","49,850","49,630.00","49,595.00","48,820.00","52,770.00","53,817.92",0,"14,049,471","18,888,733","22,492,683","26,819,184","20,077,824"
"2020/04/2849,850","50,100","49,300","50,100","49,800.00","49,775.00","48,932.50","52,651.67","53,799.58",0,"16,095,399","16,626,305","21,957,583","26,687,520","20,103,515"
"2020/04/2949,900","50,500","49,600","50,000","49,830.00","49,875.00","49,045.00","52,503.33","53,777.08",0,"15,604,533","16,024,438","21,205,097","26,584,259","20,145,378"
"2020/05/0448,900","49,100","48,500","48,500","49,560.00","49,825.00","49,180.00","52,320.00","53,737.08",0,"26,083,749","17,490,300","21,146,308","26,697,685","20,243,066"
"2020/05/0649,000","49,200","48,500","49,200","49,530.00","49,605.00","49,300.00","52,121.67","53,706.25",70,"18,070,225","17,980,675","20,968,765","26,753,403","20,316,509"
"2020/05/0749,200","49,300","48,700","48,800","49,320.00","49,475.00","49,390.00","51,928.33","53,678.75",0,"13,884,411","17,947,663","20,523,752","26,711,435","20,335,518"
"2020/05/0849,100","49,350","48,800","48,800","49,060.00","49,430.00","49,395.00","51,746.67","53,655.42",0,"15,319,700","17,792,524","20,119,950","26,748,311","20,394,966"
"2020/05/1148,900","49,250","48,300","48,400","48,740.00","49,285.00","49,335.00","51,555.00","53,620.42",0,"16,357,743","17,943,166","19,361,636","26,836,420","20,476,479"
"2020/05/1248,400","48,500","47,550","47,900","48,620.00","49,090.00","49,300.00","51,345.00","53,582.08",0,"23,433,590","17,413,134","19,282,800","27,011,909","20,619,883"
"2020/05/1347,250","48,550","47,200","48,550","48,490.00","49,010.00","49,272.50","51,142.50","53,546.67",60,"20,223,277","17,843,744","19,162,561","27,041,468","20,688,326"
"2020/05/1447,750","48,100","47,650","48,000","48,330.00","48,825.00","49,210.00","50,912.50","53,499.17",0,"19,305,974","18,928,057","19,235,904","27,141,966","20,768,348"
"2020/05/1548,400","48,450","47,700","47,850","48,140.00","48,600.00","49,187.50","50,685.00","53,452.08",0,"18,463,118","19,556,740","19,437,470","27,304,008","20,857,653"
"2020/05/1847,950","49,100","47,600","48,800","48,220.00","48,480.00","49,177.50","50,501.67","53,412.92",0,"20,481,981","20,381,588","19,751,258","27,367,470","20,954,110"
"2020/05/1950,100","50,500","49,700","50,300","48,700.00","48,660.00","49,242.50","50,336.67","53,398.75",0,"25,168,295","20,728,529","19,842,185","27,571,083","21,059,178"
"2020/05/2050,000","50,200","49,800","50,000","48,990.00","48,740.00","49,172.50","50,170.00","53,390.42",0,"14,896,899","19,663,253","18,984,946","27,576,166","21,064,164"
"2020/05/2150,300","50,400","49,850","49,950","49,380.00","48,855.00","49,165.00","50,015.83","53,376.67",0,"14,949,266","18,791,912","18,639,091","27,595,697","21,118,088"
"2020/05/2249,600","49,800","48,600","48,750","49,560.00","48,850.00","49,140.00","49,881.67","53,351.25",0,"19,706,284","19,040,545","18,254,028","27,497,010","21,206,885"
"2020/05/2548,750","48,900","48,450","48,850","49,570.00","48,895.00","49,090.00","49,730.83","53,326.67",0,"14,337,913","17,811,731","18,040,231","27,337,885","21,098,266"
"2020/05/2648,700","49,450","48,600","49,250","49,360.00","49,030.00","49,060.00","49,610.00","53,302.08",0,"15,127,490","15,803,570","17,858,883","27,165,291","21,161,443"
"2020/05/2748,950","50,000","48,800","49,900","49,340.00","49,165.00","49,087.50","49,510.00","53,290.42",0,"19,548,479","16,733,886","18,055,390","27,104,274","21,267,398"
"2020/05/2851,100","51,200","49,900","50,400","49,430.00","49,405.00","49,115.00","49,446.67","53,291.25",0,"31,309,318","20,005,897","18,918,382","27,125,192","21,435,148"
"2020/05/2950,000","50,700","49,700","50,700","49,820.00","49,690.00","49,145.00","49,375.00","53,293.75",0,"27,596,961","21,584,032","19,493,460","27,078,418","21,507,812"
"2020/06/0150,800","51,200","50,600","51,200","50,290.00","49,930.00","49,205.00","49,305.00","53,304.58",0,"16,949,183","22,106,286","19,560,693","26,855,399","21,548,557"
"2020/06/0251,000","51,500","50,800","51,400","50,720.00","50,040.00","49,350.00","49,205.00","53,320.83",0,"14,247,933","21,930,375","18,968,902","26,680,103","21,556,902"
"2020/06/0351,800","55,000","51,700","54,500","51,640.00","50,490.00","49,615.00","49,150.00","53,362.50",0,"49,257,814","27,872,242","20,528,281","27,139,416","21,880,303"
"2020/06/0455,800","57,000","54,600","54,600","52,480.00","50,955.00","49,905.00","49,118.33","53,397.50",33,"40,220,334","29,654,445","21,845,078","27,497,811","22,120,351"
"2020/06/0554,400","55,900","54,000","55,500","53,440.00","51,630.00","50,240.00","49,140.00","53,433.33",0,"22,743,629","28,683,779","22,216,274","27,372,513","22,239,292"
"2020/06/0856,400","56,500","54,700","54,900","54,180.00","52,235.00","50,565.00","49,145.00","53,461.67",0,"25,634,965","30,420,935","22,680,135","27,264,654","22,395,561"
"2020/06/0955,800","56,500","54,400","55,500","55,000.00","52,860.00","50,945.00","49,201.67","53,491.67",30,"23,998,831","32,371,115","22,708,397","26,902,846","22,500,721"
"2020/06/1055,100","55,900","54,900","55,400","55,180.00","53,410.00","51,287.50","49,278.33","53,509.17",0,"16,742,493","25,868,050","22,534,358","26,379,388","22,397,086"
"2020/06/1154,500","55,100","53,200","54,300","55,120.00","53,800.00","51,602.50","49,350.83","53,505.83",0,"33,815,123","24,587,008","23,259,815","25,951,924","22,527,877"
"2020/06/1252,100","52,800","51,500","52,300","54,480.00","53,960.00","51,825.00","49,407.50","53,485.83",0,"26,976,019","25,433,486","23,685,461","25,845,861","22,656,740"
"2020/06/1551,400","52,000","49,900","49,900","53,480.00","53,830.00","51,880.00","49,450.83","53,429.17",0,"28,772,921","26,061,077","24,100,008","25,471,774","22,735,194"
"2020/06/1651,200","52,100","50,600","52,100","52,800.00","53,900.00","51,970.00","49,559.17","53,394.17",0,"21,808,375","25,622,986","23,932,012","25,166,036","22,787,279"
"2020/06/1752,100","52,900","51,300","52,200","52,160.00","53,670.00","52,080.00","49,713.33","53,362.50",0,"26,672,595","27,609,007","24,520,796","24,661,821","22,891,380"
"2020/06/1852,200","52,300","51,600","52,300","51,760.00","53,440.00","52,197.50","49,828.33","53,331.67",0,"15,982,926","24,042,567","24,572,479","24,099,370","22,923,775"
"2020/06/1952,600","52,900","51,600","52,900","51,880.00","53,180.00","52,405.00","50,001.67","53,310.00",0,"18,157,985","22,278,960","24,495,064","23,706,975","22,993,098"
"2020/06/2252,000","52,600","51,800","52,000","52,300.00","52,890.00","52,562.50","50,085.83","53,285.00",0,"13,801,350","19,284,646","24,468,236","23,106,966","23,009,205"
"2020/06/2352,500","52,800","51,100","51,400","52,160.00","52,480.00","52,670.00","50,131.67","53,251.67",0,"18,086,152","18,540,202","24,616,169","22,529,470","23,079,548"
"2020/06/2451,900","53,900","51,600","52,900","52,300.00","52,230.00","52,820.00","50,216.67","53,221.67",0,"24,519,552","18,109,593","24,864,723","22,235,044","23,181,269"
"2020/06/2552,100","53,000","51,900","51,900","52,220.00","51,990.00","52,895.00","50,276.67","53,189.17",0,"18,541,624","18,621,333","24,226,338","21,879,135","23,266,142"
"2020/06/2652,800","53,900","52,200","53,300","52,300.00","52,090.00","53,025.00","50,367.50","53,173.33",0,"21,575,360","19,304,808","23,925,258","21,792,101","23,337,660"
"2020/06/2952,500","53,200","52,000","52,400","52,380.00","52,340.00","53,085.00","50,445.00","53,147.50",0,"17,776,925","20,099,923","23,966,645","21,577,478","23,357,282"
"2020/06/3053,900","53,900","52,800","52,800","52,660.00","52,410.00","53,155.00","50,561.67","53,125.00",2,"21,157,172","20,714,127","24,312,107","21,475,772","23,447,934"
"2020/07/0153,400","53,600","52,400","52,600","52,600.00","52,450.00","53,060.00","50,658.33","53,098.33",0,"16,706,143","19,151,445","22,684,524","21,393,857","23,503,737"
"2020/07/0252,100","52,900","52,100","52,900","52,800.00","52,510.00","52,975.00","50,756.67","53,065.83",0,"14,142,583","18,271,637","21,380,636","21,249,822","23,425,749"
"2020/07/0353,000","53,600","52,700","53,600","52,860.00","52,580.00","52,880.00","50,838.33","53,024.17",0,"11,887,868","16,334,138","20,837,848","21,058,024","23,323,960"
"2020/07/0654,000","55,000","53,800","55,000","53,380.00","52,880.00","52,885.00","50,928.33","52,986.67",0,"19,856,623","16,750,078","20,548,931","20,863,567","23,356,097"
"2020/07/0755,800","55,900","53,400","53,400","53,500.00","53,080.00","52,780.00","51,008.33","52,931.67",39,"30,760,032","18,670,650","20,886,991","20,959,396","23,517,771"
"2020/07/0853,600","53,900","52,900","53,000","53,580.00","53,090.00","52,660.00","51,073.33","52,873.33",40,"19,664,652","19,262,352","21,033,099","20,910,006","23,540,757"
"2020/07/0953,200","53,600","52,800","52,800","53,560.00","53,180.00","52,585.00","51,132.50","52,821.67",42,"17,054,850","19,844,805","20,195,085","20,896,935","23,563,707"
"2020/07/1053,100","53,200","52,300","52,700","53,380.00","53,120.00","52,605.00","51,205.83","52,755.00",42,"13,714,746","20,210,181","19,532,022","20,884,984","23,558,148"
"2020/07/1353,300","53,800","53,100","53,400","53,060.00","53,220.00","52,780.00","51,279.17","52,689.17",0,"12,240,188","18,686,894","18,705,385","20,852,217","23,526,602"
"2020/07/1453,700","53,800","53,200","53,800","53,140.00","53,320.00","52,865.00","51,359.17","52,617.50",30,"14,269,484","15,388,784","18,328,441","20,700,879","23,541,108"
"2020/07/1554,400","55,000","54,300","54,700","53,480.00","53,530.00","52,990.00","51,414.17","52,561.67",0,"24,051,450","16,266,144","18,197,383","20,567,708","23,648,681"
"2020/07/1654,800","54,800","53,800","53,800","53,680.00","53,620.00","53,065.00","51,475.83","52,490.83",0,"16,779,127","16,210,999","18,237,193","20,482,921","23,660,677"
"2020/07/1754,200","54,700","54,100","54,400","54,020.00","53,700.00","53,140.00","51,561.67","52,437.50",0,"10,096,174","15,487,285","17,834,103","20,194,399","23,620,507"
"2020/07/2054,800","54,800","54,000","54,200","54,180.00","53,620.00","53,250.00","51,634.17","52,399.17",0,"10,507,530","15,140,753","17,669,412","20,059,293","23,510,865"
"2020/07/2155,200","55,400","54,800","55,300","54,480.00","53,810.00","53,445.00","51,725.00","52,367.50",0,"18,297,260","15,946,308","17,679,967","20,051,673","23,526,292"
"2020/07/2255,300","55,500","54,700","54,700","54,480.00","53,980.00","53,535.00","51,814.17","52,346.67",0,"12,885,057","13,713,030","17,098,242","20,006,118","23,460,151"
"2020/07/2354,700","54,700","53,800","54,100","54,540.00","54,110.00","53,645.00","51,885.00","52,327.50",0,"16,214,932","13,600,191","16,981,908","20,042,209","23,430,697"
"2020/07/2454,000","54,400","53,700","54,200","54,500.00","54,260.00","53,690.00","51,953.33","52,302.50",0,"10,994,535","13,779,863","16,452,867","19,957,195","23,322,357"
"2020/07/2754,300","55,700","54,300","55,600","54,780.00","54,480.00","53,850.00","52,046.67","52,275.00",18,"21,054,421","15,889,241","16,616,741","20,048,026","23,316,143"
"2020/07/2857,000","58,800","56,400","58,600","55,440.00","54,960.00","54,140.00","52,215.00","52,267.50",0,"48,431,566","21,916,102","17,980,461","20,420,490","23,559,088"
"2020/07/2960,300","60,400","58,600","59,000","56,300.00","55,390.00","54,460.00","52,378.33","52,250.00",0,"36,476,611","26,634,413","18,968,984","20,727,263","23,740,333"
"2020/07/3059,700","60,100","59,000","59,000","57,280.00","55,910.00","54,765.00","52,548.33","52,238.33",21,"19,285,354","27,248,497","19,226,123","20,817,279","23,764,357"
"2020/07/3159,500","59,600","57,700","57,900","58,020.00","56,260.00","54,980.00","52,700.00","52,223.33",0,"21,943,345","29,438,259","19,728,897","20,927,673","23,837,992"
"2020/08/0357,800","57,900","56,700","56,800","58,260.00","56,520.00","55,070.00","52,840.00","52,197.50",0,"21,158,940","29,459,163","19,794,013","21,007,693","23,922,056"
"2020/08/0457,200","58,100","57,000","57,300","58,000.00","56,720.00","55,265.00","52,996.67","52,170.83",0,"19,419,694","23,656,789","19,226,996","20,940,795","23,976,352"
"2020/08/0557,300","57,500","56,300","56,900","57,580.00","56,940.00","55,460.00","53,135.83","52,139.17",0,"17,739,706","19,909,408","19,130,749","20,899,402","23,970,435"
"2020/08/0657,100","58,400","57,100","58,000","57,380.00","57,330.00","55,720.00","53,302.50","52,107.50",0,"21,625,874","20,377,512","19,359,300","20,938,067","24,040,016"
"2020/08/0757,900","58,400","57,100","57,500","57,300.00","57,660.00","55,960.00","53,463.33","52,074.17",30,"18,751,717","19,739,186","19,611,148","20,942,877","24,123,442"
"2020/08/1057,600","58,300","57,500","57,800","57,500.00","57,880.00","56,180.00","53,613.33","52,057.50",0,"17,774,291","19,062,256","19,887,853","20,897,749","24,132,609"
"2020/08/1158,000","59,500","57,800","58,200","57,680.00","57,840.00","56,400.00","53,745.00","52,040.83",0,"24,907,912","20,159,900","20,419,775","20,893,409","24,232,246"
"2020/08/1258,200","59,000","57,700","59,000","58,100.00","57,840.00","56,615.00","53,895.00","52,032.50",0,"18,573,934","20,326,746","20,145,899","20,954,693","24,265,430"
"2020/08/1359,400","59,600","58,000","58,700","58,240.00","57,810.00","56,860.00","54,040.83","52,028.33",0,"22,089,460","20,419,463","20,411,416","21,073,696","24,334,697"
"2020/08/1458,000","58,400","57,700","58,000","58,340.00","57,820.00","57,040.00","54,195.00","52,038.33",0,"15,672,548","19,803,629","20,690,234","21,006,467","24,251,739"
"2020/08/1858,900","59,900","58,000","58,400","58,460.00","57,980.00","57,250.00","54,354.17","52,042.50",0,"25,307,825","21,310,336","21,430,249","21,189,299","24,263,592"
"2020/08/1959,000","59,200","57,800","57,800","58,380.00","58,030.00","57,375.00","54,496.67","52,053.33",0,"16,930,719","19,714,897","21,361,922","21,219,353","24,192,322"
"2020/08/2057,600","57,600","55,300","55,400","57,660.00","57,880.00","57,410.00","54,588.33","52,049.17",2,"30,386,029","22,077,316","22,236,971","21,399,979","24,252,126"
"2020/08/2156,200","56,900","55,800","55,900","57,100.00","57,670.00","57,500.00","54,680.00","52,063.33",69,"21,142,288","21,887,882","22,483,338","21,230,528","24,177,860"
"2020/08/2455,800","56,600","55,400","56,100","56,720.00","57,530.00","57,595.00","54,770.00","52,072.50",0,"15,055,896","21,764,551","22,686,407","21,021,510","24,049,964"
"2020/08/2556,400","56,800","56,100","56,400","56,320.00","57,390.00","57,635.00","54,856.67","52,080.83",0,"14,021,705","19,507,327","22,334,771","20,972,719","23,914,059"
"2020/08/2656,400","56,500","55,700","56,400","56,040.00","57,210.00","57,525.00","54,940.00","52,072.50",0,"17,651,593","19,651,502","20,795,772","21,029,447","23,854,775"
"2020/08/2756,300","56,300","55,600","55,600","56,080.00","56,870.00","57,355.00","54,958.33","52,054.17",0,"16,196,568","16,813,610","19,781,770","20,478,426","23,808,921"
"2020/08/2856,100","56,300","55,400","55,400","55,980.00","56,540.00","57,175.00","54,971.67","52,045.00",0,"14,619,888","15,509,130","19,548,497","20,051,752","23,774,781"
"2020/08/3156,000","56,100","54,000","54,000","55,560.00","56,140.00","56,980.00","54,946.67","52,043.33",2,"32,671,367","19,032,224","20,084,898","20,217,214","23,794,864"
"2020/09/0154,100","54,800","54,100","54,200","55,120.00","55,720.00","56,850.00","54,935.00","52,040.00",58,"19,363,117","20,100,507","19,995,107","20,112,683","23,688,669"
"2020/09/0254,600","55,100","54,100","54,400","54,720.00","55,380.00","56,705.00","54,916.67","52,059.17",70,"16,905,723","19,951,333","19,869,408","19,994,465","23,448,656"
"2020/09/0355,600","56,700","55,500","56,400","54,880.00","55,480.00","56,680.00","54,933.33","52,105.83",0,"28,384,920","22,389,003","20,401,669","20,188,505","23,283,947"
"2020/09/0455,200","55,800","55,100","55,600","54,920.00","55,450.00","56,560.00","54,955.00","52,152.92",0,"22,139,109","23,892,847","20,427,330","19,993,905","22,972,915"
"2020/09/0756,100","57,300","55,800","56,500","55,420.00","55,490.00","56,510.00","55,025.00","52,216.25",0,"18,685,880","21,095,750","20,424,039","19,855,736","22,850,798"
"2020/09/0857,400","58,700","57,200","58,700","56,320.00","55,720.00","56,555.00","55,171.67","52,311.25",0,"31,517,520","23,526,630","21,111,200","19,901,480","22,686,627"
"2020/09/0958,200","59,300","57,800","58,400","57,120.00","55,920.00","56,565.00","55,276.67","52,417.92",0,"30,597,399","26,264,966","21,395,674","20,047,963","22,607,000"
"2020/09/1059,900","60,000","59,100","59,200","57,680.00","56,280.00","56,575.00","55,393.33","52,553.33",0,"29,923,293","26,572,640","21,963,142","20,102,142","22,381,981"
"2020/09/1159,300","59,400","58,200","59,000","58,360.00","56,640.00","56,590.00","55,505.00","52,666.67",0,"16,017,098","25,348,238","21,659,524","20,102,711","22,101,040"
"2020/09/1460,200","60,800","59,900","60,400","59,140.00","57,280.00","56,710.00","55,630.00","52,815.83",0,"20,648,281","25,740,718","21,908,311","20,144,216","21,925,596"
"2020/09/1560,900","61,000","60,500","61,000","59,600.00","57,960.00","56,840.00","55,780.00","52,932.92",0,"17,877,075","23,012,629","21,536,773","20,212,145","21,659,555"
"2020/09/1661,100","61,300","60,600","61,000","60,120.00","58,620.00","57,000.00","55,940.00","53,035.83",0,"17,041,444","20,301,438","21,542,310","20,194,733","21,362,101"
"2020/09/1760,700","60,800","59,300","59,500","60,180.00","58,930.00","57,205.00","56,050.00","53,133.33",0,"25,108,356","19,338,451","21,278,426","20,204,546","21,219,795"
"2020/09/1859,800","59,900","59,100","59,300","60,240.00","59,300.00","57,375.00","56,173.33","53,225.00",0,"18,884,571","19,911,945","21,165,540","20,210,262","21,044,698"
"2020/09/2159,100","60,000","59,000","59,200","60,000.00","59,570.00","57,530.00","56,271.67","53,319.58",0,"15,140,387","18,810,367","21,169,765","20,103,013","20,947,557"
"2020/09/2259,100","59,700","57,800","58,200","59,440.00","59,520.00","57,620.00","56,368.33","53,406.67",0,"20,830,381","19,401,028","21,510,199","20,153,904","20,865,691"
"2020/09/2358,400","58,800","57,400","58,600","58,960.00","59,540.00","57,730.00","56,465.00","53,513.33",0,"20,111,398","20,015,019","21,633,189","20,136,474","20,806,123"
"2020/09/2457,700","58,600","57,600","57,800","58,620.00","59,400.00","57,840.00","56,551.67","53,605.00",0,"17,564,020","18,506,151","21,701,561","20,150,772","20,772,314"
"2020/09/2557,700","58,200","57,700","57,900","58,340.00","59,290.00","57,965.00","56,635.00","53,695.83",0,"11,444,683","17,018,174","21,542,801","20,105,807","20,677,814"
"2020/09/2858,300","58,800","57,900","58,200","58,140.00","59,070.00","58,175.00","56,711.67","53,775.00",0,"12,614,080","16,512,912","20,539,937","20,117,910","20,587,967"
"2020/09/2958,300","59,000","58,200","58,200","58,140.00","58,790.00","58,375.00","56,765.00","53,846.67",0,"15,503,563","15,447,549","20,346,959","20,045,359","20,454,463"
"2020/10/0557,500","59,200","57,500","58,700","58,160.00","58,560.00","58,590.00","56,853.33","53,930.83",60,"20,228,289","15,470,927","20,513,087","19,869,830","20,414,613"
"2020/10/0659,400","59,900","58,700","59,000","58,400.00","58,510.00","58,720.00","56,953.33","54,013.33",0,"14,463,826","14,850,888","19,817,033","19,783,150","20,346,578"
"2020/10/0758,700","59,900","58,500","59,900","58,800.00","58,570.00","58,935.00","57,071.67","54,102.08",30,"14,861,838","15,534,319","19,453,169","19,746,600","20,321,767"
"2020/10/0860,500","60,700","59,500","59,700","59,100.00","58,620.00","59,095.00","57,188.33","54,197.08",0,"24,589,924","17,929,488","19,748,371","19,927,853","20,406,418"
"2020/10/1260,000","60,400","59,900","60,400","59,540.00","58,840.00","59,180.00","57,305.00","54,292.08",0,"16,145,837","18,057,943","18,979,787","19,992,947","20,422,582"
"2020/10/1361,000","61,400","60,400","60,900","59,980.00","59,070.00","59,305.00","57,423.33","54,391.25",0,"19,247,631","17,861,811","18,412,299","20,075,916","20,388,397"
"2020/10/1461,000","61,100","60,500","60,900","60,360.00","59,380.00","59,390.00","57,526.67","54,470.42",0,"16,086,716","18,186,389","17,720,470","19,943,170","20,255,439"
"2020/10/1560,700","60,800","59,700","60,000","60,380.00","59,590.00","59,440.00","57,630.00","54,552.92",0,"17,756,232","18,765,268","17,807,427","19,959,456","20,221,188"
"2020/10/1660,000","60,400","59,000","59,500","60,340.00","59,720.00","59,395.00","57,715.00","54,638.33",0,"16,554,190","17,158,121","17,602,722","20,067,089","20,130,744"
"2020/10/1959,600","60,200","59,500","60,000","60,260.00","59,900.00","59,345.00","57,811.67","54,722.92",0,"14,474,985","16,823,951","17,432,618","20,133,213","20,096,253"
"2020/10/2060,300","60,900","60,100","60,900","60,260.00","60,120.00","59,340.00","57,905.00","54,815.00",0,"19,326,115","16,839,648","17,546,851","20,150,361","20,101,017"
"2020/10/2161,200","61,500","60,600","60,900","60,260.00","60,310.00","59,410.00","58,008.33","54,911.25",0,"15,703,443","16,762,993","17,076,605","20,197,334","20,101,726"
"2020/10/2260,300","60,500","59,800","60,100","60,280.00","60,330.00","59,450.00","58,108.33","54,996.67",0,"14,294,095","16,070,566","16,847,082","20,165,320","20,103,765"
"2020/10/2360,400","60,400","59,800","60,200","60,420.00","60,380.00","59,500.00","58,208.33","55,080.83",0,"9,322,232","14,624,174","16,556,174","20,137,448","20,047,322"
"2020/10/2660,400","61,100","60,100","60,400","60,500.00","60,380.00","59,610.00","58,288.33","55,167.50",0,"13,268,226","14,382,822","16,178,066","20,007,678","20,027,852"
"2020/10/2760,300","60,300","59,500","59,800","60,280.00","60,270.00","59,670.00","58,308.33","55,261.67",0,"17,260,416","13,969,682","16,035,517","19,488,159","19,954,325"
"2020/10/2859,400","59,400","58,800","59,000","59,900.00","60,080.00","59,730.00","58,308.33","55,343.33",0,"14,428,882","13,714,770","15,878,760","19,120,697","19,923,980"
"2020/10/2958,200","58,500","57,500","58,100","59,500.00","59,890.00","59,740.00","58,293.33","55,420.83",0,"22,636,966","15,383,344","16,438,374","19,176,557","19,996,918"
"2020/10/3058,000","58,000","56,600","56,600","58,780.00","59,600.00","59,660.00","58,271.67","55,485.83",2,"26,907,844","18,900,467","17,153,063","19,259,299","20,093,486"
"2020/11/0256,400","57,500","56,000","57,400","58,180.00","59,340.00","59,620.00","58,281.67","55,560.83",47,"20,489,076","20,344,637","17,402,338","19,248,135","20,127,914"
"2020/11/0357,900","58,900","57,600","58,800","57,980.00","59,130.00","59,625.00","58,306.67","55,651.67",0,"14,950,919","19,882,737","17,138,470","19,173,655","20,057,225"
"2020/11/0458,900","59,000","57,800","58,500","57,880.00","58,890.00","59,600.00","58,333.33","55,734.58",0,"21,718,561","21,340,673","17,501,206","19,239,969","20,069,686"
"2020/11/0559,000","60,300","58,800","60,300","58,320.00","58,910.00","59,620.00","58,371.67","55,837.08",0,"20,639,475","20,941,175","17,790,088","19,223,529","20,080,798"
"2020/11/0660,700","60,800","59,600","60,100","59,020.00","58,900.00","59,640.00","58,415.00","55,939.17",0,"16,910,230","18,941,652","17,406,104","19,192,838","20,067,857"
"2020/11/0960,700","60,900","60,100","60,200","59,580.00","58,880.00","59,630.00","58,455.00","56,034.17",0,"15,892,961","18,022,429","17,393,460","19,161,482","20,029,615"
"2020/11/1060,500","60,500","59,500","60,200","59,860.00","58,920.00","59,595.00","58,488.33","56,116.67",0,"19,073,552","18,846,956","17,384,756","19,064,243","19,978,826"
"2020/11/1160,700","61,400","60,400","61,300","60,420.00","59,150.00","59,615.00","58,526.67","56,210.83",0,"25,628,510","19,628,946","17,861,846","19,181,819","20,068,256"
"2020/11/1261,000","61,400","60,700","61,000","60,560.00","59,440.00","59,665.00","58,565.00","56,302.92",30,"19,800,573","19,461,165","17,964,063","19,143,671","20,108,684"
"2020/11/1361,300","63,200","61,000","63,200","61,180.00","60,100.00","59,850.00","58,651.67","56,423.33",0,"31,508,829","22,380,885","18,711,795","19,407,609","20,207,038"
"2020/11/1664,000","66,700","63,900","66,300","62,400.00","60,990.00","60,165.00","58,783.33","56,568.75",0,"36,354,334","26,473,160","19,805,762","19,591,718","20,390,508"
"2020/11/1767,000","67,000","65,600","65,700","63,500.00","61,680.00","60,405.00","58,915.00","56,705.83",0,"30,204,089","28,699,267","20,349,661","19,812,940","20,516,147"
"2020/11/1865,700","66,200","64,700","64,800","64,200.00","62,310.00","60,600.00","59,071.67","56,830.00",0,"22,963,790","28,166,323","20,712,678","19,689,236","20,544,608"
"2020/11/1964,100","64,800","63,900","64,600","64,920.00","62,740.00","60,825.00","59,216.67","56,948.33",0,"16,590,290","27,524,266","20,827,488","19,613,370","20,421,949"
"2020/11/2063,900","65,200","63,900","64,700","65,220.00","63,200.00","61,050.00","59,360.00","57,065.00",0,"15,068,682","24,236,237","21,114,810","19,613,583","20,317,547"
"2020/11/2364,800","67,800","64,700","67,500","65,460.00","63,930.00","61,405.00","59,545.00","57,200.83",18,"26,745,589","22,314,488","21,788,678","19,825,648","20,399,183"
