2018-06-26,"99,400","100,500","98,600","99,800", , , , , ,0,"196,109", , , , 
2018-06-27,"99,200","99,600","98,500","99,100", , , , , ,0,"174,554", , , , 
2018-06-28,"99,400","99,400","97,500","98,000", , , , , ,0,"189,386", , , , 
2018-06-29,"98,300","98,500","96,500","98,400", , , , , ,0,"199,789", , , , 
2018-07-02,"98,000","98,200","95,200","95,600","98,180.00", , , , ,0,"352,029","222,373.40", , , 
2018-07-03,"96,000","96,800","95,400","96,600","97,540.00", , , , ,0,"173,388","217,829.20", , , 
2018-07-04,"95,800","97,100","95,500","96,300","96,980.00", , , , ,0,"103,656","203,649.60", , , 
2018-07-05,"96,300","98,200","95,800","96,600","96,700.00", , , , ,0,"178,694","201,511.20", , , 
2018-07-06,"96,600","98,700","96,600","97,900","96,600.00", , , , ,0,"252,505","212,054.40", , , 
2018-07-09,"97,500","99,400","96,500","98,500","97,180.00","97,680.00", , , ,0,"187,386","179,125.80", , , 
2018-07-10,"98,500","99,100","97,600","97,900","97,440.00","97,490.00", , , ,0,"188,887","182,225.60", , , 
2018-07-11,"96,700","97,600","96,300","96,700","97,520.00","97,250.00", , , ,0,"209,185","203,331.40", , , 
2018-07-12,"96,900","97,500","96,200","96,600","97,520.00","97,110.00", , , ,0,"269,930","221,578.60", , , 
2018-07-13,"96,500","97,400","95,600","95,900","97,120.00","96,860.00", , , ,0,"267,163","224,510.20", , , 
2018-07-16,"95,600","96,700","95,500","96,300","96,680.00","96,930.00", , , ,0,"168,957","220,824.40", , , 
2018-07-17,"95,900","96,900","95,800","96,200","96,340.00","96,890.00", , , ,0,"107,999","204,646.80", , , 
2018-07-18,"96,500","98,600","96,500","96,700","96,340.00","96,930.00", , , ,0,"192,845","201,378.80", , , 
2018-07-19,"96,800","96,900","95,000","95,500","96,120.00","96,820.00", , , ,0,"218,127","191,018.20", , , 
2018-07-20,"95,500","97,600","94,700","97,300","96,400.00","96,760.00", , , ,0,"199,077","177,401.00", , , 
2018-07-23,"97,300","98,900","97,100","98,200","96,780.00","96,730.00","97,205.00", , ,0,"181,199","179,849.40","200,543.25", , 
2018-07-24,"98,800","99,000","97,400","98,600","97,260.00","96,800.00","97,145.00", , ,0,"145,398","187,329.20","198,007.70", , 
2018-07-25,"98,400","99,400","96,300","97,400","97,400.00","96,870.00","97,060.00", , ,0,"150,965","178,953.20","196,828.25", , 
2018-07-26,"97,900","97,900","95,000","95,100","97,320.00","96,720.00","96,915.00", , ,2,"319,499","199,227.60","203,333.90", , 
2018-07-27,"95,600","95,900","94,800","95,700","97,000.00","96,700.00","96,780.00", , ,58,"186,475","196,707.20","202,668.20", , 
2018-07-30,"95,500","96,300","95,500","96,000","96,560.00","96,670.00","96,800.00", , ,59,"148,128","190,093.00","192,473.15", , 
2018-07-31,"96,300","96,600","95,600","96,300","96,100.00","96,680.00","96,785.00", , ,0,"141,838","189,381.00","190,895.65", , 
2018-08-01,"96,600","97,100","96,100","96,600","95,940.00","96,670.00","96,800.00", , ,0,"107,817","180,751.40","191,103.70", , 
2018-08-02,"96,300","96,600","95,400","95,500","96,020.00","96,670.00","96,745.00", , ,0,"104,767","137,805.00","187,407.35", , 
2018-08-03,"95,500","95,600","94,900","95,200","95,920.00","96,460.00","96,610.00", , ,0,"150,181","130,546.20","182,291.15", , 
2018-08-06,"95,000","99,200","95,000","98,600","96,440.00","96,500.00","96,615.00", , ,60,"384,565","177,833.60","192,150.10", , 
2018-08-07,"98,000","98,600","97,300","98,400","96,860.00","96,480.00","96,640.00", , ,0,"127,913","175,048.60","189,101.40", , 
2018-08-08,"97,600","98,200","97,600","97,900","97,120.00","96,530.00","96,700.00", , ,0,"98,287","173,142.60","183,556.50", , 
2018-08-09,"97,800","98,300","97,200","97,400","97,500.00","96,760.00","96,740.00", , ,0,"208,831","193,955.40","180,501.55", , 
2018-08-10,"97,200","98,200","96,700","97,000","97,860.00","96,890.00","96,795.00", , ,0,"210,740","206,067.20","177,680.40", , 
2018-08-13,"96,800","96,800","93,200","94,000","96,940.00","96,690.00","96,680.00", , ,0,"441,982","217,550.60","191,331.65", , 
2018-08-14,"94,300","94,300","93,300","93,600","95,980.00","96,420.00","96,550.00", , ,0,"130,791","218,126.20","192,471.25", , 
2018-08-16,"92,900","93,400","90,900","91,500","94,700.00","95,910.00","96,290.00", , ,0,"296,281","257,725.00","197,643.05", , 
2018-08-17,"91,200","91,500","90,500","90,900","93,400.00","95,450.00","96,060.00", , ,0,"154,206","246,800.00","194,447.00", , 
2018-08-20,"91,400","91,700","90,000","90,400","92,080.00","94,970.00","95,715.00", , ,0,"197,334","244,118.80","194,359.85", , 
2018-08-21,"90,500","93,400","90,000","93,200","91,920.00","94,430.00","95,465.00", , ,70,"295,950","214,912.40","200,097.40", , 
2018-08-22,"92,500","93,700","92,500","93,600","91,920.00","93,950.00","95,215.00", , ,0,"176,028","223,959.80","201,628.90", , 
2018-08-23,"93,400","93,500","91,500","91,900","92,000.00","93,350.00","94,940.00", , ,0,"234,158","211,535.20","205,788.55", , 
2018-08-24,"91,300","93,100","90,900","91,500","92,120.00","92,760.00","94,760.00", , ,0,"167,063","214,106.60","198,166.75", , 
2018-08-27,"91,500","92,300","91,200","92,200","92,480.00","92,280.00","94,585.00", , ,0,"163,088","207,257.40","196,997.40", , 
2018-08-28,"92,100","93,300","91,700","92,500","92,340.00","92,130.00","94,410.00", , ,67,"211,750","190,417.40","200,178.50", , 
2018-08-29,"92,500","93,100","91,900","92,100","92,040.00","91,980.00","94,200.00", , ,0,"107,676","176,747.00","198,470.40", , 
2018-08-30,"92,200","92,700","91,700","92,100","92,080.00","92,040.00","93,975.00", , ,0,"122,523","154,420.00","199,205.70", , 
2018-08-31,"91,900","92,600","91,300","92,500","92,280.00","92,200.00","93,825.00", , ,0,"161,126","153,232.60","202,023.65", , 
2018-09-03,"92,000","92,600","91,600","92,400","92,320.00","92,400.00","93,685.00", , ,0,"87,976","138,210.20","198,913.40", , 
2018-09-04,"92,000","92,400","91,500","92,100","92,240.00","92,290.00","93,360.00", , ,0,"114,652","118,790.60","185,417.75", , 
2018-09-05,"91,700","92,000","90,800","90,900","92,000.00","92,020.00","92,985.00", , ,0,"172,011","131,657.60","187,622.65", , 
2018-09-06,"91,000","92,300","91,000","91,800","91,940.00","92,010.00","92,680.00", , ,0,"185,541","144,261.20","191,985.35", , 
2018-09-07,"92,200","93,000","91,500","93,000","92,040.00","92,160.00","92,460.00", , ,0,"209,212","153,878.40","192,004.40", , 
2018-09-10,"92,500","92,700","91,100","92,600","92,080.00","92,200.00","92,240.00", , ,20,"155,896","167,462.40","189,262.20", , 
2018-09-11,"92,000","92,600","91,600","92,000","92,060.00","92,150.00","92,140.00", , ,0,"134,993","171,530.60","173,912.75", , 
2018-09-12,"92,100","92,100","90,900","91,600","92,200.00","92,100.00","92,040.00", , ,0,"186,091","174,346.60","176,677.75", , 
2018-09-13,"91,900","92,900","91,500","91,600","92,160.00","92,050.00","92,045.00", , ,66,"365,978","210,434.00","180,162.60", , 
2018-09-14,"91,800","92,700","91,500","92,000","91,960.00","92,000.00","92,100.00", , ,70,"233,894","215,370.40","184,147.00", , 
2018-09-17,"91,600","91,600","91,000","91,000","91,640.00","91,860.00","92,130.00", , ,0,"142,219","212,635.00","181,391.25", , 
2018-09-18,"90,600","91,500","90,600","91,100","91,460.00","91,760.00","92,025.00","94,898.33", ,0,"120,359","209,708.20","172,611.70","191,084.12", 
2018-09-19,"90,800","90,900","90,000","90,400","91,220.00","91,710.00","91,865.00","94,741.67", ,0,"256,916","223,873.20","176,656.10","192,097.57", 
2018-09-20,"90,100","91,700","90,100","91,700","91,240.00","91,700.00","91,855.00","94,618.33", ,60,"261,900","203,057.60","178,043.20","193,553.33", 
2018-09-21,"92,600","96,600","92,600","96,000","92,040.00","92,000.00","92,080.00","94,585.00", ,61,"670,255","290,329.80","203,202.80","201,567.82", 
2018-09-27,"95,000","97,100","95,000","96,000","93,040.00","92,340.00","92,270.00","94,545.00", ,0,"300,342","321,954.40","210,065.50","203,243.70", 
2018-09-28,"96,000","97,400","95,700","97,300","94,280.00","92,870.00","92,510.00","94,573.33", ,0,"205,720","339,026.60","209,764.00","200,805.22", 
2018-10-01,"97,300","97,500","95,800","96,100","95,420.00","93,320.00","92,710.00","94,565.00", ,0,"149,856","317,614.60","211,873.00","200,413.02", 
2018-10-02,"95,900","97,200","95,400","96,100","96,300.00","93,770.00","92,910.00","94,561.67", ,0,"211,067","307,448.00","216,300.20","202,203.20", 
2018-10-04,"96,700","97,000","95,600","96,500","96,400.00","94,220.00","93,110.00","94,560.00", ,0,"317,806","236,958.20","224,134.20","204,521.73", 
2018-10-05,"96,500","98,200","96,000","96,900","96,580.00","94,810.00","93,335.00","94,543.33", ,0,"343,248","245,539.40","236,897.80","206,034.12", 
2018-10-08,"97,000","97,800","94,600","94,600","96,040.00","95,160.00","93,460.00","94,478.33", ,0,"187,007","241,796.80","240,515.55","206,027.80", 
2018-10-10,"94,600","95,200","92,300","94,800","95,780.00","95,600.00","93,655.00","94,426.67", ,0,"201,984","252,222.40","242,014.20","206,246.08", 
2018-10-11,"92,500","94,700","90,900","90,900","94,740.00","95,520.00","93,610.00","94,330.00", ,0,"337,633","277,535.60","249,618.80","208,386.88", 
2018-10-12,"90,900","91,300","89,600","90,300","93,500.00","94,950.00","93,475.00","94,225.00", ,0,"278,386","269,651.60","253,077.50","208,527.82", 
2018-10-15,"90,300","90,900","89,900","90,600","92,240.00","94,410.00","93,375.00","94,136.67", ,0,"121,235","225,249.00","251,344.45","206,095.68", 
2018-10-16,"91,000","91,400","90,200","90,500","91,420.00","93,730.00","93,300.00","94,040.00", ,0,"154,266","218,700.80","252,308.10","205,850.83", 
2018-10-17,"91,800","92,400","90,400","90,800","90,620.00","93,200.00","93,260.00","93,950.00", ,0,"176,653","213,634.60","251,836.20","206,995.07", 
2018-10-18,"90,800","91,500","90,400","91,100","90,660.00","92,700.00","93,235.00","93,856.67", ,70,"156,134","177,334.80","241,344.00","206,383.22", 
2018-10-19,"91,000","91,400","90,300","91,100","90,820.00","92,160.00","93,190.00","93,783.33", ,0,"138,863","149,430.20","236,592.45","205,062.15", 
2018-10-22,"90,700","92,000","90,400","91,700","91,040.00","91,640.00","93,225.00","93,690.00", ,0,"129,576","151,098.40","235,960.30","203,903.80", 
2018-10-23,"91,200","92,600","90,300","91,100","91,160.00","91,290.00","93,225.00","93,571.67", ,0,"221,143","164,473.80","240,999.50","204,569.53", 
2018-10-24,"91,700","94,100","90,800","93,200","91,640.00","91,130.00","93,365.00","93,481.67", ,0,"299,071","188,957.40","243,107.25","207,130.75", 
2018-10-25,"92,500","93,200","91,000","92,700","91,960.00","91,310.00","93,415.00","93,403.33", ,0,"286,322","214,995.00","244,328.35","209,386.70", 
2018-10-26,"92,000","94,700","91,000","92,100","92,160.00","91,490.00","93,220.00","93,353.33", ,70,"246,767","236,575.80","223,153.95","208,174.50", 
2018-10-29,"92,300","93,300","90,600","90,900","92,000.00","91,520.00","92,965.00","93,273.33", ,0,"252,240","261,108.60","220,748.85","209,270.58", 
2018-10-30,"90,800","91,400","90,100","90,400","91,860.00","91,510.00","92,620.00","93,180.00", ,0,"207,504","258,380.80","220,838.05","210,260.18", 
2018-10-31,"90,200","92,000","89,700","92,000","91,620.00","91,630.00","92,415.00","93,108.33", ,60,"244,759","247,518.40","225,583.20","211,975.53", 
2018-11-01,"91,300","91,800","90,800","91,100","91,300.00","91,630.00","92,165.00","93,016.67", ,0,"144,728","219,199.60","222,266.25","212,590.72", 
2018-11-02,"90,800","91,800","90,800","91,700","91,220.00","91,690.00","91,925.00","92,953.33", ,70,"217,379","213,322.00","217,244.90","214,467.58", 
2018-11-05,"90,900","91,500","90,100","91,000","91,240.00","91,620.00","91,630.00","92,883.33", ,0,"147,217","192,317.40","207,443.35","214,418.18", 
2018-11-06,"91,500","91,600","90,800","91,600","91,480.00","91,670.00","91,480.00","92,766.67", ,0,"152,050","181,226.60","205,695.50","210,542.93", 
2018-11-07,"91,100","92,200","91,100","91,900","91,460.00","91,540.00","91,335.00","92,658.33", ,0,"172,504","166,775.60","204,221.50","211,286.12", 
2018-11-08,"92,200","94,000","92,200","92,400","91,720.00","91,510.00","91,410.00","92,566.67", ,29,"294,065","196,643.00","202,043.10","214,549.08", 
2018-11-09,"92,400","93,100","91,600","92,300","91,840.00","91,530.00","91,510.00","92,481.67", ,17,"180,044","189,176.00","197,126.00","214,069.30", 
2018-11-12,"92,100","93,700","92,100","93,200","92,280.00","91,760.00","91,640.00","92,418.33", ,0,"153,045","190,341.60","198,716.50","213,107.72", 
2018-11-13,"92,900","92,900","91,000","92,500","92,460.00","91,970.00","91,740.00","92,393.33", ,20,"142,484","188,428.40","198,127.40","208,116.08", 
2018-11-14,"92,400","92,500","91,200","91,700","92,420.00","91,940.00","91,785.00","92,361.67", ,0,"110,697","176,067.00","194,829.60","207,781.18", 
2018-11-15,"91,100","91,900","90,600","91,700","92,280.00","92,000.00","91,815.00","92,365.00", ,0,"106,429","138,539.80","192,344.35","204,616.98", 
2018-11-16,"91,300","91,700","90,400","90,700","91,960.00","91,900.00","91,795.00","92,361.67", ,0,"211,659","144,862.80","195,984.15","205,574.53", 
2018-11-19,"90,400","92,000","90,200","90,800","91,480.00","91,880.00","91,750.00","92,368.33", ,0,"212,461","156,746.00","200,128.40","205,826.65", 
2018-11-20,"90,800","91,200","90,200","90,700","91,120.00","91,790.00","91,730.00","92,326.67", ,70,"169,179","162,085.00","197,530.20","203,713.80", 
2018-11-21,"90,500","90,500","89,600","90,000","90,780.00","91,600.00","91,570.00","92,266.67", ,0,"221,319","184,209.40","193,642.60","204,468.65", 
2018-11-22,"89,900","89,900","85,700","86,300","89,700.00","90,990.00","91,250.00","92,173.33", ,0,"577,166","278,356.80","208,184.80","210,185.45", 
2018-11-23,"86,400","86,600","83,900","84,600","88,480.00","90,220.00","90,875.00","92,058.33", ,0,"340,628","304,150.60","212,877.85","213,078.20", 
2018-11-26,"85,000","85,800","84,200","85,800","87,480.00","89,480.00","90,620.00","91,951.67", ,0,"189,769","299,612.20","209,754.30","213,522.88", 
2018-11-27,"85,800","86,900","85,500","86,500","86,640.00","88,880.00","90,425.00","91,851.67", ,0,"161,443","298,065.00","207,451.25","212,684.43", 
2018-11-28,"86,800","87,600","85,600","87,300","86,100.00","88,440.00","90,190.00","91,771.67", ,0,"163,259","286,453.00","203,376.25","213,610.82", 
2018-11-29,"87,800","88,500","87,600","88,000","86,440.00","88,070.00","90,035.00","91,703.33", ,0,"249,184","220,856.60","208,599.05","215,721.83", 
2018-11-30,"88,000","88,200","85,800","86,500","86,820.00","87,650.00","89,775.00","91,603.33", ,0,"382,593","229,249.60","216,859.75","219,412.95", 
2018-12-03,"87,100","87,800","86,600","87,200","87,100.00","87,290.00","89,585.00","91,516.67", ,0,"219,350","235,165.80","220,466.40","221,602.52", 
2018-12-04,"87,100","87,600","86,200","86,600","87,120.00","86,880.00","89,335.00","91,425.00", ,0,"173,570","237,591.20","221,542.40","222,584.48", 
2018-12-05,"86,000","87,000","85,400","86,300","86,920.00","86,510.00","89,055.00","91,348.33", ,0,"223,898","249,719.00","224,112.10","223,449.27", 
2018-12-06,"86,300","86,600","84,200","84,800","86,280.00","86,360.00","88,675.00","91,231.67", ,0,"260,931","252,068.40","222,455.40","224,705.77", 
2018-12-07,"85,000","85,800","84,400","85,200","86,020.00","86,420.00","88,320.00","91,101.67", ,0,"184,139","212,377.60","222,660.15","224,287.88", 
2018-12-10,"84,800","85,800","84,500","85,500","85,680.00","86,390.00","87,935.00","90,983.33", ,0,"208,762","210,260.00","225,446.00","225,168.98", 
2018-12-11,"85,000","85,600","82,000","82,300","84,820.00","85,970.00","87,425.00","90,821.67", ,0,"441,394","263,824.80","240,391.50","230,275.67", 
2018-12-12,"81,800","84,100","81,800","83,700","84,300.00","85,610.00","87,025.00","90,690.00", ,0,"271,171","273,279.40","248,415.20","231,693.67", 
2018-12-13,"83,900","85,100","83,900","84,200","84,180.00","85,230.00","86,650.00","90,566.67", ,0,"454,374","311,968.00","265,812.45","233,166.93", 
2018-12-14,"84,200","86,200","83,800","83,900","83,920.00","84,970.00","86,310.00","90,431.67", ,66,"265,184","328,177.00","268,488.70","233,688.43", 
2018-12-17,"84,200","85,200","84,200","84,200","83,660.00","84,670.00","85,980.00","90,318.33", ,0,"171,215","320,667.60","266,426.40","234,171.70", 
2018-12-18,"84,100","85,000","83,500","84,000","84,000.00","84,410.00","85,645.00","90,200.00","92,549.17",0,"172,452","266,879.20","266,590.05","235,039.92","213,062.02"
2018-12-19,"84,400","84,800","83,800","84,600","84,180.00","84,240.00","85,375.00","90,103.33","92,422.50",0,"203,553","253,355.60","265,701.75","234,150.53","213,124.05"
2018-12-20,"84,200","84,600","83,200","83,700","84,080.00","84,130.00","85,245.00","89,970.00","92,294.17",0,"251,308","212,742.40","249,408.85","233,974.00","213,763.67"
2018-12-21,"83,800","84,200","83,300","84,000","84,100.00","84,010.00","85,215.00","89,770.00","92,177.50",0,"253,655","210,436.60","245,060.20","227,030.67","214,299.24"
2018-12-24,"84,200","85,000","83,400","84,800","84,220.00","83,940.00","85,165.00","89,583.33","92,064.17",0,"150,686","206,330.80","243,106.05","224,536.40","213,890.05"
2018-12-26,"84,200","84,500","83,500","84,000","84,220.00","84,110.00","85,040.00","89,361.67","91,967.50",0,"198,558","211,552.00","244,961.80","224,417.03","212,611.13"
2018-12-27,"82,900","82,900","81,400","81,500","83,600.00","83,890.00","84,750.00","89,118.33","91,841.67",2,"273,820","225,605.40","250,489.85","226,483.10","213,448.06"
2018-12-28,"81,500","82,000","81,300","81,600","83,180.00","83,630.00","84,430.00","88,876.67","91,719.17",54,"149,932","205,330.20","245,527.25","225,464.18","213,833.69"
2019-01-02,"81,700","82,000","79,700","80,300","82,440.00","83,270.00","84,120.00","88,606.67","91,583.33",0,"221,030","198,805.20","237,449.10","223,851.25","214,186.49"
2019-01-03,"80,700","80,900","79,800","80,600","81,600.00","82,910.00","83,790.00","88,335.00","91,439.17",69,"159,465","200,561.00","234,454.85","220,788.20","213,411.16"
2019-01-04,"80,600","82,200","80,000","81,500","81,100.00","82,660.00","83,535.00","88,116.67","91,297.50",0,"193,345","199,518.40","235,443.60","220,893.83","213,460.82"
2019-01-07,"82,100","82,500","81,400","81,700","81,140.00","82,370.00","83,305.00","87,898.33","91,162.50",0,"152,145","175,183.40","231,855.95","220,063.18","213,154.63"
2019-01-08,"82,200","82,400","80,900","81,500","81,120.00","82,150.00","83,140.00","87,741.67","91,035.83",0,"149,000","174,997.00","226,259.40","216,919.30","212,653.09"
2019-01-09,"81,100","82,200","81,100","82,200","81,500.00","81,970.00","82,990.00","87,606.67","90,915.83",0,"145,701","159,931.20","224,337.50","214,707.88","211,617.85"
2019-01-10,"81,800","81,900","80,700","81,100","81,600.00","81,600.00","82,770.00","87,448.33","90,792.50",0,"311,628","190,363.80","229,480.80","217,881.10","211,988.39"
2019-01-11,"81,200","82,600","81,200","82,600","81,820.00","81,460.00","82,785.00","87,316.67","90,678.33",0,"211,882","194,071.20","218,005.20","218,841.37","212,346.10"
2019-01-14,"82,400","82,700","81,800","82,200","81,920.00","81,530.00","82,710.00","87,173.33","90,561.67",0,"127,048","189,051.80","210,799.05","218,014.62","212,504.84"
2019-01-15,"82,500","83,700","82,000","83,300","82,280.00","81,700.00","82,665.00","87,043.33","90,450.00",0,"225,666","204,385.00","199,363.65","219,173.48","212,778.35"
2019-01-16,"82,600","83,600","82,300","82,900","82,420.00","81,960.00","82,615.00","86,906.67","90,345.00",0,"174,318","210,108.40","194,820.35","219,764.40","212,413.27"
2019-01-17,"83,400","85,600","83,200","85,400","83,280.00","82,440.00","82,675.00","86,801.67","90,245.83",18,"383,196","224,422.00","205,419.40","223,991.40","213,947.60"
2019-01-18,"85,700","85,800","84,700","85,600","83,880.00","82,850.00","82,755.00","86,710.00","90,140.83",0,"154,126","212,870.80","204,503.10","222,874.45","213,721.99"
2019-01-21,"85,600","85,700","84,500","85,400","84,520.00","83,220.00","82,795.00","86,580.00","90,030.83",0,"173,378","222,136.80","202,994.35","220,779.57","213,955.16"
2019-01-22,"85,600","88,900","85,600","88,500","85,560.00","83,920.00","83,035.00","86,510.00","89,956.67",0,"633,907","303,785.00","222,124.30","226,572.65","217,979.67"
2019-01-23,"88,500","91,000","88,400","90,800","87,140.00","84,780.00","83,375.00","86,488.33","89,920.83",18,"490,020","366,925.40","233,942.55","230,626.87","219,400.68"
2019-01-24,"89,600","91,700","89,600","91,500","88,360.00","85,820.00","83,710.00","86,498.33","89,885.83",12,"301,733","350,632.80","241,494.90","231,451.75","220,361.17"
2019-01-25,"90,800","92,900","90,800","92,500","89,740.00","86,810.00","84,135.00","86,533.33","89,856.67",12,"461,950","412,197.60","254,664.50","235,692.52","222,976.35"
2019-01-28,"92,000","93,400","92,000","93,100","91,280.00","87,900.00","84,715.00","86,551.67","89,830.00",12,"256,923","428,906.60","253,819.65","235,895.25","223,935.39"
2019-01-29,"92,300","93,300","92,000","93,200","92,220.00","88,890.00","85,295.00","86,586.67","89,801.67",12,"244,795","351,084.20","258,562.80","237,563.03","225,076.88"
2019-01-30,"93,900","93,900","92,200","93,200","92,700.00","89,920.00","85,940.00","86,611.67","89,782.50",0,"286,515","310,383.20","261,837.05","238,715.30","226,591.44"
2019-01-31,"92,500","92,600","87,100","88,300","92,060.00","90,210.00","86,325.00","86,566.67","89,725.00",0,"1,138,071","477,650.80","310,767.35","255,229.53","234,823.86"
2019-02-01,"87,900","88,600","86,800","88,200","91,200.00","90,470.00","86,660.00","86,510.00","89,638.33",0,"347,461","454,753.00","318,473.15","258,486.38","234,514.66"
2019-02-07,"88,700","88,700","87,200","88,500","90,280.00","90,780.00","87,000.00","86,453.33","89,555.83",0,"212,140","445,796.40","321,472.90","259,146.98","235,216.55"
2019-02-08,"88,300","88,900","87,800","88,900","89,420.00","90,820.00","87,370.00","86,395.00","89,480.83",0,"215,024","439,842.20","324,774.10","257,829.63","236,189.36"
2019-02-11,"89,200","89,200","87,800","88,100","88,400.00","90,550.00","87,665.00","86,325.00","89,403.33",0,"216,913","425,921.80","328,334.70","258,444.12","236,256.71"
2019-02-12,"88,600","88,800","87,700","88,800","88,500.00","90,280.00","88,050.00","86,251.67","89,335.00",0,"211,206","240,548.80","323,313.60","259,413.47","236,260.59"
2019-02-13,"88,400","89,900","87,900","89,700","88,800.00","90,000.00","88,405.00","86,205.00","89,299.17",0,"218,302","214,717.00","323,634.60","260,677.10","234,396.59"
2019-02-14,"88,800","90,800","88,700","90,800","89,260.00","89,770.00","88,835.00","86,190.00","89,275.83",0,"344,676","241,224.20","334,516.00","264,576.75","236,178.97"
2019-02-15,"90,400","91,200","89,800","90,200","89,520.00","89,470.00","89,180.00","86,165.00","89,265.00",0,"202,096","238,638.60","333,337.50","266,171.20","235,394.09"
2019-02-18,"90,500","91,000","90,000","90,300","89,960.00","89,180.00","89,550.00","86,158.33","89,260.00",0,"131,052","221,466.40","331,174.20","264,827.75","235,201.14"
2019-02-19,"90,000","91,400","89,600","90,200","90,240.00","89,370.00","89,790.00","86,148.33","89,258.33",0,"144,095","208,044.20","319,219.15","263,688.32","234,757.48"
2019-02-20,"90,100","91,100","89,800","91,000","90,500.00","89,650.00","90,060.00","86,153.33","89,240.00",0,"204,325","205,248.80","321,729.10","264,274.08","233,993.94"
2019-02-21,"90,700","91,800","90,200","91,400","90,620.00","89,940.00","90,360.00","86,176.67","89,221.67",0,"192,141","174,741.80","322,667.25","263,787.78","234,128.22"
2019-02-22,"91,200","91,300","89,200","89,900","90,560.00","90,040.00","90,430.00","86,236.67","89,205.00",0,"242,552","182,833.00","303,099.50","258,210.88","234,198.17"
2019-02-25,"89,500","90,500","88,900","89,000","90,300.00","90,130.00","90,340.00","86,310.00","89,184.17",0,"214,869","199,596.40","289,341.95","256,114.90","234,596.55"
2019-02-26,"88,600","89,100","88,200","89,000","90,060.00","90,150.00","90,215.00","86,363.33","89,157.50",0,"176,932","206,163.80","283,101.90","255,900.95","234,711.92"
2019-02-27,"88,600","89,900","88,500","89,500","89,760.00","90,130.00","90,065.00","86,413.33","89,132.50",0,"146,442","194,587.20","267,326.50","255,650.93","234,167.68"
2019-02-28,"90,000","90,100","88,700","88,700","89,220.00","89,920.00","89,845.00","86,436.67","89,104.17",0,"305,820","217,323.00","269,771.35","258,026.95","235,818.88"
2019-03-04,"88,600","89,400","87,900","88,200","88,880.00","89,720.00","89,595.00","86,440.00","89,071.67",0,"262,931","221,398.80","270,678.15","258,256.07","236,988.95"
2019-03-05,"87,600","88,900","87,400","87,700","88,620.00","89,460.00","89,320.00","86,460.00","89,031.67",0,"193,767","217,178.40","266,040.75","255,108.97","237,260.96"
2019-03-06,"87,800","87,800","86,500","86,700","88,160.00","89,110.00","89,240.00","86,451.67","88,984.17",0,"240,566","229,905.20","221,165.50","255,462.57","238,532.54"
2019-03-07,"87,000","87,200","85,300","86,900","87,640.00","88,700.00","89,175.00","86,456.67","88,940.83",0,"254,330","251,482.80","216,508.95","256,808.57","239,696.52"
2019-03-08,"86,500","86,600","85,200","85,300","86,960.00","88,090.00","89,015.00","86,440.00","88,894.17",0,"229,440","236,206.80","217,373.95","256,900.93","240,175.10"
2019-03-11,"84,900","86,300","84,800","85,400","86,400.00","87,640.00","88,840.00","86,450.00","88,840.83",0,"159,141","215,448.80","214,579.80","255,204.43","239,955.10"
2019-03-12,"86,000","86,800","85,700","85,900","86,040.00","87,330.00","88,730.00","86,461.67","88,781.67",0,"128,736","202,442.60","210,170.95","254,281.05","239,284.47"
2019-03-13,"85,100","86,000","84,700","85,400","85,780.00","86,970.00","88,560.00","86,460.00","88,721.67",0,"153,582","185,045.80","207,289.75","253,361.38","239,265.18"
2019-03-14,"86,000","86,300","84,800","85,700","85,540.00","86,590.00","88,360.00","86,516.67","88,669.17",0,"350,236","204,227.00","213,886.45","251,842.08","241,058.88"
2019-03-15,"85,700","88,700","85,600","88,100","86,100.00","86,530.00","88,225.00","86,590.00","88,640.00",0,"335,059","225,350.80","213,405.60","252,906.88","242,300.27"
2019-03-18,"88,200","88,700","87,500","88,000","86,620.00","86,510.00","88,115.00","86,653.33","88,610.00",0,"100,564","213,635.40","208,329.00","247,010.05","240,088.49"
2019-03-19,"88,100","88,700","87,300","88,000","87,040.00","86,540.00","88,000.00","86,721.67","88,576.67",0,"92,049","206,298.00","206,378.85","244,124.47","238,906.45"
2019-03-20,"87,300","88,600","86,900","87,700","87,500.00","86,640.00","87,875.00","86,780.00","88,549.17",0,"99,031","195,387.80","204,125.65","242,921.40","238,546.55"
2019-03-21,"87,100","88,300","86,600","86,900","87,740.00","86,640.00","87,670.00","86,828.33","88,514.17",0,"169,542","159,249.00","202,386.50","242,872.90","238,956.41"
2019-03-22,"86,500","87,800","86,300","87,100","87,540.00","86,820.00","87,455.00","86,870.00","88,486.67",0,"137,859","119,809.00","199,672.40","241,778.00","237,964.27"
2019-03-25,"87,800","87,800","84,700","84,800","86,900.00","86,760.00","87,200.00","86,888.33","88,429.17",2,"216,646","143,025.40","198,377.10","241,200.30","237,587.15"
2019-03-26,"84,800","85,800","84,200","84,200","86,140.00","86,590.00","86,960.00","86,891.67","88,330.83",0,"155,502","155,716.00","195,408.75","239,564.42","233,297.54"
2019-03-27,"84,000","84,700","83,500","84,000","85,400.00","86,450.00","86,710.00","86,878.33","88,230.83",0,"131,830","162,275.80","193,153.65","239,250.15","231,893.27"
2019-03-28,"83,200","84,000","82,700","83,700","84,760.00","86,250.00","86,420.00","86,873.33","88,117.50",0,"116,210","151,609.40","191,642.05","237,877.68","231,147.36"
2019-03-29,"84,400","84,400","83,100","84,100","84,160.00","85,850.00","86,190.00","86,916.67","88,017.50",0,"163,740","156,785.60","184,538.05","236,043.02","231,263.06"
2019-04-01,"84,200","84,500","83,500","84,000","84,000.00","85,450.00","85,980.00","86,956.67","87,916.67",0,"130,879","139,632.20","177,935.45","235,725.47","230,594.83"
2019-04-02,"83,700","84,700","83,600","84,500","84,060.00","85,100.00","85,820.00","87,026.67","87,816.67",0,"188,784","146,288.60","177,686.30","235,188.03","229,519.64"
2019-04-03,"83,800","84,800","83,800","84,500","84,160.00","84,780.00","85,710.00","87,091.67","87,713.33",0,"222,599","164,442.40","176,787.95","236,240.27","228,514.23"
2019-04-04,"84,500","85,100","83,900","84,500","84,320.00","84,540.00","85,590.00","87,141.67","87,629.17",0,"166,346","174,469.60","172,388.75","235,790.28","228,342.06"
2019-04-05,"84,300","85,000","84,000","84,800","84,460.00","84,310.00","85,565.00","87,193.33","87,545.83",0,"123,927","166,507.00","167,113.10","235,319.98","227,691.58"
2019-04-08,"84,800","84,900","84,100","84,500","84,560.00","84,280.00","85,520.00","87,243.33","87,492.50",0,"139,783","168,287.80","166,145.20","235,166.37","226,042.83"
2019-04-09,"84,100","85,000","84,000","84,300","84,520.00","84,290.00","85,440.00","87,278.33","87,442.50",0,"152,930","161,117.00","167,354.90","235,286.85","224,997.37"
2019-04-10,"84,200","85,500","84,100","85,500","84,720.00","84,440.00","85,445.00","87,351.67","87,400.00",18,"135,969","143,791.00","166,474.25","232,359.20","225,120.15"
2019-04-11,"85,400","85,500","84,600","84,900","84,800.00","84,560.00","85,405.00","87,390.00","87,353.33",37,"240,754","158,672.60","161,000.15","232,840.40","225,840.88"
2019-04-12,"85,000","85,000","84,300","85,000","84,840.00","84,650.00","85,250.00","87,436.67","87,305.00",0,"121,493","158,185.80","150,321.85","232,747.82","225,381.22"
2019-04-15,"84,800","86,500","84,800","85,600","85,060.00","84,810.00","85,130.00","87,475.00","87,259.17",0,"195,258","169,280.80","155,056.55","232,241.02","225,707.25"
2019-04-16,"85,200","86,000","84,800","85,900","85,380.00","84,950.00","85,025.00","87,525.00","87,215.83",0,"129,510","164,596.80","156,929.60","231,494.22","225,629.31"
2019-04-17,"85,700","86,000","85,000","85,800","85,440.00","85,080.00","84,930.00","87,531.67","87,166.67",30,"123,669","162,136.80","158,161.50","227,168.77","225,580.08"
2019-04-18,"86,600","86,600","84,700","85,000","85,460.00","85,130.00","84,835.00","87,521.67","87,115.83",39,"178,481","149,682.20","158,608.45","227,574.68","225,224.57"
2019-04-19,"84,700","84,800","83,700","84,400","85,340.00","85,090.00","84,700.00","87,505.00","87,042.50",40,"142,623","153,908.20","158,846.65","227,062.10","223,920.83"
2019-04-22,"84,100","84,400","83,700","84,000","85,020.00","85,040.00","84,660.00","87,430.00","86,970.00",70,"97,605","134,377.60","152,894.60","218,123.73","222,348.19"
2019-04-23,"84,400","84,700","83,800","84,500","84,740.00","85,060.00","84,675.00","87,325.00","86,906.67",0,"87,360","125,947.60","149,487.50","211,412.73","221,019.80"
2019-04-24,"84,500","84,900","83,700","84,300","84,440.00","84,940.00","84,690.00","87,205.00","86,851.67",0,"179,508","137,115.40","151,871.40","209,375.65","220,413.70"
2019-04-25,"84,300","84,900","83,800","84,400","84,320.00","84,890.00","84,725.00","87,070.00","86,801.67",0,"135,067","128,432.60","152,814.25","203,927.60","219,810.06"
2019-04-26,"84,400","84,600","83,700","84,000","84,240.00","84,790.00","84,720.00","86,918.33","86,735.00",0,"130,838","126,075.60","151,169.15","201,826.18","218,860.72"
2019-04-29,"83,500","85,100","83,200","85,100","84,460.00","84,740.00","84,775.00","86,783.33","86,685.00",60,"151,870","136,928.60","152,218.70","200,277.43","218,920.23"
2019-04-30,"85,000","85,600","83,800","84,900","84,540.00","84,640.00","84,795.00","86,645.00","86,628.33",37,"179,530","155,362.60","151,756.00","198,494.35","218,604.83"
2019-05-02,"84,100","84,600","83,800","84,400","84,560.00","84,500.00","84,790.00","86,580.00","86,573.33",0,"150,033","149,467.60","148,127.70","182,027.05","218,628.29"
2019-05-03,"83,900","84,300","83,600","83,800","84,440.00","84,380.00","84,755.00","86,506.67","86,508.33",0,"99,324","142,319.00","144,776.60","177,891.43","218,188.91"
2019-05-07,"83,200","83,300","82,300","82,900","84,220.00","84,230.00","84,660.00","86,413.33","86,433.33",0,"223,288","160,809.00","149,744.65","178,077.23","218,612.11"
2019-05-08,"82,000","82,700","81,700","82,400","83,680.00","84,070.00","84,555.00","86,305.00","86,350.00",0,"166,070","163,649.00","151,059.00","177,261.33","217,545.48"
2019-05-09,"82,400","82,500","79,700","79,700","82,640.00","83,590.00","84,325.00","86,165.00","86,245.00",2,"363,712","200,485.40","161,598.10","179,707.98","219,076.05"
2019-05-10,"79,800","81,800","79,800","81,000","81,960.00","83,260.00","84,100.00","86,035.00","86,143.33",58,"229,788","216,436.40","166,289.05","180,017.68","219,715.58"
2019-05-13,"80,000","80,900","79,000","80,700","81,340.00","82,890.00","83,890.00","85,885.00","86,045.00",0,"211,718","238,915.20","164,837.25","179,907.95","220,292.52"
2019-05-14,"81,400","81,400","80,000","80,500","80,860.00","82,540.00","83,665.00","85,713.33","85,951.67",0,"194,982","233,254.00","168,511.70","177,413.05","220,994.90"
2019-05-15,"81,400","81,900","80,700","81,000","80,580.00","82,130.00","83,435.00","85,560.00","85,862.50",0,"224,009","244,841.80","169,949.25","177,778.27","221,974.73"
2019-05-16,"80,500","81,100","79,600","79,800","80,600.00","81,620.00","83,130.00","85,385.00","85,771.67",0,"261,414","224,382.20","176,544.45","179,950.97","222,389.36"
2019-05-17,"80,400","81,500","79,600","80,500","80,500.00","81,230.00","82,865.00","85,223.33","85,685.83",70,"202,796","218,983.80","180,500.80","180,929.32","222,308.82"
2019-05-20,"80,700","81,400","80,600","81,000","80,560.00","80,950.00","82,665.00","85,056.67","85,605.00",0,"99,428","196,525.80","176,548.15","179,181.03","221,727.56"
2019-05-21,"80,000","81,500","80,000","81,100","80,680.00","80,770.00","82,500.00","84,885.00","85,530.83",0,"167,847","191,098.80","177,809.35","178,776.13","221,281.96"
2019-05-22,"80,800","81,400","80,500","80,800","80,640.00","80,610.00","82,340.00","84,733.33","85,485.00",0,"149,061","176,109.20","180,382.15","177,217.95","217,714.42"
2019-05-23,"80,600","81,600","80,600","81,500","80,980.00","80,790.00","82,190.00","84,608.33","85,459.17",0,"118,666","147,559.60","181,947.45","175,614.57","215,864.73"
2019-05-24,"81,500","81,900","81,200","81,600","81,200.00","80,850.00","82,055.00","84,485.00","85,424.17",0,"112,800","129,560.40","178,612.05","174,545.70","215,223.33"
2019-05-27,"81,700","82,400","81,300","82,000","81,400.00","80,980.00","81,935.00","84,360.00","85,386.67",0,"94,601","128,595.00","176,588.75","173,681.68","214,666.31"
2019-05-28,"82,400","82,400","81,300","81,300","81,440.00","81,060.00","81,800.00","84,236.67","85,336.67",39,"276,699","150,365.40","183,881.80","173,196.33","215,611.64"
2019-05-29,"81,300","81,300","79,800","79,900","81,260.00","80,950.00","81,540.00","84,098.33","85,269.17",40,"250,426","170,638.40","188,809.60","172,987.92","215,621.99"
2019-05-30,"79,100","80,600","79,100","80,600","81,080.00","81,030.00","81,325.00","83,980.00","85,220.00",47,"181,850","183,275.20","188,925.60","172,789.30","213,949.13"
2019-05-31,"80,000","80,900","79,700","80,800","80,920.00","81,060.00","81,145.00","83,881.67","85,166.67",0,"182,756","197,266.40","190,561.75","171,825.80","213,644.18"
2019-06-03,"80,100","83,300","80,000","83,000","81,120.00","81,260.00","81,105.00","83,816.67","85,136.67",67,"298,412","238,028.60","200,516.15","172,560.50","214,684.53"
2019-06-04,"83,000","83,300","82,200","82,800","81,420.00","81,430.00","81,100.00","83,775.00","85,107.50",30,"123,540","207,396.80","195,528.75","170,795.50","213,848.22"
2019-06-05,"82,700","83,400","81,400","81,800","81,800.00","81,530.00","81,070.00","83,715.00","85,082.50",0,"193,541","196,019.80","196,902.30","171,368.83","213,286.63"
2019-06-07,"81,500","81,900","80,700","81,400","81,960.00","81,520.00","81,155.00","83,640.00","85,050.83",0,"152,787","190,207.20","186,356.05","171,769.68","213,025.37"
2019-06-10,"81,600","82,700","81,200","82,700","82,340.00","81,630.00","81,240.00","83,595.00","85,027.50",0,"110,985","175,853.00","180,415.90","171,059.73","212,210.56"
2019-06-11,"82,200","83,100","82,000","82,600","82,260.00","81,690.00","81,335.00","83,543.33","85,030.00",0,"113,019","138,774.40","175,480.95","167,106.12","209,474.10"
2019-06-12,"82,600","83,300","82,100","83,200","82,340.00","81,880.00","81,470.00","83,461.67","85,025.83",0,"144,386","142,943.60","172,951.15","163,928.23","208,417.56"
2019-06-13,"82,600","83,300","81,600","83,300","82,640.00","82,220.00","81,585.00","83,383.33","85,018.33",30,"292,852","162,805.80","176,393.30","167,133.03","207,071.54"
2019-06-14,"82,500","83,100","81,800","83,100","82,980.00","82,470.00","81,750.00","83,301.67","85,011.67",0,"200,113","172,271.00","173,328.25","168,934.10","206,529.28"
2019-06-17,"83,200","83,200","82,300","82,900","83,020.00","82,680.00","81,870.00","83,221.67","85,000.83",0,"95,280","169,130.00","167,952.45","168,871.58","205,896.49"
2019-06-18,"82,500","83,500","82,500","83,100","83,120.00","82,690.00","81,975.00","83,158.33","84,993.33",0,"93,909","165,308.00","167,676.50","167,611.03","205,241.97"
2019-06-19,"83,200","84,000","82,800","83,700","83,220.00","82,780.00","82,105.00","83,101.67","84,985.83",0,"142,339","164,898.60","166,401.10","167,685.70","204,731.85"
2019-06-20,"83,000","83,400","82,600","83,000","83,160.00","82,900.00","82,215.00","83,071.67","84,980.00",0,"143,901","135,108.40","166,143.10","166,473.28","203,836.79"
2019-06-21,"82,700","83,600","82,600","83,000","83,140.00","83,060.00","82,290.00","83,051.67","84,971.67",0,"205,919","136,269.60","170,505.75","167,313.57","203,438.99"
2019-06-24,"83,600","84,100","82,900","83,900","83,340.00","83,180.00","82,405.00","83,050.00","84,964.17",0,"111,799","139,573.40","170,455.70","166,979.72","203,114.93"
2019-06-25,"83,900","84,500","83,600","84,300","83,580.00","83,350.00","82,520.00","83,060.00","84,966.67",0,"152,114","151,214.40","173,331.35","167,578.12","202,727.90"
2019-06-26,"83,700","83,800","83,000","83,600","83,560.00","83,390.00","82,635.00","83,051.67","84,984.17",0,"139,469","150,640.40","166,469.85","167,173.60","201,608.31"
2019-06-27,"83,100","84,400","82,600","84,000","83,760.00","83,460.00","82,840.00","83,051.67","85,004.17",0,"148,773","151,614.80","161,387.20","167,471.83","201,598.65"
2019-06-28,"83,600","84,400","83,500","83,600","83,880.00","83,510.00","82,990.00","83,036.67","85,031.67",36,"89,465","128,324.00","156,767.95","165,816.52","200,502.27"
2019-07-01,"84,200","84,300","83,600","84,100","83,920.00","83,630.00","83,155.00","83,030.00","85,060.83",0,"66,315","119,227.20","150,945.90","163,211.78","199,726.02"
2019-07-02,"83,600","84,200","83,200","84,200","83,900.00","83,740.00","83,215.00","83,025.00","85,083.33",0,"90,946","106,993.60","140,572.60","161,955.12","198,872.70"
2019-07-03,"84,100","84,200","82,700","82,800","83,740.00","83,650.00","83,215.00","82,991.67","85,092.50",30,"116,442","102,388.20","140,217.70","161,830.37","198,575.17"
2019-07-04,"82,000","82,200","81,300","81,800","83,300.00","83,530.00","83,215.00","82,946.67","85,095.00",0,"183,859","109,405.40","139,733.60","162,564.97","198,865.67"
2019-07-05,"81,300","82,100","81,100","81,700","82,920.00","83,400.00","83,230.00","82,903.33","85,090.83",0,"161,321","123,776.60","140,160.30","162,704.82","198,995.83"
2019-07-08,"81,200","81,800","80,500","80,800","82,260.00","83,090.00","83,135.00","82,825.00","85,088.33",0,"143,530","139,219.60","141,787.55","162,830.83","197,595.02"
2019-07-09,"80,200","80,700","79,800","79,800","81,380.00","82,640.00","82,995.00","82,740.00","85,065.00",0,"253,773","171,785.00","148,825.25","163,047.82","197,944.11"
2019-07-10,"79,900","80,300","79,800","80,100","80,840.00","82,290.00","82,840.00","82,658.33","85,047.50",70,"154,333","179,363.20","149,322.60","163,595.15","198,171.48"
2019-07-11,"80,000","80,500","79,900","79,900","80,460.00","81,880.00","82,670.00","82,563.33","85,019.17",0,"201,636","182,918.60","144,761.80","163,701.45","197,971.23"
2019-07-12,"79,800","80,500","79,800","80,300","80,180.00","81,550.00","82,530.00","82,470.00","84,997.50",0,"132,297","177,113.80","141,371.00","163,747.90","197,621.06"
2019-07-15,"80,100","80,700","79,500","79,800","79,980.00","81,120.00","82,375.00","82,370.00","84,950.83",0,"154,737","179,355.20","144,343.85","164,265.70","195,717.23"
2019-07-16,"80,300","80,400","79,700","79,700","79,960.00","80,670.00","82,205.00","82,281.67","84,901.67",0,"207,443","170,089.20","150,020.55","164,748.40","196,161.54"
2019-07-17,"79,600","80,000","79,200","79,900","79,920.00","80,380.00","82,015.00","82,206.67","84,855.83",0,"124,922","164,207.00","149,149.70","164,453.38","195,757.74"
2019-07-18,"79,500","79,700","77,700","78,700","79,680.00","80,070.00","81,800.00","82,118.33","84,774.17",0,"260,803","176,040.40","154,994.80","167,173.35","192,648.54"
2019-07-19,"78,500","80,000","78,400","79,600","79,540.00","79,860.00","81,630.00","82,036.67","84,680.83",60,"197,942","189,169.40","154,595.95","169,016.38","190,214.56"
2019-07-22,"79,100","79,900","78,800","79,200","79,420.00","79,700.00","81,395.00","81,951.67","84,578.33",0,"118,881","181,998.20","154,950.05","168,005.93","188,690.79"
2019-07-23,"78,500","79,700","78,500","79,300","79,340.00","79,650.00","81,145.00","81,866.67","84,468.33",0,"118,174","164,144.40","153,253.05","167,724.38","185,825.99"
2019-07-24,"78,800","79,500","78,800","78,800","79,120.00","79,520.00","80,905.00","81,780.00","84,349.17",0,"145,665","168,293.00","153,562.85","167,971.50","184,898.84"
2019-07-25,"78,600","78,700","77,900","78,400","79,060.00","79,370.00","80,625.00","81,668.33","84,225.83",0,"143,422","144,816.80","153,295.30","167,830.70","184,054.07"
2019-07-26,"78,200","78,400","77,500","77,800","78,700.00","79,120.00","80,335.00","81,550.00","84,097.50",0,"127,798","130,788.00","155,211.95","166,968.50","182,731.42"
2019-07-29,"77,700","78,200","76,000","77,000","78,260.00","78,840.00","79,980.00","81,426.67","84,003.33",0,"221,890","151,389.80","162,990.70","168,166.12","175,096.58"
2019-07-30,"77,600","77,600","75,500","76,200","77,640.00","78,490.00","79,580.00","81,300.00","83,903.33",0,"181,606","164,076.20","167,523.70","169,537.48","173,714.46"
2019-07-31,"76,200","76,600","75,500","76,100","77,100.00","78,110.00","79,245.00","81,186.67","83,800.00",70,"214,313","177,805.80","172,417.25","169,387.90","173,732.57"
2019-08-01,"75,600","76,200","74,800","75,800","76,580.00","77,820.00","78,945.00","81,076.67","83,690.83",0,"175,580","184,237.40","172,003.30","169,546.40","173,403.87"
2019-08-02,"74,600","75,600","72,900","73,400","75,700.00","77,200.00","78,530.00","80,971.67","83,568.33",0,"377,436","234,165.00","182,809.05","169,775.13","174,741.56"
2019-08-05,"72,800","73,300","71,400","71,600","74,620.00","76,440.00","78,070.00","80,815.00","83,425.00",0,"362,283","262,243.60","193,746.70","171,983.38","176,000.53"
2019-08-06,"70,000","71,600","70,000","70,900","73,560.00","75,600.00","77,625.00","80,651.67","83,268.33",0,"388,229","303,568.20","200,469.50","174,925.23","177,416.59"
2019-08-07,"70,200","70,900","69,300","69,600","72,260.00","74,680.00","77,100.00","80,470.00","83,091.67",0,"267,214","314,148.40","206,113.55","176,129.10","176,771.08"
2019-08-08,"70,100","70,400","68,800","68,800","70,860.00","73,720.00","76,545.00","80,266.67","82,913.33",0,"391,785","357,389.40","215,621.00","178,925.37","178,351.82"
2019-08-09,"69,100","70,000","68,900","69,000","69,980.00","72,840.00","75,980.00","80,086.67","82,735.83",0,"249,554","331,813.00","221,483.85","178,727.70","179,339.33"
2019-08-12,"68,900","69,000","67,700","68,000","69,260.00","71,940.00","75,390.00","79,878.33","82,550.83",0,"224,741","304,304.60","224,984.05","179,093.45","180,011.38"
2019-08-13,"67,500","68,800","67,400","67,900","68,660.00","71,110.00","74,800.00","79,660.00","82,358.33",0,"206,589","267,976.60","224,941.35","180,879.47","180,030.25"
2019-08-14,"68,100","68,200","65,700","65,700","67,880.00","70,070.00","74,090.00","79,403.33","82,144.17",2,"390,646","292,663.00","238,227.55","184,592.78","181,684.46"
2019-08-16,"65,500","65,500","64,700","65,000","67,120.00","68,990.00","73,405.00","79,140.00","81,936.67",0,"243,109","262,927.80","237,342.85","186,160.25","181,689.10"
2019-08-19,"65,000","66,400","65,000","66,100","66,540.00","68,260.00","72,730.00","78,883.33","81,745.83",0,"145,921","242,201.20","234,741.80","186,614.50","181,114.53"
2019-08-20,"66,000","66,700","65,100","66,400","66,220.00","67,740.00","72,090.00","78,630.00","81,557.50",0,"164,232","230,099.40","237,009.35","187,471.70","181,008.70"
2019-08-21,"66,000","66,500","65,500","66,500","65,940.00","67,300.00","71,450.00","78,371.67","81,365.83",68,"181,752","225,132.00","240,188.25","188,924.22","181,302.95"
2019-08-22,"66,700","67,400","66,300","66,600","66,120.00","67,000.00","70,840.00","78,126.67","81,181.67",0,"169,515","180,905.80","241,380.75","187,137.82","180,167.08"
2019-08-23,"66,500","67,000","65,700","66,300","66,380.00","66,750.00","70,235.00","77,900.00","80,999.17",0,"183,944","169,072.80","243,406.85","186,029.78","179,508.85"
2019-08-26,"65,500","66,200","64,800","65,800","66,320.00","66,430.00","69,635.00","77,653.33","80,816.67",0,"135,600","167,008.60","243,796.95","185,258.95","179,024.13"
2019-08-27,"66,200","66,800","65,900","66,400","66,320.00","66,270.00","69,105.00","77,413.33","80,647.50",0,"305,656","195,293.40","247,985.25","187,307.28","179,566.54"
2019-08-28,"67,000","67,100","65,800","67,000","66,420.00","66,180.00","68,645.00","77,146.67","80,481.67",0,"155,946","190,132.20","246,702.25","184,932.85","178,746.67"
2019-08-29,"67,100","67,300","66,200","66,500","66,400.00","66,260.00","68,165.00","76,875.00","80,325.00",0,"171,274","190,484.00","244,550.30","185,728.42","178,261.96"
2019-08-30,"66,800","68,300","66,800","68,200","66,780.00","66,580.00","67,785.00","76,648.33","80,181.67",18,"218,641","197,423.40","246,703.35","186,146.75","178,757.79"
2019-09-02,"67,400","68,500","67,200","68,300","67,280.00","66,800.00","67,530.00","76,430.00","80,035.00",0,"105,436","191,390.60","233,103.35","185,357.57","178,563.63"
2019-09-03,"67,700","68,700","67,400","67,600","67,520.00","66,920.00","67,330.00","76,178.33","79,886.67",0,"165,685","163,396.40","223,273.45","186,269.23","178,664.48"
2019-09-04,"67,400","68,200","66,900","67,700","67,660.00","67,040.00","67,170.00","75,930.00","79,736.67",0,"158,988","164,004.80","211,811.40","187,035.38","177,070.75"
2019-09-05,"67,100","69,300","67,100","69,000","68,160.00","67,280.00","67,140.00","75,693.33","79,577.50",16,"263,439","182,437.80","211,622.65","189,019.60","176,473.92"
2019-09-06,"69,000","69,400","68,000","68,200","68,160.00","67,470.00","67,110.00","75,441.67","79,412.50",0,"120,661","162,841.80","198,066.45","186,149.75","176,641.39"
2019-09-09,"67,800","70,000","67,800","69,500","68,400.00","67,840.00","67,135.00","75,215.00","79,258.33",0,"197,447","181,244.00","195,461.10","186,105.32","177,519.71"
2019-09-10,"69,000","71,200","69,000","70,400","68,960.00","68,240.00","67,255.00","75,006.67","79,114.17",0,"280,366","204,180.20","198,242.35","189,190.08","179,030.83"
2019-09-11,"71,000","72,900","71,000","72,300","69,880.00","68,770.00","67,475.00","74,826.67","78,992.50",0,"483,117","269,006.00","212,068.75","195,676.88","181,643.96"
2019-09-16,"71,500","74,700","71,500","73,800","70,840.00","69,500.00","67,880.00","74,661.67","78,881.67",0,"267,631","269,844.40","205,918.00","197,765.08","182,725.39"
2019-09-17,"73,500","74,400","72,400","72,800","71,760.00","69,960.00","68,270.00","74,491.67","78,781.67",0,"204,869","286,686.00","204,006.00","198,781.22","182,627.25"
2019-09-18,"72,200","73,600","72,200","72,700","72,400.00","70,400.00","68,600.00","74,320.00","78,685.83",0,"158,326","278,861.80","204,626.25","197,988.00","182,650.78"
2019-09-19,"72,600","73,400","71,300","71,900","72,700.00","70,830.00","68,875.00","74,120.00","78,585.00",0,"183,913","259,571.20","205,610.30","199,189.90","183,084.81"
2019-09-20,"71,900","72,600","71,000","72,600","72,760.00","71,320.00","69,180.00","73,925.00","78,492.50",0,"261,365","215,220.80","209,590.95","201,010.75","184,294.43"
2019-09-23,"72,600","73,400","72,200","72,700","72,540.00","71,690.00","69,485.00","73,743.33","78,397.50",0,"142,265","190,147.60","208,228.45","201,057.35","184,115.48"
2019-09-24,"73,400","73,500","72,400","73,300","72,640.00","72,200.00","69,835.00","73,565.00","78,308.33",0,"158,824","180,938.60","206,972.45","201,224.87","184,348.35"
2019-09-25,"73,600","73,800","72,600","73,100","72,720.00","72,560.00","70,200.00","73,390.00","78,213.33",0,"161,438","181,561.00","208,264.35","202,424.42","184,120.47"
2019-09-26,"73,100","73,200","71,700","72,300","72,800.00","72,750.00","70,495.00","73,193.33","78,111.67",0,"223,357","189,449.80","204,149.40","205,041.78","184,126.78"
2019-09-27,"72,900","73,000","70,600","70,600","72,400.00","72,580.00","70,675.00","72,966.67","77,995.83",42,"208,490","178,874.80","206,776.60","207,000.85","184,477.98"
2019-09-30,"70,400","71,500","69,900","71,100","72,080.00","72,310.00","70,905.00","72,771.67","77,881.67",9,"192,481","188,918.00","207,836.95","208,268.17","185,049.27"
2019-10-01,"70,900","72,700","70,400","71,900","71,800.00","72,220.00","71,090.00","72,606.67","77,776.67",0,"146,570","186,467.20","204,233.40","207,646.68","185,105.83"
2019-10-02,"70,700","71,500","69,900","70,100","71,200.00","71,960.00","71,180.00","72,413.33","77,658.33",0,"155,561","185,291.80","206,739.65","207,550.68","185,127.75"
2019-10-04,"69,100","70,200","69,000","69,100","70,560.00","71,680.00","71,255.00","72,218.33","77,521.67",0,"154,511","171,522.60","206,180.95","207,733.70","185,282.27"
2019-10-07,"69,200","70,300","69,000","69,400","70,320.00","71,360.00","71,340.00","72,045.00","77,392.50",70,"93,213","148,467.20","202,892.20","205,057.70","184,052.76"
2019-10-08,"69,900","70,500","69,200","69,900","70,080.00","71,080.00","71,385.00","71,875.00","77,266.67",0,"189,522","147,875.40","199,196.35","205,644.18","184,619.67"
2019-10-10,"69,000","69,900","68,100","68,200","69,340.00","70,570.00","71,385.00","71,680.00","77,121.67",0,"317,462","182,053.80","209,036.40","207,574.62","185,638.03"
2019-10-11,"69,100","70,900","69,100","70,300","69,380.00","70,290.00","71,425.00","71,513.33","76,991.67",0,"198,888","190,719.20","209,108.45","208,684.47","186,216.18"
2019-10-14,"70,900","72,200","70,900","71,400","69,840.00","70,200.00","71,475.00","71,373.33","76,871.67",0,"166,311","193,079.20","203,405.70","208,877.37","186,571.53"
2019-10-15,"70,800","71,400","70,400","70,500","70,060.00","70,190.00","71,385.00","71,220.00","76,750.83",0,"166,405","207,717.60","187,570.10","208,193.40","186,470.90"
2019-10-16,"70,200","71,700","69,500","70,100","70,100.00","70,090.00","71,200.00","71,056.67","76,631.67",0,"292,694","228,352.00","188,823.25","210,989.60","187,721.49"
2019-10-17,"70,100","71,100","69,800","71,000","70,660.00","70,000.00","71,110.00","70,928.33","76,523.33",0,"255,544","215,968.40","191,357.00","210,901.95","189,037.65"
2019-10-18,"71,400","71,700","70,000","70,100","70,620.00","70,000.00","70,980.00","70,770.00","76,403.33",0,"163,739","208,938.60","191,627.65","210,331.90","189,674.14"
2019-10-21,"70,700","71,100","70,000","70,600","70,460.00","70,150.00","70,915.00","70,626.67","76,289.17",70,"126,013","200,879.00","188,732.65","210,450.77","189,228.35"
2019-10-22,"71,100","72,100","70,900","71,800","70,720.00","70,390.00","70,875.00","70,501.67","76,184.17",0,"186,493","204,896.60","184,989.05","211,589.42","189,656.90"
2019-10-23,"70,500","71,700","70,400","71,100","70,920.00","70,510.00","70,795.00","70,373.33","76,076.67",0,"147,822","175,922.20","185,266.90","211,625.37","189,798.43"
2019-10-24,"70,600","71,300","70,100","71,200","70,960.00","70,810.00","70,690.00","70,253.33","75,960.83",0,"143,632","153,539.80","184,507.30","211,628.87","189,729.78"
2019-10-25,"70,400","71,300","70,200","71,200","71,180.00","70,900.00","70,595.00","70,143.33","75,846.67",30,"150,522","150,896.40","183,961.50","212,007.60","189,488.05"
2019-10-28,"71,800","71,900","70,800","70,900","71,240.00","70,850.00","70,525.00","70,041.67","75,734.17",0,"147,957","155,285.20","180,191.50","210,775.38","189,470.75"
2019-10-29,"71,800","72,600","71,400","72,200","71,320.00","71,020.00","70,605.00","69,975.00","75,637.50",0,"226,428","163,272.20","181,088.40","211,522.42","190,529.95"
2019-10-30,"72,200","73,000","70,600","70,700","71,240.00","71,080.00","70,585.00","69,885.00","75,535.83",0,"234,972","180,702.20","183,212.95","211,866.73","190,627.32"
2019-10-31,"70,800","71,800","70,400","70,600","71,120.00","71,040.00","70,520.00","69,798.33","75,437.50",0,"184,625","188,900.80","185,115.70","212,017.48","190,781.94"
2019-11-01,"70,300","70,800","70,100","70,700","71,020.00","71,100.00","70,550.00","69,753.33","75,362.50",0,"98,091","178,414.60","182,242.20","207,361.73","188,568.43"
2019-11-04,"71,300","72,600","70,800","72,100","71,260.00","71,250.00","70,700.00","69,761.67","75,288.33",0,"173,253","183,473.80","183,179.30","204,211.23","188,097.31"
2019-11-05,"72,300","73,100","71,800","72,800","71,380.00","71,350.00","70,870.00","69,793.33","75,222.50",0,"254,166","189,021.40","191,226.95","201,976.85","188,451.04"
2019-11-06,"72,500","73,100","72,100","72,500","71,740.00","71,490.00","71,000.00","69,841.67","75,155.83",30,"191,421","180,311.20","191,321.90","200,713.63","188,421.37"
2019-11-07,"72,300","74,500","72,200","74,100","72,440.00","71,780.00","71,295.00","69,930.00","75,098.33",0,"277,568","198,899.80","189,327.20","198,810.02","188,867.69"
2019-11-08,"74,400","76,000","74,300","75,100","73,320.00","72,170.00","71,535.00","70,031.67","75,059.17",0,"317,514","242,784.40","195,258.50","199,942.68","189,335.19"
2019-11-11,"75,100","76,000","74,300","75,600","74,020.00","72,640.00","71,745.00","70,158.33","75,018.33",30,"268,189","261,771.60","200,352.40","200,666.82","189,880.13"
2019-11-12,"76,000","76,100","75,000","75,500","74,560.00","72,970.00","71,995.00","70,285.00","74,972.50",0,"130,383","237,015.00","198,551.30","199,396.72","190,138.09"
2019-11-13,"75,500","75,600","74,200","74,500","74,960.00","73,350.00","72,215.00","70,431.67","74,917.50",0,"242,117","247,154.20","196,022.45","196,921.23","190,757.01"
2019-11-14,"74,500","75,300","74,100","75,100","75,160.00","73,800.00","72,420.00","70,600.00","74,870.00",0,"335,720","258,784.60","200,031.25","198,464.75","192,312.50"
2019-11-15,"74,400","75,400","74,400","74,800","75,100.00","74,210.00","72,655.00","70,745.00","74,814.17",0,"242,280","243,737.80","203,958.30","200,070.73","193,342.62"
2019-11-18,"73,700","75,000","73,200","74,400","74,860.00","74,440.00","72,845.00","70,878.33","74,754.17",0,"269,777","244,055.40","211,146.50","201,829.82","194,650.76"
2019-11-19,"73,500","74,000","73,000","73,500","74,460.00","74,510.00","72,930.00","70,995.00","74,683.33",0,"265,831","271,145.00","215,113.40","203,231.13","196,077.67"
2019-11-20,"73,000","74,000","72,900","73,500","74,260.00","74,610.00","73,050.00","71,110.00","74,618.33",30,"225,119","267,745.40","218,978.25","204,157.87","195,647.84"
2019-11-21,"73,500","74,200","72,100","72,300","73,700.00","74,430.00","73,105.00","71,210.00","74,555.00",0,"216,330","243,867.40","222,613.15","204,697.63","195,363.71"
2019-11-22,"72,700","73,300","72,000","72,200","73,180.00","74,140.00","73,155.00","71,316.67","74,485.00",0,"167,084","228,828.20","223,441.25","205,222.37","195,240.66"
2019-11-25,"71,600","73,500","71,600","73,200","72,940.00","73,900.00","73,270.00","71,430.00","74,421.67",60,"174,343","209,741.40","224,760.55","203,033.82","195,170.55"
2019-11-26,"73,200","73,800","71,700","71,700","72,580.00","73,520.00","73,245.00","71,508.33","74,327.50",0,"535,278","263,630.80","240,203.05","209,356.02","197,144.43"
2019-11-27,"72,200","73,800","72,100","72,600","72,400.00","73,330.00","73,340.00","71,610.00","74,242.50",66,"208,687","260,344.40","238,888.80","209,979.57","197,853.99"
2019-11-28,"72,200","73,100","71,900","72,700","72,480.00","73,090.00","73,445.00","71,685.00","74,166.67",0,"95,687","236,215.80","234,441.90","207,930.33","197,038.54"
2019-11-29,"73,300","73,400","71,300","71,600","72,360.00","72,770.00","73,490.00","71,740.00","74,085.00",0,"181,493","239,097.60","238,612.00","209,197.95","197,277.76"
2019-12-02,"71,600","72,500","71,600","72,500","72,220.00","72,580.00","73,510.00","71,821.67","74,000.00",0,"167,347","237,698.40","238,316.70","209,225.65","197,747.44"
2019-12-03,"71,900","72,500","71,500","72,400","72,360.00","72,470.00","73,490.00","71,900.00","73,915.00",0,"175,273","165,697.40","234,372.05","209,497.07","198,266.23"
2019-12-04,"72,000","72,500","71,000","72,000","72,240.00","72,320.00","73,465.00","71,950.00","73,821.67",0,"210,691","166,098.20","235,335.55","208,617.93","198,818.77"
2019-12-05,"71,400","72,500","71,400","71,800","72,060.00","72,270.00","73,350.00","72,010.00","73,725.83",0,"149,496","176,860.00","228,931.95","209,098.52","197,624.13"
2019-12-06,"71,800","72,300","71,500","72,300","72,200.00","72,280.00","73,210.00","72,056.67","73,635.83",0,"146,120","169,785.40","220,362.25","208,243.07","197,174.19"
2019-12-09,"72,200","73,500","72,100","73,000","72,300.00","72,260.00","73,080.00","72,100.00","73,553.33",67,"166,582","169,632.40","215,281.90","206,346.67","197,768.38"
2019-12-10,"72,400","73,300","72,400","72,800","72,380.00","72,370.00","72,945.00","72,108.33","73,467.50",0,"137,327","162,043.20","215,629.10","200,583.50","198,130.19"
2019-12-11,"73,400","74,900","73,000","74,200","72,820.00","72,530.00","72,930.00","72,115.00","73,388.33",0,"242,751","168,455.20","215,660.80","200,168.83","198,966.96"
2019-12-12,"74,800","75,000","74,000","74,600","73,380.00","72,720.00","72,905.00","72,145.00","73,318.33",0,"413,491","221,254.20","219,549.35","203,645.87","201,213.54"
2019-12-13,"75,400","76,500","74,700","76,200","74,160.00","73,180.00","72,975.00","72,203.33","73,261.67",0,"213,070","234,644.20","218,088.85","204,558.27","201,273.13"
2019-12-16,"76,200","76,700","75,600","75,800","74,720.00","73,510.00","73,045.00","72,268.33","73,194.17",0,"124,640","226,255.80","210,832.00","203,570.38","201,380.14"
2019-12-17,"75,200","76,400","74,600","76,400","75,440.00","73,910.00","73,190.00","72,331.67","73,128.33",0,"294,055","257,601.40","212,243.20","204,115.22","202,562.98"
2019-12-18,"75,600","76,800","75,600","76,200","75,840.00","74,330.00","73,325.00","72,390.00","73,066.67",0,"145,564","238,164.00","208,265.45","204,170.20","202,613.77"
2019-12-19,"76,500","76,500","75,700","76,400","76,200.00","74,790.00","73,530.00","72,441.67","73,003.33",0,"147,351","184,936.00","204,816.50","203,978.98","202,601.92"
2019-12-20,"76,500","76,700","75,900","76,200","76,200.00","75,180.00","73,730.00","72,493.33","72,941.67",0,"159,604","174,242.80","204,442.50","203,948.42","203,186.42"
2019-12-23,"76,600","76,700","76,000","76,200","76,280.00","75,500.00","73,880.00","72,558.33","72,875.83",30,"98,386","168,992.00","200,644.65","201,865.57","203,453.67"
2019-12-24,"76,000","76,400","75,700","76,300","76,260.00","75,850.00","74,110.00","72,653.33","72,810.00",0,"134,445","137,070.00","180,603.00","200,631.48","203,816.17"
2019-12-26,"76,400","76,600","75,900","76,600","76,340.00","76,090.00","74,310.00","72,745.00","72,758.33",0,"121,824","132,322.00","176,259.85","199,453.87","203,861.02"
2019-12-27,"75,200","75,600","74,000","74,400","75,940.00","76,070.00","74,395.00","72,786.67","72,696.67",0,"224,466","147,745.00","182,698.80","200,752.13","204,199.41"
2019-12-30,"74,400","75,200","74,100","74,500","75,600.00","75,900.00","74,540.00","72,860.00","72,636.67",0,"159,239","147,672.00","181,586.10","200,813.43","204,182.06"
2020-01-02,"74,400","74,800","73,000","73,100","74,980.00","75,630.00","74,570.00","72,926.67","72,572.50",0,"273,967","182,788.20","186,917.10","202,804.37","205,269.03"
2020-01-03,"73,500","74,000","73,000","73,300","74,380.00","75,320.00","74,615.00","72,991.67","72,518.33",70,"240,366","203,972.40","190,171.75","205,256.92","205,157.31"
2020-01-06,"72,700","73,500","72,300","72,700","73,600.00","74,970.00","74,650.00","73,038.33","72,456.67",0,"153,614","210,330.40","187,317.90","204,658.45","205,151.32"
2020-01-07,"72,800","73,600","72,700","72,800","73,280.00","74,610.00","74,700.00","73,115.00","72,397.50",0,"135,363","192,509.80","186,611.25","201,623.47","204,599.04"
2020-01-08,"72,000","72,100","71,000","71,600","72,700.00","74,150.00","74,665.00","73,136.67","72,325.00",0,"191,999","199,061.80","188,905.20","201,508.65","205,096.56"
2020-01-09,"71,300","72,300","71,300","72,200","72,520.00","73,750.00","74,625.00","73,150.00","72,261.67",60,"301,619","204,592.20","195,657.05","203,763.78","206,320.58"
2020-01-10,"71,900","72,700","71,600","72,200","72,300.00","73,340.00","74,595.00","73,178.33","72,199.17",0,"260,725","208,664.00","201,826.95","205,335.78","206,764.59"
2020-01-13,"71,600","72,800","71,600","72,700","72,300.00","72,950.00","74,520.00","73,221.67","72,139.17",70,"213,172","220,575.60","200,348.00","204,010.42","207,500.01"
2020-01-14,"72,500","73,800","72,400","73,600","72,460.00","72,870.00","74,470.00","73,265.00","72,096.67",0,"177,979","229,098.80","188,572.40","202,717.67","206,809.81"
2020-01-15,"73,000","73,700","72,800","73,600","72,860.00","72,780.00","74,340.00","73,323.33","72,046.67",67,"115,528","213,804.60","183,695.30","201,914.15","206,123.02"
2020-01-16,"73,200","73,400","72,300","73,100","73,040.00","72,780.00","74,205.00","73,365.00","71,995.83",0,"169,658","187,412.40","185,946.20","202,641.57","206,546.17"
2020-01-17,"73,100","73,700","72,600","73,700","73,340.00","72,820.00","74,070.00","73,396.67","71,949.17",0,"164,488","168,165.00","179,467.85","202,274.82","206,932.12"
2020-01-20,"74,100","74,700","73,200","73,800","73,560.00","72,930.00","73,950.00","73,441.67","71,907.50",0,"242,619","174,054.40","184,320.60","203,854.77","207,740.07"
2020-01-21,"73,600","74,000","73,100","73,300","73,500.00","72,980.00","73,795.00","73,476.67","71,865.00",0,"142,736","167,005.80","184,089.85","203,839.83","207,734.35"
2020-01-22,"73,600","73,700","73,100","73,200","73,420.00","73,140.00","73,645.00","73,510.00","71,826.67",70,"170,700","178,040.20","184,644.65","204,176.13","208,091.87"
2020-01-23,"73,100","73,800","72,900","73,300","73,460.00","73,250.00","73,500.00","73,550.00","71,795.83",0,"254,742","195,057.00","192,462.45","205,955.88","208,365.63"
2020-01-28,"73,000","73,800","70,900","71,200","72,960.00","73,150.00","73,245.00","73,533.33","71,754.17",0,"346,698","231,499.00","203,075.10","207,960.38","209,741.40"
2020-01-29,"70,700","70,900","69,500","69,700","72,140.00","72,850.00","72,900.00","73,516.67","71,700.83",0,"361,321","255,239.40","215,049.95","210,066.20","210,966.47"
2020-01-30,"69,300","70,300","68,700","69,400","71,360.00","72,430.00","72,650.00","73,496.67","71,647.50",0,"390,442","304,780.60","223,348.75","213,496.48","212,756.98"
2020-01-31,"69,800","70,400","69,000","69,500","70,620.00","72,020.00","72,400.00","73,476.67","71,615.00",0,"260,625","322,765.60","228,418.05","216,205.38","211,783.56"
2020-02-03,"69,600","69,700","67,000","67,900","69,540.00","71,500.00","72,140.00","73,406.67","71,584.17",0,"352,863","342,389.80","232,362.85","219,198.88","211,705.06"
2020-02-04,"67,100","68,500","66,800","68,300","68,960.00","70,960.00","71,890.00","73,331.67","71,562.50",0,"282,913","329,632.80","234,490.20","219,678.00","210,827.42"
2020-02-05,"68,000","69,100","67,900","68,500","68,720.00","70,430.00","71,680.00","73,265.00","71,553.33",0,"324,247","322,218.00","243,021.85","221,891.77","211,302.70"
2020-02-06,"69,200","71,100","68,500","70,400","68,920.00","70,140.00","71,560.00","73,203.33","71,566.67",0,"320,703","308,270.20","252,288.85","222,610.68","210,710.35"
2020-02-07,"69,600","71,300","68,600","69,200","68,860.00","69,740.00","71,440.00","73,105.00","71,568.33",0,"325,178","321,180.80","258,947.80","222,738.42","211,340.55"
2020-02-10,"68,200","69,000","67,800","68,900","69,060.00","69,300.00","71,275.00","72,993.33","71,575.83",0,"192,037","289,015.60","253,468.70","221,469.22","211,068.02"
2020-02-11,"68,600","69,300","68,300","69,000","69,200.00","69,080.00","71,115.00","72,885.00","71,585.00",0,"268,318","286,096.60","253,848.35","223,768.13","211,582.42"
2020-02-12,"68,400","69,000","68,000","68,700","69,240.00","68,980.00","70,915.00","72,788.33","71,610.00",0,"244,783","270,203.80","255,428.90","223,812.57","210,366.90"
2020-02-13,"68,400","68,600","68,000","68,000","68,760.00","68,840.00","70,635.00","72,670.00","71,635.00",70,"245,668","255,196.80","258,813.35","222,311.70","210,388.23"
2020-02-14,"67,500","68,400","67,100","68,000","68,520.00","68,690.00","70,355.00","72,556.67","71,650.83",0,"186,773","227,515.80","262,375.60","221,386.58","210,728.66"
2020-02-17,"68,200","68,300","67,200","67,900","68,320.00","68,690.00","70,095.00","72,448.33","71,663.33",0,"184,098","225,928.00","263,097.60","219,958.60","210,894.21"
2020-02-18,"67,200","67,700","67,000","67,300","67,980.00","68,590.00","69,775.00","72,345.00","71,670.00",0,"166,056","205,475.60","263,176.00","218,295.68","210,763.41"
2020-02-19,"67,600","67,600","65,600","66,000","67,440.00","68,340.00","69,385.00","72,220.00","71,665.00",0,"366,365","229,792.00","269,363.30","220,649.78","212,403.83"
2020-02-20,"66,000","66,800","65,700","66,000","67,040.00","67,900.00","69,020.00","72,115.00","71,662.50",0,"250,253","230,709.00","274,739.15","221,215.17","212,956.40"
2020-02-21,"65,300","65,900","64,800","65,000","66,440.00","67,480.00","68,610.00","71,995.00","71,655.83",0,"210,695","235,493.40","276,738.90","221,942.02","213,582.19"
2020-02-24,"64,300","64,400","61,600","61,700","65,200.00","66,760.00","68,030.00","71,803.33","71,616.67",2,"396,835","278,040.80","283,843.55","225,650.22","214,342.02"
2020-02-25,"61,100","62,400","60,500","61,800","64,100.00","66,040.00","67,560.00","71,638.33","71,573.33",54,"250,558","294,941.20","279,036.55","220,904.88","215,130.45"
2020-02-26,"61,300","61,700","60,300","60,700","63,040.00","65,240.00","67,110.00","71,440.00","71,525.00",0,"357,356","293,139.40","278,838.30","223,382.70","216,681.13"
2020-02-27,"60,400","61,100","60,300","60,800","62,000.00","64,520.00","66,680.00","71,241.67","71,463.33",70,"224,239","287,936.60","270,528.15","225,525.23","216,727.78"
2020-02-28,"60,000","60,400","58,100","58,500","60,700.00","63,570.00","66,130.00","71,023.33","71,381.67",0,"608,201","367,437.80","287,906.95","232,637.03","220,917.49"
2020-03-02,"58,900","58,900","56,700","56,800","59,720.00","62,460.00","65,575.00","70,761.67","71,291.67",2,"525,988","393,268.40","296,563.20","238,614.38","223,920.02"
2020-03-03,"57,100","57,800","56,000","56,300","58,620.00","61,360.00","64,975.00","70,493.33","71,196.67",0,"431,464","429,449.60","303,990.75","242,884.23","226,190.65"
2020-03-04,"56,100","56,800","55,500","56,600","57,800.00","60,420.00","64,380.00","70,236.67","71,093.33",0,"518,769","461,732.20","313,716.85","248,018.87","228,318.40"
2020-03-05,"56,900","57,600","56,500","57,600","57,160.00","59,580.00","63,740.00","70,000.00","71,005.00",0,"345,334","485,951.20","314,948.40","251,282.83","230,190.67"
2020-03-06,"56,200","56,800","55,200","55,600","56,580.00","58,640.00","63,060.00","69,721.67","70,889.17",0,"396,654","443,641.80","318,522.20","255,458.40","231,850.73"
2020-03-09,"54,900","54,900","51,000","51,400","55,500.00","57,610.00","62,185.00","69,361.67","70,730.83",0,"581,390","454,722.20","337,989.85","262,371.87","234,359.27"
2020-03-10,"51,300","51,800","50,600","50,800","54,400.00","56,510.00","61,275.00","68,995.00","70,551.67",0,"522,190","472,867.40","350,683.45","268,786.25","234,684.88"
2020-03-11,"50,900","52,400","49,900","50,200","53,120.00","55,460.00","60,350.00","68,595.00","70,355.00",0,"519,223","472,958.20","364,405.45","273,394.12","236,781.48"
2020-03-12,"50,300","50,300","47,300","47,650","51,130.00","54,145.00","59,332.50","68,145.83","70,145.42",0,"893,419","582,575.20","396,793.00","281,392.92","242,519.39"
2020-03-13,"43,000","46,250","43,000","45,950","49,200.00","52,890.00","58,230.00","67,641.67","69,922.50",0,"734,226","650,089.60","424,165.65","290,078.85","247,318.56"
2020-03-16,"45,900","46,500","43,150","43,200","47,560.00","51,530.00","56,995.00","67,098.33","69,683.33",0,"522,549","638,321.40","441,088.20","296,710.67","250,140.52"
2020-03-17,"40,600","41,550","39,150","39,250","45,250.00","49,825.00","55,592.50","66,479.17","69,405.42",0,"900,643","714,012.00","477,817.55","306,820.47","255,467.84"
2020-03-18,"39,250","39,400","35,200","35,200","42,250.00","47,685.00","54,052.50","65,795.83","69,092.92",2,"925,997","795,366.80","505,799.15","319,827.68","261,998.94"
2020-03-19,"35,200","36,300","31,900","31,900","39,100.00","45,115.00","52,347.50","65,054.17","68,747.92",0,"1,005,840","817,851.00","543,578.50","334,135.83","269,057.41"
2020-03-20,"32,500","34,600","31,700","33,950","36,700.00","42,950.00","50,795.00","64,350.00","68,421.67",0,"700,255","811,056.80","568,056.50","343,146.68","273,547.55"
2020-03-23,"32,100","38,700","32,000","36,500","35,360.00","41,460.00","49,535.00","63,688.33","68,123.33",0,"943,863","895,319.60","595,407.90","357,237.97","279,551.77"
2020-03-24,"37,100","38,550","37,100","38,550","35,220.00","40,235.00","48,372.50","63,059.17","67,856.25",0,"786,810","872,553.00","622,220.50","368,110.72","284,371.10"
2020-03-25,"40,350","45,100","39,800","45,050","37,190.00","39,720.00","47,590.00","62,533.33","67,639.17",0,"1,325,096","952,372.80","670,607.50","388,165.25","293,809.56"
2020-03-26,"45,050","45,500","42,400","42,400","39,290.00","39,195.00","46,670.00","62,000.00","67,393.33",0,"1,396,917","1,030,588.00","729,241.40","407,706.10","304,229.12"
2020-03-27,"44,550","44,700","41,350","42,600","41,020.00","38,860.00","45,875.00","61,468.33","67,164.17",0,"835,026","1,057,542.00","740,582.65","418,969.22","309,891.33"
2020-03-30,"41,350","42,200","40,050","41,600","42,040.00","38,700.00","45,115.00","60,943.33","66,935.00",0,"738,471","1,016,464.00","751,206.80","426,710.95","314,757.66"
2020-03-31,"42,300","43,250","41,800","43,000","42,930.00","39,075.00","44,450.00","60,438.33","66,715.00",0,"666,329","992,367.80","762,950.05","433,810.33","319,533.63"
2020-04-01,"42,350","42,850","40,750","40,800","42,080.00","39,635.00","43,660.00","59,906.67","66,472.50",0,"651,313","857,611.20","769,577.25","442,105.32","323,381.88"
2020-04-02,"40,600","41,500","39,150","41,150","41,830.00","40,560.00","42,837.50","59,379.17","66,247.08",0,"739,615","726,150.80","789,291.30","452,176.18","326,899.83"
2020-04-03,"41,150","41,950","40,650","40,850","41,480.00","41,250.00","42,100.00","58,866.67","66,001.67",0,"590,678","677,281.20","798,992.50","458,820.83","330,164.74"
2020-04-06,"41,150","41,950","40,950","41,850","41,530.00","41,785.00","41,622.50","58,360.83","65,755.42",0,"693,429","668,272.80","804,594.45","465,351.00","334,557.39"
2020-04-07,"43,100","43,850","42,200","43,050","41,540.00","42,235.00","41,235.00","57,875.00","65,526.67",0,"980,198","731,046.60","827,494.85","477,342.22","341,339.00"
2020-04-08,"42,600","43,900","41,750","42,800","41,940.00","42,010.00","40,865.00","57,376.67","65,299.17",0,"984,678","797,719.60","850,767.60","490,200.65","347,105.53"
2020-04-09,"43,600","44,500","43,350","44,200","42,550.00","42,190.00","40,692.50","56,886.67","65,075.83",0,"1,023,627","854,522.00","857,278.00","504,294.78","353,506.22"
2020-04-10,"44,850","53,400","44,800","50,600","44,500.00","42,990.00","40,925.00","56,503.33","64,913.33",0,"3,246,690","1,385,724.00","982,901.20","556,480.82","379,197.48"
2020-04-13,"50,600","53,800","49,200","49,400","46,010.00","43,770.00","41,235.00","56,108.33","64,736.67",29,"1,342,560","1,515,551.00","1,023,902.00","576,029.18","389,335.38"
2020-04-14,"49,650","50,300","48,400","49,350","47,270.00","44,405.00","41,740.00","55,702.50","64,549.58",0,"759,396","1,471,390.00","1,016,839.00","585,944.32","394,109.57"
2020-04-16,"48,050","48,650","46,850","47,450","48,200.00","45,070.00","42,352.50","55,263.33","64,352.50",0,"908,997","1,456,254.00","1,015,989.00","597,050.62","400,452.69"
2020-04-17,"48,100","49,700","48,000","48,550","49,070.00","45,810.00","43,185.00","54,850.83","64,163.75",0,"1,098,061","1,471,141.00","1,020,600.00","612,972.70","408,406.27"
2020-04-20,"49,150","49,650","48,500","48,500","48,650.00","46,575.00","43,912.50","54,439.17","63,974.58",0,"741,432","970,089.20","1,022,659.00","622,484.90","413,330.52"
2020-04-21,"48,100","48,250","46,300","47,550","48,280.00","47,145.00","44,465.00","54,010.00","63,780.00",0,"837,498","869,076.80","1,017,341.00","632,197.50","419,076.69"
2020-04-22,"46,350","47,350","46,250","47,350","47,880.00","47,575.00","44,905.00","53,612.50","63,572.92",0,"597,368","836,671.20","1,007,869.00","636,375.33","422,167.86"
2020-04-23,"47,550","48,200","47,450","47,650","47,920.00","48,060.00","45,035.00","53,245.00","63,380.83",0,"577,453","770,362.40","970,486.80","639,977.53","425,021.87"
2020-04-24,"47,150","47,500","46,700","46,900","47,590.00","48,330.00","45,260.00","52,870.00","63,183.33",0,"396,450","630,040.20","920,463.45","640,077.67","426,787.08"
2020-04-27,"47,000","49,800","46,950","49,300","47,750.00","48,200.00","45,595.00","52,533.33","63,005.00",0,"766,422","635,038.20","917,033.25","648,507.62","432,356.50"
2020-04-28,"49,300","50,400","48,600","49,400","48,120.00","48,200.00","45,985.00","52,225.00","62,815.83",0,"602,793","588,097.20","910,249.35","652,673.12","435,936.00"
2020-04-29,"49,400","49,800","48,800","49,100","48,470.00","48,175.00","46,290.00","51,905.00","62,618.33",0,"750,608","618,745.20","914,463.30","660,468.03","440,073.02"
2020-05-04,"47,650","47,900","46,900","47,050","48,350.00","48,135.00","46,602.50","51,547.50","62,406.25",0,"913,449","685,944.40","927,570.10","670,288.07","446,089.92"
2020-05-06,"47,800","48,000","47,400","47,500","48,470.00","48,030.00","46,920.00","51,165.83","62,184.58",0,"596,128","725,880.00","920,395.75","674,878.48","448,744.58"
2020-05-07,"47,500","47,800","47,250","47,500","48,110.00","47,930.00","47,252.50","50,804.17","61,954.58",0,"407,245","654,044.60","911,224.10","676,246.27","449,492.34"
2020-05-08,"47,650","48,850","47,600","47,650","47,760.00","47,940.00","47,542.50","50,450.00","61,721.67",27,"575,007","648,487.40","905,303.00","682,629.10","452,049.16"
2020-05-11,"47,650","47,850","46,750","46,800","47,300.00","47,885.00","47,730.00","50,080.00","61,482.50",0,"588,917","616,149.20","885,738.95","687,972.42","455,870.28"
2020-05-12,"46,400","46,650","45,400","45,750","47,040.00","47,695.00","47,877.50","49,697.50","61,242.92",0,"695,123","572,484.00","871,261.20","695,478.08","459,645.33"
2020-05-13,"45,150","46,000","44,700","45,400","46,620.00","47,545.00","47,937.50","49,320.83","60,995.42",0,"724,760","598,210.40","856,317.85","703,462.95","462,887.33"
2020-05-14,"44,850","45,500","44,100","44,550","46,030.00","47,070.00","47,635.00","48,930.00","60,743.33",0,"1,000,830","716,927.40","744,024.85","717,030.57","469,208.58"
2020-05-15,"44,700","45,400","44,300","45,200","45,540.00","46,650.00","47,425.00","48,551.67","60,500.00",0,"481,321","698,190.20","700,962.90","721,984.28","470,971.44"
2020-05-18,"44,850","45,000","43,850","44,400","45,060.00","46,180.00","47,177.50","48,170.00","60,257.50",0,"570,381","694,483.00","691,512.15","728,723.03","473,509.36"
2020-05-19,"45,500","47,350","45,500","46,600","45,230.00","46,135.00","47,135.00","47,846.67","60,033.33",0,"927,699","740,998.20","692,447.25","738,078.60","479,364.19"
2020-05-20,"46,400","46,500","45,700","45,800","45,310.00","45,965.00","46,997.50","47,510.00","59,812.50",0,"470,216","690,089.40","661,055.00","741,744.65","481,479.91"
2020-05-21,"46,250","46,400","45,450","45,700","45,540.00","45,785.00","46,857.50","47,188.33","59,591.67",0,"526,099","595,143.20","650,288.35","747,001.38","484,471.70"
2020-05-22,"45,850","45,950","44,600","45,150","45,530.00","45,535.00","46,737.50","46,912.50","59,357.92",0,"488,577","596,594.40","632,842.30","748,530.42","487,090.32"
2020-05-25,"45,200","45,250","44,600","44,850","45,620.00","45,340.00","46,612.50","46,630.00","59,134.17",70,"380,225","558,563.20","621,985.15","750,691.53","485,798.21"
2020-05-26,"44,900","46,700","44,850","45,950","45,490.00","45,360.00","46,527.50","46,384.17","58,912.08",0,"779,554","528,934.20","632,090.20","757,728.17","490,555.43"
2020-05-27,"46,400","46,600","45,850","46,550","45,640.00","45,475.00","46,510.00","46,146.67","58,694.17",0,"648,507","564,592.40","644,693.05","764,799.30","495,162.27"
2020-05-28,"47,100","48,000","46,450","46,750","45,850.00","45,695.00","46,382.50","45,950.83","58,487.08",0,"1,092,104","677,793.40","660,977.15","772,864.35","502,750.69"
2020-05-29,"46,200","46,550","45,600","45,700","45,960.00","45,745.00","46,197.50","45,765.83","58,263.75",0,"1,134,936","807,065.20","687,584.30","783,013.48","510,813.93"
2020-06-01,"45,700","46,650","45,650","46,500","46,290.00","45,955.00","46,067.50","45,602.50","58,047.92",0,"487,274","828,475.00","674,417.60","783,943.65","513,413.94"
2020-06-02,"46,500","48,300","46,150","48,200","46,740.00","46,115.00","46,125.00","45,462.50","57,849.58",0,"1,171,103","906,784.80","687,300.30","794,815.88","521,417.38"
2020-06-03,"49,200","51,300","49,100","50,700","47,570.00","46,605.00","46,285.00","45,347.50","57,673.75",0,"1,753,024","1,127,688.00","745,145.10","818,277.38","534,780.11"
2020-06-04,"51,900","52,900","49,150","49,450","48,110.00","46,980.00","46,382.50","45,245.00","57,483.33",0,"1,344,595","1,178,186.00","792,012.60","834,076.40","544,767.40"
2020-06-05,"49,550","50,800","49,550","50,400","49,050.00","47,505.00","46,520.00","45,228.33","57,295.00",0,"814,616","1,114,122.00","803,993.05","837,963.50","550,167.68"
2020-06-08,"51,500","51,700","49,900","50,600","49,870.00","48,080.00","46,710.00","45,225.00","57,110.00",0,"789,973","1,174,662.00","814,045.85","842,426.55","555,606.40"
2020-06-09,"51,300","51,400","49,950","50,300","50,290.00","48,515.00","46,937.50","45,226.67","56,910.83",0,"713,066","1,083,055.00","814,943.00","845,657.27","559,525.69"
2020-06-10,"50,300","50,400","49,650","49,950","50,140.00","48,855.00","47,165.00","45,265.00","56,705.42",42,"476,097","827,669.40","802,509.85","838,701.90","560,047.41"
2020-06-11,"49,350","49,500","48,100","49,000","50,050.00","49,080.00","47,387.50","45,315.83","56,478.75",0,"860,694","730,889.20","795,503.05","840,809.70","565,444.28"
2020-06-12,"46,750","47,500","46,450","46,900","49,350.00","49,200.00","47,472.50","45,377.50","56,237.92",0,"791,765","726,319.00","811,025.25","845,296.63","571,003.65"
2020-06-15,"46,300","47,250","44,750","44,750","48,180.00","49,025.00","47,490.00","45,469.17","55,974.17",0,"727,179","713,760.20","818,865.15","842,405.57","574,613.02"
2020-06-16,"45,600","47,200","45,450","46,950","47,510.00","48,900.00","47,507.50","45,665.00","55,730.42",0,"578,499","686,846.80","801,405.15","836,613.93","578,220.81"
2020-06-17,"46,600","46,900","45,550","46,500","46,820.00","48,480.00","47,542.50","45,908.33","55,481.25",0,"423,528","676,333.00","799,070.75","826,908.73","580,522.28"
2020-06-18,"45,950","47,200","45,900","46,800","46,380.00","48,215.00","47,597.50","46,122.50","55,236.25",0,"343,050","572,804.20","789,918.30","820,955.32","582,051.00"
2020-06-19,"47,600","47,800","46,250","47,100","46,420.00","47,885.00","47,695.00","46,299.17","54,993.75",0,"398,298","494,110.80","785,404.35","811,862.57","584,550.27"
2020-06-22,"46,350","46,950","46,050","46,200","46,710.00","47,445.00","47,762.50","46,426.67","54,742.92",0,"248,064","398,287.80","778,796.30","802,883.47","585,497.09"
2020-06-23,"46,400","46,600","45,300","45,900","46,500.00","47,005.00","47,760.00","46,440.83","54,487.08",0,"325,818","347,751.60","756,109.50","786,228.83","587,197.04"
2020-06-24,"46,300","46,700","46,000","46,400","46,480.00","46,650.00","47,752.50","46,507.50","54,253.75",0,"344,521","331,950.20","740,910.20","768,688.90","588,197.50"
2020-06-25,"45,500","45,700","45,050","45,050","46,130.00","46,255.00","47,667.50","46,548.33","54,008.33",0,"419,578","347,255.80","707,283.90","761,764.77","590,366.99"
2020-06-26,"45,400","45,450","45,000","45,100","45,730.00","46,075.00","47,637.50","46,606.67","53,775.00",0,"244,171","316,430.40","662,745.65","753,526.43","590,118.69"
2020-06-29,"44,300","44,700","44,100","44,400","45,370.00","46,040.00","47,532.50","46,630.00","53,534.17",0,"301,060","327,029.60","653,434.95","747,438.62","590,624.47"
2020-06-30,"45,000","45,300","44,550","44,700","45,130.00","45,815.00","47,357.50","46,695.00","53,300.83",0,"238,600","309,586.00","606,809.80","740,560.07","591,332.69"
2020-07-01,"44,700","45,500","44,700","44,900","44,830.00","45,655.00","47,067.50","46,757.50","53,068.33",0,"241,698","289,021.40","531,243.50","732,261.45","592,218.82"
2020-07-02,"44,900","45,450","44,900","45,300","44,880.00","45,505.00","46,860.00","46,831.67","52,849.17",0,"228,537","250,813.20","475,440.60","726,225.77","592,523.30"
2020-07-03,"45,400","45,800","45,150","45,300","44,920.00","45,325.00","46,605.00","46,889.17","52,625.00",0,"163,250","234,629.00","442,872.30","717,389.45","591,370.22"
2020-07-06,"45,400","46,750","45,250","46,650","45,370.00","45,370.00","46,407.50","46,949.17","52,412.08",0,"333,176","241,052.20","420,032.45","706,605.75","591,973.98"
2020-07-07,"47,100","47,450","46,000","46,100","45,650.00","45,390.00","46,197.50","47,004.17","52,190.42",0,"345,299","262,392.00","401,644.10","695,949.43","593,075.04"
2020-07-08,"46,000","46,650","46,000","46,150","45,900.00","45,365.00","46,007.50","47,036.67","51,961.67",70,"250,973","264,247.00","390,387.90","683,071.87","593,683.32"
2020-07-09,"46,600","46,600","46,050","46,050","46,050.00","45,465.00","45,860.00","46,960.83","51,732.08",0,"322,911","283,121.80","363,498.75","634,342.22","595,411.52"
2020-07-10,"45,900","46,050","44,800","44,900","45,970.00","45,445.00","45,760.00","46,885.83","51,497.08",0,"362,303","322,932.40","342,025.65","618,004.60","597,016.89"
2020-07-13,"45,200","45,900","45,000","45,700","45,780.00","45,575.00","45,807.50","46,825.00","51,263.75",0,"225,746","301,446.40","316,954.00","609,110.43","597,527.38"
2020-07-14,"45,350","46,100","45,250","46,050","45,770.00","45,710.00","45,762.50","46,801.67","51,032.50",0,"241,717","280,730.00","300,114.90","597,989.10","597,519.86"
2020-07-15,"46,500","47,150","46,350","46,350","45,810.00","45,855.00","45,755.00","46,765.00","50,807.92",0,"423,798","315,295.00","300,128.40","586,751.38","599,862.04"
2020-07-16,"46,250","47,250","46,150","47,050","46,010.00","46,030.00","45,767.50","46,740.83","50,590.00",0,"490,218","348,756.40","307,486.80","582,564.48","602,524.69"
2020-07-17,"47,050","47,500","46,550","46,750","46,380.00","46,175.00","45,750.00","46,727.50","50,368.75",0,"288,479","333,991.60","301,995.85","573,414.17","602,805.83"
2020-07-20,"46,750","47,100","46,200","46,950","46,630.00","46,205.00","45,787.50","46,720.83","50,166.67",0,"242,019","337,246.20","301,693.60","567,491.68","601,933.51"
2020-07-21,"46,900","47,700","46,600","47,350","46,890.00","46,330.00","45,860.00","46,715.83","49,980.42",0,"364,193","361,741.40","303,612.35","563,937.35","601,957.44"
2020-07-22,"47,550","49,100","47,450","47,950","47,210.00","46,510.00","45,937.50","46,733.33","49,801.67",29,"724,625","421,906.80","322,617.55","569,406.93","604,742.30"
2020-07-23,"47,850","47,950","46,250","46,550","47,110.00","46,560.00","46,012.50","46,687.50","49,610.42",0,"535,235","430,910.20","328,400.40","565,553.82","607,030.72"
2020-07-24,"46,100","46,800","46,100","46,300","47,020.00","46,700.00","46,072.50","46,635.83","49,430.42",0,"282,820","429,778.40","330,332.85","560,220.93","606,447.03"
2020-07-27,"46,250","47,100","46,200","46,600","46,950.00","46,790.00","46,182.50","46,594.17","49,249.58",0,"291,736","439,721.80","329,866.65","552,573.07","606,520.55"
2020-07-28,"46,600","47,250","46,500","47,100","46,900.00","46,895.00","46,302.50","46,595.00","49,071.25",0,"414,355","449,754.20","338,654.40","544,254.83","607,271.45"
2020-07-29,"46,900","48,950","46,600","48,850","47,080.00","47,145.00","46,500.00","46,617.50","48,891.67",0,"935,606","491,950.40","373,349.80","549,912.80","612,395.64"
2020-07-30,"48,950","49,650","47,950","48,100","47,390.00","47,250.00","46,640.00","46,627.50","48,715.83",0,"602,830","505,469.40","392,064.45","553,172.55","614,709.41"
2020-07-31,"48,300","48,600","47,300","47,550","47,640.00","47,330.00","46,752.50","46,625.83","48,537.92",0,"504,893","549,884.00","409,146.60","552,003.98","617,316.54"
2020-08-03,"47,500","47,800","47,150","47,350","47,790.00","47,370.00","46,787.50","46,635.00","48,357.50",0,"380,733","567,683.40","411,524.45","548,534.25","618,253.33"
2020-08-04,"47,300","48,400","47,300","47,700","47,910.00","47,405.00","46,867.50","46,667.50","48,182.50",0,"331,764","551,165.20","410,847.70","542,478.27","618,978.18"
2020-08-05,"47,400","47,800","47,200","47,400","47,620.00","47,350.00","46,930.00","46,700.83","48,010.83",0,"339,550","431,954.00","415,276.55","536,058.10","619,760.53"
2020-08-06,"47,450","50,600","47,450","50,000","48,000.00","47,695.00","47,127.50","46,791.67","47,860.83",0,"1,399,072","591,202.40","469,084.60","542,695.47","629,863.02"
2020-08-07,"50,600","50,600","48,350","49,250","48,340.00","47,990.00","47,345.00","46,859.17","47,705.42",30,"799,344","650,092.60","490,936.65","547,995.85","634,990.07"
2020-08-10,"49,750","56,800","49,750","55,300","49,930.00","48,860.00","47,825.00","47,040.83","47,605.42",0,"3,134,363","1,200,819.00","636,367.50","590,728.88","659,725.96"
2020-08-11,"55,900","58,200","54,400","56,300","51,650.00","49,780.00","48,337.50","47,202.50","47,524.58",0,"1,791,625","1,492,791.00","713,862.90","605,127.65","671,603.13"
2020-08-12,"57,000","59,500","56,200","59,400","54,050.00","50,835.00","48,990.00","47,429.17","47,469.58",0,"1,678,762","1,760,633.00","776,611.10","625,270.08","683,507.37"
2020-08-13,"61,100","75,900","60,600","71,900","58,430.00","53,215.00","50,232.50","47,865.83","47,527.08",0,"7,226,406","2,926,100.00","1,113,421.00","736,941.87","741,971.63"
2020-08-14,"73,100","73,200","63,500","65,300","61,640.00","54,990.00","51,160.00","48,201.67","47,557.08",0,"4,598,985","3,686,028.00","1,328,946.00","805,448.67","776,989.54"
2020-08-18,"64,500","66,800","58,700","59,100","62,400.00","56,165.00","51,767.50","48,439.17","47,534.58",0,"3,076,232","3,674,402.00","1,470,656.00","850,382.12","800,536.82"
2020-08-19,"60,100","64,900","59,700","63,000","63,740.00","57,695.00","52,550.00","48,723.33","47,553.75",0,"2,918,565","3,899,790.00","1,598,375.00","886,032.30","821,880.23"
2020-08-20,"61,500","62,400","59,400","59,600","63,780.00","58,915.00","53,132.50","48,940.83","47,543.75",0,"1,612,953","3,886,628.00","1,642,791.00","902,106.40","833,452.85"
2020-08-21,"60,700","61,200","58,900","59,400","61,280.00","59,855.00","53,775.00","49,151.67","47,551.25",0,"1,187,035","2,678,754.00","1,675,381.00","903,688.58","838,276.47"
2020-08-24,"59,000","60,200","57,800","60,100","60,240.00","60,940.00","54,465.00","49,391.67","47,578.75",0,"968,817","1,952,720.00","1,709,681.00","900,919.93","841,966.71"
2020-08-25,"60,700","63,200","60,200","61,300","60,680.00","61,540.00","55,200.00","49,638.33","47,620.42",0,"969,593","1,531,393.00","1,743,574.00","908,958.58","846,451.12"
2020-08-26,"61,100","61,600","59,800","60,200","60,120.00","61,930.00","55,855.00","49,838.33","47,650.42",17,"724,543","1,092,588.00","1,759,084.00","901,515.92","848,165.90"
2020-08-27,"60,200","60,500","58,700","59,300","60,060.00","61,920.00","56,377.50","49,981.67","47,664.58",0,"693,925","908,782.60","1,747,000.00","883,864.27","851,070.82"
2020-08-28,"60,000","62,400","59,400","60,500","60,280.00","60,780.00","56,997.50","50,165.83","47,705.42",0,"1,069,308","885,237.20","1,770,323.00","879,276.15","856,676.28"
2020-08-31,"61,900","63,800","60,600","61,200","60,500.00","60,370.00","57,680.00","50,345.83","47,787.08",0,"1,269,661","945,406.00","1,808,562.00","886,860.23","862,411.87"
2020-09-01,"60,900","66,600","60,700","65,600","61,360.00","61,020.00","58,592.50","50,595.83","47,910.42",0,"2,641,377","1,279,763.00","1,921,594.00","917,716.97","880,071.76"
2020-09-02,"66,500","66,600","63,100","64,100","62,140.00","61,130.00","59,412.50","50,825.83","48,026.25",30,"1,545,141","1,443,882.00","1,982,263.00","931,584.88","888,621.07"
2020-09-03,"64,100","65,300","63,200","64,300","63,140.00","61,600.00","60,257.50","51,065.00","48,165.00",0,"805,461","1,466,190.00","2,005,558.00","937,074.28","887,888.09"
2020-09-04,"61,700","63,000","61,600","62,200","63,480.00","61,880.00","60,867.50","51,285.00","48,300.42",0,"993,147","1,450,957.00","1,985,262.00","939,281.83","890,045.77"
2020-09-07,"63,000","64,200","62,600","63,200","63,880.00","62,190.00","61,565.00","51,556.67","48,467.08",0,"615,367","1,320,099.00","1,976,063.00","936,341.87","890,819.25"
2020-09-08,"63,600","65,500","63,600","64,300","63,620.00","62,490.00","62,015.00","51,882.50","48,675.83",0,"996,857","991,194.60","1,869,188.00","940,836.50","891,621.03"
2020-09-09,"63,000","63,600","62,700","63,200","63,440.00","62,790.00","62,360.00","52,153.33","48,909.17",0,"660,525","814,271.40","1,812,633.00","942,203.60","889,408.77"
2020-09-10,"63,900","64,100","62,700","62,900","63,160.00","63,150.00","62,535.00","52,426.67","49,167.50",0,"603,283","773,835.80","1,758,859.00","945,199.52","886,054.13"
2020-09-11,"62,700","65,300","62,200","64,700","63,660.00","63,570.00","62,175.00","52,725.00","49,423.75",0,"887,755","752,757.40","1,441,927.00","954,277.93","887,616.63"
2020-09-14,"66,700","66,700","65,500","65,900","64,200.00","64,040.00","62,205.00","53,038.33","49,668.75",0,"709,906","771,665.20","1,247,473.00","959,471.40","885,666.98"
2020-09-15,"66,000","66,200","64,700","65,500","64,440.00","64,030.00","62,525.00","53,360.00","49,893.33",0,"451,239","662,541.60","1,116,223.00","962,857.65","882,870.56"
2020-09-16,"65,300","65,300","64,200","64,600","64,720.00","64,080.00","62,605.00","53,671.67","50,056.25",0,"458,811","622,198.80","993,235.20","965,074.20","875,651.52"
2020-09-17,"64,400","65,100","63,200","63,200","64,780.00","63,970.00","62,785.00","53,951.67","50,229.58",0,"483,474","598,237.00","936,761.25","967,390.08","868,039.49"
2020-09-18,"63,900","63,900","62,400","62,900","64,420.00","64,040.00","62,960.00","54,249.17","50,398.75",0,"403,035","501,293.00","897,561.25","967,114.37","864,439.57"
2020-09-21,"62,400","63,900","62,300","62,500","63,740.00","63,970.00","63,080.00","54,539.17","50,572.92",0,"370,157","433,343.20","867,628.25","969,214.13","861,370.28"
2020-09-22,"62,000","62,100","59,600","60,000","62,640.00","63,540.00","63,015.00","54,799.17","50,714.58",0,"803,162","503,727.80","859,306.70","977,582.50","862,510.56"
2020-09-23,"60,600","60,700","58,900","59,500","61,620.00","63,170.00","62,980.00","55,045.83","50,870.42",0,"577,619","527,489.40","851,960.50","983,232.82","861,896.44"
2020-09-24,"58,400","58,600","57,500","57,800","60,540.00","62,660.00","62,905.00","55,260.83","51,009.17",0,"535,859","537,966.40","844,057.20","988,135.50","860,198.47"
2020-09-25,"58,300","59,000","57,800","57,900","59,540.00","61,980.00","62,775.00","55,470.83","51,151.25",0,"378,750","533,109.40","809,529.30","990,639.05","858,432.41"
2020-09-28,"58,600","60,500","58,400","59,900","59,020.00","61,380.00","62,710.00","55,714.17","51,301.67",0,"302,478","519,573.60","761,170.15","992,959.52","855,174.48"
2020-09-29,"60,700","61,800","60,200","61,000","59,220.00","60,930.00","62,480.00","55,953.33","51,451.25",0,"420,612","443,063.60","650,131.90","994,416.78","850,511.27"
2020-10-05,"61,300","62,100","60,700","60,800","59,480.00","60,550.00","62,315.00","56,198.33","51,601.25",0,"379,073","403,354.40","591,828.50","994,979.68","845,464.56"
2020-10-06,"61,100","61,700","60,100","60,300","59,980.00","60,260.00","62,115.00","56,434.17","51,735.42",0,"304,942","357,171.00","566,802.55","995,879.17","839,475.52"
2020-10-07,"60,000","61,000","59,500","61,000","60,600.00","60,070.00","62,055.00","56,683.33","51,822.08",0,"279,738","337,368.60","531,132.10","995,159.62","814,750.92"
2020-10-08,"61,400","61,600","60,300","60,700","60,760.00","59,890.00","61,930.00","56,946.67","51,916.25",0,"423,099","361,492.80","521,518.70","996,172.88","807,088.74"
2020-10-12,"61,700","61,800","61,000","61,500","60,860.00","60,040.00","61,790.00","57,210.00","52,017.50",0,"338,087","344,987.80","488,580.20","998,045.23","803,577.83"
2020-10-13,"61,800","61,900","60,600","61,200","60,940.00","60,210.00","61,690.00","57,462.50","52,132.08",0,"364,469","342,067.00","473,777.40","1,000,091.00","799,040.10"
2020-10-14,"61,200","61,300","60,000","60,500","60,980.00","60,480.00","61,570.00","57,698.33","52,231.67",0,"368,700","354,818.60","462,048.25","999,172.80","792,962.09"
2020-10-15,"60,100","60,100","59,200","59,300","60,640.00","60,620.00","61,300.00","57,902.50","52,321.67",0,"318,052","362,481.40","433,563.10","996,303.37","789,433.93"
2020-10-16,"59,600","59,600","58,600","59,000","60,300.00","60,530.00","60,955.00","58,106.67","52,417.08",0,"253,653","328,592.20","410,750.45","995,722.93","784,568.55"
2020-10-19,"59,100","60,500","58,900","60,500","60,100.00","60,480.00","60,705.00","58,332.50","52,526.67",0,"369,725","334,919.80","406,674.75","997,851.37","782,671.53"
2020-10-20,"59,900","60,500","59,400","60,300","59,920.00","60,430.00","60,490.00","58,548.33","52,632.08",0,"234,502","308,926.40","395,459.30","995,689.85","779,813.60"
2020-10-21,"60,600","61,200","59,800","61,200","60,060.00","60,520.00","60,390.00","58,769.17","52,751.25",0,"309,535","297,093.40","386,762.35","988,771.68","779,089.31"
2020-10-22,"60,700","63,500","60,500","63,000","60,800.00","60,720.00","60,395.00","59,043.33","52,865.42",0,"837,005","400,884.00","408,460.85","993,801.18","779,677.50"
2020-10-23,"63,700","63,900","62,900","63,100","61,620.00","60,960.00","60,425.00","59,323.33","52,979.58",33,"490,868","448,327.00","414,496.40","997,268.65","778,744.79"
2020-10-26,"69,600","73,000","65,100","65,500","62,620.00","61,360.00","60,700.00","59,638.33","53,116.25",0,"4,535,106","1,281,403.00","601,093.60","1,067,991.00","810,282.28"
2020-10-27,"64,600","68,700","63,600","66,400","63,840.00","61,880.00","61,045.00","59,960.00","53,277.50",0,"1,714,383","1,577,379.00","657,931.80","1,089,659.00","816,956.72"
2020-10-28,"66,400","67,000","64,900","65,800","64,760.00","62,410.00","61,445.00","60,242.50","53,430.00",0,"517,691","1,619,011.00","657,023.40","1,082,693.00","816,303.08"
2020-10-29,"64,800","65,800","62,700","63,900","64,940.00","62,870.00","61,745.00","60,505.83","53,566.67",0,"812,652","1,614,140.00","678,718.50","1,086,190.00","819,681.47"
2020-10-30,"64,000","65,300","62,400","63,200","64,960.00","63,290.00","61,910.00","60,766.67","53,696.25",0,"641,984","1,644,363.00","695,693.80","1,088,475.00","820,239.62"
2020-11-02,"63,700","64,500","63,500","64,000","64,660.00","63,640.00","62,060.00","61,044.17","53,839.58",0,"376,371","812,616.20","693,481.75","1,088,403.00","818,468.40"
2020-11-03,"63,900","64,500","63,500","64,000","64,180.00","64,010.00","62,220.00","61,315.83","53,991.67",30,"359,765","541,692.60","692,516.35","1,088,869.00","815,673.75"
2020-11-04,"64,500","64,500","63,100","63,500","63,720.00","64,240.00","62,380.00","61,584.17","54,142.50",30,"490,028","536,160.00","701,770.65","1,091,377.00","813,717.65"
2020-11-05,"63,700","64,000","63,100","63,900","63,720.00","64,330.00","62,525.00","61,815.83","54,303.75",0,"377,415","449,112.60","706,654.50","1,074,350.00","808,522.53"
2020-11-06,"64,300","64,300","63,400","63,600","63,800.00","64,380.00","62,670.00","62,055.00","54,457.08",0,"328,110","386,337.80","701,905.05","1,066,496.00","807,245.77"
2020-11-09,"63,800","65,100","63,600","64,400","63,880.00","64,270.00","62,815.00","62,206.67","54,623.75",0,"495,517","410,167.00","709,776.55","1,022,515.00","806,621.90"
2020-11-10,"65,800","67,200","64,600","66,800","64,440.00","64,310.00","63,095.00","62,381.67","54,792.08",0,"1,145,747","567,363.40","748,840.45","1,011,750.00","808,438.97"
2020-11-11,"66,900","68,200","66,800","67,800","65,300.00","64,510.00","63,460.00","62,521.67","54,975.42",0,"724,366","614,231.00","766,623.75","995,843.68","810,556.88"
2020-11-12,"68,000","68,000","66,300","66,600","65,840.00","64,780.00","63,825.00","62,433.33","55,149.58",0,"651,055","668,959.00","783,273.90","886,254.50","811,598.18"
2020-11-13,"67,000","67,900","66,400","67,200","66,560.00","65,180.00","64,235.00","62,465.00","55,333.33",0,"676,677","738,672.40","804,425.10","820,882.70","813,165.68"
2020-11-16,"68,000","69,200","67,400","68,500","67,380.00","65,630.00","64,635.00","62,621.67","55,530.42",0,"763,778","792,324.60","824,127.75","782,341.80","816,361.96"
2020-11-17,"68,800","71,700","68,000","70,500","68,120.00","66,280.00","65,145.00","62,746.67","55,735.00",0,"1,085,180","780,211.20","866,661.65","751,785.38","818,908.84"
2020-11-18,"70,700","71,700","69,600","71,600","68,880.00","67,090.00","65,665.00","62,946.67","55,943.75",30,"748,744","785,086.80","888,622.10","737,381.90","819,744.15"
2020-11-19,"71,400","75,000","70,600","75,000","70,560.00","68,200.00","66,265.00","63,206.67","56,179.17",0,"1,391,353","933,146.40","916,339.50","740,787.20","822,237.89"
2020-11-20,"74,500","76,400","72,700","73,500","71,820.00","69,190.00","66,785.00","63,430.00","56,410.83",37,"998,476","997,506.20","941,719.90","741,281.52","821,100.72"
2020-11-23,"73,100","75,400","72,500","75,000","73,120.00","70,250.00","67,260.00","63,658.33","56,648.33",0,"770,840","998,918.60","753,506.60","737,968.97","823,463.78"
2020-11-24,"76,100","76,500","74,700","75,400","74,100.00","71,110.00","67,710.00","63,911.67","56,875.00",0,"759,791","933,840.80","705,777.00","738,556.43","820,036.18"
2020-11-25,"75,600","76,200","72,700","73,900","74,560.00","71,720.00","68,115.00","64,155.00","57,068.33",0,"974,156","978,923.20","728,600.25","743,226.95","813,545.61"
2020-11-26,"73,900","74,300","72,400","74,100","74,380.00","72,470.00","68,625.00","64,381.67","57,273.75",0,"565,107","813,674.00","716,223.00","734,823.60","807,049.88"
2020-11-27,"73,900","74,900","73,200","74,000","74,480.00","73,150.00","69,165.00","64,595.00","57,470.42",0,"441,538","702,286.40","706,200.70","721,021.55","803,940.89"
2020-11-30,"74,200","74,400","71,300","71,300","73,740.00","73,430.00","69,530.00","64,690.00","57,642.92",0,"1,264,680","801,054.40","750,616.15","698,076.60","807,896.78"
