2018-06-26,"39,938","40,304","39,754","40,304", , , , , ,0,"99,323", , , , 
2018-06-27,"39,663","40,579","39,663","39,846", , , , , ,0,"142,560", , , , 
2018-06-28,"40,304","40,304","39,571","39,571", , , , , ,0,"173,810", , , , 
2018-06-29,"39,663","40,029","39,205","39,846", , , , , ,0,"143,548", , , , 
2018-07-02,"39,480","39,938","38,838","38,930","39,699.40", , , , ,0,"158,275","143,503.20", , , 
2018-07-03,"39,022","39,205","38,106","38,655","39,369.60", , , , ,0,"193,537","162,346.00", , , 
2018-07-04,"38,289","40,212","38,289","39,938","39,388.00", , , , ,0,"179,814","169,796.80", , , 
2018-07-05,"39,571","39,938","39,388","39,663","39,406.40", , , , ,0,"103,739","155,782.60", , , 
2018-07-06,"39,480","40,212","39,113","40,121","39,461.40", , , , ,0,"131,299","153,332.80", , , 
2018-07-09,"40,670","40,854","39,938","40,396","39,754.60","39,727.00", , , ,0,"125,524","146,782.60", , , 
2018-07-10,"40,396","40,762","40,304","40,487","40,121.00","39,745.30", , , ,0,"101,195","128,314.20", , , 
2018-07-11,"40,029","40,396","39,571","39,846","40,102.60","39,745.30", , , ,0,"138,433","120,038.00", , , 
2018-07-12,"40,212","41,128","39,938","40,854","40,340.80","39,873.60", , , ,0,"175,355","134,361.20", , , 
2018-07-13,"41,037","41,495","40,670","41,403","40,597.20","40,029.30", , , ,0,"123,826","132,866.60", , , 
2018-07-16,"40,945","41,586","40,854","41,586","40,835.20","40,294.90", , , ,0,"93,930","126,547.80", , , 
2018-07-17,"41,586","41,586","41,037","41,403","41,018.40","40,569.70", , , ,0,"80,557","122,420.20", , , 
2018-07-18,"41,128","41,403","40,121","40,304","41,110.00","40,606.30", , , ,0,"134,296","121,592.80", , , 
2018-07-19,"40,304","40,579","39,205","39,388","40,816.80","40,578.80", , , ,0,"122,969","111,115.60", , , 
2018-07-20,"39,388","40,304","39,388","40,212","40,578.60","40,587.90", , , ,0,"81,261","102,602.60", , , 
2018-07-23,"40,212","40,212","39,571","39,663","40,194.00","40,514.60","40,120.80", , ,0,"106,310","105,078.60","130,478.05", , 
2018-07-24,"39,571","40,304","39,571","40,304","39,974.20","40,496.30","40,120.80", , ,70,"92,200","107,407.20","130,121.90", , 
2018-07-25,"40,304","40,579","39,571","39,663","39,846.00","40,478.00","40,111.65", , ,0,"113,717","103,291.40","128,679.75", , 
2018-07-26,"40,121","41,953","39,938","41,128","40,194.00","40,505.40","40,189.50", , ,0,"360,819","150,861.40","138,030.20", , 
2018-07-27,"41,586","41,586","40,487","40,762","40,304.00","40,441.30","40,235.30", , ,0,"113,346","157,278.40","136,520.10", , 
2018-07-30,"40,762","40,762","39,938","40,762","40,523.80","40,358.90","40,326.90", , ,0,"123,379","160,692.20","134,775.30", , 
2018-07-31,"40,670","40,945","39,938","40,854","40,633.80","40,304.00","40,436.85", , ,0,"157,041","173,660.40","132,950.50", , 
2018-08-01,"40,670","41,220","40,670","41,037","40,908.60","40,377.30","40,491.80", , ,0,"95,993","170,115.60","128,759.45", , 
2018-08-02,"40,670","41,220","40,670","41,037","40,890.40","40,542.20","40,560.50", , ,30,"106,135","119,178.80","128,879.25", , 
2018-08-03,"40,670","41,312","40,670","41,037","40,945.40","40,624.70","40,606.30", , ,0,"87,882","114,086.00","126,708.40", , 
2018-08-06,"40,854","41,953","40,854","41,220","41,037.00","40,780.40","40,647.50", , ,29,"133,925","116,195.20","127,128.45", , 
2018-08-07,"41,312","41,953","41,220","41,770","41,220.20","40,927.00","40,711.65", , ,30,"128,635","110,514.00","128,500.45", , 
2018-08-08,"41,403","41,586","40,854","41,037","41,220.20","41,064.40","40,771.20", , ,0,"135,464","118,408.20","128,352.00", , 
2018-08-09,"41,220","41,495","40,762","41,495","41,311.80","41,101.10","40,803.25", , ,0,"114,825","120,146.20","125,325.50", , 
2018-08-10,"41,495","42,136","41,037","42,136","41,531.60","41,238.50","40,839.90", , ,0,"162,249","135,019.60","127,246.65", , 
2018-08-13,"41,953","42,044","40,854","41,128","41,513.20","41,275.10","40,817.00", , ,0,"120,289","132,292.40","128,564.60", , 
2018-08-14,"41,128","41,770","41,037","41,312","41,421.60","41,320.90","40,812.45", , ,0,"84,263","123,418.00","128,749.90", , 
2018-08-16,"40,945","40,945","40,121","40,487","41,311.60","41,265.90","40,821.60", , ,0,"154,432","127,211.60","129,756.70", , 
2018-08-17,"40,304","41,586","40,212","41,403","41,293.20","41,302.50","40,922.35", , ,60,"164,793","137,205.20","131,847.90", , 
2018-08-20,"41,770","41,953","41,128","41,495","41,165.00","41,348.30","40,986.50", , ,33,"96,485","124,052.40","132,609.10", , 
2018-08-21,"41,861","42,044","41,403","41,586","41,256.60","41,384.90","41,082.65", , ,0,"141,288","128,252.20","134,358.00", , 
2018-08-22,"41,586","42,044","41,586","41,678","41,329.80","41,375.70","41,151.35", , ,30,"77,227","126,845.00","133,609.35", , 
2018-08-23,"41,770","42,228","41,678","42,136","41,659.60","41,485.60","41,275.00", , ,0,"150,322","126,023.00","135,439.60", , 
2018-08-24,"41,953","42,228","41,678","42,136","41,806.20","41,549.70","41,325.40", , ,30,"83,139","109,692.20","121,555.60", , 
2018-08-27,"42,319","42,869","42,136","42,319","41,971.00","41,568.00","41,403.25", , ,0,"95,066","109,408.40","120,641.60", , 
2018-08-28,"42,319","42,502","41,953","42,044","42,062.60","41,659.60","41,467.35", , ,0,"84,520","98,054.80","118,698.65", , 
2018-08-29,"42,228","42,502","42,136","42,411","42,209.20","41,769.50","41,545.20", , ,30,"90,786","100,766.60","115,385.90", , 
2018-08-30,"42,411","42,502","41,678","41,953","42,172.60","41,916.10","41,591.00", , ,30,"112,402","93,182.60","116,206.35", , 
2018-08-31,"42,136","43,876","41,678","43,785","42,502.40","42,154.30","41,728.40", , ,0,"398,286","156,212.00","130,813.90", , 
2018-09-03,"43,968","44,060","43,052","43,693","42,777.20","42,374.10","41,861.20", , ,20,"139,967","165,192.20","133,418.15", , 
2018-09-04,"43,510","43,876","43,052","43,693","43,107.00","42,584.80","41,984.85", , ,0,"215,273","191,342.80","137,485.55", , 
2018-09-05,"43,602","44,884","43,602","44,060","43,436.80","42,823.00","42,099.35", , ,0,"220,497","217,285.00","142,078.65", , 
2018-09-06,"43,968","44,243","43,418","43,602","43,766.60","42,969.60","42,227.60", , ,0,"144,934","223,791.40","142,552.15", , 
2018-09-07,"43,693","44,243","43,327","44,151","43,839.80","43,171.10","42,360.40", , ,30,"119,438","168,021.80","142,782.80", , 
2018-09-10,"43,693","44,518","43,327","43,876","43,876.40","43,326.80","42,447.40", , ,0,"104,705","160,969.40","139,905.60", , 
2018-09-11,"43,876","44,151","43,510","44,060","43,949.80","43,528.40","42,594.00", , ,0,"80,022","133,919.20","137,892.25", , 
2018-09-12,"44,243","44,701","43,418","43,785","43,894.80","43,665.80","42,717.65", , ,0,"129,733","115,766.40","140,165.75", , 
2018-09-13,"44,151","44,426","43,418","43,968","43,968.00","43,867.30","42,891.70", , ,0,"192,986","125,376.80","142,093.45", , 
2018-09-14,"43,968","44,518","43,693","43,968","43,931.40","43,885.60","43,019.95", , ,0,"93,712","120,231.60","138,539.40", , 
2018-09-17,"43,785","44,243","43,693","43,876","43,931.40","43,903.90","43,139.00", , ,0,"99,683","119,227.20","138,699.30", , 
2018-09-18,"43,785","43,785","43,144","43,327","43,784.80","43,867.30","43,226.05","41,476.50", ,0,"137,735","130,769.80","138,521.65","134,452.57", 
2018-09-19,"43,418","43,602","42,502","43,602","43,748.20","43,821.50","43,322.25","41,531.47", ,20,"143,668","133,556.80","141,843.70","135,191.65", 
2018-09-20,"43,235","44,884","43,052","43,693","43,693.20","43,830.60","43,400.10","41,595.58", ,29,"257,587","146,477.00","147,206.95","137,108.77", 
2018-09-21,"44,426","44,426","43,144","43,510","43,601.60","43,766.50","43,468.80","41,661.23", ,0,"203,805","168,495.60","153,240.25","137,608.68", 
2018-09-27,"43,235","44,609","43,144","44,426","43,711.60","43,821.50","43,574.15","41,737.57", ,0,"249,460","198,451.00","160,959.95","139,373.88", 
2018-09-28,"43,968","44,609","43,968","44,426","43,931.40","43,858.10","43,693.25","41,829.17", ,30,"190,939","209,091.80","166,280.90","139,918.28", 
2018-10-01,"44,151","44,334","43,235","43,602","43,931.40","43,839.80","43,752.80","41,911.62", ,0,"130,459","206,450.00","168,264.55","138,866.98", 
2018-10-02,"43,327","43,327","42,502","42,686","43,730.00","43,711.60","43,789.45","41,957.42", ,0,"179,929","190,918.40","171,640.90","138,868.90", 
2018-10-04,"42,502","43,052","42,136","42,686","43,565.20","43,583.40","43,734.50","42,007.80", ,0,"121,747","174,506.80","157,813.95","139,169.03", 
2018-10-05,"42,594","42,594","40,670","41,128","42,905.60","43,308.60","43,606.25","42,024.58", ,0,"290,917","182,798.20","165,361.45","141,829.33", 
2018-10-08,"40,212","41,586","40,212","40,396","42,099.60","43,015.50","43,441.40","42,024.58", ,66,"165,628","177,736.00","162,879.20","142,497.73", 
2018-10-10,"40,579","40,762","39,205","39,480","41,275.20","42,603.30","43,212.40","42,007.80", ,0,"147,211","181,086.40","159,214.90","143,264.67", 
2018-10-11,"38,747","39,388","37,831","37,831","40,304.20","42,017.10","42,923.85","41,974.22", ,0,"236,905","192,481.60","163,813.45","144,905.87", 
2018-10-12,"37,831","38,747","37,739","38,289","39,424.80","41,495.00","42,630.75","41,931.47", ,8,"251,648","218,461.80","170,423.95","146,177.42", 
2018-10-15,"38,289","38,838","37,831","38,197","38,838.60","40,872.10","42,346.80","41,878.03", ,0,"162,096","192,697.60","173,293.50","146,815.25", 
2018-10-16,"38,197","38,472","37,373","38,197","38,398.80","40,249.20","42,053.65","41,821.55", ,0,"177,697","195,111.40","178,177.25","148,211.37", 
2018-10-17,"38,655","38,747","38,014","38,289","38,160.60","39,717.90","41,778.85","41,769.65", ,0,"161,310","197,931.20","179,756.10","149,557.25", 
2018-10-18,"38,289","38,655","38,106","38,380","38,270.40","39,287.30","41,499.45","41,737.58", ,0,"115,731","173,696.40","175,893.35","149,247.83", 
2018-10-19,"38,380","38,838","37,648","38,838","38,380.20","38,902.50","41,242.95","41,728.42", ,0,"141,365","151,639.80","178,276.00","149,554.43", 
2018-10-22,"38,472","38,472","37,648","37,922","38,325.20","38,581.90","40,945.25","41,690.25", ,70,"182,718","155,764.20","182,427.75","151,245.38", 
2018-10-23,"37,831","38,106","36,548","36,915","38,068.80","38,233.80","40,624.65","41,644.45", ,0,"180,322","156,289.20","184,557.10","152,478.92", 
2018-10-24,"37,464","38,197","37,098","37,831","37,977.20","38,068.90","40,336.10","41,603.23", ,8,"167,331","157,493.40","185,740.25","153,731.10", 
2018-10-25,"37,556","37,739","36,640","37,464","37,794.00","38,032.20","40,024.65","41,566.58", ,0,"202,003","174,747.80","182,961.05","155,202.53", 
2018-10-26,"37,190","37,464","35,358","36,182","37,262.80","37,821.50","39,658.25","41,484.15", ,0,"180,928","182,660.40","181,817.20","152,204.35", 
2018-10-29,"36,274","36,915","34,625","34,808","36,640.00","37,482.60","39,177.35","41,384.92", ,0,"223,100","190,736.80","180,499.20","154,033.58", 
2018-10-30,"34,625","35,907","34,533","35,541","36,365.20","37,217.00","38,733.10","41,297.90", ,0,"199,618","194,596.00","180,933.15","155,304.23", 
2018-10-31,"33,617","33,800","30,136","30,686","34,936.20","36,456.70","38,087.30","41,128.43", ,0,"1,803,952","521,920.20","264,607.80","182,752.75", 
2018-11-01,"30,961","31,602","30,778","30,961","33,635.60","35,714.80","37,501.05","40,960.50", ,57,"579,803","597,480.20","284,601.50","190,816.25", 
2018-11-02,"31,052","32,884","31,052","32,610","32,921.20","35,092.00","36,997.25","40,820.05", ,0,"494,159","660,126.40","303,222.10","197,283.32", 
2018-11-05,"42,319","42,319","41,953","42,319","34,423.40","35,531.70","37,056.80","40,841.42", ,0,"2,896,021","1,194,711.00","433,477.30","244,085.63", 
2018-11-06,"44,518","53,128","44,334","45,800","36,475.20","36,420.20","37,327.00","40,917.75", ,29,"12,473,766","3,649,540.00","1,048,884.00","449,749.65", 
2018-11-07,"46,624","46,991","43,235","43,510","39,040.00","36,988.10","37,528.50","40,946.75", ,39,"3,482,369","3,985,224.00","1,215,642.00","505,645.22", 
2018-11-08,"44,609","45,250","42,686","43,968","41,641.40","37,638.50","37,835.35","40,995.60", ,0,"3,163,603","4,501,984.00","1,361,977.00","556,114.20", 
2018-11-09,"43,235","44,518","41,953","43,052","43,729.80","38,325.50","38,073.50","41,021.55", ,0,"2,048,302","4,812,812.00","1,451,810.00","588,338.82", 
2018-11-12,"42,411","43,693","41,770","42,777","43,821.40","39,122.40","38,302.50","41,032.23", ,0,"1,463,941","4,526,396.00","1,516,902.00","610,033.68", 
2018-11-13,"42,686","43,876","41,953","43,052","43,271.80","39,873.50","38,545.25","41,064.30", ,0,"1,325,311","2,296,705.00","1,574,283.00","630,117.38", 
2018-11-14,"43,235","43,785","42,319","42,869","43,143.60","41,091.80","38,774.25","41,090.25", ,0,"893,259","1,778,883.00","1,610,880.00","643,600.65", 
2018-11-15,"43,327","44,243","42,686","43,785","43,107.00","42,374.20","39,044.50","41,145.22", ,0,"1,083,242","1,362,811.00","1,659,256.00","659,080.82", 
2018-11-16,"43,785","44,884","43,510","43,968","43,290.20","43,510.00","39,301.00","41,187.97", ,0,"814,929","1,116,136.00","1,692,934.00","669,916.42", 
2018-11-19,"44,518","47,357","44,243","46,624","44,059.60","43,940.50","39,736.10","41,273.45", ,0,"2,576,053","1,338,559.00","1,812,601.00","711,242.55", 
2018-11-20,"45,892","46,624","45,434","45,800","44,609.20","43,940.50","40,180.35","41,343.68", ,37,"854,318","1,244,360.00","1,846,300.00","723,126.38", 
2018-11-21,"45,159","45,250","43,510","44,701","44,975.60","44,059.60","40,523.85","41,394.07", ,38,"821,965","1,230,101.00","1,879,032.00","735,538.68", 
2018-11-22,"45,159","45,159","43,327","43,693","44,957.20","44,032.10","40,835.30","41,420.02", ,0,"589,132","1,131,279.00","1,898,389.00","742,852.18", 
2018-11-23,"43,693","44,151","42,869","43,235","44,810.60","44,050.40","41,187.95","41,438.33", ,42,"436,463","1,055,586.00","1,911,165.00","748,740.92", 
2018-11-26,"42,869","43,693","42,777","43,235","44,132.80","44,096.20","41,609.30","41,453.60", ,0,"411,654","622,706.40","1,920,593.00","754,017.38", 
2018-11-27,"43,693","43,968","42,686","43,235","43,619.80","44,114.50","41,994.00","41,473.45", ,0,"326,616","517,166.00","1,926,943.00","758,052.32", 
2018-11-28,"43,602","43,693","42,502","42,869","43,253.40","44,114.50","42,603.15","41,481.08", ,0,"397,353","432,243.60","1,856,613.00","763,161.77", 
2018-11-29,"43,418","43,510","42,319","42,319","42,978.60","43,967.90","43,171.05","41,487.18", ,42,"434,078","401,232.80","1,849,327.00","768,523.03", 
2018-11-30,"42,502","43,144","41,495","41,678","42,667.20","43,738.90","43,624.45","41,452.07", ,42,"654,541","444,848.40","1,857,346.00","772,793.95", 
2018-12-03,"42,319","42,777","41,770","41,953","42,410.80","43,271.80","43,606.15","41,423.07", ,0,"460,666","454,650.80","1,735,578.00","778,138.93", 
2018-12-04,"42,319","43,693","42,044","43,052","42,374.20","42,997.00","43,468.75","41,412.38", ,0,"689,733","527,274.20","1,146,376.00","786,046.60", 
2018-12-05,"42,319","42,686","41,953","42,136","42,227.60","42,740.50","43,400.05","41,380.32", ,0,"314,034","510,610.40","987,959.65","787,605.55", 
2018-12-06,"42,136","42,136","39,480","39,754","41,714.60","42,346.60","43,189.35","41,316.18", ,0,"824,181","588,631.00","870,988.55","798,926.33", 
2018-12-07,"40,121","40,396","39,296","39,663","41,311.60","41,989.40","43,019.90","41,241.38", ,0,"479,591","553,641.00","792,553.00","804,928.88", 
2018-12-10,"39,480","39,938","38,564","39,663","40,853.60","41,632.20","42,864.20","41,171.17", ,0,"400,328","541,573.40","739,372.35","809,855.93", 
2018-12-11,"40,121","40,121","38,838","39,022","40,047.60","41,210.90","42,662.70","41,087.20", ,0,"287,926","461,212.00","687,503.10","813,321.00", 
2018-12-12,"39,022","39,571","38,655","39,205","39,461.40","40,844.50","42,479.50","41,010.87", ,0,"330,519","464,509.00","659,366.10","816,667.43", 
2018-12-13,"40,029","40,029","39,296","39,388","39,388.20","40,551.40","42,259.65","40,934.53", ,0,"566,889","413,050.60","633,548.45","822,899.15", 
2018-12-14,"39,571","39,571","38,197","38,747","39,205.00","40,258.30","41,998.60","40,847.52", ,0,"326,840","382,500.40","609,144.00","826,784.62", 
2018-12-17,"38,472","39,113","38,289","38,838","39,040.00","39,946.80","41,609.30","40,763.55", ,0,"197,058","341,846.40","490,194.25","828,407.53", 
2018-12-18,"38,655","39,388","38,289","39,296","39,094.80","39,571.20","41,284.10","40,696.37","41,086.43",70,"334,885","351,238.20","464,222.60","831,693.37","483,072.97"
2018-12-19,"39,296","40,029","39,205","39,754","39,204.60","39,333.00","41,036.75","40,632.23","41,081.85",68,"274,907","340,115.80","436,869.70","833,880.68","484,536.17"
2018-12-20,"39,296","39,938","39,022","39,571","39,241.20","39,314.70","40,830.65","40,563.53","41,079.56",0,"267,658","280,269.60","420,796.00","834,048.53","485,578.65"
2018-12-21,"39,754","40,396","39,022","40,212","39,534.20","39,369.60","40,679.50","40,508.57","41,084.90",70,"480,060","310,913.60","422,975.85","838,652.78","488,130.73"
2018-12-24,"39,938","40,487","39,754","40,304","39,827.40","39,433.70","40,532.95","40,439.87","41,088.72",0,"236,348","318,771.60","414,210.55","838,434.25","488,904.07"
2018-12-26,"39,480","40,670","39,480","40,396","40,047.40","39,571.10","40,391.00","40,372.70","41,100.93",0,"381,168","328,028.20","416,938.15","841,604.73","490,761.51"
2018-12-27,"40,885","41,268","38,970","39,353","39,967.20","39,585.90","40,215.20","40,301.88","41,106.75",39,"467,441","366,535.00","420,442.55","847,221.10","493,044.04"
2018-12-28,"38,970","39,641","38,779","39,162","39,885.40","39,563.30","40,057.35","40,243.15","41,100.28",0,"347,572","382,517.80","416,117.25","850,015.15","494,442.03"
2019-01-02,"39,449","40,598","39,353","40,024","39,847.80","39,691.00","39,974.65","40,198.78","41,103.29",64,"317,650","350,035.80","399,272.70","853,280.20","496,224.62"
2019-01-03,"40,215","40,598","39,258","39,353","39,657.60","39,742.50","39,844.65","40,169.20","41,096.89",30,"260,522","354,870.60","389,265.50","852,773.62","497,301.47"
2019-01-04,"39,258","42,130","38,875","42,130","40,004.40","40,025.90","39,798.55","40,198.10","41,111.34",60,"572,292","393,095.40","383,393.45","859,551.35","501,024.54"
2019-01-07,"50,269","50,365","43,279","43,662","40,866.20","40,416.70","39,874.85","40,267.80","41,137.80",0,"3,336,324","966,872.00","534,507.95","912,703.23","527,983.95"
2019-01-08,"44,237","44,907","43,279","44,045","41,842.80","40,864.10","40,089.40","40,371.37","41,172.79",21,"972,292","1,091,816.00","541,913.50","924,959.68","534,932.78"
2019-01-09,"44,428","44,524","43,375","43,375","42,513.00","41,180.40","40,275.00","40,456.13","41,193.80",0,"594,021","1,147,090.00","547,635.00","930,665.90","538,421.66"
2019-01-10,"43,088","44,524","43,088","43,662","43,374.80","41,516.20","40,474.95","40,547.22","41,212.63",30,"475,462","1,190,078.00","551,391.70","935,888.67","541,351.96"
2019-01-11,"43,758","44,045","43,279","43,279","43,604.60","41,804.50","40,687.80","40,631.92","41,226.73",0,"329,802","1,141,580.00","553,485.50","938,423.75","543,317.56"
2019-01-14,"43,088","43,183","42,130","42,800","43,432.20","42,149.20","40,867.55","40,707.10","41,238.38",0,"268,151","527,945.60","550,367.10","940,204.43","544,880.84"
2019-01-15,"43,183","46,152","43,183","44,715","43,566.20","42,704.50","41,133.90","40,812.68","41,275.13",0,"1,242,559","581,999.00","584,150.60","958,984.90","554,116.37"
2019-01-16,"45,003","45,769","44,524","45,290","43,949.20","43,231.10","41,461.05","40,920.22","41,324.32",0,"454,684","554,131.60","590,542.80","964,206.88","556,880.66"
2019-01-17,"45,290","45,577","44,332","44,332","44,083.20","43,729.00","41,735.75","41,027.05","41,358.65",0,"317,598","522,558.80","596,569.80","966,454.88","558,850.13"
2019-01-18,"44,332","44,811","43,758","44,715","44,370.40","43,987.50","42,006.70","41,157.05","41,400.75",0,"231,243","502,847.00","591,387.70","967,303.57","559,891.24"
2019-01-21,"44,907","44,907","43,662","43,949","44,600.20","44,016.20","42,216.45","41,259.02","41,431.13",0,"201,180","489,452.80","587,701.35","967,867.72","560,799.41"
2019-01-22,"43,375","44,811","43,375","44,620","44,581.20","44,073.70","42,468.90","41,378.28","41,472.43",0,"342,407","309,422.40","591,438.80","970,207.78","562,705.16"
2019-01-23,"44,620","45,003","44,141","44,907","44,504.60","44,226.90","42,703.65","41,523.70","41,503.93",0,"280,507","274,587.00","581,461.15","971,867.43","562,035.89"
2019-01-24,"44,811","45,194","44,141","44,811","44,600.40","44,341.80","42,929.00","41,690.42","41,537.67",0,"265,697","264,206.80","582,928.60","972,577.38","563,305.48"
2019-01-25,"44,811","45,003","44,237","45,003","44,658.00","44,514.20","43,159.35","41,848.12","41,573.01",0,"259,107","269,779.60","576,825.55","973,568.87","564,436.55"
2019-01-28,"45,194","45,577","44,811","45,194","44,907.00","44,753.60","43,451.40","42,089.92","41,609.18",0,"345,003","298,544.20","570,703.65","949,253.05","566,002.90"
2019-01-29,"45,003","45,290","44,620","44,907","44,964.40","44,772.80","43,738.65","42,322.35","41,641.43",0,"231,645","276,391.80","564,907.30","943,450.42","567,133.33"
2019-01-30,"45,290","45,577","44,907","45,481","45,079.20","44,791.90","44,011.50","42,536.87","41,678.46",0,"232,752","266,840.80","560,662.40","939,093.63","568,188.47"
2019-01-31,"45,864","46,056","45,386","45,577","45,232.40","44,916.40","44,322.70","42,591.17","41,716.29",0,"252,073","264,116.00","560,239.95","895,027.83","569,556.73"
2019-02-01,"45,577","45,864","44,907","45,003","45,232.40","44,945.20","44,466.35","42,577.88","41,747.82",0,"184,052","249,105.00","540,827.95","690,199.27","569,974.46"
2019-02-07,"45,098","45,386","44,332","45,003","45,194.20","45,050.60","44,533.40","42,602.77","41,774.76",0,"263,196","232,743.60","387,171.55","636,546.38","571,095.80"
2019-02-08,"44,524","45,960","44,524","45,577","45,328.20","45,146.30","44,610.00","42,629.58","41,812.59",0,"250,621","236,538.80","351,088.00","587,996.68","572,055.44"
2019-02-11,"45,960","47,013","45,386","46,726","45,577.20","45,328.20","44,777.55","42,690.82","41,856.18",0,"476,648","285,318.00","345,219.35","561,802.45","575,070.63"
2019-02-12,"46,726","47,109","46,343","46,726","45,807.00","45,519.70","44,930.75","42,756.63","41,894.43",0,"270,768","289,057.00","334,984.65","541,916.23","575,974.96"
2019-02-13,"46,630","47,109","46,343","46,822","46,170.80","45,701.60","45,107.90","42,819.47","41,941.88",30,"302,292","312,705.00","333,609.15","524,865.92","577,491.65"
2019-02-14,"46,726","47,013","46,343","46,726","46,515.40","45,854.80","45,304.20","42,883.75","41,987.00",0,"242,705","308,606.80","332,336.85","514,023.35","578,812.00"
2019-02-15,"46,822","47,396","46,152","46,343","46,668.60","45,998.40","45,385.60","42,926.38","42,035.80",0,"214,595","301,401.60","280,938.65","499,545.90","579,313.36"
2019-02-18,"46,535","47,396","46,439","47,301","46,783.60","46,180.40","45,486.15","42,981.93","42,084.95",30,"310,366","268,145.20","273,722.75","491,136.52","580,526.47"
2019-02-19,"47,205","47,875","46,918","47,013","46,841.00","46,324.00","45,620.20","42,988.42","42,130.93",0,"234,773","260,946.20","269,581.50","452,115.18","581,678.87"
2019-02-20,"47,109","47,396","46,630","47,013","46,879.20","46,525.00","45,735.10","43,008.63","42,176.16",0,"168,569","234,201.60","266,447.80","440,686.03","581,906.21"
2019-02-21,"47,205","47,301","46,630","47,109","46,955.80","46,735.60","45,893.10","43,048.77","42,221.42",0,"194,345","224,529.60","266,106.05","430,225.70","582,882.19"
2019-02-22,"47,013","47,684","46,918","47,301","47,147.40","46,908.00","46,027.15","43,108.90","42,264.46",0,"228,705","227,351.60","260,420.95","424,218.58","583,535.38"
2019-02-25,"47,396","47,684","47,013","47,588","47,204.80","46,994.20","46,161.20","43,181.45","42,309.89",30,"220,945","209,467.40","257,442.85","420,626.62","584,683.77"
2019-02-26,"47,684","48,450","47,301","47,301","47,262.40","47,051.70","46,285.70","43,249.22","42,351.41",0,"213,436","205,200.00","254,829.80","417,322.98","585,670.18"
2019-02-27,"47,492","48,067","47,109","48,067","47,473.20","47,176.20","46,438.90","43,329.75","42,401.60",0,"219,248","215,335.80","252,836.85","415,533.52","586,792.92"
2019-02-28,"48,354","51,514","47,971","49,886","48,028.60","47,492.20","46,673.50","43,446.70","42,463.89",0,"1,174,319","411,330.60","294,302.65","428,482.95","595,822.36"
2019-03-04,"51,418","51,514","50,269","50,843","48,737.00","47,942.20","46,970.30","43,588.77","42,537.97",30,"467,781","459,145.80","306,109.45","429,044.67","598,783.85"
2019-03-05,"50,843","50,843","49,694","50,365","49,292.40","48,248.60","47,214.50","43,733.55","42,592.81",21,"297,645","474,485.80","309,354.10","423,096.40","597,945.18"
2019-03-06,"50,748","50,748","49,024","49,694","49,771.00","48,516.70","47,420.35","43,862.57","42,642.82",43,"310,507","493,900.00","312,275.80","420,593.75","599,366.34"
2019-03-07,"49,694","49,886","48,067","48,354","49,828.40","48,650.80","47,587.90","43,950.93","42,681.66",42,"319,243","513,899.00","319,035.35","414,418.92","600,232.76"
2019-03-08,"47,779","49,694","47,779","49,024","49,656.00","48,842.30","47,788.95","44,065.73","42,723.03",0,"309,854","341,006.00","321,368.25","414,349.25","600,977.40"
2019-03-11,"48,833","50,077","48,641","49,982","49,483.80","49,110.40","48,009.20","44,236.20","42,776.19",0,"256,313","298,712.40","321,652.85","404,884.78","601,905.56"
2019-03-12,"50,269","50,365","49,024","49,216","49,254.00","49,273.20","48,133.70","44,395.42","42,818.40",0,"283,452","295,873.80","311,993.05","401,615.80","603,272.34"
2019-03-13,"49,216","49,982","48,928","49,886","49,292.40","49,531.70","48,291.70","44,565.80","42,868.48",0,"164,580","266,688.40","306,683.65","397,686.67","603,771.30"
2019-03-14,"49,982","50,077","47,875","48,545","49,330.60","49,579.50","48,377.85","44,724.52","42,905.86",0,"577,582","318,356.20","320,448.15","402,514.27","607,917.63"
2019-03-15,"48,162","48,928","47,588","48,641","49,254.00","49,455.00","48,473.60","44,881.78","42,946.32",0,"460,073","348,400.00","331,316.55","404,673.50","610,670.47"
2019-03-18,"48,641","48,833","47,684","47,875","48,832.60","49,158.20","48,550.20","45,023.23","42,978.88",0,"196,997","336,536.80","330,436.65","398,508.63","610,703.89"
2019-03-19,"47,684","48,067","46,918","47,013","48,392.00","48,823.00","48,535.80","45,161.00","43,004.26",0,"335,974","347,041.20","331,717.05","398,660.87","612,722.74"
2019-03-20,"46,822","47,875","46,630","47,875","47,989.80","48,641.10","48,578.90","45,311.62","43,037.58",0,"291,969","372,519.00","334,576.85","400,242.72","614,325.13"
2019-03-21,"47,684","47,684","45,960","46,152","47,511.20","48,420.90","48,535.85","45,425.88","43,061.13",0,"351,849","327,372.40","343,740.85","400,525.45","616,109.41"
2019-03-22,"45,960","46,822","45,673","46,056","46,994.20","48,124.10","48,483.20","45,530.92","43,081.57",0,"214,345","278,226.80","344,740.85","399,516.08","616,698.38"
2019-03-25,"45,577","45,864","45,003","45,194","46,458.00","47,645.30","48,377.85","45,624.63","43,094.08",0,"189,217","276,670.80","342,766.45","398,208.73","616,128.63"
2019-03-26,"45,194","45,864","45,098","45,577","46,170.80","47,281.40","48,277.30","45,714.05","43,111.31",0,"152,256","239,927.20","339,332.00","392,745.33","615,699.06"
2019-03-27,"45,481","46,822","45,194","45,481","45,692.00","46,840.90","48,186.30","45,800.33","43,120.10",0,"254,042","232,341.80","341,362.30","393,040.23","615,737.24"
2019-03-28,"45,481","45,864","45,003","45,577","45,577.00","46,544.10","48,061.80","45,886.68","43,129.69",0,"181,003","198,172.60","339,450.05","389,704.15","615,654.44"
2019-03-29,"45,960","46,247","45,003","45,960","45,557.80","46,276.00","47,865.50","45,996.80","43,149.34",70,"229,859","201,275.40","292,227.05","385,744.45","616,482.78"
2019-04-01,"45,769","46,343","45,673","46,247","45,768.40","46,113.20","47,635.70","46,114.88","43,179.02",0,"130,940","189,620.00","275,385.00","382,133.92","616,074.53"
2019-04-02,"46,056","46,247","45,290","46,056","45,864.20","46,017.50","47,420.25","46,215.42","43,207.10",0,"252,407","209,650.20","273,123.10","381,046.53","617,163.37"
2019-04-03,"45,864","46,152","45,577","46,152","45,998.40","45,845.20","47,243.15","46,328.73","43,248.97",0,"179,431","194,728.00","266,569.30","379,695.02","616,234.32"
2019-04-04,"45,864","46,056","45,386","45,769","46,036.80","45,806.90","47,113.90","46,389.38","43,293.74",0,"158,214","190,170.20","258,517.85","372,793.72","616,172.53"
2019-04-05,"45,864","45,864","45,290","45,386","45,922.00","45,739.90","46,932.00","46,418.12","43,342.96",0,"130,209","170,240.20","249,535.60","319,358.47","616,030.85"
2019-04-08,"45,481","45,769","45,194","45,386","45,749.80","45,759.10","46,702.20","46,440.47","43,405.92",49,"130,501","170,152.40","243,245.00","305,328.62","615,144.15"
2019-04-09,"45,194","45,960","45,194","45,577","45,654.00","45,759.10","46,520.25","46,477.17","43,466.65",70,"175,775","154,826.00","237,861.15","298,357.85","614,511.88"
2019-04-10,"45,481","47,588","45,481","47,492","45,922.00","45,960.20","46,400.55","46,541.00","43,544.11",61,"357,086","190,357.00","247,486.45","296,384.92","616,136.79"
2019-04-11,"47,588","47,684","46,918","47,013","46,170.80","46,103.80","46,323.95","46,603.23","43,617.57",0,"262,742","211,262.60","231,744.45","295,267.25","616,845.50"
2019-04-12,"47,492","48,354","47,109","48,258","46,745.20","46,333.60","46,304.80","46,694.20","43,700.65",0,"262,862","237,793.20","221,883.90","295,179.10","617,691.77"
2019-04-15,"48,067","48,258","47,013","47,684","47,204.80","46,477.30","46,295.25","46,743.68","43,778.18",0,"247,520","261,197.00","224,410.05","278,595.12","618,790.01"
2019-04-16,"47,301","47,779","46,918","47,684","47,626.20","46,640.10","46,328.80","46,783.58","43,851.90",0,"133,316","252,705.20","214,277.15","273,238.98","618,722.93"
2019-04-17,"47,779","48,162","47,396","47,875","47,702.80","46,812.40","46,328.80","46,842.63","43,934.84",0,"195,279","220,343.80","209,442.65","271,200.33","618,827.61"
2019-04-18,"47,492","47,684","46,726","46,918","47,683.80","46,927.30","46,367.10","46,879.35","44,018.20",0,"242,486","216,292.60","203,974.50","271,387.72","619,345.64"
2019-04-19,"46,918","47,684","46,535","47,396","47,511.40","47,128.30","46,434.10","46,936.80","44,097.91",30,"150,209","193,762.00","200,767.70","270,538.20","619,202.96"
2019-04-22,"47,301","48,258","47,013","48,162","47,607.00","47,405.90","46,582.50","46,995.83","44,187.06",0,"212,037","186,665.40","201,908.70","268,365.37","619,286.57"
2019-04-23,"48,258","48,258","47,396","47,588","47,587.80","47,607.00","46,683.05","47,040.52","44,282.11",30,"134,919","186,986.00","201,041.85","265,938.90","618,903.17"
2019-04-24,"47,875","48,067","47,396","47,875","47,587.80","47,645.30","46,802.75","47,091.58","44,391.00",0,"187,342","185,398.60","197,706.85","264,632.98","618,605.18"
2019-04-25,"47,875","47,875","47,205","47,301","47,664.40","47,674.10","46,888.95","47,129.88","44,489.00",0,"113,394","159,580.20","194,326.40","262,204.43","617,886.65"
2019-04-26,"47,109","47,396","46,535","46,918","47,568.80","47,540.10","46,936.85","47,158.62","44,624.27",0,"120,303","153,599.00","188,848.60","258,459.43","603,856.24"
2019-04-29,"46,630","47,301","45,864","47,301","47,396.60","47,501.80","46,989.55","47,198.52","44,760.43",0,"202,272","151,646.00","192,415.20","257,969.88","600,710.15"
2019-04-30,"46,918","47,396","46,630","47,013","47,281.60","47,434.70","47,037.40","47,224.05","44,880.46",0,"128,240","150,310.20","186,206.85","256,228.02","597,660.82"
2019-05-02,"46,726","47,684","46,726","47,492","47,205.00","47,396.40","47,104.40","47,255.97","44,923.57",0,"116,282","136,098.20","183,049.40","253,964.83","574,496.33"
2019-05-03,"47,588","47,588","46,822","47,301","47,205.00","47,434.70","47,181.00","47,294.27","44,936.07",0,"112,663","135,952.00","180,771.85","252,775.02","471,487.14"
2019-05-07,"46,535","46,918","46,343","46,439","47,109.20","47,339.00","47,233.65","47,318.20","44,960.48",0,"171,525","146,196.40","182,837.65","251,247.17","443,896.78"
2019-05-08,"45,960","46,056","45,386","45,577","46,764.40","47,080.50","47,243.20","47,318.20","44,973.89",0,"231,269","151,995.80","187,876.05","250,924.63","419,460.66"
2019-05-09,"45,386","45,864","44,141","44,141","46,190.00","46,735.80","47,171.40","47,275.12","44,982.97",0,"249,833","176,314.40","191,578.95","247,144.38","404,473.42"
2019-05-10,"44,524","44,811","43,662","43,949","45,481.40","46,343.20","46,994.25","47,228.83","44,992.73",0,"198,726","192,803.20","183,660.95","245,943.68","393,929.96"
2019-05-13,"43,566","44,715","42,992","44,141","44,849.40","46,027.20","46,850.65","47,184.15","45,001.81",0,"202,940","210,858.60","180,670.85","244,287.82","384,576.87"
2019-05-14,"44,045","44,907","43,183","43,949","44,351.40","45,730.30","46,635.20","47,137.87","45,010.81",0,"212,303","219,014.20","178,142.90","243,781.12","378,902.23"
2019-05-15,"44,045","45,290","43,375","45,003","44,236.60","45,500.50","46,501.15","47,115.53","45,020.96",0,"326,240","238,008.40","182,078.90","245,641.87","372,593.88"
2019-05-16,"44,141","46,822","44,045","45,194","44,447.20","45,318.60","46,376.65","47,080.42","45,031.18",0,"348,501","257,742.00","192,838.15","246,277.45","368,706.98"
2019-05-17,"45,481","45,577","44,811","44,907","44,638.80","45,060.10","46,228.25","47,045.32","45,016.87",0,"190,789","256,154.60","192,613.65","245,544.38","348,829.78"
2019-05-20,"44,715","46,056","44,715","45,194","44,849.40","44,849.40","46,142.05","47,015.00","45,011.82",0,"249,911","265,548.80","192,984.90","246,900.08","343,793.06"
2019-05-21,"45,098","47,205","45,098","46,918","45,443.20","44,897.30","46,118.15","47,011.82","45,030.29",0,"369,081","296,904.40","203,928.50","249,812.35","340,019.03"
2019-05-22,"46,822","47,875","46,822","47,396","45,921.80","45,079.20","46,079.85","47,013.40","45,061.15",67,"253,963","282,449.00","206,024.80","250,233.32","337,225.95"
2019-05-23,"47,779","47,971","46,630","46,630","46,209.00","45,328.10","46,031.95","46,997.43","45,089.44",0,"225,598","257,868.40","210,558.75","250,310.87","335,468.74"
2019-05-24,"46,343","47,971","46,152","47,301","46,687.80","45,663.30","46,003.25","46,997.43","45,123.32",30,"265,415","272,793.60","214,462.40","251,177.18","334,250.08"
2019-05-27,"47,301","48,833","47,205","48,737","47,396.40","46,122.90","46,075.05","47,008.60","45,169.18",0,"315,399","285,891.20","224,562.65","252,779.70","334,156.61"
2019-05-28,"48,737","48,928","47,684","47,779","47,568.60","46,505.90","46,118.10","46,973.48","45,210.09",0,"420,339","296,142.80","239,564.45","240,213.37","334,348.16"
2019-05-29,"48,067","48,162","45,960","46,247","47,338.80","46,630.30","46,065.40","46,896.88","45,242.82",0,"217,932","288,936.60","240,347.45","236,049.22","332,546.94"
2019-05-30,"46,918","46,918","45,673","46,726","47,358.00","46,783.50","46,051.05","46,836.23","45,284.89",0,"208,580","285,533.00","244,364.45","234,564.80","328,830.60"
2019-05-31,"46,152","47,875","46,152","47,396","47,377.00","47,032.40","46,046.25","46,797.93","45,330.25",0,"228,815","278,213.00","249,991.10","233,203.27","326,898.51"
2019-06-03,"48,450","48,833","47,396","47,875","47,204.60","47,300.50","46,074.95","46,789.95","45,370.44",0,"252,684","265,670.00","256,992.15","232,093.95","323,256.43"
2019-06-04,"48,258","48,354","47,109","47,492","47,147.20","47,357.90","46,127.60","46,764.42","45,415.07",0,"148,157","211,233.60","255,823.75","229,399.00","321,874.13"
2019-06-05,"48,067","48,258","47,013","47,301","47,358.00","47,348.40","46,213.80","46,719.73","45,477.97",42,"156,428","198,932.80","252,081.70","227,734.25","316,309.52"
2019-06-07,"47,396","47,779","46,918","47,396","47,492.00","47,425.00","46,376.55","46,689.40","45,542.41",0,"106,225","178,461.80","244,901.30","224,780.47","313,198.13"
2019-06-10,"47,779","48,258","47,492","47,971","47,607.00","47,492.00","46,577.65","46,657.48","45,611.64",0,"143,974","161,493.60","242,163.70","224,437.03","311,061.85"
2019-06-11,"47,779","47,971","47,396","47,588","47,549.60","47,377.10","46,750.00","46,641.53","45,683.03",0,"142,820","139,520.80","239,157.70","217,191.00","309,852.63"
2019-06-12,"47,684","47,875","47,396","47,779","47,607.00","47,377.10","46,941.50","46,627.17","45,754.47",0,"101,243","130,138.00","233,604.70","211,210.50","307,942.00"
2019-06-13,"47,492","47,875","46,630","47,205","47,587.80","47,472.90","47,051.60","46,616.00","45,819.62",30,"297,739","158,400.20","232,179.65","212,889.53","305,699.08"
2019-06-14,"47,109","47,109","46,343","46,630","47,434.60","47,463.30","47,123.40","46,609.62","45,885.31",0,"142,736","165,702.40","221,891.40","209,668.90","304,164.88"
2019-06-17,"46,630","47,301","46,152","46,439","47,128.20","47,367.60","47,200.00","46,585.68","45,948.65",23,"165,097","169,927.00","220,606.80","207,554.37","303,898.54"
2019-06-18,"46,630","47,301","46,439","46,822","46,975.00","47,262.30","47,281.40","46,596.85","46,011.37",0,"164,454","174,253.80","216,333.95","204,431.12","302,478.28"
2019-06-19,"46,918","47,971","46,535","47,875","46,994.20","47,300.60","47,329.25","46,627.17","46,079.04",0,"227,995","199,604.20","209,279.65","204,658.62","302,087.35"
2019-06-20,"47,875","48,737","47,875","48,450","47,243.20","47,415.50","47,381.95","46,681.43","46,153.03",0,"242,527","188,561.80","208,707.85","205,547.12","301,877.92"
2019-06-21,"48,450","48,641","47,875","48,067","47,530.60","47,482.60","47,453.80","46,722.93","46,218.49",0,"205,342","201,083.00","207,695.05","206,431.88","299,588.61"
2019-06-24,"48,258","48,354","47,396","47,588","47,760.40","47,444.30","47,468.15","46,758.05","46,279.19",0,"170,752","202,214.00","202,961.90","205,043.72","299,041.97"
2019-06-25,"47,779","47,779","46,439","46,726","47,741.20","47,358.10","47,367.60","46,777.20","46,331.94",42,"205,530","210,429.20","197,468.45","205,452.50","297,578.33"
2019-06-26,"46,630","47,684","46,439","47,301","47,626.40","47,310.30","47,343.70","46,799.55","46,398.18",70,"133,869","191,604.00","183,144.95","203,852.67","294,798.56"
2019-06-27,"47,109","47,301","45,386","45,864","47,109.20","47,176.20","47,324.55","46,793.17","46,454.03",0,"281,833","199,465.20","186,340.00","206,367.55","294,250.73"
2019-06-28,"45,864","46,822","45,864","46,822","46,860.20","47,195.40","47,329.35","46,805.93","46,510.68",0,"238,715","206,139.80","187,846.75","206,139.35","293,592.94"
2019-07-01,"49,599","51,226","47,875","48,162","46,975.00","47,367.70","47,367.65","46,839.43","46,584.08",0,"2,066,616","585,312.60","279,736.80","237,592.43","308,643.72"
2019-07-02,"48,833","48,928","47,301","47,492","47,128.20","47,434.70","47,348.50","46,868.15","46,628.77",0,"494,444","643,095.40","291,824.80","243,196.27","307,994.99"
2019-07-03,"47,588","48,354","47,109","48,067","47,281.40","47,453.90","47,377.25","46,912.83","46,665.47",0,"484,533","713,228.20","308,643.60","249,101.67","284,230.07"
2019-07-04,"47,301","47,875","45,864","46,439","47,396.40","47,252.80","47,334.15","46,930.38","46,685.43",0,"709,849","798,831.40","336,314.65","258,757.47","282,043.04"
2019-07-05,"46,439","46,822","45,481","46,343","47,300.60","47,080.40","47,281.50","46,943.15","46,710.16",0,"315,008","814,090.00","346,753.80","261,078.02","279,717.93"
2019-07-08,"46,535","46,630","45,194","45,290","46,726.20","46,850.60","47,147.45","46,906.45","46,723.72",0,"247,076","450,182.00","351,908.90","259,244.52","277,814.72"
2019-07-09,"45,098","45,577","43,758","43,949","46,017.60","46,572.90","46,965.50","46,855.38","46,729.31",0,"277,452","406,783.60","358,640.50","259,489.68","277,378.47"
2019-07-10,"43,662","44,524","43,566","44,045","45,213.20","46,247.30","46,778.80","46,785.17","46,739.68",0,"200,287","349,934.40","363,592.70","258,446.77","276,812.93"
2019-07-11,"44,045","44,715","44,045","44,141","44,753.60","46,075.00","46,625.60","46,726.12","46,734.90",0,"231,060","254,176.60","360,258.75","258,172.43","268,383.78"
2019-07-12,"44,428","44,428","43,662","44,237","44,332.40","45,816.50","46,505.95","46,668.67","46,726.13",0,"207,963","232,767.60","363,520.10","259,416.55","266,327.77"
2019-07-15,"44,141","44,237","43,662","43,662","44,006.80","45,366.50","46,367.10","46,598.45","46,720.54",70,"223,493","228,051.00","366,439.90","259,886.78","265,543.56"
2019-07-16,"43,662","44,428","43,566","44,045","44,026.00","45,021.80","46,228.25","46,550.57","46,714.96",8,"211,206","214,801.80","368,777.50","259,365.45","265,376.58"
2019-07-17,"44,045","44,141","42,800","43,183","43,853.60","44,533.40","45,993.65","46,480.35","46,708.57",0,"266,924","228,129.20","370,723.95","261,310.70","265,924.45"
2019-07-18,"43,183","43,662","42,896","43,375","43,700.40","44,227.00","45,739.90","46,400.57","46,698.20",0,"174,825","216,882.20","367,338.85","260,690.50","264,527.93"
2019-07-19,"43,471","44,620","43,375","44,332","43,719.40","44,025.90","45,553.15","46,346.30","46,693.41",0,"212,136","217,716.80","367,678.55","261,977.45","263,958.17"
2019-07-22,"44,045","44,811","43,854","44,141","43,815.20","43,911.00","45,380.80","46,284.07","46,687.82",0,"99,201","192,858.40","364,101.00","260,508.43","262,570.71"
2019-07-23,"44,332","44,524","43,854","44,141","43,834.40","43,930.20","45,251.55","46,231.40","46,680.64",70,"116,533","173,923.80","359,651.15","260,560.75","261,382.59"
2019-07-24,"44,141","44,237","43,566","43,662","43,930.20","43,891.90","45,069.60","46,177.13","46,667.88",0,"109,222","142,383.40","358,418.80","260,376.07","259,417.75"
2019-07-25,"43,471","43,662","42,896","43,279","43,911.00","43,805.70","44,940.35","46,110.10","46,654.31",0,"150,752","137,568.80","351,864.75","259,517.40","258,743.64"
2019-07-26,"42,992","43,662","42,705","42,800","43,604.60","43,662.00","44,739.25","46,039.88","46,631.97",66,"141,159","123,373.40","346,986.95","259,732.72","257,980.37"
2019-07-29,"42,609","42,800","41,364","41,747","43,125.80","43,470.50","44,418.50","45,944.13","46,600.05",0,"215,405","146,614.20","254,426.40","261,384.77","257,674.80"
2019-07-30,"41,556","42,226","41,556","41,651","42,627.80","43,231.10","44,126.45","45,849.97","46,572.12",0,"121,081","147,523.80","235,758.25","261,525.07","257,150.04"
2019-07-31,"41,747","42,130","40,885","41,460","42,187.40","43,058.80","43,796.10","45,766.98","46,542.59",0,"261,279","177,935.20","224,595.55","263,020.97","257,134.07"
2019-08-01,"40,885","43,183","40,790","42,992","42,130.00","43,020.50","43,623.75","45,723.90","46,521.05",60,"313,603","210,505.40","204,783.25","264,393.20","257,658.92"
2019-08-02,"42,417","42,992","41,651","42,513","42,072.60","42,838.60","43,432.25","45,696.77","46,485.94",0,"285,191","239,311.80","203,292.40","264,982.50","256,063.44"
2019-08-05,"41,939","43,088","40,598","40,694","41,862.00","42,493.90","43,202.45","45,642.52","46,435.68",0,"300,689","256,368.60","205,973.05","266,681.88","256,312.78"
2019-08-06,"39,258","41,173","38,779","40,215","41,574.80","42,101.30","43,015.75","45,577.08","46,380.62",0,"443,906","320,933.60","214,295.75","270,697.98","257,492.90"
2019-08-07,"40,407","41,077","39,928","40,311","41,345.00","41,766.20","42,829.05","45,516.45","46,327.16",0,"207,911","310,260.00","214,676.95","270,624.78","257,202.95"
2019-08-08,"40,694","41,556","40,311","41,077","40,962.00","41,546.00","42,675.85","45,451.02","46,283.28",0,"250,350","297,609.40","215,641.45","269,359.95","257,500.91"
2019-08-09,"41,173","42,322","41,173","42,130","40,885.40","41,479.00","42,570.50","45,399.95","46,240.18",0,"146,663","269,903.80","212,576.45","265,995.98","256,136.72"
2019-08-12,"41,747","42,417","41,651","42,130","41,172.60","41,517.30","42,493.90","45,353.67","46,199.49",0,"147,854","239,336.80","208,794.50","265,280.40","255,412.39"
2019-08-13,"42,034","42,513","41,651","42,130","41,555.60","41,565.20","42,398.15","45,302.60","46,158.80",70,"89,922","168,540.00","202,730.30","262,613.92","254,757.00"
2019-08-14,"42,226","42,609","41,939","42,226","41,938.60","41,641.80","42,350.30","45,224.40","46,118.11",0,"158,178","158,593.40","197,293.00","259,098.87","254,455.61"
2019-08-16,"41,939","42,322","41,556","41,843","42,091.80","41,526.90","42,273.70","45,131.85","46,072.63",0,"151,426","138,808.60","196,123.05","257,389.92","253,811.62"
2019-08-19,"42,130","42,609","41,939","42,417","42,149.20","41,517.30","42,177.95","45,061.63","46,029.53",0,"112,225","131,921.00","191,127.50","255,500.37","252,905.62"
2019-08-20,"42,130","43,471","42,130","43,088","42,340.80","41,756.70","42,125.30","44,991.42","45,994.43",0,"137,561","129,862.40","193,045.50","253,369.47","252,273.33"
2019-08-21,"43,088","43,375","42,609","43,088","42,532.40","42,044.00","42,072.65","44,897.27","45,952.93",0,"119,467","135,771.40","193,192.20","250,103.93","251,441.82"
2019-08-22,"42,800","43,279","41,939","41,939","42,475.00","42,206.80","41,986.50","44,799.93","45,886.71",0,"168,997","137,935.20","196,180.95","245,914.90","243,064.13"
2019-08-23,"41,843","42,417","41,460","42,322","42,570.80","42,331.30","41,938.65","44,734.52","45,815.70",9,"129,687","133,587.40","195,127.70","244,444.15","240,246.68"
2019-08-26,"41,939","42,322","41,364","41,364","42,360.20","42,254.70","41,866.85","44,645.15","45,740.69",0,"122,616","135,665.60","194,200.55","243,011.42","238,788.11"
2019-08-27,"41,556","42,034","40,790","40,885","41,919.60","42,130.20","41,823.75","44,536.63","45,667.28",0,"202,496","148,652.60","193,555.10","242,572.77","237,888.02"
2019-08-28,"41,077","42,417","40,694","42,226","41,747.20","42,139.80","41,852.50","44,442.48","45,616.22",0,"176,543","160,067.80","196,328.20","241,303.75","236,698.85"
2019-08-29,"42,705","43,758","42,034","42,992","41,957.80","42,216.40","41,929.10","44,367.48","45,565.95",0,"268,695","180,007.40","196,699.00","243,312.72","236,355.86"
2019-08-30,"43,471","44,045","43,375","43,949","42,283.20","42,427.00","41,976.95","44,311.62","45,515.68",0,"178,595","189,789.00","189,948.60","243,682.17","235,708.21"
2019-09-02,"43,662","44,141","43,279","43,279","42,666.20","42,513.20","42,015.25","44,243.00","45,466.20",17,"128,230","190,911.80","182,100.55","244,048.92","234,414.69"
2019-09-03,"43,279","44,141","43,279","43,279","43,145.00","42,532.30","42,144.50","44,164.80","45,411.14",30,"124,496","175,311.80","173,290.90","243,724.28","234,080.66"
2019-09-04,"43,088","43,949","43,088","43,662","43,432.20","42,589.70","42,316.85","44,099.37","45,370.45",0,"136,522","167,307.60","157,921.70","243,619.32","230,405.16"
2019-09-05,"43,375","43,854","43,375","43,566","43,547.00","42,752.40","42,479.60","44,029.15","45,328.16",0,"142,183","142,005.20","154,635.30","244,301.65","227,756.08"
2019-09-06,"43,471","43,758","43,375","43,566","43,470.40","42,876.80","42,604.05","43,968.50","45,292.25",0,"98,736","126,033.40","147,054.60","240,984.93","226,937.23"
2019-09-09,"43,375","44,045","43,183","43,183","43,451.20","43,058.70","42,656.70","43,911.05","45,260.33",0,"137,629","127,913.20","146,602.90","240,899.82","225,284.36"
2019-09-10,"43,088","43,183","41,173","41,173","43,030.00","43,087.50","42,608.85","43,823.28","45,204.48",2,"679,728","238,959.60","173,196.60","249,477.00","228,515.68"
2019-09-11,"41,651","41,939","41,460","41,939","42,685.40","43,058.80","42,599.30","43,741.90","45,169.38",58,"321,577","275,970.60","184,779.35","252,095.72","228,263.42"
2019-09-16,"41,939","42,130","41,651","41,939","42,360.00","42,953.50","42,584.95","43,642.97","45,135.07",0,"189,295","285,393.00","186,335.20","251,450.72","228,054.67"
2019-09-17,"41,939","44,141","41,843","43,949","42,436.60","42,953.50","42,690.25","43,567.95","45,124.69",18,"467,614","359,168.60","202,144.60","255,202.17","230,374.64"
2019-09-18,"44,620","45,386","44,045","44,141","42,628.20","43,039.70","42,776.45","43,502.52","45,112.72",0,"333,128","398,268.40","213,189.75","257,331.93","231,881.91"
2019-09-19,"44,428","45,003","43,854","44,045","43,202.60","43,116.30","42,824.30","43,443.47","45,100.76",21,"189,791","300,281.00","215,801.25","257,649.25","231,346.48"
2019-09-20,"44,045","44,620","43,949","44,332","43,681.20","43,183.30","42,886.50","43,403.57","45,090.38",0,"201,572","276,280.00","219,906.50","257,583.28","231,517.89"
2019-09-23,"44,332","44,332","43,375","43,471","43,987.60","43,173.80","42,963.10","43,339.73","45,069.64",0,"116,601","261,741.20","217,286.70","257,295.48","230,574.08"
2019-09-24,"43,279","44,332","43,279","44,237","44,045.20","43,240.90","43,058.85","43,312.62","45,052.89",30,"130,736","194,365.60","217,339.15","254,777.20","230,572.38"
2019-09-25,"44,237","44,237","43,471","43,471","43,911.20","43,269.70","43,164.20","43,256.77","45,031.35",0,"176,104","162,960.80","220,013.55","253,733.68","229,936.52"
2019-09-26,"43,949","44,141","43,279","43,758","43,853.80","43,528.20","43,307.85","43,183.37","45,011.40",0,"136,355","152,273.60","216,706.50","221,562.67","229,577.55"
2019-09-27,"43,949","43,949","43,088","43,088","43,605.00","43,643.10","43,350.95","43,109.97","44,989.06",0,"85,901","129,139.40","212,174.40","214,753.62","228,974.94"
2019-09-30,"43,471","43,949","43,088","43,758","43,662.40","43,825.00","43,389.25","43,038.15","44,975.49",70,"141,603","134,139.80","205,819.80","209,038.12","229,069.89"
2019-10-01,"43,471","44,141","43,279","43,949","43,604.80","43,825.00","43,389.25","42,996.65","44,963.52",0,"126,386","133,269.80","203,209.35","199,313.73","229,035.60"
2019-10-02,"43,471","43,854","42,609","42,609","43,432.40","43,671.80","43,355.75","42,934.42","44,938.78",0,"186,198","135,288.60","206,107.75","197,166.90","229,122.46"
2019-10-04,"42,705","43,375","42,130","42,226","43,126.00","43,489.90","43,303.10","42,883.35","44,894.90",0,"152,836","138,584.80","207,524.75","195,596.23","227,420.38"
2019-10-07,"42,322","43,854","42,226","43,854","43,279.20","43,442.10","43,312.70","42,881.77","44,868.57",18,"168,240","155,052.60","209,110.65","193,776.03","226,632.86"
2019-10-08,"43,758","44,237","43,279","43,662","43,260.00","43,461.20","43,317.50","42,875.38","44,830.28",37,"189,603","164,652.60","211,481.65","193,597.97","226,022.37"
2019-10-10,"43,279","43,375","42,417","43,183","43,106.80","43,355.80","43,298.35","42,859.42","44,792.77",38,"183,258","176,027.00","215,707.75","192,801.27","225,486.85"
2019-10-11,"43,375","43,471","42,417","42,417","43,068.40","43,250.40","43,260.05","42,829.08","44,748.88",70,"161,880","171,163.40","216,920.30","192,033.22","225,724.88"
2019-10-14,"42,705","43,183","42,705","42,705","43,164.20","43,145.10","43,336.65","42,813.13","44,705.79",0,"117,890","164,174.20","188,828.40","190,273.17","225,079.98"
2019-10-15,"42,705","43,662","42,609","43,471","43,087.60","43,183.40","43,413.25","42,803.57","44,677.07",0,"134,089","157,344.00","179,454.00","188,987.88","224,176.67"
2019-10-16,"43,279","44,045","43,279","43,854","43,126.00","43,193.00","43,509.00","42,814.75","44,647.55",0,"175,211","154,465.60","178,749.80","187,459.33","224,385.02"
2019-10-17,"43,854","44,332","42,896","42,992","43,087.80","43,097.30","43,461.15","42,808.37","44,604.47",0,"158,235","149,461.00","163,280.85","187,182.83","223,936.67"
2019-10-18,"42,992","43,662","42,513","42,513","43,107.00","43,087.70","43,379.75","42,778.05","44,562.18",0,"136,031","144,291.20","153,426.00","185,914.42","223,945.93"
2019-10-21,"42,417","42,705","42,034","42,130","42,992.00","43,078.10","43,284.00","42,744.53","44,514.30",0,"137,436","148,200.40","150,808.25","186,551.67","223,530.05"
2019-10-22,"42,322","42,992","42,226","42,705","42,838.80","42,963.20","43,202.65","42,720.60","44,476.00",0,"137,702","148,923.00","147,614.75","186,904.48","223,732.62"
2019-10-23,"42,322","43,662","42,322","43,088","42,685.60","42,905.80","43,183.50","42,711.03","44,444.08",0,"196,825","153,245.80","151,625.95","188,364.53","224,370.30"
2019-10-24,"42,896","42,992","42,322","42,800","42,647.20","42,867.50","43,111.65","42,703.05","44,406.57",70,"158,162","153,231.20","152,997.25","188,488.03","224,002.72"
2019-10-25,"42,417","42,992","42,322","42,609","42,666.40","42,886.70","43,068.55","42,699.87","44,369.88",70,"149,619","155,948.80","151,673.00","188,629.03","224,180.88"
2019-10-28,"42,896","43,088","42,130","42,226","42,685.60","42,838.80","42,991.95","42,707.85","44,325.99",0,"165,352","161,532.00","153,122.85","187,794.82","224,589.79"
2019-10-29,"42,417","42,896","42,226","42,226","42,589.80","42,714.30","42,948.85","42,717.43","44,283.70",0,"120,345","158,060.60","154,845.05","187,782.55","224,653.81"
2019-10-30,"42,513","42,513","41,843","42,322","42,436.60","42,561.10","42,877.05","42,731.80","44,249.39",0,"141,990","147,093.60","154,864.40","185,794.40","224,407.68"
2019-10-31,"42,417","43,471","42,417","42,992","42,475.00","42,561.10","42,829.20","42,731.80","44,227.85",0,"261,713","167,803.80","161,630.75","184,929.57","224,661.38"
2019-11-01,"42,992","43,088","41,364","42,034","42,360.00","42,513.20","42,800.45","42,723.82","44,210.29",0,"493,232","236,526.40","176,982.45","188,396.92","226,689.71"
2019-11-04,"42,226","42,322","41,843","42,130","42,340.80","42,513.20","42,795.65","42,747.75","44,195.13",69,"182,668","239,989.60","178,474.05","186,429.90","226,555.89"
2019-11-05,"42,034","42,417","41,939","42,322","42,360.00","42,474.90","42,719.05","42,782.87","44,179.97",0,"140,621","244,044.80","177,093.10","181,375.15","226,036.57"
2019-11-06,"42,226","42,226","41,939","42,034","42,302.40","42,369.50","42,637.65","42,811.58","44,164.02",70,"173,755","250,397.80","176,300.70","180,805.88","225,715.33"
2019-11-07,"42,034","42,130","41,747","41,939","42,091.80","42,283.40","42,575.45","42,825.95","44,138.48",0,"124,883","223,031.80","173,381.95","178,714.77","224,037.36"
2019-11-08,"41,939","42,130","41,556","41,939","42,072.80","42,216.40","42,551.55","42,822.77","44,111.36",0,"200,888","164,563.00","175,332.35","179,618.52","222,807.25"
2019-11-11,"41,747","41,939","41,460","41,747","41,996.20","42,168.50","42,503.65","42,816.38","44,085.03",0,"125,984","153,226.20","175,737.05","179,254.02","222,267.21"
2019-11-12,"41,747","41,939","41,268","41,556","41,843.00","42,101.50","42,407.90","42,806.82","44,054.71",0,"174,747","160,051.40","177,769.95","180,667.77","221,640.84"
2019-11-13,"41,651","41,651","40,790","40,981","41,632.40","41,967.40","42,264.25","42,786.07","44,005.23",0,"242,642","173,828.80","181,141.50","182,075.50","220,587.18"
2019-11-14,"41,077","41,747","40,885","41,747","41,594.00","41,842.90","42,202.00","42,784.47","43,958.16",0,"238,663","196,584.80","185,162.90","183,529.45","220,459.68"
2019-11-15,"41,747","42,034","41,364","41,939","41,594.00","41,833.40","42,173.30","42,776.50","43,919.07",0,"163,128","189,032.80","186,517.75","184,377.83","219,939.10"
2019-11-18,"41,747","42,130","41,651","42,034","41,651.40","41,823.80","42,168.50","42,758.93","43,875.18",67,"80,324","179,900.80","183,662.15","183,423.88","218,396.67"
2019-11-19,"41,843","41,939","41,460","41,556","41,651.40","41,747.20","42,111.05","42,733.40","43,815.33",0,"120,240","168,999.40","182,789.05","183,436.77","216,770.35"
2019-11-20,"41,364","41,939","41,268","41,268","41,708.80","41,670.60","42,020.05","42,722.22","43,761.07",66,"153,295","151,130.00","180,612.55","183,175.07","214,544.98"
2019-11-21,"41,556","41,747","40,981","41,556","41,670.60","41,632.30","41,957.85","42,709.45","43,721.98",0,"179,243","139,246.00","181,666.60","184,001.00","214,222.58"
2019-11-22,"41,556","41,556","40,790","41,077","41,498.20","41,546.10","41,881.25","42,704.67","43,674.91",0,"167,739","140,168.20","182,572.60","184,753.05","213,882.23"
2019-11-25,"40,981","41,843","40,981","41,747","41,440.80","41,546.10","41,857.30","42,719.03","43,627.83",60,"152,877","154,678.80","181,948.85","183,926.07","213,249.42"
2019-11-26,"41,556","41,939","41,268","41,939","41,517.40","41,584.40","41,842.95","42,714.25","43,578.37",61,"340,783","198,787.40","192,970.75","186,663.40","213,983.58"
2019-11-27,"41,651","42,034","41,556","42,034","41,670.60","41,689.70","41,828.55","42,698.28","43,532.88",67,"82,517","184,631.80","189,997.10","183,560.43","213,436.58"
2019-11-28,"41,843","42,130","41,651","41,651","41,689.60","41,680.10","41,761.50","42,659.98","43,485.80",0,"104,543","169,691.80","182,138.60","182,326.23","213,004.20"
2019-11-29,"41,843","42,130","41,268","41,364","41,747.00","41,622.60","41,728.00","42,628.07","43,435.53",0,"138,590","163,862.00","164,406.50","182,498.90","213,273.91"
2019-12-02,"41,268","41,747","41,268","41,364","41,670.40","41,555.60","41,689.70","42,596.15","43,380.47",70,"126,324","158,551.40","161,589.30","182,529.37","213,126.83"
2019-12-03,"41,173","41,364","40,885","41,268","41,536.20","41,526.80","41,637.00","42,556.25","43,327.81",0,"99,577","110,310.20","159,537.10","181,913.62","212,766.47"
2019-12-04,"41,077","41,747","40,981","41,651","41,459.60","41,565.10","41,617.85","42,524.33","43,276.74",0,"109,070","115,620.80","156,302.85","181,361.73","212,831.69"
2019-12-05,"41,364","41,651","41,268","41,460","41,421.40","41,555.50","41,593.90","42,489.23","43,228.87",0,"97,258","114,163.80","154,921.60","181,337.10","211,161.02"
2019-12-06,"41,460","41,843","41,364","41,843","41,517.20","41,632.10","41,589.10","42,466.90","43,188.97",0,"90,992","104,644.20","149,426.80","180,559.82","210,729.82"
2019-12-09,"41,747","42,226","41,747","42,034","41,651.20","41,660.80","41,603.45","42,481.25","43,152.27",67,"142,188","107,817.00","150,237.00","171,600.82","210,538.91"
2019-12-10,"42,034","43,183","41,843","42,992","41,996.00","41,766.10","41,675.25","42,498.80","43,120.35",0,"293,963","146,694.20","156,197.80","171,140.58","211,618.15"
2019-12-11,"43,088","43,471","42,800","43,375","42,340.80","41,900.20","41,794.95","42,522.73","43,082.85",0,"190,768","163,033.80","153,604.10","171,165.13","211,307.92"
2019-12-12,"43,566","45,577","43,375","45,194","43,087.60","42,254.50","41,967.30","42,543.48","43,055.72",0,"641,530","271,888.20","173,747.45","174,063.73","214,632.95"
2019-12-13,"45,577","45,577","44,524","45,098","43,738.60","42,627.90","42,125.25","42,559.43","43,030.97",30,"188,402","291,370.20","175,011.15","171,651.63","214,491.78"
2019-12-16,"45,194","45,769","44,907","44,907","44,313.20","42,982.20","42,268.90","42,573.80","43,008.63",0,"146,063","292,145.20","178,298.10","170,922.83","214,286.04"
2019-12-17,"44,620","45,194","44,524","45,194","44,753.60","43,374.80","42,450.80","42,588.17","42,995.87",0,"177,802","268,913.00","181,176.20","170,526.67","214,054.98"
2019-12-18,"45,003","45,386","44,907","45,194","45,117.40","43,729.10","42,647.10","42,616.88","42,978.31",0,"164,674","263,694.20","181,745.15","171,327.88","214,311.68"
2019-12-19,"45,194","45,769","45,003","45,577","45,194.00","44,140.80","42,848.15","42,639.22","42,975.92",0,"173,446","170,077.40","181,455.30","172,039.72","213,408.46"
2019-12-20,"45,673","46,343","45,673","46,247","45,423.80","44,581.20","43,106.65","42,685.48","42,971.13",0,"226,146","177,626.20","184,375.65","172,873.75","213,303.72"
2019-12-23,"46,439","47,588","46,343","46,630","45,768.40","45,040.80","43,350.80","42,733.35","42,958.36",29,"275,279","203,469.40","190,495.75","175,189.15","198,375.91"
2019-12-24,"46,822","46,918","46,056","46,343","45,998.20","45,375.90","43,571.00","42,787.60","42,948.78",0,"142,757","196,460.40","180,594.45","176,136.75","195,445.18"
2019-12-26,"46,343","47,109","46,343","47,109","46,381.20","45,749.30","43,824.75","42,843.45","42,940.80",0,"145,363","192,598.20","183,736.75","176,199.42","192,618.77"
2019-12-27,"47,100","47,700","46,500","47,300","46,725.80","45,959.90","44,107.20","42,899.30","42,947.97",0,"168,575","191,624.00","186,938.35","176,902.57","188,108.15"
2019-12-30,"47,200","47,300","46,800","47,300","46,936.40","46,180.10","44,404.00","42,977.48","42,955.95",0,"112,715","168,937.80","185,644.60","175,677.85","186,422.38"
2020-01-02,"47,400","47,400","46,100","46,300","46,870.40","46,319.40","44,650.80","43,045.38","42,964.37",39,"156,480","145,178.00","187,152.40","175,738.58","185,667.41"
2020-01-03,"46,600","46,600","46,000","46,100","46,821.80","46,410.00","44,892.40","43,082.82","42,982.29",40,"190,900","154,806.60","191,718.55","176,116.25","184,946.14"
2020-01-06,"45,300","46,100","45,200","45,300","46,460.00","46,420.60","45,074.85","43,110.12","42,992.75",0,"132,120","152,158.00","192,871.05","175,158.20","184,378.08"
2020-01-07,"45,400","46,200","45,100","46,100","46,220.00","46,472.90","45,306.85","43,158.73","43,009.07",0,"166,130","151,669.00","196,314.65","174,872.73","183,837.00"
2020-01-08,"45,300","45,700","44,800","45,200","45,800.00","46,368.20","45,474.70","43,205.12","43,017.10",0,"185,070","166,140.00","201,018.55","175,259.23","183,646.23"
2020-01-09,"45,400","46,300","45,400","46,100","45,760.00","46,315.20","45,678.00","43,261.70","43,037.42",0,"196,735","174,191.00","203,745.90","176,573.32","183,423.24"
2020-01-10,"45,700","46,400","45,400","46,400","45,820.00","46,320.90","45,848.40","43,310.52","43,057.04",0,"143,370","164,685.00","196,216.25","176,728.00","182,857.94"
2020-01-13,"46,600","46,800","46,300","46,700","46,100.00","46,280.00","46,014.65","43,357.95","43,086.35",0,"136,870","165,635.00","193,521.35","176,088.98","181,774.16"
2020-01-14,"46,700","47,200","46,300","46,500","46,180.00","46,200.00","46,079.95","43,416.42","43,112.39",17,"138,615","160,132.00","168,375.60","175,761.98","181,472.41"
2020-01-15,"46,300","46,900","45,700","46,300","46,400.00","46,100.00","46,140.05","43,479.53","43,128.79",0,"132,765","149,671.00","165,593.75","175,707.55","180,810.98"
2020-01-16,"46,000","46,300","45,600","46,300","46,440.00","46,100.00","46,209.70","43,549.03","43,146.78",0,"128,090","135,942.00","164,695.10","175,551.78","181,051.73"
2020-01-17,"45,900","46,300","45,800","45,900","46,340.00","46,080.00","46,245.00","43,602.28","43,161.44",30,"113,655","129,999.00","161,487.75","175,151.00","181,027.74"
2020-01-20,"45,700","46,600","45,500","46,200","46,240.00","46,170.00","46,295.30","43,654.15","43,182.59",0,"149,290","132,483.00","160,718.55","174,358.75","181,361.64"
2020-01-21,"46,400","47,000","45,800","46,000","46,140.00","46,160.00","46,316.45","43,707.48","43,205.27",0,"111,795","127,119.00","157,636.00","173,585.97","181,037.00"
2020-01-22,"46,200","46,400","45,700","46,000","46,080.00","46,240.00","46,304.10","43,764.00","43,231.93",0,"108,295","122,225.00","151,743.45","172,897.23","180,763.13"
2020-01-23,"45,800","45,800","45,400","45,400","45,900.00","46,170.00","46,242.60","43,816.90","43,262.38",0,"128,405","122,288.00","144,399.75","172,281.45","180,038.13"
2020-01-28,"44,800","46,500","44,700","45,500","45,820.00","46,080.00","46,200.45","43,871.47","43,294.45",0,"285,500","156,657.00","151,536.90","175,034.03","181,408.29"
2020-01-29,"45,800","45,900","44,800","45,000","45,580.00","45,910.00","46,095.00","43,916.10","43,323.95",0,"150,390","156,877.00","151,788.25","175,174.03","180,484.22"
2020-01-30,"45,000","45,400","44,400","44,500","45,280.00","45,710.00","45,955.00","43,941.23","43,336.52",0,"130,640","160,646.00","149,891.50","172,989.48","178,959.52"
2020-01-31,"44,700","44,900","43,500","43,600","44,800.00","45,440.00","45,770.00","43,967.33","43,345.57",0,"156,340","170,255.00","152,072.75","167,374.62","177,885.77"
2020-02-03,"42,600","44,000","42,600","43,500","44,420.00","45,160.00","45,630.00","43,990.17","43,368.96",54,"229,480","190,470.00","155,722.75","168,154.82","177,292.36"
2020-02-04,"43,400","44,500","43,400","44,100","44,140.00","44,980.00","45,530.00","44,019.80","43,401.33",0,"184,865","170,343.00","155,421.00","168,892.22","175,133.68"
2020-02-05,"43,900","44,500","43,600","44,000","43,940.00","44,760.00","45,465.00","44,052.57","43,432.07",0,"157,025","171,670.00","156,666.25","168,613.38","174,709.63"
2020-02-06,"44,600","45,700","44,600","44,800","44,000.00","44,640.00","45,400.00","44,100.25","43,463.10",66,"282,855","202,113.00","162,502.50","171,246.25","174,980.51"
2020-02-07,"44,900","45,600","44,800","45,600","44,400.00","44,600.00","45,420.00","44,161.27","43,492.02",0,"179,140","206,673.00","162,206.00","170,883.78","175,251.15"
2020-02-10,"45,200","45,500","44,900","45,200","44,740.00","44,580.00","45,375.00","44,218.82","43,517.60",0,"97,625","180,302.00","157,250.50","170,411.13","174,832.58"
2020-02-11,"45,300","45,500","45,100","45,300","44,980.00","44,560.00","45,320.00","44,281.22","43,544.02",0,"113,245","165,978.00","155,744.25","169,386.10","175,026.93"
2020-02-12,"45,100","45,600","44,800","45,500","45,280.00","44,610.00","45,260.00","44,356.53","43,571.30",0,"182,255","171,024.00","158,013.50","168,379.65","175,227.58"
2020-02-13,"45,300","45,500","45,000","45,000","45,320.00","44,660.00","45,185.00","44,410.75","43,597.61",0,"159,720","146,397.00","159,068.75","167,063.93","175,296.69"
2020-02-14,"44,900","45,000","44,300","44,300","45,060.00","44,730.00","45,085.00","44,450.10","43,613.30",0,"137,440","138,057.00","159,302.50","166,635.80","175,506.82"
2020-02-17,"44,300","44,600","44,000","44,100","44,840.00","44,790.00","44,975.00","44,484.53","43,621.73",0,"129,175","144,367.00","159,356.75","167,449.98","175,436.93"
2020-02-18,"44,000","44,200","43,700","44,000","44,580.00","44,780.00","44,880.00","44,525.27","43,629.33",0,"108,190","143,356.00","159,083.50","167,249.15","175,342.96"
2020-02-19,"44,400","44,400","43,800","44,200","44,320.00","44,800.00","44,780.00","44,574.13","43,648.18",0,"143,305","135,566.00","158,784.25","167,082.65","175,128.86"
2020-02-20,"44,000","44,400","43,800","44,000","44,120.00","44,720.00","44,680.00","44,614.87","43,662.16",70,"136,775","130,977.00","160,033.25","166,374.85","175,187.92"
2020-02-21,"43,500","43,800","42,700","42,700","43,800.00","44,430.00","44,515.00","44,641.92","43,673.29",0,"223,695","148,228.00","165,803.25","167,307.45","176,030.25"
2020-02-24,"42,400","42,600","41,400","41,400","43,260.00","44,050.00","44,315.00","44,636.13","43,677.58",0,"209,790","164,351.00","169,872.50","168,256.00","176,091.03"
2020-02-25,"41,300","42,800","41,300","42,400","42,940.00","43,760.00","44,160.00","44,643.82","43,679.03",0,"230,265","188,766.00","167,110.75","166,414.03","176,538.72"
2020-02-26,"42,000","42,800","42,000","42,300","42,560.00","43,440.00","44,025.00","44,648.25","43,673.27",0,"173,280","194,761.00","168,255.25","167,926.75","175,743.59"
2020-02-27,"42,900","43,800","42,400","43,300","42,420.00","43,270.00","43,965.00","44,675.73","43,667.86",0,"289,975","225,401.00","176,222.00","171,017.28","176,671.76"
2020-02-28,"43,700","43,800","42,600","42,800","42,440.00","43,120.00","43,925.00","44,699.67","43,663.87",0,"418,350","264,332.00","189,322.50","175,679.95","179,089.42"
2020-03-02,"43,400","44,500","43,200","44,500","43,060.00","43,160.00","43,975.00","44,751.93","43,674.04",0,"293,730","281,120.00","192,535.00","178,470.05","180,499.71"
2020-03-03,"44,500","45,600","44,400","45,300","43,640.00","43,290.00","44,035.00","44,819.13","43,687.69",0,"363,175","307,702.00","201,450.50","182,863.35","182,388.48"
2020-03-04,"45,600","46,600","45,200","45,500","44,280.00","43,420.00","44,110.00","44,883.28","43,703.81",0,"345,970","342,240.00","210,897.75","186,811.68","184,086.71"
2020-03-05,"45,700","46,700","45,400","46,600","44,940.00","43,680.00","44,200.00","44,968.95","43,729.09",0,"337,665","351,778.00","213,638.25","190,818.47","186,077.78"
2020-03-06,"46,500","47,200","46,200","46,700","45,720.00","44,080.00","44,255.00","45,049.90","43,758.40",0,"289,280","325,964.00","219,145.25","194,123.27","187,341.54"
2020-03-09,"46,600","46,700","45,800","46,300","46,080.00","44,570.00","44,310.00","45,121.00","43,801.13",0,"281,040","323,426.00","228,316.00","196,437.47","184,019.14"
2020-03-10,"46,000","46,700","45,000","46,600","46,340.00","44,990.00","44,375.00","45,181.13","43,839.97",30,"346,850","320,161.00","239,996.25","197,318.92","184,229.75"
2020-03-11,"46,500","46,700","44,900","45,400","46,320.00","45,300.00","44,370.00","45,214.88","43,868.81",30,"325,925","316,152.00","247,179.75","199,571.53","185,368.33"
2020-03-12,"45,300","45,800","42,200","42,800","45,560.00","45,250.00","44,260.00","45,174.98","43,859.23",0,"463,100","341,239.00","262,348.75","196,597.70","185,330.72"
2020-03-13,"39,500","43,100","39,200","41,600","44,540.00","45,130.00","44,125.00","45,116.68","43,838.06",0,"517,225","386,828.00","281,338.00","202,078.08","186,864.86"
2020-03-16,"42,400","43,200","41,300","41,600","43,600.00","44,840.00","44,000.00","45,061.57","43,817.68",0,"243,565","379,333.00","287,057.50","203,703.12","187,312.98"
2020-03-17,"41,000","42,400","40,300","42,400","42,760.00","44,550.00","43,920.00","45,015.00","43,801.58",0,"347,400","379,443.00","299,018.00","206,529.75","188,528.21"
2020-03-18,"42,100","42,700","41,000","41,500","41,980.00","44,150.00","43,785.00","44,953.43","43,785.16",0,"335,665","381,391.00","308,636.00","209,379.60","190,353.74"
2020-03-19,"41,800","42,300","38,900","38,900","41,200.00","43,380.00","43,530.00","44,842.15","43,740.68",0,"441,680","377,107.00","323,881.25","213,850.17","192,944.94"
2020-03-20,"39,900","40,200","38,800","40,000","40,880.00","42,710.00","43,395.00","44,738.03","43,711.76",58,"382,790","350,220.00","331,836.00","216,460.90","194,667.33"
2020-03-23,"38,400","39,300","37,500","39,000","40,360.00","41,980.00","43,275.00","44,610.87","43,672.11",0,"282,585","358,024.00","335,475.75","216,582.67","195,885.91"
2020-03-24,"39,400","40,300","39,100","40,100","39,900.00","41,330.00","43,160.00","44,506.82","43,647.21",0,"269,800","342,504.00","337,452.50","218,700.05","197,418.40"
2020-03-25,"40,500","41,000","39,900","40,400","39,680.00","40,830.00","43,065.00","44,395.00","43,619.22",0,"391,080","353,587.00","348,342.50","222,795.33","199,497.38"
2020-03-26,"40,400","41,600","40,000","40,600","40,020.00","40,610.00","42,930.00","44,283.33","43,591.32",0,"354,155","336,082.00","351,551.50","225,888.33","201,395.45"
2020-03-27,"41,700","51,200","41,200","44,600","40,940.00","40,910.00","43,020.00","44,238.33","43,607.91",29,"2,777,835","815,091.00","469,525.75","270,307.00","222,992.42"
2020-03-30,"44,100","45,600","43,000","44,600","42,060.00","41,210.00","43,025.00","44,210.00","43,627.69",0,"611,625","880,899.00","485,420.50","277,892.75","226,815.67"
2020-03-31,"45,400","45,900","44,300","45,800","43,200.00","41,550.00","43,050.00","44,205.00","43,643.91",0,"728,285","972,596.00","503,676.00","286,849.17","231,482.71"
2020-04-01,"46,800","49,100","44,700","44,900","44,100.00","41,890.00","43,020.00","44,198.33","43,654.22",0,"977,870","1,089,954.00","535,271.00","300,945.00","238,051.60"
2020-04-02,"44,900","45,800","43,400","44,900","44,960.00","42,490.00","42,935.00","44,178.33","43,668.53",0,"357,135","1,090,550.00","536,244.50","304,128.42","239,500.58"
2020-04-03,"44,900","44,900","44,900","44,900","45,020.00","42,980.00","42,845.00","44,173.33","43,689.22",0,0,"534,983.00","521,780.50","301,043.92","238,151.58"
2020-04-06,"44,900","44,900","44,900","44,900","45,080.00","43,570.00","42,775.00","44,153.33","43,707.52",30,0,"412,658.00","507,728.50","297,765.00","237,169.16"
2020-04-07,"44,900","44,900","44,900","44,900","44,900.00","44,050.00","42,690.00","44,128.33","43,719.43",30,0,"267,001.00","490,386.00","295,375.50","236,051.75"
2020-04-08,"51,000","52,900","46,550","46,550","45,230.00","44,665.00","42,747.50","44,125.83","43,741.89",0,"2,612,972","594,021.40","604,738.35","336,643.87","256,366.42"
2020-04-09,"47,850","50,500","47,250","49,000","46,050.00","45,505.00","43,057.50","44,167.50","43,791.96",0,"1,819,258","886,446.00","672,546.25","364,654.58","270,208.28"
2020-04-10,"50,000","50,000","47,700","48,550","46,780.00","45,900.00","43,405.00","44,205.00","43,842.27",0,"712,604","1,028,967.00","682,315.20","374,318.57","275,013.06"
2020-04-13,"48,900","49,800","47,700","47,750","47,350.00","46,215.00","43,712.50","44,229.17","43,889.10",0,"517,666","1,132,500.00","696,020.25","380,811.50","278,181.64"
2020-04-14,"47,200","47,650","46,350","47,200","47,810.00","46,355.00","43,952.50","44,250.83","43,926.56",0,"612,501","1,255,000.00","709,275.30","389,125.60","282,138.30"
2020-04-16,"46,450","46,900","45,800","46,200","47,740.00","46,485.00","44,187.50","44,250.83","43,952.49",0,"574,409","847,287.60","721,212.50","396,210.92","285,284.83"
2020-04-17,"48,550","48,750","46,600","46,700","47,280.00","46,665.00","44,577.50","44,262.50","43,984.99",0,"829,942","649,424.40","740,625.60","408,180.03","290,883.00"
2020-04-20,"46,800","48,000","46,300","46,900","46,950.00","46,865.00","44,922.50","44,277.50","44,020.75",0,"556,649","618,233.40","749,318.55","415,652.60","294,274.92"
2020-04-21,"46,850","47,400","45,600","46,500","46,700.00","47,025.00","45,297.50","44,295.83","44,056.37",0,"488,931","612,486.40","759,635.85","421,661.37","296,971.41"
2020-04-22,"45,650","47,200","45,650","47,200","46,700.00","47,255.00","45,652.50","44,324.17","44,097.82",0,"332,788","556,543.80","762,785.25","422,449.50","298,741.77"
2020-04-23,"47,200","47,600","46,750","47,600","46,980.00","47,360.00","46,012.50","44,367.50","44,141.80",0,"390,343","519,730.60","762,748.40","426,448.72","300,811.38"
2020-04-24,"47,000","47,450","46,550","46,950","47,030.00","47,155.00","46,330.00","44,408.33","44,174.78",0,"306,877","415,117.60","760,384.50","429,386.00","301,187.74"
2020-04-27,"47,200","47,250","46,650","46,750","47,000.00","46,975.00","46,437.50","44,460.83","44,214.08",0,"262,739","356,335.60","634,629.70","431,159.32","299,266.97"
2020-04-28,"46,850","47,000","46,400","46,600","47,020.00","46,860.00","46,537.50","44,512.50","44,251.33",0,"233,817","305,312.80","615,739.30","431,231.60","299,693.21"
2020-04-29,"46,900","47,150","46,550","47,150","47,010.00","46,855.00","46,605.00","44,563.33","44,291.57",0,"320,172","302,789.60","595,333.65","433,486.72","301,189.47"
2020-05-04,"46,500","47,450","45,800","46,350","46,760.00","46,870.00","46,677.50","44,602.50","44,327.53",0,"444,634","313,647.80","568,671.85","438,280.20","303,446.79"
2020-05-06,"47,000","47,050","46,500","46,950","46,760.00","46,895.00","46,780.00","44,638.33","44,369.29",0,"228,405","297,953.40","562,235.35","437,372.70","304,309.47"
2020-05-07,"46,900","47,100","46,450","46,800","46,770.00","46,885.00","46,875.00","44,658.33","44,409.80",0,"214,670","288,339.60","572,968.85","437,964.87","304,424.33"
2020-05-08,"47,200","49,350","47,200","49,150","47,280.00","47,150.00","47,087.50","44,724.17","44,471.49",18,"824,620","406,500.20","614,199.85","450,081.45","310,246.29"
2020-05-11,"49,650","55,300","49,350","52,000","48,250.00","47,630.00","47,442.50","44,835.83","44,558.53",0,"2,914,944","925,454.60","759,947.05","496,776.43","333,081.27"
2020-05-12,"52,400","52,500","50,600","51,000","49,180.00","47,970.00","47,665.00","44,927.50","44,642.02",0,"646,714","965,870.60","661,634.15","504,517.42","336,448.53"
2020-05-13,"50,700","52,500","50,600","51,100","50,010.00","48,385.00","47,770.00","45,029.17","44,719.96",30,"630,433","1,046,276.00","602,192.90","512,362.63","339,713.28"
2020-05-14,"51,800","53,000","51,100","51,600","50,970.00","48,870.00","47,922.50","45,150.83","44,800.47",0,"794,362","1,162,215.00","606,280.80","523,311.33","344,973.57"
2020-05-15,"51,600","52,000","50,100","51,600","51,460.00","49,370.00","48,115.00","45,275.83","44,880.18",0,"477,755","1,092,842.00","604,285.25","529,121.00","348,285.49"
2020-05-18,"63,300","63,700","52,900","53,500","51,760.00","50,005.00","48,430.00","45,434.17","44,979.72",0,"4,460,868","1,402,026.00","796,703.60","601,665.63","384,457.39"
2020-05-19,"53,600","54,200","51,900","52,200","52,000.00","50,590.00","48,730.00","45,567.50","45,070.82",0,"935,099","1,459,703.00","814,738.10","614,862.20","390,972.42"
2020-05-20,"51,900","53,300","51,800","51,900","52,160.00","51,085.00","48,990.00","45,699.17","45,157.02",0,"576,266","1,448,870.00","802,054.30","622,187.05","394,280.95"
2020-05-21,"51,900","52,400","51,300","52,300","52,300.00","51,635.00","49,260.00","45,859.17","45,250.54",0,"539,296","1,397,857.00","801,186.65","627,447.07","397,377.26"
2020-05-22,"52,400","53,800","51,600","52,000","52,380.00","51,920.00","49,535.00","46,035.83","45,335.98",0,"605,709","1,423,448.00","807,025.55","634,045.72","401,150.86"
2020-05-25,"52,500","52,600","51,700","52,500","52,180.00","51,970.00","49,800.00","46,204.17","45,423.99",0,"363,428","603,959.60","808,557.55","636,265.10","401,339.57"
2020-05-26,"52,100","52,200","51,300","51,800","52,100.00","52,050.00","50,010.00","46,362.50","45,505.38",0,"452,996","507,539.00","811,690.20","640,927.03","404,426.89"
2020-05-27,"52,200","52,200","51,500","51,600","52,040.00","52,100.00","50,242.50","46,500.83","45,588.28",30,"288,065","449,898.80","810,749.60","640,895.20","405,956.24"
2020-05-28,"51,700","52,500","50,600","51,400","51,860.00","52,080.00","50,475.00","46,644.17","45,671.92",0,"591,415","460,322.60","827,183.40","643,779.62","409,729.78"
2020-05-29,"51,800","52,200","51,100","51,900","51,840.00","52,110.00","50,740.00","46,767.50","45,759.72",0,"578,329","454,846.60","844,409.00","648,522.93","413,496.49"
2020-06-01,"52,300","53,200","52,200","52,600","51,860.00","52,020.00","51,012.50","46,889.17","45,854.15",0,"629,148","507,990.60","859,857.80","652,955.82","417,909.58"
2020-06-02,"52,600","52,600","51,700","51,800","51,860.00","51,980.00","51,285.00","46,994.17","45,938.72",0,"413,623","500,116.00","858,307.25","654,083.37","420,447.53"
2020-06-03,"52,200","52,800","51,800","52,100","51,960.00","52,000.00","51,542.50","47,085.83","46,027.39",0,"596,092","561,721.40","876,691.60","658,390.48","424,604.47"
2020-06-04,"52,100","52,800","51,700","51,800","52,040.00","51,950.00","51,792.50","47,170.83","46,110.37",30,"504,784","544,395.20","891,197.30","661,982.22","428,052.74"
2020-06-05,"51,800","52,100","50,700","51,800","52,020.00","51,930.00","51,925.00","47,262.50","46,191.75",0,"517,399","532,209.20","875,836.25","665,921.53","431,179.50"
2020-06-08,"52,100","61,500","51,400","57,000","52,900.00","52,380.00","52,175.00","47,435.83","46,308.48",0,"5,974,675","1,601,315.00","1,028,823.00","759,718.62","478,518.77"
2020-06-09,"55,800","57,400","54,000","55,900","53,720.00","52,790.00","52,420.00","47,610.83","46,412.86",0,"2,612,748","2,041,140.00","1,127,125.00","797,832.33","498,701.93"
2020-06-10,"56,200","56,600","55,000","55,100","54,320.00","53,140.00","52,620.00","47,815.83","46,495.41",0,"1,274,952","2,176,912.00","1,159,350.00","811,363.20","503,980.45"
2020-06-11,"54,900","56,700","54,800","56,000","55,160.00","53,600.00","52,840.00","48,055.83","46,586.26",0,"1,383,694","2,352,694.00","1,188,817.00","825,804.35","513,941.22"
2020-06-12,"53,100","56,000","53,000","55,000","55,800.00","53,910.00","53,010.00","48,279.17","46,670.37",0,"878,967","2,425,007.00","1,208,878.00","836,394.38","520,048.75"
2020-06-15,"55,400","56,800","51,600","51,600","54,720.00","53,810.00","52,915.00","48,432.50","46,723.75",39,"1,326,801","1,495,432.00","1,052,174.00","852,717.73","529,623.74"
2020-06-16,"52,800","54,200","52,300","54,000","54,340.00","54,030.00","53,005.00","48,640.83","46,797.13",58,"660,604","1,105,004.00","1,038,450.00","858,133.38","533,756.49"
2020-06-17,"58,100","58,500","53,200","54,100","54,140.00","54,230.00","53,115.00","48,894.17","46,868.16",0,"1,625,760","1,175,165.00","1,090,924.00","877,868.05","545,859.11"
2020-06-18,"54,400","55,700","54,000","54,000","53,740.00","54,450.00","53,200.00","49,127.50","46,932.77",0,"537,622","1,005,951.00","1,090,841.00","880,448.58","548,454.74"
2020-06-19,"54,500","54,800","53,100","54,000","53,540.00","54,670.00","53,300.00","49,377.50","46,994.18",0,"432,473","916,652.00","1,082,179.00","882,946.72","549,764.69"
2020-06-22,"53,600","54,800","53,600","54,100","54,040.00","54,380.00","53,380.00","49,610.83","47,058.82",30,"404,693","732,230.40","1,084,242.00","885,194.93","551,947.49"
2020-06-23,"54,300","54,500","53,000","53,000","53,840.00","54,090.00","53,440.00","49,820.83","47,107.92",0,"399,223","679,954.20","1,081,553.00","885,330.65","554,062.99"
2020-06-24,"53,300","53,600","52,500","53,100","53,640.00","53,890.00","53,515.00","50,029.17","47,156.25",0,"350,578","424,917.80","1,084,679.00","885,271.03","555,579.68"
2020-06-25,"52,800","53,500","52,100","52,100","53,260.00","53,500.00","53,550.00","50,154.17","47,196.25",0,"342,137","385,820.80","1,072,215.00","844,676.07","557,491.53"
2020-06-26,"52,300","52,500","51,300","52,000","52,860.00","53,200.00","53,555.00","50,277.50","47,243.75",0,"348,660","369,058.20","1,060,732.00","840,293.32","559,093.03"
2020-06-29,"51,500","51,600","50,400","50,500","52,140.00","53,090.00","53,450.00","50,355.83","47,280.42",0,"345,426","357,204.80","1,046,546.00","833,912.33","560,380.75"
2020-06-30,"51,000","51,100","50,500","50,600","51,660.00","52,750.00","53,390.00","50,450.83","47,324.58",0,"307,974","338,955.00","1,041,263.00","822,747.40","561,846.20"
2020-07-01,"51,200","53,000","50,700","52,000","51,440.00","52,540.00","53,385.00","50,569.17","47,373.75",0,"470,857","363,010.80","1,035,001.00","824,642.77","564,385.59"
2020-07-02,"52,900","53,000","51,700","52,200","51,460.00","52,360.00","53,405.00","50,690.83","47,432.08",0,"234,286","341,440.60","1,021,476.00","828,547.53","564,795.72"
2020-07-03,"52,800","55,100","52,300","52,300","51,520.00","52,190.00","53,430.00","50,814.17","47,483.75",66,"807,638","433,236.20","1,035,988.00","842,008.17","569,886.58"
2020-07-06,"52,200","52,700","51,700","52,300","51,880.00","52,010.00","53,195.00","50,937.50","47,532.92",0,"252,477","414,646.40","749,878.50","846,216.12","570,795.81"
2020-07-07,"52,400","52,800","51,600","52,100","52,180.00","51,920.00","53,005.00","51,030.00","47,577.92",0,"308,275","414,706.60","634,654.85","807,804.50","572,224.18"
2020-07-08,"52,000","52,100","50,700","50,900","51,960.00","51,700.00","52,795.00","51,061.67","47,614.58",0,"450,728","410,680.80","593,443.65","784,995.67","574,825.13"
2020-07-09,"51,400","51,400","50,800","50,900","51,700.00","51,580.00","52,540.00","51,100.83","47,652.92",0,"302,062","424,236.00","539,362.05","778,153.30","576,235.93"
2020-07-10,"51,000","51,800","50,800","51,000","51,440.00","51,480.00","52,340.00","51,155.00","47,692.08",70,"267,388","316,186.00","508,783.10","773,982.00","577,396.75"
2020-07-13,"51,400","51,800","50,700","51,300","51,240.00","51,560.00","52,325.00","51,223.33","47,737.08",0,"310,355","327,761.60","457,960.80","768,946.23","579,035.92"
2020-07-14,"51,600","53,200","51,200","51,800","51,180.00","51,680.00","52,215.00","51,316.67","47,783.75",0,"471,753","360,457.20","448,518.25","767,235.30","581,723.11"
2020-07-15,"52,000","52,400","51,000","51,400","51,280.00","51,620.00","52,080.00","51,395.00","47,828.75",0,"303,263","330,964.20","382,393.40","758,457.32","583,318.68"
2020-07-16,"51,300","51,400","50,900","51,100","51,320.00","51,510.00","51,935.00","51,465.00","47,871.25",0,"219,702","314,492.20","366,497.40","752,841.53","584,247.07"
2020-07-17,"51,000","51,300","50,800","50,800","51,280.00","51,360.00","51,775.00","51,536.67","47,916.25",0,"224,004","305,815.40","356,073.95","748,426.08","585,043.72"
2020-07-20,"50,900","51,300","50,800","51,000","51,220.00","51,230.00","51,620.00","51,600.00","47,962.08",70,"208,794","285,503.20","346,279.00","746,359.52","584,404.51"
2020-07-21,"51,400","52,200","51,200","51,600","51,180.00","51,180.00","51,550.00","51,666.67","48,017.08",0,"590,682","309,289.00","355,851.95","749,698.50","588,073.61"
2020-07-22,"51,700","52,500","50,900","52,500","51,400.00","51,340.00","51,520.00","51,759.17","48,083.75",0,"382,165","325,069.40","357,431.30","750,953.30","590,169.65"
2020-07-23,"52,900","55,100","52,400","53,300","51,840.00","51,580.00","51,580.00","51,868.33","48,164.58",0,"1,836,779","648,484.80","432,163.40","777,187.30","604,173.31"
2020-07-24,"54,200","61,500","54,000","56,500","52,980.00","52,130.00","51,805.00","52,033.33","48,272.92",29,"7,266,218","2,056,928.00","778,041.30","894,393.98","662,812.79"
2020-07-27,"57,700","59,300","55,600","56,700","54,120.00","52,670.00","52,115.00","52,192.50","48,377.92",33,"2,184,663","2,452,101.00","870,003.15","925,468.83","679,477.78"
2020-07-28,"57,300","57,500","55,300","56,300","55,060.00","53,120.00","52,400.00","52,358.33","48,480.42",26,"1,006,262","2,535,217.00","904,917.55","934,829.30","686,554.75"
2020-07-29,"55,700","59,700","54,800","56,400","55,840.00","53,620.00","52,620.00","52,515.83","48,577.08",0,"1,969,984","2,852,781.00","979,873.90","963,855.62","700,614.16"
2020-07-30,"56,100","56,800","55,200","55,700","56,320.00","54,080.00","52,795.00","52,664.17","48,661.25",0,"618,688","2,609,163.00","999,094.00","970,589.25","704,277.06"
2020-07-31,"55,600","57,500","54,600","57,300","56,480.00","54,730.00","53,045.00","52,800.00","48,762.08",0,"1,673,292","1,490,578.00","1,042,377.00","984,733.78","717,407.62"
2020-08-03,"61,500","62,200","58,100","58,500","56,840.00","55,480.00","53,355.00","52,908.33","48,872.08",0,"2,221,859","1,498,017.00","1,140,846.00","973,182.37","734,979.40"
2020-08-04,"58,600","58,700","57,300","58,500","57,280.00","56,170.00","53,675.00","53,033.33","48,980.42",0,"801,937","1,457,152.00","1,165,529.00","975,769.42","740,143.42"
2020-08-05,"59,800","71,800","59,200","67,700","59,540.00","57,690.00","54,515.00","53,310.00","49,169.58",0,"12,395,002","3,542,156.00","1,762,743.00","1,171,846.00","842,104.10"
2020-08-06,"68,700","69,300","66,000","66,100","61,620.00","58,970.00","55,275.00","53,551.67","49,351.25",0,"2,297,068","3,877,832.00","1,862,493.00","1,196,891.00","860,101.00"
2020-08-07,"66,100","67,600","65,300","66,800","63,520.00","60,000.00","56,065.00","53,805.00","49,540.42",0,"1,172,477","3,777,669.00","1,907,747.00","1,208,469.00","868,795.18"
2020-08-10,"66,800","69,600","66,000","66,800","65,180.00","61,010.00","56,840.00","54,026.67","49,730.42",0,"1,512,886","3,635,874.00","1,967,874.00","1,159,336.00","880,500.98"
2020-08-11,"67,600","72,500","66,800","69,200","67,320.00","62,300.00","57,710.00","54,310.00","49,938.75",0,"2,424,343","3,960,355.00","2,065,503.00","1,184,157.00","899,509.63"
2020-08-12,"69,000","69,100","65,700","66,600","67,100.00","63,320.00","58,470.00","54,555.00","50,127.08",0,"1,064,355","1,694,226.00","2,103,558.00","1,192,292.00","907,239.47"
2020-08-13,"67,100","67,300","64,600","65,200","66,920.00","64,270.00","59,175.00","54,770.00","50,314.58",0,"791,432","1,393,099.00","2,132,145.00","1,196,494.00","911,970.61"
2020-08-14,"65,200","66,300","63,900","64,000","66,360.00","64,940.00","59,835.00","54,970.00","50,502.92",42,"600,278","1,278,659.00","2,150,958.00","1,196,404.00","915,224.68"
2020-08-18,"65,000","66,000","61,400","62,200","65,440.00","65,310.00","60,395.00","55,131.67","50,667.92",42,"888,836","1,153,849.00","2,184,960.00","1,205,160.00","920,712.77"
2020-08-19,"63,700","66,100","62,600","65,700","64,740.00","66,030.00","61,100.00","55,363.33","50,862.92",0,"960,406","861,061.40","2,203,447.00","1,213,617.00","927,272.15"
2020-08-20,"72,000","72,900","65,700","65,900","64,600.00","65,850.00","61,770.00","55,601.67","51,051.25",0,"3,488,971","1,345,985.00","2,358,787.00","1,266,966.00","953,930.45"
2020-08-21,"67,000","67,400","64,000","65,900","64,740.00","65,830.00","62,400.00","55,843.33","51,243.75",0,"967,030","1,381,104.00","2,315,299.00","1,273,226.00","958,502.78"
2020-08-24,"67,300","67,300","65,200","65,500","65,040.00","65,700.00","62,850.00","56,070.00","51,418.75",0,"595,451","1,380,139.00","1,981,761.00","1,273,511.00","961,017.13"
2020-08-25,"65,400","67,800","64,600","67,600","66,120.00","65,780.00","63,395.00","56,320.00","51,604.58",0,"936,800","1,389,732.00","1,919,368.00","1,278,639.00","965,797.33"
2020-08-26,"67,600","68,400","66,000","66,700","66,320.00","65,530.00","63,915.00","56,568.33","51,781.25",0,"633,076","1,324,266.00","1,900,709.00","1,282,296.00","968,189.88"
2020-08-27,"67,000","68,700","65,800","67,300","66,600.00","65,600.00","64,460.00","56,821.67","51,953.75",0,"1,016,151","829,701.60","1,853,017.00","1,289,297.00","973,843.93"
2020-08-28,"67,900","68,600","66,800","67,400","66,900.00","65,820.00","65,045.00","57,081.67","52,126.25",0,"629,506","762,196.80","1,853,558.00","1,291,376.00","976,679.15"
2020-08-31,"67,700","68,300","66,500","67,000","67,200.00","66,120.00","65,530.00","57,335.00","52,298.75",0,"779,423","798,991.20","1,808,864.00","1,295,743.00","980,832.34"
2020-09-01,"66,700","67,300","65,700","66,300","66,940.00","66,530.00","65,920.00","57,490.00","52,462.92",0,"510,318","713,694.80","1,723,287.00","1,204,671.00","982,194.57"
2020-09-02,"66,900","67,800","66,100","66,700","66,940.00","66,630.00","66,330.00","57,670.00","52,640.42",0,"492,204","685,520.40","1,707,801.00","1,169,328.00","983,580.23"
2020-09-03,"66,800","67,400","66,100","66,900","66,860.00","66,730.00","66,290.00","57,866.67","52,841.25",0,"463,029","574,896.00","1,111,202.00","1,155,796.00","983,579.64"
2020-09-04,"64,700","65,900","64,600","65,200","66,420.00","66,660.00","66,245.00","58,020.00","53,037.92",0,"662,065","581,407.80","1,029,452.00","1,143,769.00","984,786.64"
2020-09-07,"65,800","65,900","64,600","65,200","66,060.00","66,630.00","66,165.00","58,190.00","53,234.58",70,"422,577","510,038.60","991,956.85","1,136,162.00","986,278.41"
2020-09-08,"65,200","66,600","65,000","65,500","65,900.00","66,420.00","66,100.00","58,421.67","53,427.08",0,"470,223","502,019.60","939,823.70","1,121,886.00","987,301.93"
2020-09-09,"65,200","65,200","64,000","64,000","65,360.00","66,150.00","65,840.00","58,588.33","53,614.58",2,"432,780","490,134.80","840,245.55","1,118,089.00","988,111.22"
2020-09-10,"64,300","66,100","63,600","64,500","64,880.00","65,870.00","65,735.00","58,761.67","53,827.92",58,"602,924","518,113.80","817,174.00","1,101,042.00","989,454.93"
2020-09-11,"64,500","66,700","64,000","66,600","65,160.00","65,790.00","65,805.00","58,971.67","54,049.58",59,"681,930","522,086.80","811,698.90","1,103,447.00","991,947.76"
2020-09-14,"67,400","67,400","65,500","65,700","65,260.00","65,660.00","65,890.00","59,166.67","54,272.08",0,"415,442","520,659.80","802,457.10","1,103,163.00","993,054.90"
2020-09-15,"65,900","69,200","65,500","68,700","65,900.00","65,900.00","66,215.00","59,410.00","54,510.42",70,"1,481,070","722,829.20","832,068.80","1,121,103.00","1,003,149.00"
2020-09-16,"68,700","69,200","67,300","68,400","66,780.00","66,070.00","66,350.00","59,666.67","54,743.75",30,"488,157","733,904.60","808,456.35","1,122,585.00","1,003,958.00"
2020-09-17,"68,600","68,600","66,100","66,400","67,160.00","66,020.00","66,375.00","59,888.33","54,958.75",0,"490,984","711,516.60","658,557.00","1,124,925.00","1,005,098.00"
2020-09-18,"66,800","67,400","66,100","66,600","67,160.00","66,160.00","66,410.00","60,130.00","55,142.08",0,"536,508","682,432.20","637,030.90","1,128,165.00","986,420.31"
2020-09-21,"70,000","75,000","67,300","72,000","68,420.00","66,840.00","66,735.00","60,463.33","55,370.42",0,"6,284,923","1,856,328.00","921,504.50","1,227,102.00","1,033,698.00"
2020-09-22,"71,100","71,400","66,500","66,700","68,020.00","66,960.00","66,690.00","60,733.33","55,544.58",0,"1,891,243","1,938,363.00","969,226.65","1,252,866.00","1,043,389.00"
2020-09-23,"67,400","68,000","64,000","64,900","67,320.00","67,050.00","66,600.00","60,971.67","55,711.25",0,"860,678","2,012,867.00","980,606.75","1,262,078.00","1,042,413.00"
2020-09-24,"64,000","64,600","61,400","61,900","66,420.00","66,790.00","66,330.00","61,136.67","55,852.92",0,"726,180","2,059,906.00","966,108.20","1,266,333.00","1,045,488.00"
2020-09-25,"62,800","63,700","61,700","61,900","65,480.00","66,320.00","66,055.00","61,298.33","55,994.58",0,"378,202","2,028,245.00","953,543.00","1,268,732.00","1,048,640.00"
2020-09-28,"62,800","64,000","62,200","63,700","63,820.00","66,120.00","65,890.00","61,488.33","56,151.25",0,"282,518","827,764.20","928,697.75","1,259,980.00","1,050,994.00"
2020-09-29,"64,800","64,900","63,700","64,200","63,320.00","65,670.00","65,785.00","61,686.67","56,312.08",0,"278,990","505,313.60","917,131.35","1,260,421.00","1,053,319.00"
2020-10-05,"64,300","65,800","64,300","65,100","63,360.00","65,340.00","65,705.00","61,903.33","56,466.67",0,"266,875","386,553.00","905,864.90","1,259,731.00","1,033,768.00"
2020-10-06,"65,200","65,700","64,600","65,000","63,980.00","65,200.00","65,610.00","62,138.33","56,600.00",0,"224,245","286,166.00","893,925.70","1,255,957.00","1,020,476.00"
2020-10-07,"64,500","65,100","64,500","64,800","64,560.00","65,020.00","65,590.00","62,370.00","56,735.42",0,"206,096","251,744.80","871,127.25","1,254,357.00","1,016,255.00"
2020-10-08,"65,400","66,200","65,100","65,700","64,960.00","64,390.00","65,615.00","62,615.00","56,885.00",0,"365,396","268,320.40","868,268.20","1,255,991.00","1,014,986.00"
2020-10-12,"66,200","66,200","65,000","65,000","65,120.00","64,220.00","65,590.00","62,843.33","57,033.33",30,"221,323","256,787.00","855,823.20","1,254,507.00","1,011,727.00"
2020-10-13,"65,000","65,200","63,500","64,100","64,920.00","64,140.00","65,595.00","63,048.33","57,182.50",0,"323,353","268,082.60","850,351.85","1,252,034.00","1,009,634.00"
2020-10-14,"64,000","64,300","63,500","63,600","64,640.00","64,310.00","65,550.00","63,251.67","57,323.33",70,"192,009","261,635.40","829,806.10","1,250,179.00","1,004,318.00"
2020-10-15,"63,600","64,800","62,500","62,800","64,240.00","64,400.00","65,360.00","63,446.67","57,455.83",0,"330,654","286,547.00","812,242.30","1,252,029.00","1,002,435.00"
2020-10-16,"63,100","63,900","61,700","62,100","63,520.00","64,240.00","65,180.00","63,635.00","57,585.83",0,"264,270","266,321.80","804,683.70","1,252,700.00","1,000,563.00"
2020-10-19,"62,700","62,800","61,500","61,700","62,860.00","63,990.00","64,830.00","63,813.33","57,706.67",0,"230,945","268,246.20","742,177.45","1,253,069.00","999,714.18"
2020-10-20,"61,500","61,900","59,200","60,600","62,160.00","63,540.00","64,440.00","63,963.33","57,815.00",0,"369,589","277,493.40","736,249.05","1,249,384.00","999,541.23"
2020-10-21,"60,700","61,000","60,000","60,600","61,560.00","63,100.00","64,150.00","64,098.33","57,928.75",0,"180,212","275,134.00","720,710.45","1,246,018.00","998,485.69"
2020-10-22,"60,700","60,800","59,800","59,800","60,960.00","62,600.00","63,810.00","64,206.67","58,037.50",0,"239,755","256,954.20","705,872.80","1,219,401.00","998,294.16"
2020-10-23,"60,400","60,600","59,600","60,400","60,620.00","62,070.00","63,230.00","64,271.67","58,152.50",0,"178,751","239,850.40","400,564.20","1,101,277.00","997,835.28"
2020-10-26,"60,300","60,600","58,800","59,000","60,080.00","61,470.00","62,845.00","64,310.00","58,251.25",0,"281,488","249,959.00","320,076.45","1,069,557.00","997,512.91"
2020-10-27,"58,400","59,200","57,800","57,900","59,540.00","60,850.00","62,495.00","64,336.67","58,347.50",0,"330,125","242,066.20","293,548.80","1,058,288.00","996,558.67"
2020-10-28,"57,900","60,700","57,600","60,500","59,520.00","60,540.00","62,425.00","64,405.00","58,460.42",0,"220,972","250,218.20","268,288.40","1,029,138.00","996,496.72"
2020-10-29,"59,500","61,800","58,600","61,200","59,800.00","60,380.00","62,390.00","64,496.67","58,580.42",0,"325,778","267,422.80","265,667.20","1,024,256.00","997,422.63"
2020-10-30,"61,300","61,800","59,500","59,500","59,620.00","60,120.00","62,180.00","64,533.33","58,666.67",0,"324,517","296,576.00","267,767.15","1,001,776.00","993,255.10"
2020-11-02,"59,700","61,000","59,600","60,700","59,960.00","60,020.00","62,005.00","64,570.00","58,739.17",0,"162,673","272,813.00","261,951.30","967,456.65","970,319.51"
2020-11-03,"60,900","63,500","60,800","63,000","60,980.00","60,260.00","61,900.00","64,645.00","58,839.17",0,"455,678","297,923.60","271,391.45","961,685.67","968,727.54"
2020-11-04,"64,400","64,400","63,300","64,100","61,700.00","60,610.00","61,855.00","64,585.00","58,947.50",0,"419,204","337,570.00","281,139.40","762,089.03","966,967.30"
2020-11-05,"64,300","64,900","63,700","64,800","62,420.00","61,110.00","61,855.00","64,563.33","59,057.50",0,"326,429","337,700.20","287,156.05","729,245.05","963,067.86"
2020-11-06,"64,700","64,800","63,700","64,000","63,320.00","61,470.00","61,770.00","64,516.67","59,160.83",0,"249,507","322,698.20","281,361.60","713,862.22","961,165.79"
2020-11-09,"64,500","65,900","64,300","65,000","64,180.00","62,070.00","61,770.00","64,486.67","59,256.67",0,"384,485","367,060.60","289,519.70","695,055.53","927,195.93"
2020-11-10,"66,000","66,000","64,000","64,500","64,480.00","62,730.00","61,790.00","64,408.33","59,359.17",0,"323,257","340,576.40","289,514.90","660,037.43","922,097.25"
2020-11-11,"64,400","65,000","64,100","64,400","64,540.00","63,120.00","61,830.00","64,371.67","59,463.33",0,"297,905","316,316.60","294,809.70","647,263.27","919,777.57"
2020-11-12,"64,400","65,000","63,700","63,700","64,320.00","63,370.00","61,875.00","64,346.67","59,558.33",30,"265,006","304,032.00","291,527.30","638,489.50","917,491.82"
2020-11-13,"63,300","64,100","62,800","63,800","64,280.00","63,800.00","61,960.00","64,343.33","59,656.67",0,"192,191","292,568.80","287,923.35","631,688.05","914,045.84"
2020-11-16,"63,900","64,300","63,200","63,500","63,980.00","64,080.00","62,050.00","64,365.00","59,748.33",0,"250,893","265,850.40","288,920.75","621,055.67","913,108.05"
2020-11-17,"63,300","63,600","62,800","63,200","63,720.00","64,100.00","62,180.00","64,323.33","59,843.33",0,"261,463","253,491.60","283,514.45","609,406.62","911,511.94"
2020-11-18,"63,200","65,000","63,200","64,800","63,800.00","64,170.00","62,390.00","64,305.00","59,953.33",0,"342,327","262,376.00","291,620.20","556,962.55","911,964.13"
2020-11-19,"65,100","66,100","64,300","66,000","64,260.00","64,290.00","62,700.00","64,306.67","60,075.00",0,"480,943","305,563.40","303,679.60","548,861.10","911,043.53"
2020-11-20,"66,400","67,100","65,600","66,000","64,700.00","64,490.00","62,980.00","64,315.00","60,192.50",0,"467,536","360,632.40","318,118.85","546,729.18","910,120.25"
2020-11-23,"67,000","67,200","65,500","66,100","65,220.00","64,600.00","63,335.00","64,290.00","60,305.00",0,"578,014","426,056.60","332,945.15","540,749.42","909,694.13"
2020-11-24,"66,800","66,800","65,400","65,800","65,740.00","64,730.00","63,730.00","64,275.00","60,421.67",0,"423,313","458,426.60","337,604.55","537,253.37","909,774.88"
2020-11-25,"65,800","65,800","64,000","64,300","65,640.00","64,720.00","63,920.00","64,225.00","60,523.33",42,"514,164","492,794.00","352,264.15","528,886.92","909,092.15"
2020-11-26,"64,000","65,300","63,600","65,300","65,500.00","64,880.00","64,125.00","64,190.00","60,635.83",0,"348,897","466,384.80","353,420.10","524,210.10","907,793.09"
2020-11-27,"65,500","65,700","64,600","65,400","65,380.00","65,040.00","64,420.00","64,163.33","60,749.17",0,"289,682","430,814.00","351,678.35","516,047.75","905,895.45"
2020-11-30,"65,600","65,800","64,400","64,400","65,040.00","65,130.00","64,605.00","64,131.67","60,810.83",0,"858,777","486,966.60","386,483.55","521,855.40","863,262.97"
