2018-07-02,"54,000","54,000","52,000","52,500", , , , , ,0,705, , , , 
2018-07-03,"52,500","52,700","52,300","52,700", , , , , ,0,108, , , , 
2018-07-04,"52,000","52,600","51,300","52,600", , , , , ,0,32, , , , 
2018-07-05,"53,000","53,300","52,300","52,400", , , , , ,0,208, , , , 
2018-07-06,"52,400","53,400","52,400","53,400","52,720.00", , , , ,0,164,243.40, , , 
2018-07-09,"52,500","53,400","52,500","53,400","52,900.00", , , , ,0,203,143.00, , , 
2018-07-10,"53,900","53,900","52,900","53,500","53,060.00", , , , ,0,99,141.20, , , 
2018-07-11,"53,100","53,600","53,000","53,600","53,260.00", , , , ,0,132,161.20, , , 
2018-07-12,"53,900","53,900","53,100","53,700","53,520.00", , , , ,0,86,136.80, , , 
2018-07-13,"53,900","53,900","52,500","52,900","53,420.00","53,070.00", , , ,0,186,141.20, , , 
2018-07-16,"53,500","53,600","52,500","53,300","53,400.00","53,150.00", , , ,0,68,114.20, , , 
2018-07-17,"53,600","53,600","53,300","53,300","53,360.00","53,210.00", , , ,0,132,120.80, , , 
2018-07-18,"53,600","53,800","53,100","53,400","53,320.00","53,290.00", , , ,0,132,120.80, , , 
2018-07-19,"52,500","53,000","52,100","53,000","53,180.00","53,350.00", , , ,0,101,123.80, , , 
2018-07-20,"53,000","53,000","52,300","52,300","53,060.00","53,240.00", , , ,0,61,98.80, , , 
2018-07-23,"52,300","52,300","51,500","52,200","52,840.00","53,120.00", , , ,0,48,94.80, , , 
2018-07-24,"52,600","53,000","52,600","53,000","52,780.00","53,070.00", , , ,0,96,87.60, , , 
2018-07-25,"53,000","53,000","52,000","52,700","52,640.00","52,980.00", , , ,0,85,78.20, , , 
2018-07-26,"52,700","52,800","52,000","52,800","52,600.00","52,890.00", , , ,0,71,72.20, , , 
2018-07-27,"52,900","53,000","52,500","53,000","52,740.00","52,900.00","52,985.00", , ,0,35,67.00,137.60, , 
2018-07-30,"53,000","53,300","52,200","53,000","52,900.00","52,870.00","53,010.00", , ,0,171,91.60,110.90, , 
2018-07-31,"52,900","54,700","52,900","53,000","52,900.00","52,840.00","53,025.00", , ,66,277,127.80,119.35, , 
2018-08-01,"53,300","53,800","53,300","53,700","53,100.00","52,870.00","53,080.00", , ,0,32,117.20,119.35, , 
2018-08-02,"53,900","53,900","53,400","53,400","53,220.00","52,910.00","53,130.00", , ,0,53,113.60,111.60, , 
2018-08-03,"53,000","53,700","53,000","53,700","53,360.00","53,050.00","53,145.00", , ,18,12,109.00,104.00, , 
2018-08-06,"54,000","54,500","53,700","54,500","53,660.00","53,280.00","53,200.00", , ,0,97,94.20,98.70, , 
2018-08-07,"54,800","54,800","53,900","54,600","53,980.00","53,440.00","53,255.00", , ,20,50,48.80,96.25, , 
2018-08-08,"54,900","55,100","53,000","54,200","54,080.00","53,590.00","53,285.00", , ,0,35,49.40,91.40, , 
2018-08-09,"54,600","54,600","53,000","53,900","54,180.00","53,700.00","53,295.00", , ,0,29,44.60,88.55, , 
2018-08-10,"54,400","54,400","53,000","54,000","54,240.00","53,800.00","53,350.00", , ,20,13,44.80,79.90, , 
2018-08-13,"54,000","54,000","52,300","53,000","53,940.00","53,800.00","53,335.00", , ,0,121,49.60,82.55, , 
2018-08-14,"53,800","53,800","52,000","52,700","53,560.00","53,770.00","53,305.00", , ,42,505,140.60,101.20, , 
2018-08-16,"52,700","52,700","51,300","52,000","53,120.00","53,600.00","53,235.00", , ,0,"1,203",374.20,154.75, , 
2018-08-17,"52,500","52,500","52,100","52,100","52,760.00","53,470.00","53,190.00", , ,0,33,375.00,151.35, , 
2018-08-20,"52,400","53,000","52,000","53,000","52,560.00","53,400.00","53,225.00", , ,0,143,401.00,155.45, , 
2018-08-21,"53,200","53,300","52,900","53,100","52,580.00","53,260.00","53,270.00", , ,0,110,398.80,158.55, , 
2018-08-22,"53,300","53,400","52,600","52,900","52,620.00","53,090.00","53,265.00", , ,0,439,385.60,175.70, , 
2018-08-23,"53,300","53,300","52,100","52,900","52,800.00","52,960.00","53,275.00", , ,0,524,249.80,197.65, , 
2018-08-24,"53,100","53,500","52,600","53,500","53,080.00","52,920.00","53,310.00", , ,0,118,266.80,200.00, , 
2018-08-27,"53,500","54,000","53,500","53,500","53,180.00","52,870.00","53,335.00", , ,0,158,269.80,206.15, , 
2018-08-28,"53,800","54,400","53,800","53,900","53,340.00","52,960.00","53,380.00", , ,0,508,349.40,223.00, , 
2018-08-29,"53,900","54,200","53,900","54,000","53,560.00","53,090.00","53,430.00", , ,0,409,343.40,229.60, , 
2018-08-30,"54,000","54,000","53,800","54,000","53,780.00","53,290.00","53,445.00", , ,0,9,240.40,228.45, , 
2018-08-31,"54,000","54,600","54,000","54,600","54,000.00","53,540.00","53,505.00", , ,18,384,293.60,245.00, , 
2018-09-03,"54,600","54,800","54,400","54,400","54,180.00","53,680.00","53,540.00", , ,0,260,314.00,257.40, , 
2018-09-04,"54,400","54,900","54,400","54,900","54,380.00","53,860.00","53,560.00", , ,0,306,273.60,267.85, , 
2018-09-05,"54,900","55,000","54,100","54,900","54,560.00","54,060.00","53,575.00", , ,0,140,219.80,272.35, , 
2018-09-06,"55,000","55,000","54,000","54,800","54,720.00","54,250.00","53,605.00", , ,30,249,267.80,283.05, , 
2018-09-07,"54,800","54,800","54,100","54,800","54,760.00","54,380.00","53,650.00", , ,28,205,232.00,291.85, , 
2018-09-10,"54,800","55,100","54,800","55,000","54,880.00","54,530.00","53,700.00", , ,0,400,260.00,311.20, , 
2018-09-11,"55,000","55,500","55,000","55,500","55,000.00","54,690.00","53,825.00", , ,18,674,333.60,338.85, , 
2018-09-12,"55,700","56,000","55,500","56,000","55,220.00","54,890.00","53,990.00", , ,0,564,418.40,341.80, , 
2018-09-13,"56,000","56,600","56,000","56,200","55,500.00","55,110.00","54,200.00", , ,0,"1,660",700.60,364.65, , 
2018-09-14,"56,200","56,700","55,600","56,500","55,840.00","55,300.00","54,420.00", , ,0,209,701.40,373.45, , 
2018-09-17,"56,800","56,800","55,700","56,300","56,100.00","55,490.00","54,585.00", , ,0,103,642.00,371.45, , 
2018-09-18,"56,300","56,300","55,800","56,200","56,240.00","55,620.00","54,740.00", , ,0,70,521.20,369.45, , 
2018-09-19,"55,500","56,100","55,500","55,900","56,220.00","55,720.00","54,890.00", , ,0,171,442.60,356.05, , 
2018-09-20,"56,300","56,300","55,500","55,500","56,080.00","55,790.00","55,020.00", , ,0,35,117.60,331.60, , 
2018-09-21,"55,500","55,500","55,200","55,200","55,820.00","55,830.00","55,105.00", , ,0,20,79.80,326.70, , 
2018-09-27,"56,100","56,100","54,500","54,500","55,460.00","55,780.00","55,155.00","53,825.00", ,2,27,64.60,320.15,221.30, 
2018-09-28,"54,500","55,200","54,300","55,200","55,260.00","55,750.00","55,220.00","53,870.00", ,0,126,75.80,301.05,211.65, 
2018-10-01,"55,300","55,700","55,000","55,400","55,160.00","55,690.00","55,290.00","53,915.00", ,0,82,58.00,284.70,211.22, 
2018-10-02,"55,400","56,100","54,300","54,300","54,920.00","55,500.00","55,305.00","53,943.33", ,0,"2,688",588.60,418.65,255.48, 
2018-10-04,"54,300","54,600","54,000","54,500","54,780.00","55,300.00","55,300.00","53,978.33", ,0,350,654.60,416.95,257.85, 
2018-10-05,"54,500","54,500","53,500","54,400","54,760.00","55,110.00","55,300.00","53,995.00", ,71,"1,627",974.60,485.30,282.23, 
2018-10-08,"54,400","54,800","53,800","54,800","54,680.00","54,970.00","55,295.00","54,018.33", ,0,145,978.40,477.25,281.27, 
2018-10-10,"53,900","54,000","52,200","53,100","54,220.00","54,690.00","55,205.00","54,011.67", ,0,234,"1,008.80",481.95,283.52, 
2018-10-11,"52,000","52,000","50,100","52,000","53,760.00","54,340.00","55,065.00","53,985.00", ,46,83,487.80,473.65,282.70, 
2018-10-12,"51,200","53,000","51,200","53,000","53,460.00","54,120.00","54,975.00","53,973.33", ,0,124,442.60,469.60,283.33, 
2018-10-15,"52,500","53,800","52,500","53,700","53,320.00","54,040.00","54,910.00","53,986.67", ,0,231,163.40,461.15,284.08, 
2018-10-16,"52,200","53,100","52,000","52,300","52,820.00","53,750.00","54,750.00","53,970.00", ,0,848,304.00,469.85,297.08, 
2018-10-17,"52,900","53,000","52,500","52,500","52,700.00","53,460.00","54,575.00","53,956.67", ,0,619,381.00,472.60,305.20, 
2018-10-18,"53,000","54,600","52,600","52,600","52,820.00","53,290.00","54,395.00","53,943.33", ,66,234,411.20,401.30,306.90, 
2018-10-19,"52,400","52,400","52,300","52,400","52,700.00","53,080.00","54,190.00","53,933.33", ,0,137,413.80,397.70,307.50, 
2018-10-22,"53,500","53,500","51,000","52,400","52,440.00","52,880.00","53,995.00","53,935.00", ,0,"2,397",847.00,512.40,346.43, 
2018-10-23,"52,300","52,300","51,100","51,900","52,360.00","52,590.00","53,780.00","53,930.00", ,0,237,724.80,520.75,349.58, 
2018-10-24,"51,100","51,800","50,600","50,600","51,980.00","52,340.00","53,515.00","53,890.00", ,0,"2,656","1,132.20",645.00,392.25, 
2018-10-25,"50,700","50,700","49,100","50,200","51,500.00","52,160.00","53,250.00","53,848.33", ,71,388,"1,163.00",662.65,397.30, 
2018-10-26,"50,200","50,200","49,000","49,000","50,820.00","51,760.00","52,940.00","53,785.00", ,2,352,"1,206.00",679.25,401.98, 
2018-10-29,"47,700","48,950","47,600","47,600","49,860.00","51,150.00","52,595.00","53,695.00", ,66,600,846.60,707.90,411.40, 
2018-10-30,"45,050","47,800","45,050","47,800","49,040.00","50,700.00","52,225.00","53,608.33", ,60,451,889.40,724.15,416.07, 
2018-10-31,"47,000","47,800","47,000","47,800","48,480.00","50,230.00","51,845.00","53,521.67", ,0,439,446.00,742.00,418.77, 
2018-11-01,"47,800","49,000","47,800","49,000","48,240.00","49,870.00","51,580.00","53,443.33", ,68,13,371.00,608.25,418.45, 
2018-11-02,"49,000","49,200","49,000","49,200","48,280.00","49,550.00","51,315.00","53,373.33", ,67,4,301.40,590.95,417.63, 
2018-11-05,"49,000","49,000","48,000","48,950","48,550.00","49,205.00","51,042.50","53,294.17", ,0,45,190.40,511.85,418.18, 
2018-11-06,"48,950","48,950","48,900","48,950","48,780.00","48,910.00","50,750.00","53,201.67", ,0,47,109.60,506.95,417.35, 
2018-11-07,"49,000","49,300","45,100","45,300","48,280.00","48,380.00","50,360.00","53,046.67", ,2,"2,488",519.40,619.65,457.98, 
2018-11-08,"46,050","48,500","45,500","47,700","48,020.00","48,130.00","50,145.00","52,938.33", ,58,608,638.40,645.90,467.53, 
2018-11-09,"48,500","48,500","47,700","47,700","47,720.00","48,000.00","49,880.00","52,835.00", ,0,94,656.40,644.40,468.62, 
2018-11-12,"47,700","47,700","47,700","47,700","47,470.00","48,010.00","49,580.00","52,730.00", ,70,5,648.40,633.10,468.48, 
2018-11-13,"47,400","48,900","46,000","46,200","46,920.00","47,850.00","49,275.00","52,616.67", ,0,387,716.40,610.05,472.92, 
2018-11-14,"46,900","47,050","46,900","46,950","47,250.00","47,765.00","48,997.50","52,520.83", ,0,20,222.80,580.10,464.83, 
2018-11-15,"47,500","47,700","47,000","47,700","47,250.00","47,635.00","48,752.50","52,449.17", ,0,136,128.40,575.20,447.05, 
2018-11-16,"48,450","48,450","46,650","48,000","47,310.00","47,515.00","48,532.50","52,380.83", ,71,95,128.60,573.10,448.08, 
2018-11-19,"48,000","49,150","48,000","48,700","47,510.00","47,490.00","48,347.50","52,309.17", ,0,"1,552",438.00,530.85,471.57, 
2018-11-20,"49,000","49,000","48,250","48,800","48,030.00","47,475.00","48,192.50","52,237.50", ,0,318,424.20,534.90,475.03, 
2018-11-21,"48,300","49,100","48,150","48,950","48,430.00","47,840.00","48,110.00","52,171.67", ,0,411,502.40,422.65,474.57, 
2018-11-22,"49,000","49,500","48,600","49,400","48,770.00","48,010.00","48,070.00","52,113.33", ,0,376,550.40,422.05,472.10, 
2018-11-23,"49,000","49,350","48,550","49,350","49,040.00","48,175.00","48,087.50","52,044.17", ,0,53,542.00,407.10,471.02, 
2018-11-26,"48,800","49,350","48,800","49,050","49,110.00","48,310.00","48,160.00","51,970.00", ,30,106,252.80,382.40,470.15, 
2018-11-27,"49,050","49,500","49,000","49,100","49,170.00","48,600.00","48,225.00","51,890.00", ,0,"1,073",403.80,413.50,479.57, 
2018-11-28,"49,300","49,550","48,800","49,150","49,210.00","48,820.00","48,292.50","51,809.17", ,0,129,347.40,398.00,474.90, 
2018-11-29,"49,300","49,300","48,800","49,300","49,190.00","48,980.00","48,307.50","51,730.83", ,0,264,325.00,410.55,479.15, 
2018-11-30,"48,750","49,400","48,750","49,300","49,180.00","49,110.00","48,312.50","51,642.50", ,0,733,461.00,447.00,484.97, 
2018-12-03,"49,300","49,500","49,300","49,450","49,260.00","49,185.00","48,337.50","51,560.00", ,0,299,499.60,459.70,485.62, 
2018-12-04,"49,450","49,850","49,350","49,850","49,410.00","49,290.00","48,382.50","51,475.83", ,0,82,301.40,461.45,481.88, 
2018-12-05,"49,500","49,700","48,800","49,600","49,500.00","49,355.00","48,597.50","51,387.50", ,0,111,297.80,342.60,481.40, 
2018-12-06,"49,600","49,600","48,800","49,550","49,550.00","49,370.00","48,690.00","51,300.00", ,20,129,270.80,318.65,479.40, 
2018-12-07,"49,550","50,000","49,000","49,850","49,660.00","49,420.00","48,797.50","51,217.50", ,0,116,147.40,319.75,477.92, 
2018-12-10,"49,850","49,850","48,500","48,950","49,560.00","49,410.00","48,860.00","51,116.67", ,0,140,115.60,326.50,473.58, 
2018-12-11,"48,600","49,500","48,100","49,000","49,390.00","49,400.00","49,000.00","51,008.33", ,0,131,125.40,313.70,464.53, 
2018-12-12,"49,000","49,000","47,850","48,900","49,250.00","49,375.00","49,097.50","50,890.00", ,71,614,226.00,343.40,465.37, 
2018-12-13,"48,900","48,900","48,300","48,900","49,120.00","49,335.00","49,157.50","50,768.33", ,0,209,242.00,347.05,441.18, 
2018-12-14,"48,900","48,900","48,350","48,500","48,850.00","49,255.00","49,182.50","50,635.00", ,0,259,270.60,355.25,442.02, 
2018-12-17,"48,900","48,900","48,050","48,400","48,740.00","49,150.00","49,167.50","50,503.33", ,0,244,291.40,289.85,444.37, 
2018-12-18,"48,650","48,650","48,000","48,600","48,660.00","49,025.00","49,157.50","50,376.67", ,0,20,269.20,274.95,443.53, 
2018-12-19,"48,650","48,700","48,100","48,600","48,600.00","48,925.00","49,140.00","50,255.00", ,0,68,160.00,257.80,441.82, 
2018-12-20,"48,600","48,700","47,800","48,300","48,480.00","48,800.00","49,085.00","50,135.00", ,0,615,241.20,269.75,451.48, 
2018-12-21,"48,300","48,600","48,000","48,500","48,480.00","48,665.00","49,042.50","50,023.33", ,0,359,261.20,285.05,457.13, 
2018-12-24,"48,550","48,550","48,500","48,500","48,500.00","48,620.00","49,015.00","49,923.33","51,874.17",0,12,214.80,280.35,456.88,339.09
2018-12-26,"48,000","48,900","47,750","48,600","48,500.00","48,580.00","48,990.00","49,813.33","51,841.67",60,368,284.40,245.10,460.92,336.28
2018-12-27,"47,700","48,300","47,000","47,100","48,200.00","48,400.00","48,887.50","49,675.00","51,795.00",0,180,306.80,247.65,462.55,336.88
2018-12-28,"47,200","47,550","46,750","47,400","48,020.00","48,250.00","48,792.50","49,560.00","51,751.67",58,182,220.20,243.55,420.78,338.13
2019-01-02,"46,900","47,200","45,850","45,850","47,490.00","47,985.00","48,620.00","49,415.83","51,697.08",0,275,203.40,220.65,419.53,338.69
2019-01-03,"45,850","47,300","45,750","46,700","47,130.00","47,815.00","48,482.50","49,287.50","51,641.25",0,169,234.80,214.15,395.23,338.73
2019-01-04,"46,950","46,950","45,850","46,650","46,740.00","47,620.00","48,322.50","49,151.67","51,585.00",71,101,181.40,215.10,394.50,337.88
2019-01-07,"46,850","47,000","46,850","46,950","46,710.00","47,455.00","48,190.00","49,049.17","51,530.42",0,73,160.00,213.20,391.82,337.67
2019-01-08,"46,950","46,950","46,400","46,700","46,570.00","47,295.00","48,047.50","48,960.83","51,472.92",0,130,149.60,213.25,392.60,337.65
2019-01-09,"46,900","47,250","46,700","47,250","46,850.00","47,170.00","47,917.50","48,865.00","51,419.17",0,"2,225",539.60,318.70,427.62,355.48
2019-01-10,"47,400","47,400","47,200","47,250","46,960.00","47,045.00","47,832.50","48,757.50","51,372.08",0,39,513.60,313.65,424.42,354.25
2019-01-11,"47,250","47,250","46,050","46,950","47,020.00","46,880.00","47,730.00","48,668.33","51,319.17",71,729,639.20,343.55,422.43,359.76
2019-01-14,"47,200","47,200","46,800","46,950","47,020.00","46,865.00","47,632.50","48,575.83","51,266.25",0,35,631.60,314.60,412.70,358.95
2019-01-15,"47,250","47,250","46,400","47,150","47,110.00","46,840.00","47,545.00","48,485.00","51,214.17",71,47,615.00,306.50,409.58,358.24
2019-01-16,"47,200","47,200","46,100","46,950","47,050.00","46,950.00","47,467.50","48,394.17","51,163.75",71,116,193.20,299.35,409.23,358.37
2019-01-17,"47,250","47,250","45,200","46,850","46,970.00","46,965.00","47,390.00","48,301.67","51,118.33",71,123,210.00,293.30,371.33,358.88
2019-01-18,"47,200","47,200","46,700","47,100","47,000.00","47,010.00","47,315.00","48,221.67","51,075.83",0,307,125.60,307.65,372.50,361.04
2019-01-21,"47,100","48,900","46,700","47,700","47,150.00","47,085.00","47,270.00","48,173.33","51,031.67",70,"1,435",405.60,376.00,352.15,372.20
2019-01-22,"47,600","48,150","47,400","47,500","47,220.00","47,165.00","47,230.00","48,128.33","50,988.33",37,398,475.80,365.15,352.32,374.81
2019-01-23,"48,250","48,300","47,600","48,050","47,440.00","47,245.00","47,207.50","48,112.50","50,948.75",0,47,462.00,349.55,347.23,374.61
2019-01-24,"47,600","48,200","47,600","48,150","47,700.00","47,335.00","47,190.00","48,121.67","50,908.33",0,229,483.20,360.40,341.05,376.23
2019-01-25,"47,600","48,200","47,100","48,000","47,880.00","47,440.00","47,160.00","48,125.00","50,866.67",30,156,453.00,349.80,336.13,376.10
2019-01-28,"47,800","48,700","47,600","48,200","47,980.00","47,565.00","47,215.00","48,131.67","50,826.67",0,298,225.60,355.70,333.78,376.27
2019-01-29,"48,200","48,300","47,550","48,150","48,110.00","47,665.00","47,252.50","48,117.50","50,780.42",0,163,178.60,354.75,336.28,377.37
2019-01-30,"48,150","48,150","47,600","48,100","48,120.00","47,780.00","47,365.00","48,099.17","50,736.25",0,46,178.40,343.30,336.98,377.31
2019-01-31,"47,850","48,250","47,750","47,750","48,040.00","47,870.00","47,417.50","48,079.17","50,686.67",0,41,140.80,336.90,336.92,377.55
2019-02-01,"47,900","47,900","47,600","47,850","48,010.00","47,945.00","47,477.50","48,060.83","50,631.25",0,144,138.40,339.05,338.53,377.94
2019-02-07,"48,100","48,150","48,100","48,150","48,000.00","47,990.00","47,537.50","48,108.33","50,577.50",0,48,88.40,337.80,297.87,377.93
2019-02-08,"48,050","48,050","47,850","48,050","47,980.00","48,045.00","47,605.00","48,114.17","50,526.25",0,69,69.60,334.75,288.88,378.21
2019-02-11,"48,050","48,100","47,750","48,100","47,980.00","48,050.00","47,647.50","48,120.83","50,477.92",0,133,87.00,230.15,289.53,379.07
2019-02-12,"48,100","48,300","48,100","48,200","48,070.00","48,055.00","47,695.00","48,129.17","50,429.58",0,165,111.80,236.45,292.20,380.34
2019-02-13,"48,200","48,300","48,100","48,300","48,160.00","48,085.00","47,762.50","48,164.17","50,390.42",30,74,97.80,203.70,286.98,379.95
2019-02-14,"48,250","48,550","47,550","48,350","48,200.00","48,100.00","47,832.50","48,187.50","50,354.17",0,357,159.60,219.80,292.60,378.72
2019-02-15,"47,900","48,300","47,500","47,850","48,160.00","48,070.00","47,867.50","48,190.00","50,319.58",0,"1,269",399.60,280.90,311.48,379.27
2019-02-18,"47,900","47,900","47,700","47,700","48,080.00","48,030.00","47,905.00","48,185.00","50,282.92",2,298,432.60,290.00,314.87,381.48
2019-02-19,"47,700","48,000","47,700","48,000","48,040.00","48,055.00","47,962.50","48,173.33","50,241.25",70,207,441.00,294.20,292.45,382.01
2019-02-20,"47,900","48,200","47,900","48,150","48,010.00","48,085.00","48,015.00","48,162.50","50,200.00",0,674,561.00,312.55,298.38,386.71
2019-02-21,"47,950","48,350","47,950","48,350","48,010.00","48,105.00","48,047.50","48,152.50","50,162.08",18,388,567.20,260.20,298.00,386.28
2019-02-22,"48,300","49,150","47,950","49,150","48,270.00","48,215.00","48,130.00","48,148.33","50,130.83",0,392,391.80,259.90,298.27,385.18
2019-02-25,"48,050","49,800","48,050","49,650","48,660.00","48,370.00","48,210.00","48,153.33","50,098.75",18,244,381.00,269.75,301.45,386.23
2019-02-26,"48,650","50,000","48,650","49,750","49,010.00","48,525.00","48,290.00","48,165.00","50,067.50",0,258,391.20,271.20,303.98,387.07
2019-02-27,"49,100","49,650","49,050","49,600","49,300.00","48,655.00","48,370.00","48,173.33","50,031.67",0,11,258.60,263.95,286.28,382.93
2019-02-28,"49,050","49,900","48,600","49,800","49,590.00","48,800.00","48,450.00","48,184.17","49,996.67",0,184,217.80,258.25,287.20,381.05
2019-03-04,"49,500","49,600","48,850","48,950","49,550.00","48,910.00","48,490.00","48,178.33","49,954.58",0,64,152.20,253.30,283.87,381.51
2019-03-05,"49,450","50,900","48,200","49,350","49,490.00","49,075.00","48,552.50","48,179.17","49,910.83",0,105,124.40,256.25,273.40,379.18
2019-03-06,"50,300","50,300","48,850","49,400","49,420.00","49,215.00","48,635.00","48,178.33","49,869.17",0,165,105.80,262.45,271.17,378.39
2019-03-07,"49,400","50,200","48,850","49,300","49,360.00","49,330.00","48,707.50","48,169.17","49,822.50",0,36,110.80,257.05,270.40,376.14
2019-03-08,"49,000","49,300","48,750","49,100","49,220.00","49,405.00","48,755.00","48,160.83","49,774.17",0,63,86.60,257.80,269.60,375.50
2019-03-11,"49,100","49,100","48,250","49,000","49,230.00","49,390.00","48,802.50","48,151.67","49,725.83",0,397,153.20,274.20,274.07,376.73
2019-03-12,"50,500","50,500","48,950","49,000","49,160.00","49,325.00","48,847.50","48,137.50","49,677.50",34,288,189.80,281.95,276.93,377.43
2019-03-13,"49,000","49,900","48,600","48,950","49,070.00","49,245.00","48,885.00","48,137.50","49,627.08",0,608,278.40,304.10,284.73,379.16
2019-03-14,"49,700","49,700","48,550","49,500","49,110.00","49,235.00","48,945.00","48,145.83","49,577.08",0,286,328.40,314.70,287.32,375.93
2019-03-15,"49,500","50,200","49,500","49,550","49,200.00","49,210.00","49,005.00","48,156.67","49,523.33",0,218,359.40,307.75,280.72,373.04
2019-03-18,"49,550","50,900","49,350","49,700","49,340.00","49,285.00","49,097.50","48,170.00","49,469.17",0,420,364.00,265.30,284.23,362.71
2019-03-19,"49,550","50,000","49,550","49,800","49,500.00","49,330.00","49,202.50","48,191.67","49,413.33",0,175,341.40,259.15,282.83,362.43
2019-03-20,"50,500","50,500","48,600","49,700","49,650.00","49,360.00","49,287.50","48,213.33","49,358.33",0,578,335.40,277.70,288.40,366.38
2019-03-21,"50,500","50,700","49,400","49,950","49,740.00","49,425.00","49,377.50","48,235.83","49,306.25",0,324,343.00,260.20,293.47,368.50
2019-03-22,"50,500","50,900","49,300","49,900","49,810.00","49,505.00","49,455.00","48,257.50","49,256.25",0,92,317.80,245.40,293.87,367.84
2019-03-25,"49,050","49,850","48,450","49,850","49,840.00","49,590.00","49,490.00","48,283.33","49,209.17",0,340,301.80,242.80,289.28,370.38
2019-03-26,"49,150","49,800","49,050","49,800","49,840.00","49,670.00","49,497.50","48,305.00","49,164.17",0,35,273.80,232.35,283.88,370.51
2019-03-27,"49,100","49,650","49,100","49,650","49,830.00","49,740.00","49,492.50","48,324.17","49,123.75",0,35,165.20,221.20,284.27,370.57
2019-03-28,"49,550","49,550","49,100","49,550","49,750.00","49,745.00","49,490.00","48,340.00","49,076.67",0,33,107.00,222.30,278.68,369.80
2019-03-29,"49,500","49,550","48,300","49,400","49,650.00","49,730.00","49,470.00","48,378.33","49,026.67",71,413,171.20,233.75,282.57,372.56
2019-04-01,"49,400","49,400","48,900","49,350","49,550.00","49,695.00","49,490.00","48,410.83","48,985.42",0,395,182.20,250.30,286.12,353.45
2019-04-02,"49,700","49,700","49,200","49,600","49,510.00","49,675.00","49,502.50","48,473.33","48,944.58",0,22,179.60,246.15,281.90,350.72
2019-04-03,"50,300","50,300","49,000","49,950","49,570.00","49,700.00","49,530.00","48,527.50","48,907.50",20,127,198.00,244.25,281.20,338.22
2019-04-04,"49,800","50,000","49,750","49,950","49,650.00","49,700.00","49,562.50","48,582.50","48,867.08",0,260,243.40,255.45,283.85,339.18
2019-04-05,"50,300","50,300","48,550","49,900","49,750.00","49,700.00","49,602.50","48,631.67","48,840.42",20,883,337.40,296.45,297.35,344.58
2019-04-08,"49,900","50,000","49,350","49,900","49,860.00","49,705.00","49,647.50","48,685.00","48,822.92",0,134,285.20,283.30,297.42,345.01
2019-04-09,"49,900","50,100","49,500","49,900","49,920.00","49,715.00","49,692.50","48,729.17","48,797.08",0,629,406.60,300.35,270.82,349.22
2019-04-10,"51,000","51,000","49,550","50,000","49,930.00","49,750.00","49,745.00","48,775.00","48,766.25",0,89,399.00,274.40,271.65,348.03
2019-04-11,"50,000","50,000","49,900","50,000","49,940.00","49,795.00","49,770.00","48,825.83","48,747.08",0,579,462.80,289.05,269.15,345.79
2019-04-12,"50,900","50,900","50,000","50,500","50,060.00","49,905.00","49,817.50","48,885.00","48,730.42",0,"3,170",920.20,436.65,321.40,367.05
2019-04-15,"51,800","51,800","50,800","51,500","50,380.00","50,120.00","49,907.50","48,957.50","48,721.25",20,"1,298","1,153.00",480.55,342.25,375.92
2019-04-16,"51,500","53,600","51,500","52,100","50,820.00","50,370.00","50,022.50","49,043.33","48,718.75",29,"1,652","1,357.60",554.40,367.85,388.54
2019-04-17,"52,100","55,100","52,100","54,900","51,800.00","50,865.00","50,282.50","49,177.50","48,739.58",18,"4,074","2,154.60",729.20,433.70,402.52
2019-04-18,"54,800","55,300","51,100","53,100","52,420.00","51,180.00","50,440.00","49,277.50","48,749.58",37,"2,896","2,618.00",857.80,476.85,424.68
2019-04-19,"53,600","53,600","50,800","52,000","52,720.00","51,390.00","50,545.00","49,349.17","48,761.25",38,"1,325","2,249.00",919.45,475.02,413.58
2019-04-22,"51,900","52,800","50,600","52,500","52,920.00","51,650.00","50,677.50","49,432.50","48,780.42",0,"1,096","2,208.60",957.25,486.65,419.48
2019-04-23,"53,500","54,800","51,700","54,400","53,380.00","52,100.00","50,907.50","49,538.33","48,825.42",0,"4,381","2,754.40","1,174.55",558.88,453.06
2019-04-24,"53,300","54,300","53,300","54,100","53,220.00","52,510.00","51,130.00","49,637.50","48,879.58",0,"1,257","2,191.00","1,235.65",576.02,458.53
2019-04-25,"53,100","54,000","52,000","52,100","53,020.00","52,720.00","51,257.50","49,705.83","48,915.42",0,726,"1,757.00","1,270.30",585.52,460.82
2019-04-26,"52,400","53,000","49,950","49,950","52,610.00","52,665.00","51,285.00","49,735.00","48,933.33",0,898,"1,671.60","1,294.55",595.52,464.65
2019-04-29,"50,600","50,600","49,350","49,450","52,000.00","52,460.00","51,290.00","49,756.67","48,937.08",42,431,"1,538.60","1,296.35",599.98,468.13
2019-04-30,"50,000","50,700","48,600","49,150","50,950.00","52,165.00","51,267.50","49,774.17","48,936.67",0,674,797.20,"1,328.95",610.45,473.72
2019-05-02,"49,850","50,100","49,500","49,500","50,030.00","51,625.00","51,245.00","49,803.33","48,941.25",0,315,608.80,"1,338.35",615.02,475.97
2019-05-03,"50,000","50,600","49,500","50,600","49,730.00","51,375.00","51,277.50","49,849.17","48,955.00",70,115,486.60,"1,331.10",614.53,476.53
2019-05-07,"50,600","50,600","49,850","50,000","49,740.00","51,175.00","51,282.50","49,880.00","48,994.17",0,523,411.60,"1,313.10",622.45,460.16
2019-05-08,"50,000","50,000","49,500","49,850","49,820.00","50,910.00","51,280.00","49,910.00","49,012.08",0,297,384.80,"1,321.25",626.25,457.57
2019-05-09,"50,000","50,500","49,000","49,500","49,890.00","50,420.00","51,260.00","49,933.33","49,027.08",0,243,298.60,"1,301.95",628.08,458.81
2019-05-10,"49,950","49,950","48,600","48,950","49,780.00","49,905.00","51,207.50","49,945.83","49,037.50",0,195,274.60,"1,307.25",628.58,460.39
2019-05-13,"49,900","49,900","46,850","47,250","49,110.00","49,420.00","51,070.00","49,928.33","49,046.25",0,"1,288",509.20,"1,342.70",648.82,467.90
2019-05-14,"50,000","50,000","46,850","47,000","48,510.00","49,125.00","50,895.00","49,905.83","49,046.67",70,842,573.00,"1,226.30",656.90,474.75
2019-05-15,"47,950","47,950","47,000","47,150","47,970.00","48,895.00","50,677.50","49,894.17","49,042.08",69,542,622.00,"1,188.50",644.78,478.13
2019-05-16,"48,450","49,600","47,600","47,600","47,590.00","48,740.00","50,452.50","49,892.50","49,038.75",0,435,660.40,"1,127.65",647.07,480.97
2019-05-17,"48,550","48,750","47,700","48,450","47,490.00","48,635.00","50,130.00","49,900.00","49,036.67",0,277,676.80,937.80,648.23,470.34
2019-05-20,"49,000","49,300","47,950","47,950","47,630.00","48,370.00","49,872.50","49,896.67","49,029.58",0,47,428.60,795.35,637.78,468.08
2019-05-21,"48,950","48,950","47,500","47,500","47,730.00","48,120.00","49,647.50","49,882.50","49,017.50",0,42,268.60,731.20,632.02,465.01
2019-05-22,"48,600","48,600","47,500","47,700","47,840.00","47,905.00","49,407.50","49,858.33","49,003.33",70,64,173.00,679.60,626.55,462.41
2019-05-23,"47,550","48,350","47,550","47,700","47,860.00","47,725.00","49,072.50","49,825.83","48,989.58",0,248,135.60,472.95,626.62,464.03
2019-05-24,"48,900","48,900","47,000","47,850","47,740.00","47,615.00","48,760.00","49,794.17","48,979.58",0,201,120.40,420.15,625.67,464.82
2019-05-27,"47,150","47,650","47,150","47,200","47,590.00","47,610.00","48,515.00","49,754.17","48,963.75",0,227,156.40,395.20,629.27,457.77
2019-05-28,"47,700","47,700","47,200","47,250","47,540.00","47,635.00","48,380.00","49,711.67","48,947.92",0,39,155.80,352.25,626.85,457.02
2019-05-29,"48,350","48,350","47,150","47,500","47,500.00","47,670.00","48,282.50","49,687.50","48,932.92",0,342,211.40,347.80,631.48,457.68
2019-05-30,"48,600","48,600","48,600","48,600","47,680.00","47,770.00","48,255.00","49,675.00","48,927.08",0,1,162.00,314.15,629.75,451.57
2019-05-31,"48,800","48,800","47,050","47,400","47,590.00","47,665.00","48,150.00","49,641.67","48,910.00",0,351,192.00,315.95,632.85,452.01
2019-06-03,"47,300","47,800","47,300","47,800","47,710.00","47,650.00","48,010.00","49,616.67","48,892.92",0,34,153.40,311.90,632.82,451.61
2019-06-04,"47,500","47,750","47,000","47,550","47,770.00","47,655.00","47,887.50","49,590.83","48,875.83",0,533,252.20,312.40,640.65,455.13
2019-06-05,"47,550","50,100","47,500","48,500","47,970.00","47,735.00","47,820.00","49,582.50","48,867.08",0,159,215.60,305.50,636.68,455.38
2019-06-07,"48,500","48,900","48,250","48,700","47,990.00","47,835.00","47,780.00","49,577.50","48,857.50",67,44,224.20,295.55,632.62,454.77
2019-06-10,"49,500","49,500","48,000","48,200","48,150.00","47,870.00","47,742.50","49,565.00","48,851.25",39,50,164.00,288.30,623.32,454.02
2019-06-11,"48,550","48,600","48,100","48,550","48,300.00","48,005.00","47,807.50","49,549.17","48,847.50",0,37,164.60,225.75,619.17,453.24
2019-06-12,"48,500","49,750","48,350","49,000","48,590.00","48,180.00","47,907.50","49,540.00","48,848.33",0,194,96.80,193.35,618.77,449.74
2019-06-13,"48,450","48,900","48,400","48,800","48,650.00","48,310.00","47,990.00","49,525.00","48,847.50",0,632,191.40,197.85,622.30,453.27
2019-06-14,"49,150","49,150","47,450","48,450","48,600.00","48,295.00","48,032.50","49,502.50","48,847.08",0,116,205.80,181.90,621.32,452.07
2019-06-17,"48,650","48,850","48,450","48,800","48,720.00","48,435.00","48,050.00","49,487.50","48,850.42",0,38,203.40,169.95,612.32,450.36
2019-06-18,"49,200","49,200","48,000","48,600","48,730.00","48,515.00","48,082.50","49,465.00","48,850.42",0,318,259.60,183.50,612.22,452.84
2019-06-19,"49,150","49,150","48,650","49,100","48,750.00","48,670.00","48,162.50","49,451.67","48,854.58",0,367,294.20,199.75,616.80,455.33
2019-06-20,"49,500","49,500","48,700","49,000","48,790.00","48,720.00","48,227.50","49,437.50","48,860.42",0,261,220.00,209.60,615.48,452.38
2019-06-21,"49,000","49,700","48,650","48,750","48,850.00","48,725.00","48,280.00","49,420.00","48,862.50",29,768,350.40,235.60,627.70,455.79
2019-06-24,"49,300","49,300","48,650","48,650","48,820.00","48,770.00","48,320.00","49,403.33","48,863.75",0,414,425.60,246.25,634.02,459.14
2019-06-25,"48,850","48,850","48,850","48,850","48,870.00","48,800.00","48,402.50","49,391.67","48,865.83",0,268,415.60,248.30,637.93,458.31
2019-06-26,"49,200","49,200","48,500","49,000","48,850.00","48,800.00","48,490.00","49,385.00","48,881.67",0,53,352.80,249.00,631.93,457.25
2019-06-27,"49,100","49,200","49,000","49,000","48,850.00","48,820.00","48,565.00","49,379.17","48,895.00",30,299,360.40,246.85,630.33,458.23
2019-06-28,"49,250","50,000","48,800","49,950","49,090.00","48,970.00","48,632.50","49,385.00","48,929.17",0,120,230.80,252.80,631.97,456.93
2019-07-01,"50,100","50,400","49,950","50,000","49,360.00","49,090.00","48,762.50","49,385.83","48,956.67",33,519,251.80,261.20,638.50,459.85
2019-07-02,"50,000","50,000","49,000","49,850","49,560.00","49,215.00","48,865.00","49,384.17","48,983.33",26,74,213.00,263.20,635.40,459.63
2019-07-03,"49,850","50,300","49,350","49,950","49,750.00","49,300.00","48,985.00","49,385.00","49,008.33",0,292,260.80,251.15,625.55,461.45
2019-07-04,"49,350","49,950","49,350","49,400","49,830.00","49,340.00","49,030.00","49,376.67","49,030.83",0,24,205.80,244.40,623.72,460.57
2019-07-05,"49,400","49,850","49,300","49,700","49,780.00","49,435.00","49,080.00","49,373.33","49,051.25",0,"1,355",452.80,309.95,635.82,453.32
2019-07-08,"49,700","49,700","49,550","49,600","49,700.00","49,530.00","49,150.00","49,366.67","49,070.83",0,414,431.80,328.15,641.23,456.44
2019-07-09,"48,600","48,750","48,150","48,750","49,480.00","49,520.00","49,160.00","49,345.83","49,085.83",0,147,446.40,333.65,634.03,451.59
2019-07-10,"49,000","49,000","48,900","48,900","49,270.00","49,510.00","49,155.00","49,319.17","49,102.08",0,115,411.00,329.70,583.12,452.26
2019-07-11,"49,450","49,500","49,400","49,500","49,290.00","49,560.00","49,190.00","49,285.83","49,121.67",0,260,458.20,311.10,565.82,454.03
2019-07-12,"49,000","49,600","48,500","49,600","49,270.00","49,525.00","49,247.50","49,244.17","49,143.75",0,69,201.00,308.75,539.43,453.64
2019-07-15,"49,400","49,400","49,100","49,400","49,230.00","49,465.00","49,277.50","49,152.50","49,165.00",36,14,121.00,307.55,471.77,452.73
2019-07-16,"49,000","49,250","48,150","48,150","49,110.00","49,295.00","49,255.00","49,070.00","49,173.75",0,203,132.20,301.80,426.88,451.87
2019-07-17,"48,150","49,000","47,550","48,100","48,950.00","49,110.00","49,205.00","49,005.00","49,177.08",0,258,160.80,296.35,409.10,442.06
2019-07-18,"48,100","48,550","48,100","48,550","48,760.00","49,025.00","49,182.50","48,939.17","49,185.83",0,9,110.60,283.75,390.98,438.82
2019-07-19,"48,800","48,900","48,000","48,900","48,620.00","48,945.00","49,190.00","48,847.50","49,192.92",71,146,126.00,252.65,320.40,439.64
2019-07-22,"48,900","48,900","48,900","48,900","48,520.00","48,875.00","49,202.50","48,760.83","49,199.17",0,10,125.20,232.45,299.62,437.82
2019-07-23,"48,300","48,800","48,300","48,800","48,650.00","48,880.00","49,200.00","48,705.83","49,205.83",0,25,89.60,220.30,287.93,436.73
2019-07-24,"48,800","48,800","47,750","48,400","48,710.00","48,830.00","49,170.00","48,680.00","49,207.50",0,185,75.00,226.90,276.05,435.78
2019-07-25,"48,400","48,400","47,950","48,000","48,600.00","48,680.00","49,120.00","48,655.83","49,206.25",0,14,76.00,212.65,269.10,434.54
2019-07-26,"47,750","47,750","47,000","47,000","48,220.00","48,420.00","48,972.50","48,620.00","49,197.08",2,252,97.20,219.25,262.07,436.26
2019-07-29,"46,550","47,100","46,550","46,600","47,760.00","48,140.00","48,802.50","48,571.67","49,187.50",0,596,214.40,223.10,266.75,440.88
2019-07-30,"46,600","47,600","46,500","46,500","47,300.00","47,975.00","48,635.00","48,503.33","49,176.25",66,986,406.60,268.70,281.27,447.90
2019-07-31,"46,500","48,500","46,350","46,400","46,900.00","47,805.00","48,457.50","48,443.33","49,161.67",66,"3,167","1,003.00",412.45,325.33,473.89
2019-08-01,"46,300","48,350","45,200","45,700","46,440.00","47,520.00","48,272.50","48,374.17","49,142.08",0,"1,019","1,204.00",462.20,337.37,481.81
2019-08-02,"45,700","46,000","45,050","45,100","46,060.00","47,140.00","48,042.50","48,300.83","49,117.08",0,"2,299","1,613.40",509.40,371.63,499.86
2019-08-05,"45,100","46,200","44,350","44,550","45,650.00","46,705.00","47,790.00","48,227.50","49,086.67",0,415,"1,577.20",509.45,375.30,501.94
2019-08-06,"44,550","45,250","43,100","44,250","45,200.00","46,250.00","47,565.00","48,177.50","49,052.92",0,288,"1,437.60",516.50,358.63,503.73
2019-08-07,"44,150","45,950","43,550","45,000","44,920.00","45,910.00","47,370.00","48,144.17","49,025.00",0,92,822.60,515.35,346.13,501.52
2019-08-08,"47,400","47,400","44,100","44,500","44,680.00","45,560.00","47,120.00","48,100.00","48,997.08",0,"1,492",917.20,576.95,361.97,503.38
2019-08-09,"44,700","44,750","43,350","43,350","44,330.00","45,195.00","46,807.50","48,029.17","48,960.83",0,818,621.00,614.40,368.35,507.71
2019-08-12,"43,450","43,900","42,950","42,950","44,010.00","44,830.00","46,485.00","47,937.50","48,918.75",0,"1,657",869.40,696.55,391.35,519.79
2019-08-13,"43,050","43,050","42,800","42,800","43,720.00","44,460.00","46,217.50","47,851.67","48,874.17",0,988,"1,009.40",735.80,407.03,522.41
2019-08-14,"42,850","45,000","42,850","43,200","43,360.00","44,140.00","45,972.50","47,780.00","48,831.25",66,158,"1,022.60",730.80,408.97,520.49
2019-08-16,"43,700","43,700","42,900","42,900","43,040.00","43,860.00","45,690.00","47,700.00","48,779.17",0,129,750.00,736.80,410.05,518.30
2019-08-19,"42,850","43,000","42,850","42,850","42,940.00","43,635.00","45,387.50","47,619.17","48,722.50",0,751,736.60,767.05,418.43,522.52
2019-08-20,"42,850","43,500","42,800","43,500","43,050.00","43,530.00","45,117.50","47,546.67","48,670.42",0,106,426.40,771.85,416.85,521.26
2019-08-21,"42,950","43,650","42,950","43,450","43,180.00","43,450.00","44,850.00","47,484.17","48,619.17",0,89,246.60,775.05,414.55,521.91
2019-08-22,"43,500","43,500","43,000","43,400","43,220.00","43,290.00","44,600.00","47,420.00","48,565.83",0,78,230.60,769.70,415.20,521.02
2019-08-23,"43,050","43,350","42,850","43,050","43,250.00","43,145.00","44,352.50","47,345.83","48,516.67",0,122,229.20,775.10,411.53,521.51
2019-08-26,"42,850","42,850","41,150","41,150","42,910.00","42,925.00","44,060.00","47,221.67","48,448.33",2,635,206.00,794.25,422.10,525.92
2019-08-27,"41,300","44,150","41,300","42,150","42,640.00","42,845.00","43,837.50","47,134.17","48,387.92",66,611,307.00,795.00,426.43,529.64
2019-08-28,"42,150","42,950","42,150","42,950","42,540.00","42,860.00","43,660.00","47,053.33","48,335.00",59,82,305.60,749.80,427.23,530.02
2019-08-29,"42,550","43,000","42,450","42,450","42,350.00","42,785.00","43,462.50","46,968.33","48,279.58",0,41,298.20,593.50,419.03,529.84
2019-08-30,"43,000","43,000","42,100","42,100","42,160.00","42,705.00","43,282.50","46,861.67","48,222.08",0,365,346.80,560.80,422.47,529.58
2019-09-02,"43,150","43,200","42,650","42,650","42,460.00","42,685.00","43,160.00","46,760.83","48,169.17",0,9,221.60,446.30,421.88,527.25
2019-09-03,"42,600","43,500","42,550","42,600","42,550.00","42,595.00","43,062.50","46,667.50","48,116.25",0,305,160.40,440.80,426.13,524.73
2019-09-04,"42,600","42,950","42,250","42,850","42,530.00","42,535.00","42,992.50","46,572.50","48,060.83",0,94,162.80,431.10,427.08,523.13
2019-09-05,"43,250","44,800","42,850","43,800","42,800.00","42,575.00","42,932.50","46,485.83","48,012.92",0,653,285.20,459.15,434.73,526.75
2019-09-06,"43,800","43,800","42,400","42,800","42,940.00","42,550.00","42,847.50","46,385.83","47,955.42",0,328,277.80,400.95,429.67,525.98
2019-09-09,"42,800","43,900","41,000","42,350","42,880.00","42,670.00","42,797.50","46,284.17","47,893.33",0,"1,032",482.40,411.65,444.93,533.13
2019-09-10,"42,100","42,350","42,050","42,250","42,810.00","42,680.00","42,762.50","46,175.00","47,831.25",0,208,463.00,339.20,447.77,530.04
2019-09-11,"42,800","43,050","42,200","43,050","42,850.00","42,690.00","42,775.00","46,082.50","47,773.75",0,625,569.20,321.05,452.88,532.55
2019-09-16,"43,500","43,500","41,900","43,000","42,690.00","42,745.00","42,765.00","45,980.83","47,716.25",20,"1,325",703.60,379.40,468.85,542.83
2019-09-17,"43,000","43,800","43,000","43,650","42,860.00","42,900.00","42,802.50","45,891.67","47,664.58",0,536,745.20,399.75,473.43,544.46
2019-09-18,"43,650","44,350","43,450","43,950","43,180.00","43,030.00","42,857.50","45,811.67","47,615.83",0,314,601.60,377.90,465.87,546.78
2019-09-19,"43,400","44,750","43,400","44,300","43,590.00","43,200.00","42,897.50","45,739.17","47,571.25",0,478,655.60,396.50,466.93,550.48
2019-09-20,"43,550","44,500","43,550","44,200","43,820.00","43,335.00","42,935.00","45,661.67","47,526.67",0,118,554.20,397.95,464.43,551.18
2019-09-23,"44,000","45,000","44,000","44,400","44,100.00","43,395.00","42,985.00","45,585.00","47,485.00",0,47,298.60,396.40,464.33,548.13
2019-09-24,"45,900","45,900","43,800","43,950","44,160.00","43,510.00","43,030.00","45,500.83","47,440.00",39,317,254.80,406.15,464.63,547.48
2019-09-25,"43,950","45,700","43,850","44,600","44,290.00","43,735.00","43,202.50","45,411.67","47,398.33",0,858,363.60,417.30,476.93,554.45
2019-09-26,"44,600","44,600","43,750","44,300","44,290.00","43,940.00","43,310.00","45,316.67","47,351.25",0,90,286.00,391.25,469.78,554.14
2019-09-27,"44,000","44,250","43,500","43,500","44,150.00","43,985.00","43,337.50","45,210.83","47,297.50",0,50,272.40,389.65,469.38,552.39
2019-09-30,"43,750","44,250","43,500","44,150","44,100.00","44,100.00","43,422.50","45,114.17","47,249.58",30,12,265.40,388.20,464.72,545.13
2019-10-01,"44,150","44,600","43,800","44,600","44,230.00","44,195.00","43,547.50","45,034.17","47,205.42",0,137,229.40,376.80,466.60,545.16
2019-10-02,"44,700","44,700","43,650","44,400","44,190.00","44,240.00","43,635.00","44,945.83","47,159.58",0,28,63.40,377.75,444.48,540.15
2019-10-04,"44,400","44,400","43,050","44,150","44,160.00","44,225.00","43,712.50","44,855.00","47,110.83",20,74,60.20,366.20,438.82,540.02
2019-10-07,"43,050","44,050","43,050","44,050","44,270.00","44,210.00","43,772.50","44,776.67","47,061.25",0,35,57.20,363.25,436.95,535.49
2019-10-08,"43,950","43,950","43,250","43,950","44,230.00","44,165.00","43,780.00","44,694.17","47,006.67",0,28,60.40,332.00,435.50,509.31
2019-10-10,"43,850","43,900","42,250","43,800","44,070.00","44,150.00","43,830.00","44,599.17","46,942.50",71,84,49.80,319.80,432.57,499.19
2019-10-11,"43,950","43,950","43,550","43,950","43,980.00","44,085.00","43,910.00","44,505.00","46,874.58",0,26,49.40,269.50,431.85,485.64
2019-10-14,"44,300","44,750","43,350","44,700","44,090.00","44,125.00","44,032.50","44,426.67","46,789.58",20,69,48.40,262.55,432.77,452.27
2019-10-15,"44,900","44,900","43,900","44,800","44,240.00","44,255.00","44,120.00","44,370.83","46,720.42",0,371,115.60,249.85,435.57,431.23
2019-10-16,"45,400","45,400","44,800","45,200","44,490.00","44,360.00","44,230.00","44,322.50","46,663.75",0,35,117.00,185.35,431.85,420.48
2019-10-17,"45,200","45,700","45,000","45,000","44,730.00","44,400.00","44,297.50","44,263.33","46,601.25",0,45,109.20,160.80,432.45,411.72
2019-10-18,"45,100","45,100","43,200","44,500","44,840.00","44,410.00","44,325.00","44,190.00","46,518.75",43,519,207.80,171.05,438.67,379.53
2019-10-21,"44,350","44,350","43,250","44,300","44,760.00","44,425.00","44,325.00","44,113.33","46,437.08",71,172,228.40,155.75,441.37,370.49
2019-10-22,"45,000","45,000","43,750","44,500","44,700.00","44,470.00","44,340.00","44,041.67","46,373.75",0,89,172.00,154.30,442.43,365.18
2019-10-23,"44,050","45,550","43,550","44,450","44,550.00","44,520.00","44,342.50","43,975.83","46,327.92",0,133,191.60,158.60,441.57,358.81
2019-10-24,"44,450","44,700","43,450","43,450","44,240.00","44,485.00","44,317.50","43,900.00","46,277.92",0,256,233.80,155.55,445.60,357.35
2019-10-25,"43,950","43,950","42,600","42,600","43,860.00","44,350.00","44,217.50","43,826.67","46,223.33",2,794,288.80,152.35,454.63,358.35
2019-10-28,"42,600","43,700","42,350","42,350","43,470.00","44,115.00","44,120.00","43,755.83","46,163.75",66,588,372.00,177.25,454.50,360.63
2019-10-29,"42,350","42,500","42,100","42,500","43,070.00","43,885.00","44,070.00","43,689.17","46,096.25",0,436,441.40,196.55,445.33,363.30
2019-10-30,"42,500","43,000","42,000","42,750","42,730.00","43,640.00","44,000.00","43,628.33","46,035.83",0,472,509.20,219.55,400.42,362.88
2019-10-31,"42,750","42,750","42,000","42,600","42,560.00","43,400.00","43,900.00","43,576.67","45,975.42",70,305,519.00,227.95,388.52,362.94
2019-11-01,"42,200","42,950","42,050","42,600","42,560.00","43,210.00","43,810.00","43,535.00","45,917.92",0,385,437.20,245.80,356.62,364.13
2019-11-04,"42,600","43,250","42,450","42,850","42,660.00","43,065.00","43,745.00","43,506.67","45,867.08",0,158,351.20,250.00,352.33,363.82
2019-11-05,"43,400","43,400","42,750","42,900","42,740.00","42,905.00","43,687.50","43,484.17","45,830.83",0,396,343.20,268.05,354.13,356.38
2019-11-06,"43,050","43,250","42,850","43,200","42,830.00","42,780.00","43,650.00","43,454.17","45,799.17",0,229,294.60,278.10,356.42,351.27
2019-11-07,"43,500","43,650","42,900","43,350","42,980.00","42,770.00","43,627.50","43,435.00","45,767.50",0,71,247.80,277.45,332.73,347.35
2019-11-08,"43,350","44,850","43,350","44,050","43,270.00","42,915.00","43,632.50","43,446.67","45,737.92",0,351,241.00,293.70,324.95,346.65
2019-11-11,"44,100","44,250","42,550","43,050","43,310.00","42,985.00","43,550.00","43,448.33","45,692.92",39,831,375.60,331.80,311.18,351.27
2019-11-12,"42,700","43,500","42,700","43,150","43,360.00","43,050.00","43,467.50","43,454.17","45,652.92",0,151,326.60,320.80,297.23,352.13
2019-11-13,"43,300","43,500","42,850","43,500","43,420.00","43,125.00","43,382.50","43,459.17","45,619.58",0,471,375.00,342.60,302.45,355.71
2019-11-14,"43,500","43,500","42,850","43,150","43,380.00","43,180.00","43,290.00","43,463.33","45,581.67",30,117,384.20,346.20,302.25,356.15
2019-11-15,"43,150","44,450","43,100","43,300","43,230.00","43,250.00","43,230.00","43,470.83","45,545.00",29,560,426.00,348.25,299.07,358.75
2019-11-18,"43,300","43,900","42,650","43,750","43,370.00","43,340.00","43,202.50","43,475.00","45,510.83",0,284,316.60,353.85,302.03,359.44
2019-11-19,"43,750","43,950","43,000","43,050","43,350.00","43,355.00","43,130.00","43,468.33","45,476.25",0,124,311.20,355.60,302.62,358.58
2019-11-20,"43,000","43,200","42,850","43,200","43,290.00","43,355.00","43,067.50","43,465.00","45,442.50",0,97,236.40,353.80,302.93,359.07
2019-11-21,"43,200","43,750","42,500","43,500","43,360.00","43,370.00","43,070.00","43,472.50","45,409.17",0,406,294.20,361.30,307.67,359.60
2019-11-22,"43,450","43,550","43,000","43,500","43,400.00","43,315.00","43,115.00","43,511.67","45,366.67",0,535,289.20,348.35,306.00,364.05
2019-11-25,"43,000","44,050","43,000","43,500","43,350.00","43,360.00","43,172.50","43,534.17","45,334.17",0,165,265.40,327.20,298.57,362.50
2019-11-26,"43,500","44,000","43,500","43,500","43,440.00","43,395.00","43,222.50","43,543.33","45,298.33",0,340,308.60,322.40,302.87,365.05
2019-11-27,"43,700","45,350","43,500","44,050","43,610.00","43,450.00","43,287.50","43,570.00","45,269.17",0,369,363.00,317.25,308.33,363.68
2019-11-28,"44,100","45,050","43,800","44,450","43,800.00","43,580.00","43,380.00","43,609.17","45,235.42",0,68,295.40,305.40,303.38,362.93
2019-11-29,"44,450","44,450","43,600","43,650","43,830.00","43,615.00","43,432.50","43,625.83","45,193.33",34,120,212.40,292.15,305.23,363.56
2019-12-02,"43,650","44,600","43,650","44,400","44,010.00","43,680.00","43,510.00","43,655.83","45,161.67",0,98,199.00,289.15,301.78,363.96
2019-12-03,"44,900","44,900","44,050","44,700","44,250.00","43,845.00","43,600.00","43,686.67","45,129.58",0,108,152.60,274.75,302.02,364.55
2019-12-04,"44,700","44,950","44,000","44,800","44,400.00","44,005.00","43,680.00","43,703.33","45,094.58",0,187,116.20,272.65,294.25,364.49
2019-12-05,"44,300","44,400","43,750","44,400","44,390.00","44,095.00","43,732.50","43,730.00","45,057.92",0,353,173.20,286.75,294.67,362.17
2019-12-06,"44,350","44,400","42,500","43,950","44,450.00","44,140.00","43,727.50","43,756.67","45,020.42",30,516,252.40,295.00,286.07,365.50
2019-12-09,"43,950","43,950","43,000","43,600","44,290.00","44,150.00","43,755.00","43,779.17","44,977.08",0,212,275.20,264.05,286.13,366.95
2019-12-10,"43,550","43,900","43,450","43,850","44,120.00","44,185.00","43,790.00","43,792.50","44,937.50",0,69,267.40,259.95,276.87,364.88
2019-12-11,"43,900","45,250","43,900","44,050","43,970.00","44,185.00","43,817.50","43,810.00","44,895.42",29,127,255.40,242.75,256.90,362.88
2019-12-12,"44,050","44,500","44,050","44,500","43,990.00","44,190.00","43,885.00","43,824.17","44,857.92",0,115,207.80,242.65,249.88,361.66
2019-12-13,"44,650","45,100","44,300","44,500","44,100.00","44,275.00","43,945.00","43,833.33","44,822.50",0,91,122.80,219.20,246.17,356.02
2019-12-16,"44,700","45,350","44,500","44,500","44,280.00","44,285.00","43,982.50","43,836.67","44,787.92",0,61,92.60,208.05,239.22,353.07
2019-12-17,"44,550","45,200","44,550","44,750","44,460.00","44,290.00","44,067.50","43,845.83","44,753.75",0,65,91.80,205.10,238.33,351.38
2019-12-18,"44,550","44,900","44,200","44,650","44,580.00","44,275.00","44,140.00","43,850.00","44,717.50",0,129,92.20,206.70,239.70,352.02
2019-12-19,"44,650","44,850","44,500","44,600","44,600.00","44,295.00","44,195.00","43,860.83","44,680.83",0,159,101.00,194.35,237.07,350.85
2019-12-20,"44,900","44,900","44,500","44,800","44,660.00","44,380.00","44,260.00","43,864.17","44,637.92",0,509,184.60,193.05,231.25,354.09
2019-12-23,"44,800","44,800","44,300","44,700","44,700.00","44,490.00","44,320.00","43,870.83","44,593.75",0,182,208.80,193.90,232.78,351.28
2019-12-24,"44,700","47,700","44,600","44,900","44,730.00","44,595.00","44,390.00","43,894.17","44,552.50",29,"3,666",929.00,360.20,293.05,381.22
2019-12-26,"45,350","45,600","44,900","45,600","44,920.00","44,750.00","44,467.50","43,918.33","44,516.25",0,686,"1,040.40",376.05,304.28,384.50
2019-12-27,"44,000","44,200","41,050","43,850","44,770.00","44,685.00","44,437.50","43,905.83","44,470.00",71,"1,625","1,333.60",453.90,329.08,397.84
2019-12-30,"43,650","43,700","43,300","43,600","44,530.00","44,595.00","44,435.00","43,892.50","44,419.17",0,98,"1,251.40",452.80,330.25,387.37
2020-01-02,"43,350","43,400","42,950","43,050","44,200.00","44,450.00","44,367.50","43,874.17","44,364.58",0,273,"1,269.60",461.55,333.57,386.19
2020-01-03,"43,000","43,200","42,600","43,050","43,830.00","44,280.00","44,285.00","43,857.50","44,317.08",0,175,571.40,464.90,335.90,386.43
2020-01-06,"43,300","43,300","42,850","43,150","43,340.00","44,130.00","44,202.50","43,844.17","44,269.17",0,44,443.00,457.75,336.17,385.83
2020-01-07,"43,000","43,100","42,750","42,950","43,160.00","43,965.00","44,130.00","43,830.00","44,214.58",0,125,143.00,446.35,336.85,384.71
2020-01-08,"42,900","44,850","41,900","42,050","42,850.00","43,690.00","44,035.00","43,798.33","44,151.67",66,851,293.60,463.10,350.60,391.23
2020-01-09,"42,750","42,750","42,200","42,250","42,690.00","43,445.00","43,967.50","43,757.50","44,092.08",69,33,245.60,454.15,350.00,391.38
2020-01-10,"42,250","42,250","42,000","42,250","42,530.00","43,180.00","43,887.50","43,715.00","44,042.92",0,165,243.60,458.95,346.57,391.07
2020-01-13,"42,250","42,550","42,000","42,400","42,380.00","42,860.00","43,805.00","43,668.33","43,995.42",70,237,282.20,464.45,349.93,390.89
2020-01-14,"42,100","42,650","42,100","42,450","42,280.00","42,720.00","43,702.50","43,625.83","43,944.58",0,20,261.20,459.70,349.52,390.98
2020-01-15,"42,450","42,500","42,000","42,500","42,370.00","42,610.00","43,602.50","43,592.50","43,891.25",0,934,277.80,501.85,356.43,397.55
2020-01-16,"42,450","42,450","42,100","42,100","42,340.00","42,515.00","43,482.50","43,555.83","43,834.58",0,26,276.40,500.10,354.00,397.68
2020-01-17,"42,100","42,200","41,650","42,050","42,300.00","42,415.00","43,347.50","43,515.00","43,778.33",0,154,274.20,504.55,355.08,398.76
2020-01-20,"42,050","42,350","41,700","41,950","42,210.00","42,295.00","43,212.50","43,473.33","43,724.58",0,153,257.40,505.75,355.42,398.49
2020-01-21,"41,950","41,950","41,700","41,900","42,100.00","42,190.00","43,077.50","43,447.50","43,673.75",70,102,273.80,502.90,352.85,399.23
2020-01-22,"42,700","42,700","41,750","42,450","42,090.00","42,230.00","42,960.00","43,445.00","43,635.83",71,144,115.80,484.65,342.02,398.32
2020-01-23,"42,450","42,450","42,400","42,450","42,160.00","42,250.00","42,847.50","43,446.67","43,601.25",0,11,112.80,476.10,332.40,393.45
2020-01-28,"42,450","42,450","41,500","41,800","42,110.00","42,205.00","42,692.50","43,435.00","43,562.08",0,161,114.20,300.85,327.82,386.57
2020-01-29,"41,800","41,800","41,500","41,550","42,030.00","42,120.00","42,490.00","43,415.00","43,521.67",70,143,112.20,273.70,322.33,361.38
2020-01-30,"41,600","41,600","41,150","41,150","41,880.00","41,990.00","42,355.00","43,390.83","43,483.75",2,"1,028",297.40,243.85,334.38,361.45
2020-01-31,"41,350","42,150","40,850","40,850","41,560.00","41,825.00","42,217.50","43,361.67","43,448.33",0,"1,028",474.20,290.35,345.10,350.86
2020-02-03,"39,500","40,450","39,500","39,900","41,050.00","41,605.00","42,060.00","43,312.50","43,409.58",0,430,558.00,298.20,349.63,350.98
2020-02-04,"40,000","40,000","39,900","40,000","40,690.00","41,400.00","41,907.50","43,264.17","43,374.17",0,360,597.80,307.45,349.03,351.58
2020-02-05,"40,000","40,200","39,600","40,050","40,390.00","41,210.00","41,752.50","43,211.67","43,332.92",0,924,754.00,351.45,360.62,358.52
2020-02-06,"39,900","40,200","39,600","40,100","40,180.00","41,030.00","41,610.00","43,157.50","43,296.25",70,"10,657","2,679.80",878.05,537.05,434.89
2020-02-07,"40,300","40,300","39,800","40,050","40,020.00","40,790.00","41,510.00","43,090.83","43,268.75",0,"1,848","2,843.80",927.90,562.00,443.48
2020-02-10,"40,050","40,800","40,050","40,200","40,080.00","40,565.00","41,407.50","43,043.33","43,245.83",66,"14,902","5,738.20","1,671.35",796.52,553.85
2020-02-11,"40,300","40,300","40,050","40,150","40,110.00","40,400.00","41,302.50","42,993.33","43,223.75",70,"1,187","5,903.60","1,722.45",813.78,555.51
2020-02-12,"40,050","40,050","39,800","39,900","40,080.00","40,235.00","41,177.50","42,933.33","43,196.25",0,"1,143","5,947.40","1,767.75",824.98,563.72
2020-02-13,"39,900","40,050","39,800","39,900","40,040.00","40,110.00","41,050.00","42,879.17","43,171.25",70,"1,475","4,111.00","1,840.50",847.62,574.93
2020-02-14,"40,000","40,500","39,800","40,000","40,030.00","40,025.00","40,925.00","42,824.17","43,147.50",70,652,"3,871.80","1,826.40",849.15,574.11
2020-02-17,"39,850","39,950","39,850","39,950","39,980.00","40,030.00","40,817.50","42,760.83","43,117.92",0,570,"1,005.40","1,853.60",853.92,577.98
2020-02-18,"40,000","40,000","39,900","39,950","39,940.00","40,025.00","40,712.50","42,709.17","43,088.75",0,348,837.60,"1,863.30",857.65,580.13
2020-02-19,"39,950","39,950","39,800","39,900","39,940.00","40,010.00","40,610.00","42,654.17","43,059.58",0,"1,377",884.40,"1,924.50",878.98,590.96
2020-02-20,"39,950","40,000","39,800","39,850","39,930.00","39,985.00","40,507.50","42,593.33","43,032.92",70,523,694.00,"1,945.55",880.93,594.30
2020-02-21,"39,800","39,800","39,500","39,550","39,840.00","39,935.00","40,362.50","42,527.50","43,019.58",0,686,700.80,"1,972.65",883.45,594.73
2020-02-24,"39,450","39,450","38,800","38,850","39,620.00","39,800.00","40,182.50","42,450.00","42,992.08",2,501,687.00,"1,997.15",889.05,593.81
2020-02-25,"38,850","38,850","38,400","38,700","39,370.00","39,655.00","40,027.50","42,370.00","42,956.67",0,506,718.60,"2,014.40",891.82,597.34
2020-02-26,"39,750","39,750","36,750","38,100","39,010.00","39,475.00","39,855.00","42,270.83","42,920.42",0,"1,263",695.80,"2,070.40",906.72,607.52
2020-02-27,"37,700","38,100","37,700","37,750","38,590.00","39,260.00","39,685.00","42,159.17","42,884.17",0,583,707.80,"2,048.15",915.30,609.34
2020-02-28,"38,350","38,350","36,600","37,200","38,120.00","38,980.00","39,502.50","42,051.67","42,838.75",0,956,761.80,"2,044.55",929.23,617.23
2020-03-02,"37,200","37,350","36,750","36,900","37,730.00","38,675.00","39,352.50","41,926.67","42,791.25",0,370,735.60,"2,041.55",933.77,617.77
2020-03-03,"37,850","38,850","37,350","37,350","37,460.00","38,415.00","39,220.00","41,804.17","42,745.42",0,210,676.40,"2,034.05",935.47,618.74
2020-03-04,"38,000","38,000","37,200","37,450","37,330.00","38,170.00","39,090.00","41,681.67","42,692.50",0,245,472.80,"2,000.10",936.43,615.34
2020-03-05,"38,650","38,650","37,450","37,450","37,270.00","37,930.00","38,957.50","41,565.83","42,647.92",0,343,424.80,"1,484.40",936.27,615.47
2020-03-06,"37,450","37,650","37,150","37,150","37,260.00","37,690.00","38,812.50","41,452.50","42,604.58",0,196,272.80,"1,401.80",930.93,608.50
2020-03-09,"36,750","36,750","35,300","36,000","37,080.00","37,405.00","38,602.50","41,325.83","42,552.50",0,"1,499",498.60,731.65,952.38,619.26
2020-03-10,"34,900","36,800","34,900","35,750","36,760.00","37,110.00","38,382.50","41,190.83","42,491.67",0,446,545.80,694.60,958.67,617.77
2020-03-11,"36,300","36,300","35,100","35,300","36,330.00","36,830.00","38,152.50","41,045.00","42,427.50",0,549,606.60,664.90,965.70,611.30
2020-03-12,"35,300","35,350","33,800","34,400","35,720.00","36,495.00","37,877.50","40,876.67","42,350.42",0,763,690.60,629.30,976.50,613.19
2020-03-13,"32,700","32,700","30,400","32,400","34,770.00","36,015.00","37,497.50","40,675.00","42,254.17",71,"1,719",995.20,682.65,"1,003.63",624.90
2020-03-16,"34,900","34,900","30,950","31,950","33,960.00","35,520.00","37,097.50","40,465.83","42,151.25",0,761,847.60,692.20,"1,015.30",627.26
2020-03-17,"28,300","32,100","28,300","31,050","33,020.00","34,890.00","36,652.50","40,237.50","42,041.67",0,201,798.60,684.85,"1,017.57",627.95
2020-03-18,"31,050","31,050","29,850","29,850","31,930.00","34,130.00","36,150.00","39,990.83","41,920.42",0,"1,502",989.20,691.10,"1,040.45",640.08
2020-03-19,"29,600","30,150","27,000","27,000","30,450.00","33,085.00","35,507.50","39,697.50","41,779.17",0,"1,032","1,043.00",716.55,"1,055.00",646.03
2020-03-20,"25,650","28,450","25,650","27,100","29,390.00","32,080.00","34,885.00","39,402.50","41,633.33",0,857,870.60,725.10,"1,060.80",646.02
2020-03-23,"26,800","26,800","25,250","25,550","28,110.00","31,035.00","34,220.00","39,083.33","41,477.08",0,446,807.60,722.35,"1,065.20",648.99
2020-03-24,"26,000","27,000","25,600","26,400","27,180.00","30,100.00","33,605.00","38,775.00","41,334.58",0,"2,200","1,207.40",807.05,"1,040.77",666.91
2020-03-25,"26,800","28,550","26,800","28,500","26,910.00","29,420.00","33,125.00","38,490.00","41,204.17",0,730,"1,053.00",780.40,"1,041.50",672.89
2020-03-26,"28,700","29,500","28,350","28,700","27,250.00","28,850.00","32,672.50","38,237.50","41,071.67",0,853,"1,017.20",793.90,"1,028.63",678.86
2020-03-27,"28,850","29,700","28,700","28,950","27,620.00","28,505.00","32,260.00","37,993.33","40,942.92",0,"2,137","1,273.20",852.95,"1,062.62",696.43
2020-03-30,"28,900","28,900","27,900","28,750","28,260.00","28,185.00","31,852.50","37,755.00","40,814.58",0,"3,911","1,966.20","1,030.00","1,123.25",728.41
2020-03-31,"29,900","30,800","29,300","30,600","29,100.00","28,140.00","31,515.00","37,547.50","40,702.50",0,299,"1,586.00","1,034.45","1,125.32",730.61
2020-04-01,"31,950","31,950","30,600","30,600","29,520.00","28,215.00","31,172.50","37,338.33","40,591.25",0,480,"1,536.00","1,046.20","1,132.58",734.38
2020-04-02,"30,950","31,800","30,000","31,500","30,080.00","28,665.00","30,875.00","37,147.50","40,488.75",0,386,"1,442.60","1,048.35","1,136.93",736.89
2020-04-03,"31,050","31,500","30,100","31,150","30,520.00","29,070.00","30,575.00","36,965.83","40,382.08",0,137,"1,042.60","1,045.40","1,125.03",737.82
2020-04-06,"31,200","32,300","30,100","32,200","31,210.00","29,735.00","30,385.00","36,798.33","40,277.92",0,"1,922",644.80,"1,066.55","1,156.52",753.26
2020-04-07,"33,300","33,300","32,000","32,200","31,530.00","30,315.00","30,207.50","36,630.83","40,172.92",0,765,738.00,"1,082.50","1,166.52",756.54
2020-04-08,"32,900","32,950","32,150","32,200","31,850.00","30,685.00","30,052.50","36,460.83","40,064.58",0,"3,019","1,245.80","1,206.00","1,212.88",781.41
2020-04-09,"33,000","33,000","32,250","32,450","32,040.00","31,060.00","29,955.00","36,294.17","39,960.00",0,"1,304","1,429.40","1,233.05","1,234.28",791.90
2020-04-10,"32,450","33,200","32,400","32,650","32,340.00","31,430.00","29,967.50","36,130.00","39,861.25",0,233,"1,448.60","1,158.75","1,222.60",789.52
2020-04-13,"32,650","33,700","32,350","33,500","32,600.00","31,905.00","30,045.00","35,986.67","39,771.25",0,205,"1,105.20","1,130.95","1,225.58",789.79
2020-04-14,"33,500","33,950","33,000","33,950","32,950.00","32,240.00","30,190.00","35,851.67","39,683.33",0,233,998.80,"1,132.55","1,226.90",790.99
2020-04-16,"33,950","34,200","33,600","34,100","33,330.00","32,590.00","30,402.50","35,720.83","39,597.08",12,233,441.60,"1,069.10","1,228.23",791.83
2020-04-17,"35,950","35,950","34,650","35,650","33,970.00","33,005.00","30,835.00","35,616.67","39,532.08",20,286,238.00,"1,031.80","1,231.30",792.08
2020-04-20,"35,700","35,700","35,000","35,400","34,520.00","33,430.00","31,250.00","35,499.17","39,472.08",0,643,320.00,"1,021.10","1,239.62",790.82
2020-04-21,"35,400","35,400","34,050","34,150","34,650.00","33,625.00","31,680.00","35,360.83","39,403.75",43,830,445.00,"1,040.30","1,253.27",792.83
2020-04-22,"33,850","34,200","33,000","33,850","34,630.00","33,790.00","32,052.50","35,228.33","39,331.67",0,365,471.40,948.55,"1,256.67",792.24
2020-04-23,"33,950","34,500","33,950","34,500","34,710.00","34,020.00","32,352.50","35,110.83","39,262.92",0,14,427.60,912.75,"1,254.52",788.42
2020-04-24,"34,000","34,750","33,950","34,750","34,530.00","34,250.00","32,655.00","35,004.17","39,197.50",0,44,379.20,872.30,"1,238.12",786.25
2020-04-27,"34,900","35,550","34,600","35,550","34,560.00","34,540.00","32,985.00","34,915.83","39,138.75",0,221,294.80,776.50,"1,224.67",784.88
2020-04-28,"35,550","35,550","34,600","35,100","34,750.00","34,700.00","33,302.50","34,835.83","39,074.17",30,262,181.20,594.05,"1,221.87",785.75
2020-04-29,"35,100","35,950","34,500","35,000","34,980.00","34,805.00","33,522.50","34,752.50","39,008.33",0,264,161.00,592.30,"1,220.27",784.65
2020-05-04,"35,000","36,000","34,000","34,700","35,020.00","34,865.00","33,727.50","34,663.33","38,937.50",43,802,318.60,608.40,"1,218.23",789.42
2020-05-06,"35,050","35,050","34,500","34,700","35,010.00","34,770.00","33,887.50","34,573.33","38,865.42",0,96,329.00,593.90,"1,042.22",789.63
2020-05-07,"35,000","35,500","35,000","35,450","34,990.00","34,775.00","34,102.50","34,496.67","38,793.75",0,594,403.60,616.75,"1,021.32",791.66
2020-05-08,"35,450","35,800","35,150","35,450","35,060.00","34,905.00","34,265.00","34,417.50","38,730.42",0,506,452.40,545.95,781.38,788.95
2020-05-11,"35,400","35,550","35,100","35,550","35,170.00","35,075.00","34,432.50","34,340.83","38,667.08",0,61,411.80,510.75,762.62,788.20
2020-05-12,"35,400","35,800","34,850","34,950","35,220.00","35,120.00","34,570.00","34,258.33","38,595.83",0,399,331.20,379.75,750.22,787.60
2020-05-13,"34,950","35,150","34,400","35,150","35,310.00","35,160.00","34,705.00","34,179.17","38,529.17",0,78,327.60,318.45,726.93,787.27
2020-05-14,"34,600","35,200","34,600","34,850","35,190.00","35,090.00","34,815.00","34,093.33","38,458.75",0,94,227.60,311.50,717.63,783.39
2020-05-15,"34,700","35,150","34,600","34,950","35,090.00","35,075.00","34,887.50","34,010.00","38,385.42",0,147,155.80,308.60,710.58,782.25
2020-05-18,"35,400","36,300","35,400","36,100","35,200.00","35,185.00","34,995.00","33,945.83","38,327.50",0,"2,096",562.80,401.75,739.72,798.68
2020-05-19,"36,300","37,050","35,300","36,900","35,590.00","35,405.00","35,135.00","33,895.83","38,275.00",0,"1,466",776.20,463.40,741.20,810.09
2020-05-20,"36,850","37,500","35,900","37,250","36,010.00","35,660.00","35,215.00","33,852.50","38,222.92",0,332,827.00,465.70,738.02,809.48
2020-05-21,"36,600","37,600","36,600","37,250","36,490.00","35,840.00","35,307.50","33,814.17","38,170.83",0,332,874.60,450.15,732.12,807.78
2020-05-22,"37,000","37,150","36,500","37,000","36,900.00","35,995.00","35,450.00","33,783.33","38,116.67",0,290,903.20,423.15,728.60,808.83
2020-05-25,"36,500","37,250","36,500","37,200","37,120.00","36,160.00","35,617.50","33,758.33","38,064.17",0,304,544.80,420.10,725.23,808.52
2020-05-26,"37,200","37,850","36,650","37,400","37,220.00","36,405.00","35,762.50","33,746.67","38,008.75",0,558,363.20,447.30,713.48,810.10
2020-05-27,"37,800","37,800","37,400","37,650","37,300.00","36,655.00","35,907.50","33,745.00","37,952.08",0,113,319.40,450.75,705.65,810.48
2020-05-28,"37,000","37,500","36,700","36,700","37,190.00","36,840.00","35,965.00","33,736.67","37,894.17",0,586,370.20,469.00,699.48,814.36
2020-05-29,"36,900","37,300","35,950","37,100","37,210.00","37,055.00","36,065.00","33,740.00","37,833.33",0,514,415.00,481.60,701.88,817.83
2020-06-01,"36,300","37,400","36,300","37,100","37,190.00","37,155.00","36,170.00","33,735.83","37,770.00",0,133,380.80,475.05,700.60,818.03
2020-06-02,"36,500","37,350","36,500","37,300","37,170.00","37,195.00","36,300.00","33,733.33","37,707.50",0,374,344.00,453.65,702.75,819.59
2020-06-03,"37,300","37,700","37,200","37,250","37,090.00","37,195.00","36,427.50","33,730.00","37,647.92",0,629,447.20,480.30,707.52,821.89
2020-06-04,"37,300","38,050","37,250","37,550","37,260.00","37,225.00","36,532.50","33,736.67","37,594.58",0,433,416.60,472.25,711.47,821.20
2020-06-05,"37,550","38,050","37,550","38,000","37,440.00","37,325.00","36,660.00","33,770.00","37,547.92",30,143,342.40,454.10,688.87,820.63
2020-06-08,"38,000","38,400","37,650","38,400","37,700.00","37,445.00","36,802.50","33,814.17","37,502.50",0,478,411.40,474.95,689.40,824.03
2020-06-09,"39,650","39,900","38,600","39,900","38,220.00","37,695.00","37,050.00","33,890.83","37,467.92",20,"2,220",780.60,566.00,717.25,841.48
2020-06-10,"40,100","41,350","39,600","40,650","38,900.00","37,995.00","37,325.00","33,995.00","37,435.83",0,"3,216","1,298.00",722.90,758.13,867.32
2020-06-11,"40,850","41,200","38,350","38,500","39,090.00","38,175.00","37,507.50","34,096.67","37,385.83",39,"7,702","2,751.80","1,103.30",857.85,930.74
2020-06-12,"37,900","39,450","37,300","38,950","39,280.00","38,360.00","37,707.50","34,213.33","37,339.58",0,"3,342","3,391.60","1,263.05",900.87,958.08
2020-06-15,"39,750","45,700","39,400","40,800","39,760.00","38,730.00","37,942.50","34,375.83","37,306.67",29,"24,144","8,124.80","2,365.45","1,299.92","1,158.74"
2020-06-16,"41,300","48,000","41,300","45,000","40,780.00","39,500.00","38,347.50","34,628.33","37,309.58",0,"41,228","15,926.40","4,353.55","1,962.02","1,501.23"
2020-06-17,"43,500","56,800","43,150","51,600","42,970.00","40,935.00","39,065.00","35,038.33","37,367.92",0,"115,167","38,316.60","10,095.30","3,864.27","2,459.63"
2020-06-18,"52,000","55,700","49,000","49,100","45,090.00","42,090.00","39,657.50","35,405.00","37,403.75",0,"70,315","50,839.20","13,594.45","5,021.90","3,041.35"
2020-06-19,"50,100","51,100","41,800","42,500","45,800.00","42,540.00","39,932.50","35,687.50","37,385.42",0,"24,294","55,029.60","14,794.65","5,419.37","3,242.28"
2020-06-22,"42,150","48,900","40,050","42,500","46,140.00","42,950.00","40,197.50","35,955.83","37,365.42",0,"67,620","63,724.80","18,160.45","6,509.70","3,775.23"
2020-06-23,"43,700","45,800","41,350","43,750","45,890.00","43,335.00","40,515.00","36,210.00","37,350.00",0,"16,275","58,734.20","18,946.30","6,768.78","3,905.14"
2020-06-24,"43,800","44,200","40,950","42,500","44,070.00","43,520.00","40,757.50","36,440.00","37,338.75",0,"12,455","38,191.80","19,563.40","6,962.15","3,995.39"
2020-06-25,"42,500","43,300","41,500","42,600","42,770.00","43,930.00","41,052.50","36,667.50","37,330.42",0,"3,338","24,796.40","19,701.00","6,982.17","4,022.39"
2020-06-26,"43,450","43,450","41,000","41,550","42,580.00","44,190.00","41,275.00","36,880.83","37,317.92",0,"3,514","20,640.40","19,851.00","6,975.55","4,049.40"
2020-06-29,"43,000","43,000","41,600","41,850","42,450.00","44,295.00","41,512.50","37,068.33","37,307.92",0,"5,008","8,118.00","20,094.75","7,054.03","4,089.68"
2020-06-30,"42,200","43,150","41,600","42,700","42,240.00","44,065.00","41,782.50","37,270.00","37,304.17",0,"2,795","5,422.00","20,215.80","7,092.62","4,112.60"
2020-07-01,"43,300","43,400","42,300","42,300","42,200.00","43,135.00","42,035.00","37,450.00","37,298.75",0,"1,722","3,275.40","20,270.45","7,114.88","4,125.91"
2020-07-02,"41,700","43,300","41,700","42,050","42,090.00","42,430.00","42,260.00","37,631.67","37,298.75",0,"2,539","3,115.60","20,375.75","7,154.92","4,139.98"
2020-07-03,"42,200","42,800","41,850","42,400","42,260.00","42,420.00","42,480.00","37,801.67","37,300.00",0,"1,642","2,741.20","20,450.70","7,150.25","4,153.38"
2020-07-06,"42,550","43,750","42,450","43,600","42,610.00","42,530.00","42,740.00","37,991.67","37,311.25",0,"2,703","2,280.20","20,561.95","7,182.55","4,174.53"
2020-07-07,"43,600","44,650","42,900","44,650","43,000.00","42,620.00","42,977.50","38,199.17","37,330.00",0,"5,073","2,735.80","20,704.60","7,216.78","4,214.83"
2020-07-08,"44,300","47,450","44,200","47,400","44,020.00","43,110.00","43,315.00","38,448.33","37,371.25",18,"11,933","4,778.00","21,140.45","7,393.93","4,314.11"
2020-07-09,"48,000","49,150","46,050","48,600","45,330.00","43,710.00","43,820.00","38,714.17","37,422.08",0,"7,762","5,822.60","21,143.45","7,519.42","4,371.01"
2020-07-10,"48,950","48,950","45,800","47,350","46,320.00","44,290.00","44,240.00","38,945.00","37,465.83",0,"4,671","6,428.40","21,209.90","7,593.85","4,409.72"
2020-07-13,"47,250","47,350","45,400","46,000","46,800.00","44,705.00","44,500.00","39,145.83","37,498.75",0,"3,926","6,673.00","20,199.00","7,655.40","4,441.15"
2020-07-14,"46,000","46,400","45,000","45,750","47,020.00","45,010.00","44,537.50","39,340.00","37,530.42",23,"1,791","6,016.60","18,227.15","7,681.37","4,454.80"
2020-07-15,"45,750","46,500","45,000","45,100","46,560.00","45,290.00","44,212.50","39,497.50","37,557.08",42,"1,905","4,011.00","12,564.05","7,708.35","4,469.82"
2020-07-16,"44,600","45,800","43,950","44,700","45,780.00","45,555.00","43,992.50","39,652.50","37,575.83",0,996,"2,657.80","9,098.10","7,714.23","4,476.93"
2020-07-17,"44,050","44,900","43,000","43,150","44,940.00","45,630.00","44,025.00","39,802.50","37,581.67",0,"2,602","2,244.00","8,013.50","7,743.77","4,498.52"
2020-07-20,"43,200","44,800","42,700","44,550","44,650.00","45,725.00","44,127.50","39,980.83","37,604.58",0,"2,499","1,958.60","4,757.45","7,779.33","4,518.00"
2020-07-21,"57,900","57,900","57,900","57,900","47,080.00","47,050.00","44,835.00","40,370.83","37,740.83",0,"14,133","4,427.00","4,650.35","8,014.65","4,634.58"
2020-07-22,"57,000","68,000","50,700","51,100","48,280.00","47,420.00","45,265.00","40,643.33","37,823.75",0,"107,066","25,459.20","9,380.90","9,798.35","5,518.23"
2020-07-23,"51,100","51,100","47,250","50,300","49,400.00","47,590.00","45,650.00","40,889.17","37,902.50",20,"21,093","29,478.60","10,268.65","10,146.22","5,685.44"
2020-07-24,"51,200","51,700","48,550","49,450","50,660.00","47,800.00","46,045.00","41,128.33","37,982.08",0,"9,259","30,810.00","10,555.90","10,296.17","5,759.02"
2020-07-27,"48,900","61,000","48,550","55,100","52,770.00","48,710.00","46,707.50","41,463.33","38,107.92",0,"124,374","55,185.00","16,524.20","12,364.67","6,792.47"
2020-07-28,"53,100","53,200","50,800","52,600","51,710.00","49,395.00","47,202.50","41,761.67","38,212.50",37,"11,259","54,610.20","16,947.40","12,538.95","6,878.59"
2020-07-29,"52,600","62,900","50,500","55,200","52,530.00","50,405.00","47,847.50","42,103.33","38,338.33",0,"54,038","44,004.60","19,563.20","13,437.98","7,240.10"
2020-07-30,"55,800","57,100","53,600","54,100","53,290.00","51,345.00","48,450.00","42,414.17","38,455.42",0,"10,942","41,974.40","19,983.35","13,610.45","7,315.88"
2020-07-31,"54,100","55,100","51,900","51,900","53,780.00","52,220.00","48,925.00","42,688.33","38,552.92",0,"5,717","41,266.00","20,187.10","13,697.30","7,239.34"
2020-08-03,"52,300","54,200","50,600","52,400","53,240.00","53,005.00","49,365.00","42,969.17","38,655.00",0,"4,032","17,197.60","20,253.55","13,763.48","7,263.05"
2020-08-04,"51,700","53,200","51,700","52,300","53,180.00","52,445.00","49,747.50","43,258.33","38,758.33",0,"2,730","15,491.80","20,136.40","13,802.33","7,276.27"
2020-08-05,"51,700","52,400","50,800","51,500","52,440.00","52,485.00","49,952.50","43,530.83","38,855.00",0,"4,221","5,528.40","19,750.80","13,871.38","7,299.16"
2020-08-06,"52,500","52,600","51,100","51,800","51,980.00","52,635.00","50,112.50","43,813.33","38,953.33",0,"2,387","3,817.40","19,482.05","13,909.60","7,313.62"
2020-08-07,"52,400","53,000","51,200","52,000","52,000.00","52,890.00","50,345.00","44,097.50","39,053.75",0,"3,199","3,313.80","19,408.45","13,960.47","7,335.52"
2020-08-10,"53,300","54,500","51,300","54,300","52,380.00","52,810.00","50,760.00","44,400.83","39,173.33",0,"6,032","3,713.80","19,513.75","14,026.07","7,382.89"
2020-08-11,"54,300","54,700","53,500","54,300","52,780.00","52,980.00","51,187.50","44,690.83","39,293.33",0,"3,391","3,846.00","19,593.75","14,058.15","7,399.68"
2020-08-12,"54,500","54,700","52,500","54,400","53,360.00","52,900.00","51,652.50","44,976.67","39,414.58",30,"5,170","4,035.80","19,757.00","14,138.78","7,438.40"
2020-08-13,"56,300","56,900","53,700","54,300","53,860.00","52,920.00","52,132.50","45,260.83","39,537.50",0,"10,517","5,661.80","20,233.05","14,308.53","7,520.32"
2020-08-14,"53,900","54,700","52,200","54,000","54,260.00","53,130.00","52,675.00","45,544.17","39,663.75",0,"1,817","5,385.40","20,193.80","14,333.98","7,531.29"
2020-08-18,"53,200","54,000","48,050","51,200","53,640.00","53,010.00","53,007.50","45,777.50","39,767.92",0,"5,203","5,219.60","20,329.00","14,415.63","7,570.43"
2020-08-19,"50,600","52,500","50,600","52,000","53,180.00","52,980.00","52,712.50","46,020.83","39,883.75",0,991,"4,739.60","19,671.90","14,422.85","7,568.17"
2020-08-20,"52,000","52,800","48,700","49,800","52,260.00","52,810.00","52,647.50","46,223.33","39,984.17",0,"3,690","4,443.60","14,503.10","14,482.47","7,594.06"
2020-08-21,"50,200","50,400","48,800","50,300","51,460.00","52,660.00","52,647.50","46,450.00","40,093.33",58,580,"2,456.20","13,477.45","14,482.37","7,590.93"
2020-08-24,"50,300","50,300","49,450","49,900","50,640.00","52,450.00","52,670.00","46,663.33","40,201.67",0,"1,933","2,479.40","13,111.15","14,506.02","7,603.95"
2020-08-25,"50,000","50,500","49,050","50,000","50,400.00","52,020.00","52,415.00","46,878.33","40,307.08",0,565,"1,551.80","6,920.70","14,513.22","7,606.91"
2020-08-26,"50,500","50,500","48,950","49,700","49,940.00","51,560.00","52,270.00","47,085.00","40,409.17",0,"1,056","1,564.80","6,410.55","14,524.58","7,613.67"
2020-08-27,"49,200","49,650","48,000","48,450","49,670.00","50,965.00","51,932.50","47,271.67","40,500.83",0,"3,182","1,463.20","3,867.75","14,567.13","7,637.32"
2020-08-28,"49,000","49,200","48,550","48,550","49,320.00","50,390.00","51,655.00","47,455.00","40,595.83",0,931,"1,533.40","3,367.20","14,575.43","7,643.45"
2020-08-31,"48,550","50,300","48,550","50,000","49,340.00","49,990.00","51,560.00","47,655.00","40,712.50",70,"1,892","1,525.20","3,175.95","14,604.58","7,646.73"
2020-09-01,"50,000","50,000","49,100","49,500","49,240.00","49,820.00","51,415.00","47,840.00","40,827.08",0,295,"1,471.20","2,989.10","14,601.53","7,645.47"
2020-09-02,"49,600","49,950","49,000","49,200","49,140.00","49,540.00","51,260.00","47,995.00","40,942.92",0,971,"1,454.20","2,901.15","14,580.72","7,648.98"
2020-09-03,"49,200","49,200","48,650","48,900","49,230.00","49,450.00","51,130.00","48,132.50","41,063.75",0,746,967.00,"2,727.40","14,539.55","7,648.84"
2020-09-04,"48,800","48,800","48,000","48,800","49,280.00","49,300.00","50,980.00","48,304.17","41,200.42",0,916,964.00,"2,653.85","14,426.45","7,642.15"
2020-09-07,"48,800","49,700","48,700","49,700","49,220.00","49,280.00","50,865.00","48,483.33","41,348.33",0,974,780.40,"2,542.60","14,386.98","7,643.93"
2020-09-08,"49,750","50,000","49,300","49,800","49,280.00","49,260.00","50,640.00","48,633.33","41,504.58",0,411,803.60,"2,261.55","13,991.43","7,645.68"
2020-09-09,"49,750","49,750","48,750","49,000","49,240.00","49,190.00","50,375.00","48,700.00","41,664.17",0,427,694.80,"2,113.35","13,311.42","7,636.72"
2020-09-10,"50,600","50,600","48,700","49,000","49,260.00","49,245.00","50,105.00","48,656.67","41,847.50",0,758,697.20,"1,892.75","11,404.60","7,634.43"
2020-09-11,"49,900","49,900","48,000","49,750","49,450.00","49,365.00","49,877.50","48,667.50","42,036.25",71,"1,228",759.60,"1,428.30","10,253.15","7,637.52"
2020-09-14,"49,800","51,000","49,750","51,000","49,710.00","49,465.00","49,727.50","48,809.17","42,248.33",18,"2,922","1,149.20","1,483.55","9,896.95","7,658.16"
2020-09-15,"51,200","51,200","49,850","50,200","49,790.00","49,535.00","49,677.50","48,937.50","42,446.67",0,567,"1,180.40","1,251.75","8,779.40","7,644.55"
2020-09-16,"49,800","50,100","49,500","49,950","49,980.00","49,610.00","49,575.00","49,040.83","42,625.42",0,360,"1,167.00","1,220.20","8,514.15","7,641.47"
2020-09-17,"49,950","50,100","48,400","49,200","50,020.00","49,640.00","49,545.00","49,152.50","42,796.25",30,"1,666","1,348.60","1,119.00","8,334.33","7,648.24"
2020-09-18,"49,600","49,800","48,800","49,250","49,920.00","49,685.00","49,492.50","49,263.33","42,965.42",0,"1,296","1,362.20","1,154.80","8,300.30","7,641.23"
2020-09-21,"49,000","49,000","48,200","48,250","49,370.00","49,540.00","49,410.00","49,375.00","43,127.92",0,"1,520","1,081.80","1,134.15","8,267.07","7,621.31"
2020-09-22,"47,500","48,400","46,000","46,000","48,530.00","49,160.00","49,210.00","49,444.17","43,256.25",0,"2,288","1,426.00","1,220.30","8,221.73","7,637.88"
2020-09-23,"47,900","47,900","45,500","47,350","48,010.00","48,995.00","49,092.50","49,521.67","43,395.83",71,558,"1,465.60","1,195.40","8,184.45","7,638.53"
2020-09-24,"47,250","47,250","44,800","47,200","47,610.00","48,815.00","49,030.00","49,603.33","43,526.67",71,"1,750","1,482.40","1,123.80","8,184.92","7,649.90"
2020-09-25,"47,150","47,700","46,150","47,700","47,300.00","48,610.00","48,987.50","49,697.50","43,664.58",0,368,"1,296.80","1,095.65","8,148.73","7,651.82"
2020-09-28,"47,700","48,150","47,000","47,000","47,050.00","48,210.00","48,837.50","49,774.17","43,787.92",0,268,"1,046.40","1,014.45","8,125.83","7,638.04"
2020-09-29,"47,750","47,800","47,000","47,800","47,410.00","47,970.00","48,752.50","49,844.17","43,917.92",70,344,657.60,"1,016.90","8,086.52","7,634.53"
2020-10-05,"47,800","48,000","47,700","48,000","47,540.00","47,775.00","48,692.50","49,900.00","44,049.58",0,567,659.40,996.70,"8,011.42","7,614.10"
2020-10-06,"48,000","48,200","47,800","48,000","47,700.00","47,655.00","48,647.50","49,910.00","44,179.17",0,480,405.40,983.40,"7,820.53","7,607.23"
2020-10-07,"48,000","48,000","47,850","47,950","47,750.00","47,525.00","48,605.00","49,899.17","44,306.67",0,755,482.80,975.35,"7,703.75","7,611.58"
2020-10-08,"47,950","48,250","47,950","48,150","47,980.00","47,515.00","48,527.50","49,912.50","44,428.75",0,305,490.20,941.90,"7,630.98","7,612.42"
2020-10-12,"48,150","48,250","47,900","48,250","48,070.00","47,740.00","48,450.00","49,950.00","44,547.92",0,342,489.80,938.45,"7,571.25","7,613.32"
2020-10-13,"48,600","48,600","48,000","48,300","48,130.00","47,835.00","48,415.00","49,992.50","44,666.25",0,455,467.40,939.85,"7,548.98","7,615.18"
2020-10-14,"48,500","48,500","47,700","48,100","48,150.00","47,925.00","48,370.00","50,042.50","44,770.00",0,108,393.00,907.35,"7,519.03","7,613.69"
2020-10-15,"49,300","49,300","48,100","48,100","48,180.00","47,965.00","48,287.50","50,099.17","44,875.83",2,165,275.00,854.20,"7,505.18","7,609.71"
2020-10-16,"48,100","48,500","47,700","48,200","48,190.00","48,085.00","48,147.50","50,183.33","44,992.92",0,735,361.00,744.85,"7,474.07","7,608.92"
2020-10-19,"48,200","48,700","47,500","48,300","48,200.00","48,135.00","48,052.50","50,245.83","45,113.33",0,468,386.20,739.90,"7,440.22","7,609.77"
2020-10-20,"48,300","48,300","47,750","48,100","48,160.00","48,145.00","47,960.00","50,082.50","45,226.67",0,205,336.20,732.15,"7,208.08","7,611.37"
2020-10-21,"48,100","48,450","48,100","48,450","48,230.00","48,190.00","47,922.50","50,038.33","45,340.83",0,467,408.00,672.20,"5,431.43","7,614.89"
2020-10-22,"48,900","48,900","47,900","48,200","48,250.00","48,215.00","47,870.00","50,003.33","45,446.25",0,249,424.80,619.85,"5,084.03","7,615.13"
2020-10-23,"48,600","48,600","47,900","47,900","48,190.00","48,190.00","47,852.50","49,977.50","45,552.92",0,195,316.80,553.60,"4,932.97","7,614.57"
2020-10-26,"47,750","48,800","47,700","47,700","48,070.00","48,135.00","47,937.50","49,854.17","45,658.75",66,128,248.80,445.60,"2,862.20","7,613.43"
2020-10-27,"47,650","47,650","47,000","47,500","47,950.00","48,055.00","47,945.00","49,769.17","45,765.42",0,260,259.80,430.70,"2,678.88","7,608.92"
2020-10-28,"47,500","47,500","46,000","47,350","47,730.00","47,980.00","47,952.50","49,638.33","45,870.83",71,458,258.00,366.10,"1,785.88","7,611.93"
2020-10-29,"43,550","46,550","43,550","46,500","47,390.00","47,820.00","47,892.50","49,511.67","45,962.92",55,462,300.60,370.80,"1,611.22","7,610.83"
2020-10-30,"46,200","47,000","46,200","46,200","47,050.00","47,620.00","47,852.50","49,416.67","46,052.50",0,138,289.20,364.30,"1,518.23","7,607.77"
2020-11-02,"46,250","46,800","46,250","46,750","46,860.00","47,465.00","47,800.00","49,322.50","46,145.83",0,55,274.60,349.85,"1,451.95","7,607.72"
2020-11-03,"46,850","47,800","46,650","47,800","46,920.00","47,435.00","47,790.00","49,247.50","46,252.92",0,972,417.00,370.10,"1,422.65","7,612.49"
2020-11-04,"48,700","48,700","47,450","48,200","47,090.00","47,410.00","47,800.00","49,192.50","46,361.67",0,69,339.20,349.55,"1,353.45","7,612.42"
2020-11-05,"48,300","48,300","47,650","47,650","47,320.00","47,355.00","47,785.00","49,123.33","46,468.33",0,288,304.40,326.20,"1,318.47","7,614.03"
2020-11-06,"47,650","48,100","47,500","47,600","47,600.00","47,325.00","47,757.50","49,050.00","46,573.75",43,82,293.20,315.05,"1,266.52","7,613.49"
2020-11-09,"47,950","48,000","47,750","47,950","47,840.00","47,350.00","47,742.50","48,944.17","46,672.50",0,326,347.40,314.25,"1,171.42","7,598.74"
2020-11-10,"47,500","47,800","47,500","47,800","47,840.00","47,380.00","47,717.50","48,835.83","46,763.33",0,738,300.60,328.40,"1,127.20","7,592.68"
2020-11-11,"47,800","47,900","47,800","47,800","47,760.00","47,425.00","47,702.50","48,725.83","46,851.25",0,239,334.60,334.95,"1,045.02","7,591.90"
2020-11-12,"47,800","47,850","47,500","47,850","47,800.00","47,560.00","47,690.00","48,618.33","46,939.58",0,362,349.40,344.80,875.77,"7,592.15"
2020-11-13,"47,800","47,850","47,800","47,850","47,850.00","47,725.00","47,672.50","48,515.83","47,030.00",30,206,374.20,318.35,848.92,"7,591.45"
2020-11-16,"47,850","47,900","47,800","47,800","47,820.00","47,830.00","47,647.50","48,459.17","47,118.33",0,324,373.80,311.15,767.60,"7,591.62"
2020-11-17,"47,800","47,850","47,750","47,750","47,810.00","47,825.00","47,630.00","48,388.33","47,204.58",0,438,313.80,322.80,758.38,"7,590.62"
2020-11-18,"47,750","48,350","47,750","48,000","47,850.00","47,805.00","47,607.50","48,358.33","47,290.83",0,690,404.00,333.95,708.38,"7,595.43"
2020-11-19,"48,000","48,200","47,800","48,200","47,920.00","47,860.00","47,607.50","48,323.33","47,386.67",0,451,421.80,344.05,706.23,"7,594.30"
2020-11-20,"47,500","48,150","47,500","47,800","47,910.00","47,880.00","47,602.50","48,288.33","47,475.83",0,250,430.60,346.80,678.18,"7,592.10"
2020-11-23,"48,350","48,350","48,200","48,200","47,990.00","47,905.00","47,627.50","48,258.33","47,568.33",0,509,467.60,365.85,677.25,"7,595.23"
2020-11-24,"48,200","48,250","48,150","48,150","48,070.00","47,940.00","47,660.00","48,232.50","47,658.75",21,248,429.60,365.25,663.78,"7,594.18"
2020-11-25,"48,000","48,300","48,000","48,000","48,070.00","47,960.00","47,692.50","48,225.00","47,748.33",27,742,440.00,379.45,623.12,"7,595.13"
2020-11-26,"48,000","48,000","47,900","47,900","48,010.00","47,965.00","47,762.50","48,214.17","47,834.58",0,202,390.20,366.45,610.97,"7,593.20"
2020-11-27,"47,850","48,250","47,750","47,800","48,010.00","47,960.00","47,842.50","48,177.50","47,916.25",0,352,410.60,377.15,585.30,"7,594.94"
2020-11-30,"48,400","48,400","47,700","48,100","47,990.00","47,990.00","47,910.00","48,154.17","47,997.08",0,294,367.60,389.10,585.28,"7,593.41"
2020-12-01,"48,150","48,150","47,750","48,000","47,960.00","48,015.00","47,920.00","48,134.17","48,064.58",0,205,359.00,350.75,572.52,"7,576.62"
2020-12-02,"47,950","48,000","47,850","48,000","47,960.00","48,015.00","47,910.00","48,119.17","48,125.83",0,361,282.80,365.35,566.10,"7,552.82"
2020-12-03,"48,000","48,050","47,750","48,050","47,990.00","48,000.00","47,930.00","48,106.67","48,205.42",0,296,301.60,365.75,555.77,"7,491.11"
2020-12-04,"48,050","48,200","47,750","48,200","48,070.00","48,040.00","47,960.00","48,081.67","48,282.50",0,544,340.00,388.85,548.60,"7,467.79"
