2018-07-02,"33,450","33,450","31,350","32,050", , , , , ,0,"3,158", , , , 
2018-07-03,"32,550","32,700","32,050","32,400", , , , , ,0,209, , , , 
2018-07-04,"32,400","32,400","31,000","31,050", , , , , ,0,396, , , , 
2018-07-05,"30,950","31,700","27,900","28,000", , , , , ,0,"1,509", , , , 
2018-07-06,"27,850","29,250","26,950","29,200","30,540.00", , , , ,0,968,"1,248.00", , , 
2018-07-09,"29,200","29,800","27,950","28,050","29,740.00", , , , ,0,"1,297",875.80, , , 
2018-07-10,"28,650","28,650","28,100","28,600","28,980.00", , , , ,0,151,864.20, , , 
2018-07-11,"28,700","28,700","28,000","28,700","28,510.00", , , , ,0,536,892.20, , , 
2018-07-12,"28,800","30,400","28,650","29,200","28,750.00", , , , ,0,"2,871","1,164.60", , , 
2018-07-13,"29,650","29,650","29,000","29,650","28,840.00","29,690.00", , , ,0,485,"1,068.00", , , 
2018-07-16,"31,450","31,450","30,150","30,800","29,390.00","29,565.00", , , ,0,250,858.60, , , 
2018-07-17,"31,250","32,000","29,850","32,000","30,070.00","29,525.00", , , ,0,248,878.00, , , 
2018-07-18,"32,500","32,500","31,000","31,350","30,600.00","29,555.00", , , ,0,110,792.80, , , 
2018-07-19,"31,850","31,850","31,100","31,350","31,030.00","29,890.00", , , ,0,94,237.40, , , 
2018-07-20,"31,500","31,500","30,900","31,350","31,370.00","30,105.00", , , ,0,74,155.20, , , 
2018-07-23,"31,350","31,350","29,750","30,400","31,290.00","30,340.00", , , ,0,94,124.00, , , 
2018-07-24,"30,250","30,900","30,000","30,900","31,070.00","30,570.00", , , ,0,412,156.80, , , 
2018-07-25,"30,100","30,800","29,950","30,250","30,850.00","30,725.00", , , ,0,"1,044",343.60, , , 
2018-07-26,"30,600","30,600","29,700","30,500","30,680.00","30,855.00", , , ,0,43,333.40, , , 
2018-07-27,"30,000","30,450","29,050","29,750","30,360.00","30,865.00","30,277.50", , ,0,277,374.00,711.30, , 
2018-07-30,"30,050","30,050","29,500","29,500","30,180.00","30,735.00","30,150.00", , ,0,453,445.80,576.05, , 
2018-07-31,"29,700","29,700","29,500","29,700","29,940.00","30,505.00","30,015.00", , ,70,644,492.20,597.80, , 
2018-08-01,"29,700","29,800","29,500","29,800","29,850.00","30,350.00","29,952.50", , ,70,319,347.20,593.95, , 
2018-08-02,"29,800","29,800","29,500","29,800","29,710.00","30,195.00","30,042.50", , ,70,"1,181",574.80,577.55, , 
2018-08-03,"29,850","30,100","29,600","30,100","29,780.00","30,070.00","30,087.50", , ,0,634,646.20,560.85, , 
2018-08-06,"30,100","30,100","29,500","30,100","29,900.00","30,040.00","30,190.00", , ,30,325,620.60,512.25, , 
2018-08-07,"30,000","30,050","29,500","30,000","29,960.00","29,950.00","30,260.00", , ,70,273,546.40,518.35, , 
2018-08-08,"30,000","30,000","29,500","29,850","29,970.00","29,910.00","30,317.50", , ,70,336,549.80,508.35, , 
2018-08-09,"30,100","30,200","29,500","30,100","30,030.00","29,870.00","30,362.50", , ,70,349,383.40,382.25, , 
2018-08-10,"30,100","30,350","30,000","30,300","30,070.00","29,925.00","30,395.00", , ,0,108,278.20,363.40, , 
2018-08-13,"30,200","30,200","29,250","29,750","30,000.00","29,950.00","30,342.50", , ,0,"1,754",564.00,438.60, , 
2018-08-14,"29,250","29,850","29,000","29,450","29,890.00","29,925.00","30,215.00", , ,0,"1,271",763.60,489.75, , 
2018-08-16,"29,050","29,750","29,000","29,000","29,720.00","29,845.00","30,097.50", , ,70,621,820.60,515.30, , 
2018-08-17,"29,550","29,600","29,000","29,600","29,620.00","29,825.00","30,010.00", , ,70,303,811.40,525.75, , 
2018-08-20,"29,200","29,800","29,150","29,650","29,490.00","29,780.00","29,925.00", , ,0,"1,509","1,091.60",597.50, , 
2018-08-21,"29,300","29,650","29,200","29,550","29,450.00","29,725.00","29,882.50", , ,0,871,915.00,636.35, , 
2018-08-22,"29,250","29,750","29,050","29,750","29,510.00","29,700.00","29,825.00", , ,0,344,729.60,632.95, , 
2018-08-23,"29,350","29,700","29,300","29,650","29,640.00","29,680.00","29,795.00", , ,0,283,662.00,594.90, , 
2018-08-24,"29,400","29,550","29,300","29,550","29,630.00","29,625.00","29,747.50", , ,70,12,603.80,593.35, , 
2018-08-27,"29,600","29,600","29,200","29,500","29,600.00","29,545.00","29,735.00", , ,0,675,437.00,613.25, , 
2018-08-28,"29,700","29,700","29,350","29,550","29,600.00","29,525.00","29,737.50", , ,0,69,276.60,594.05, , 
2018-08-29,"29,550","29,550","29,550","29,550","29,560.00","29,535.00","29,730.00", , ,0,1,208.00,561.90, , 
2018-08-30,"29,550","29,550","29,000","29,400","29,510.00","29,575.00","29,710.00", , ,71,680,287.40,579.95, , 
2018-08-31,"29,500","29,500","29,300","29,500","29,500.00","29,565.00","29,695.00", , ,0,31,291.20,522.45, , 
2018-09-03,"29,500","29,600","29,500","29,550","29,510.00","29,555.00","29,667.50", , ,0,201,196.40,500.80, , 
2018-09-04,"29,100","29,800","29,100","29,750","29,550.00","29,575.00","29,650.00", , ,18,177,218.00,493.40, , 
2018-09-05,"29,850","29,900","29,500","29,850","29,610.00","29,585.00","29,642.50", , ,0,82,234.20,483.85, , 
2018-09-06,"29,750","29,800","29,650","29,800","29,690.00","29,600.00","29,640.00", , ,0,39,106.00,469.00, , 
2018-09-07,"29,850","30,700","29,850","30,500","29,890.00","29,695.00","29,660.00", , ,0,168,133.40,459.95, , 
2018-09-10,"30,550","30,850","30,100","30,800","30,140.00","29,825.00","29,685.00", , ,0,75,108.20,458.30, , 
2018-09-11,"30,850","31,150","30,450","31,150","30,420.00","29,985.00","29,755.00", , ,0,40,80.80,372.60, , 
2018-09-12,"31,200","31,200","30,000","30,000","30,450.00","30,030.00","29,782.50", , ,39,404,145.20,329.25, , 
2018-09-13,"30,000","30,700","30,000","30,700","30,630.00","30,160.00","29,867.50", , ,0,113,160.00,303.85, , 
2018-09-14,"30,850","31,850","30,550","31,850","30,900.00","30,395.00","29,980.00", , ,0,336,193.60,305.50, , 
2018-09-17,"31,500","32,100","31,400","32,100","31,160.00","30,650.00","30,102.50", , ,0,91,196.80,234.60, , 
2018-09-18,"31,750","31,750","31,250","31,250","31,180.00","30,800.00","30,187.50", , ,0,67,202.20,194.40, , 
2018-09-19,"31,500","31,500","30,350","30,350","31,250.00","30,850.00","30,217.50", , ,0,157,152.80,185.05, , 
2018-09-20,"30,350","30,550","30,350","30,500","31,210.00","30,920.00","30,260.00", , ,0,738,277.80,207.80, , 
2018-09-21,"30,500","32,800","30,500","32,500","31,340.00","31,120.00","30,407.50", , ,0,367,284.00,225.55, , 
2018-09-27,"33,100","33,100","31,000","31,100","31,140.00","31,150.00","30,487.50","30,166.67", ,44,284,322.60,206.00,510.18, 
2018-09-28,"30,600","31,100","30,600","31,100","31,110.00","31,145.00","30,565.00","30,150.83", ,0,26,314.40,203.85,457.98, 
2018-10-01,"31,250","31,400","31,150","31,350","31,310.00","31,280.00","30,655.00","30,133.33", ,0,12,285.40,204.40,454.70, 
2018-10-02,"31,700","31,700","31,700","31,700","31,550.00","31,380.00","30,770.00","30,144.17", ,0,5,138.80,170.65,448.18, 
2018-10-04,"32,100","32,200","31,050","31,050","31,260.00","31,300.00","30,847.50","30,195.00", ,0,92,83.80,173.70,424.57, 
2018-10-05,"30,650","31,700","30,650","31,700","31,380.00","31,260.00","30,955.00","30,236.67", ,0,42,35.40,165.75,409.13, 
2018-10-08,"31,950","31,950","31,000","31,650","31,490.00","31,300.00","31,050.00","30,296.67", ,0,165,63.20,165.15,390.27, 
2018-10-10,"32,000","32,000","30,700","30,700","31,360.00","31,335.00","31,092.50","30,331.67", ,0,226,106.00,172.35,391.52, 
2018-10-11,"30,000","30,800","29,000","30,500","31,120.00","31,335.00","31,127.50","30,361.67", ,0,520,209.00,196.40,391.25, 
2018-10-12,"28,350","30,600","28,350","30,500","31,010.00","31,135.00","31,127.50","30,383.33", ,55,85,207.60,192.25,344.82, 
2018-10-15,"30,800","30,800","29,750","30,350","30,740.00","31,060.00","31,105.00","30,395.00", ,0,8,200.80,188.90,336.87, 
2018-10-16,"30,350","30,350","28,600","28,600","30,130.00","30,810.00","30,977.50","30,358.33", ,2,459,259.60,209.85,340.35, 
2018-10-17,"28,800","29,200","28,800","29,200","29,830.00","30,595.00","30,937.50","30,311.67", ,58,20,218.40,190.65,336.55, 
2018-10-18,"29,200","29,200","29,200","29,200","29,570.00","30,345.00","30,862.50","30,275.83", ,0,6,115.60,185.30,334.82, 
2018-10-19,"29,150","29,150","28,500","29,000","29,270.00","30,140.00","30,720.00","30,236.67", ,0,21,102.80,169.55,333.60, 
2018-10-22,"28,500","29,350","28,500","29,350","29,070.00","29,905.00","30,582.50","30,203.33", ,70,362,173.60,183.10,338.40, 
2018-10-23,"29,400","29,650","28,900","29,500","29,250.00","29,690.00","30,495.00","30,188.33", ,0,32,88.20,181.35,337.37, 
2018-10-24,"29,750","32,050","28,800","29,000","29,210.00","29,520.00","30,427.50","30,156.67", ,66,621,208.40,204.55,340.85, 
2018-10-25,"29,150","30,800","28,600","29,500","29,270.00","29,420.00","30,377.50","30,144.17", ,0,"1,189",445.00,227.10,343.27, 
2018-10-26,"30,100","30,600","29,050","29,450","29,360.00","29,315.00","30,225.00","30,126.67", ,0,962,633.20,256.85,358.58, 
2018-10-29,"30,350","30,350","28,600","29,400","29,370.00","29,220.00","30,140.00","30,120.83", ,0,357,632.20,260.50,359.92, 
2018-10-30,"29,500","29,500","28,550","29,400","29,350.00","29,300.00","30,055.00","30,119.17", ,0,13,628.40,259.85,352.58, 
2018-10-31,"29,500","29,500","28,550","29,200","29,390.00","29,300.00","29,947.50","30,110.83", ,70,13,506.80,259.90,342.07, 
2018-11-01,"29,050","29,200","28,200","29,000","29,290.00","29,280.00","29,812.50","30,097.50", ,0,161,301.20,267.70,339.43, 
2018-11-02,"28,100","33,000","26,500","29,250","29,250.00","29,305.00","29,722.50","30,088.33", ,60,880,284.80,307.10,334.42, 
2018-11-05,"28,600","30,300","28,400","28,400","29,050.00","29,210.00","29,557.50","30,060.00", ,0,109,235.20,310.45,325.67, 
2018-11-06,"27,500","28,750","27,500","28,000","28,770.00","29,060.00","29,375.00","30,025.00", ,0,120,256.60,308.20,322.25, 
2018-11-07,"27,750","31,850","27,750","28,200","28,570.00","28,980.00","29,250.00","29,995.00", ,66,"4,033","1,060.60",498.55,384.92, 
2018-11-08,"30,450","30,500","28,750","29,100","28,590.00","28,940.00","29,180.00","29,982.50", ,0,"3,109","1,650.20",628.00,431.13, 
2018-11-09,"29,100","29,400","28,200","28,800","28,500.00","28,875.00","29,095.00","29,960.83", ,0,398,"1,553.80",643.65,431.95, 
2018-11-12,"28,500","30,000","28,000","29,800","28,780.00","28,915.00","29,067.50","29,952.50", ,60,"4,740","2,480.00",880.25,509.15, 
2018-11-13,"29,700","32,600","28,650","29,550","29,090.00","28,930.00","29,115.00","29,949.17", ,37,"10,065","4,469.00","1,360.55",647.67, 
2018-11-14,"29,950","38,400","29,050","38,400","31,130.00","29,850.00","29,575.00","30,098.33", ,18,"104,358","24,534.00","6,577.45","2,365.78", 
2018-11-15,"39,050","39,050","31,700","32,000","31,710.00","30,150.00","29,715.00","30,148.33", ,44,"41,528","32,217.80","8,653.55","3,047.57", 
2018-11-16,"33,700","33,700","31,650","31,850","32,320.00","30,410.00","29,857.50","30,185.83", ,0,"20,235","36,185.20","9,664.25","3,379.77", 
2018-11-19,"31,250","31,350","30,650","30,750","32,510.00","30,645.00","29,927.50","30,204.17", ,0,"10,807","37,398.60","10,186.50","3,534.73", 
2018-11-20,"30,500","31,400","30,500","30,850","32,770.00","30,930.00","29,995.00","30,225.83", ,0,"4,610","36,307.60","10,415.40","3,597.05", 
2018-11-21,"30,400","30,550","30,200","30,400","31,170.00","31,150.00","30,065.00","30,236.67", ,0,"7,632","16,962.40","10,765.95","3,718.52", 
2018-11-22,"30,100","31,050","30,100","30,450","30,860.00","31,285.00","30,112.50","30,250.00", ,0,"4,137","9,484.20","10,913.35","3,782.75", 
2018-11-23,"30,250","31,000","30,150","30,350","30,560.00","31,440.00","30,157.50","30,263.33", ,0,"4,478","6,332.80","11,089.15","3,857.18", 
2018-11-26,"30,150","30,600","30,150","30,450","30,500.00","31,505.00","30,210.00","30,279.17", ,0,"1,727","4,516.80","11,157.65","3,874.72", 
2018-11-27,"30,500","31,000","30,500","31,000","30,530.00","31,650.00","30,290.00","30,303.33", ,0,"1,762","3,947.20","11,245.10","3,902.93", 
2018-11-28,"31,000","31,000","30,450","30,950","30,640.00","30,905.00","30,377.50","30,326.67", ,30,"2,532","2,927.20","11,371.05","3,945.12", 
2018-11-29,"31,000","32,500","30,550","30,950","30,740.00","30,800.00","30,475.00","30,352.50", ,0,"5,819","3,263.60","11,653.95","4,030.77", 
2018-11-30,"30,600","31,200","30,500","30,750","30,820.00","30,690.00","30,550.00","30,373.33", ,0,"4,181","3,204.20","11,819.00","4,099.93", 
2018-12-03,"30,550","30,700","29,950","30,700","30,870.00","30,685.00","30,665.00","30,392.50", ,0,"5,899","4,038.60","12,108.50","4,194.90", 
2018-12-04,"30,600","35,600","30,600","32,950","31,260.00","30,895.00","30,912.50","30,445.83", ,0,"37,200","11,126.20","13,962.50","4,811.95", 
2018-12-05,"33,450","34,950","31,300","34,950","32,060.00","31,350.00","31,250.00","30,530.83", ,0,"12,093","13,038.40","14,365.50","5,012.13", 
2018-12-06,"34,350","36,000","33,300","34,750","32,820.00","31,780.00","31,532.50","30,613.33", ,0,"11,676","14,209.80","14,793.85","5,206.08", 
2018-12-07,"34,500","39,000","32,900","33,450","33,360.00","32,090.00","31,765.00","30,662.50", ,29,"33,960","20,165.60","16,471.95","5,769.28", 
2018-12-10,"33,400","34,750","32,250","33,600","33,940.00","32,405.00","31,955.00","30,709.17", ,0,"9,213","20,828.40","16,695.60","5,921.58", 
2018-12-11,"34,300","34,500","33,050","34,100","34,170.00","32,715.00","32,182.50","30,758.33", ,0,"3,076","14,003.60","16,346.15","5,972.18", 
2018-12-12,"34,100","34,100","32,100","32,400","33,660.00","32,860.00","31,882.50","30,798.33", ,0,"4,254","12,435.80","11,340.95","6,036.35", 
2018-12-13,"32,450","34,850","31,750","32,650","33,240.00","33,030.00","31,915.00","30,830.83", ,0,"7,440","11,588.60","9,636.55","6,158.47", 
2018-12-14,"32,300","33,900","31,900","32,800","33,110.00","33,235.00","31,962.50","30,846.67", ,0,"3,160","5,428.60","8,782.80","6,205.53", 
2018-12-17,"32,100","33,250","31,850","32,000","32,790.00","33,365.00","32,025.00","30,845.00", ,0,"3,459","4,277.80","8,415.40","6,261.67", 
2018-12-18,"32,150","32,600","31,500","32,250","32,420.00","33,295.00","32,095.00","30,861.67", ,0,"3,614","4,385.40","8,365.60","6,320.78", 
2018-12-19,"32,000","32,700","31,600","32,250","32,390.00","33,025.00","32,187.50","30,893.33", ,0,"4,660","4,466.60","8,217.00","6,395.83", 
2018-12-20,"32,650","32,650","31,250","31,300","32,120.00","32,680.00","32,230.00","30,906.67", ,39,"6,015","4,181.60","8,310.90","6,483.78", 
2018-12-21,"31,300","31,950","31,000","31,900","31,940.00","32,525.00","32,307.50","30,896.67", ,0,"7,109","4,971.40","8,442.45","6,596.15", 
2018-12-24,"31,900","32,550","30,750","30,800","31,700.00","32,245.00","32,325.00","30,891.67","30,529.17",0,"1,239","4,527.40","8,418.05","6,612.07","3,561.13"
2018-12-26,"30,750","30,750","29,550","29,700","31,190.00","31,805.00","32,260.00","30,868.33","30,509.58",0,"2,962","4,397.00","8,478.05","6,661.00","3,559.49"
2018-12-27,"29,700","31,350","29,700","30,800","30,900.00","31,645.00","32,252.50","30,859.17","30,496.25",0,"2,286","3,922.20","8,465.75","6,698.90","3,576.80"
2018-12-28,"31,900","32,300","30,200","30,350","30,710.00","31,415.00","32,222.50","30,836.67","30,490.42",0,433,"2,805.80","8,196.45","6,706.03","3,577.11"
2019-01-02,"30,350","30,350","30,000","30,150","30,360.00","31,150.00","32,192.50","30,821.67","30,508.33",0,"1,235","1,631.00","8,049.15","6,725.08","3,574.82"
2019-01-03,"29,850","30,450","29,750","30,250","30,250.00","30,975.00","32,170.00","30,797.50","30,517.08",0,"2,371","1,857.40","7,872.75","6,763.90","3,586.52"
2019-01-04,"29,700","30,200","29,300","29,550","30,220.00","30,705.00","32,000.00","30,762.50","30,529.58",0,"2,552","1,775.40","6,140.35","6,803.68","3,596.97"
2019-01-07,"29,000","30,000","29,000","29,600","29,980.00","30,440.00","31,732.50","30,744.17","30,537.92",0,"1,990","1,716.20","5,635.20","6,833.08","3,612.30"
2019-01-08,"29,600","31,650","28,500","30,600","30,030.00","30,370.00","31,525.00","30,745.83","30,553.75",0,"2,076","2,044.80","5,155.20","6,859.02","3,625.13"
2019-01-09,"31,200","31,900","30,000","31,750","30,350.00","30,355.00","31,440.00","30,766.67","30,575.00",20,"2,126","2,223.00","3,563.50","6,893.03","3,618.93"
2019-01-10,"31,750","32,100","30,350","30,350","30,370.00","30,310.00","31,277.50","30,766.67","30,580.83",0,449,"1,838.60","3,125.30","6,900.38","3,618.63"
2019-01-11,"30,950","31,200","30,100","31,200","30,700.00","30,460.00","31,132.50","30,810.00","30,584.17",0,545,"1,437.20","2,998.75","6,901.82","3,621.08"
2019-01-14,"30,700","31,300","30,700","31,050","30,990.00","30,485.00","31,065.00","30,840.83","30,576.25",0,247,"1,088.60","2,798.40","6,905.60","3,621.07"
2019-01-15,"31,050","31,700","30,200","30,200","30,910.00","30,470.00","30,942.50","30,857.50","30,566.67",0,323,738.00,"2,442.55","6,910.88","3,622.85"
2019-01-16,"30,650","30,650","29,900","30,000","30,560.00","30,455.00","30,802.50","30,874.17","30,555.42",0,"2,557",824.20,"2,412.40","6,953.15","3,643.38"
2019-01-17,"30,200","31,500","30,000","30,900","30,670.00","30,520.00","30,747.50","30,900.00","30,551.67",0,"1,891","1,112.60","2,334.00","6,978.63","3,658.52"
2019-01-18,"30,900","30,900","30,200","30,200","30,470.00","30,585.00","30,645.00","30,911.67","30,550.00",0,173,"1,038.20","2,161.95","6,980.98","3,659.18"
2019-01-21,"30,700","30,700","30,000","30,300","30,320.00","30,655.00","30,547.50","30,933.33","30,545.00",0,721,"1,133.00","1,965.00","6,982.65","3,661.75"
2019-01-22,"30,650","30,650","30,000","30,150","30,310.00","30,610.00","30,490.00","30,944.17","30,544.17",70,717,"1,211.80","1,700.10","6,974.78","3,659.03"
2019-01-23,"30,150","33,800","30,150","30,850","30,480.00","30,520.00","30,437.50","30,967.50","30,547.08",29,"7,360","2,172.40","1,712.65","7,081.42","3,720.00"
2019-01-24,"32,350","32,350","30,350","31,000","30,500.00","30,585.00","30,447.50","30,994.17","30,557.50",0,"6,652","3,124.60","1,983.30","7,186.33","3,773.13"
2019-01-25,"30,900","31,500","30,250","30,400","30,540.00","30,505.00","30,482.50","31,010.83","30,565.00",0,"2,548","3,599.60","1,962.60","7,228.58","3,790.58"
2019-01-28,"30,700","30,700","30,150","30,500","30,580.00","30,450.00","30,467.50","31,032.50","30,571.67",0,845,"3,624.40","1,890.55","7,242.45","3,792.26"
2019-01-29,"30,500","30,750","30,100","30,700","30,690.00","30,500.00","30,485.00","31,060.83","30,579.17",0,"1,078","3,696.60","1,922.80","7,257.73","3,798.58"
2019-01-30,"30,850","36,100","30,500","32,550","31,030.00","30,755.00","30,605.00","31,115.83","30,602.08",29,"35,207","9,266.00","3,621.40","7,829.85","4,082.13"
2019-01-31,"32,550","32,550","31,000","31,000","31,030.00","30,765.00","30,642.50","31,159.17","30,609.58",17,"4,922","8,920.00","3,748.95","7,910.07","4,117.87"
2019-02-01,"30,900","31,950","30,750","31,050","31,160.00","30,850.00","30,717.50","31,210.00","30,617.50",0,"3,230","9,056.40","3,782.85","7,961.90","4,142.07"
2019-02-07,"31,000","31,700","31,000","31,650","31,390.00","30,985.00","30,820.00","31,267.50","30,631.25",0,"2,423","9,372.00","3,804.50","7,935.07","4,159.99"
2019-02-08,"31,250","31,300","31,050","31,200","31,490.00","31,090.00","30,850.00","31,302.50","30,642.50",0,"1,927","9,541.80","3,797.05","7,915.37","4,173.25"
2019-02-11,"30,750","31,400","30,750","31,400","31,260.00","31,145.00","30,832.50","31,345.83","30,653.33",0,"1,223","2,745.00","3,751.90","7,929.12","4,180.53"
2019-02-12,"31,900","31,900","31,200","31,550","31,370.00","31,200.00","30,892.50","31,375.00","30,663.75",0,205,"1,801.60","3,739.70","7,853.53","4,181.34"
2019-02-13,"31,550","31,550","31,050","31,400","31,440.00","31,300.00","30,902.50","31,405.83","30,677.50",0,"1,970","1,549.60","3,810.95","7,718.62","4,183.14"
2019-02-14,"31,550","31,550","31,150","31,400","31,390.00","31,390.00","30,920.00","31,289.17","30,693.75",30,402,"1,145.40","3,818.70","5,986.02","4,175.90"
2019-02-15,"32,400","32,400","31,300","31,700","31,490.00","31,490.00","30,995.00","31,284.17","30,716.25",0,512,862.40,"3,828.15","5,302.42","4,174.99"
2019-02-18,"31,750","31,750","31,400","31,550","31,520.00","31,390.00","31,072.50","31,279.17","30,732.50",0,"1,041",826.00,"3,752.35","4,982.52","4,181.14"
2019-02-19,"31,950","32,500","31,350","31,900","31,590.00","31,480.00","31,122.50","31,298.33","30,751.25",0,"2,433","1,271.60","3,779.45","4,842.95","4,188.84"
2019-02-20,"32,000","32,500","31,300","32,050","31,720.00","31,580.00","31,215.00","31,318.33","30,772.08",30,"2,021","1,281.80","3,871.85","4,799.80","4,198.43"
2019-02-21,"32,650","32,650","31,100","31,400","31,720.00","31,555.00","31,270.00","31,335.00","30,785.83",39,"2,676","1,736.60","3,969.60","4,717.20","4,217.86"
2019-02-22,"31,700","31,700","31,050","31,150","31,610.00","31,550.00","31,320.00","31,346.67","30,798.33",40,903,"1,814.80","3,978.90","4,663.30","4,223.02"
2019-02-25,"31,650","31,650","31,150","31,500","31,600.00","31,560.00","31,352.50","31,365.83","30,814.58",0,"2,074","2,021.40","3,714.60","4,623.23","4,240.21"
2019-02-26,"31,650","31,950","31,450","31,650","31,550.00","31,570.00","31,385.00","31,385.83","30,832.50",0,550,"1,644.80","3,409.50","4,603.62","4,239.17"
2019-02-27,"31,850","31,850","31,000","31,450","31,430.00","31,575.00","31,437.50","31,393.33","30,848.33",0,"1,361","1,512.80","3,350.15","4,596.93","4,249.93"
2019-02-28,"31,050","31,400","30,050","30,450","31,240.00","31,480.00","31,435.00","31,385.00","30,855.83",0,"2,489","1,475.40","3,432.35","4,596.22","4,270.67"
2019-03-04,"30,450","30,800","30,000","30,800","31,170.00","31,390.00","31,440.00","31,382.50","30,867.50",0,"1,296","1,554.00","3,443.25","4,520.83","4,275.80"
2019-03-05,"30,800","31,300","30,300","30,700","31,010.00","31,305.00","31,347.50","31,381.67","30,877.50",0,464,"1,232.00","1,706.10","4,458.88","4,279.41"
2019-03-06,"31,150","31,150","30,700","30,700","30,820.00","31,185.00","31,332.50","31,381.67","30,887.08",0,71,"1,136.20","1,463.55","4,361.75","4,278.32"
2019-03-07,"31,050","31,050","30,150","30,650","30,660.00","31,045.00","31,312.50","31,343.33","30,894.58",0,586,981.20,"1,331.35","3,751.52","4,281.73"
2019-03-08,"30,800","30,800","30,000","30,400","30,650.00","30,945.00","31,250.00","31,267.50","30,899.17",0,374,558.20,"1,228.90","3,556.20","4,284.17"
2019-03-11,"30,400","30,450","30,000","30,250","30,540.00","30,855.00","31,202.50","31,192.50","30,902.92",70,214,341.80,"1,143.25","3,365.17","4,285.63"
2019-03-12,"30,600","30,800","30,300","30,800","30,560.00","30,785.00","31,172.50","31,148.33","30,905.42",0,115,272.00,"1,087.85","2,801.08","4,285.18"
2019-03-13,"30,900","30,900","30,000","30,250","30,470.00","30,645.00","31,107.50","31,092.50","30,900.83",0,"1,643",586.40,"1,159.75","2,674.92","4,298.25"
2019-03-14,"30,300","30,600","30,100","30,550","30,450.00","30,555.00","31,065.00","31,033.33","30,895.83",0,136,496.40,"1,068.05","2,625.92","4,299.05"
2019-03-15,"30,500","30,500","30,100","30,500","30,470.00","30,560.00","31,020.00","31,001.67","30,900.00",70,255,472.60,"1,060.70","2,559.27","4,297.81"
2019-03-18,"30,650","30,650","30,150","30,150","30,450.00","30,495.00","30,942.50","30,960.00","30,895.42",0,217,473.20,"1,045.95","2,438.88","4,298.68"
2019-03-19,"30,400","30,550","30,000","30,100","30,310.00","30,435.00","30,870.00","30,915.00","30,880.83",0,"1,502",750.60,"1,069.00","2,411.25","4,308.39"
2019-03-20,"30,000","30,800","30,000","30,550","30,370.00","30,420.00","30,802.50","30,890.83","30,867.92",70,357,493.40,965.20,"2,359.55","4,310.61"
2019-03-21,"30,550","31,450","30,050","30,450","30,350.00","30,400.00","30,722.50","30,860.83","30,861.25",0,931,652.40,910.70,"2,314.83","4,317.81"
2019-03-22,"30,750","30,850","30,250","30,700","30,390.00","30,430.00","30,687.50","30,835.00","30,864.17",0,292,659.80,791.50,"2,242.03","4,318.93"
2019-03-25,"31,150","31,150","30,350","30,450","30,450.00","30,450.00","30,652.50","30,820.83","30,863.75",0,324,681.20,762.55,"2,147.18","4,315.48"
2019-03-26,"30,050","31,000","30,050","30,400","30,510.00","30,410.00","30,597.50","30,795.83","30,846.25",54,468,474.40,682.25,"2,036.50","4,316.32"
2019-03-27,"30,900","30,900","30,050","30,400","30,480.00","30,425.00","30,535.00","30,789.17","30,840.42",70,163,435.60,662.90,"2,018.57","4,315.32"
2019-03-28,"30,900","31,800","30,050","30,250","30,440.00","30,395.00","30,475.00","30,798.33","30,833.33",70,512,351.80,620.45,"1,977.73","4,319.37"
2019-03-29,"30,500","31,400","30,200","30,750","30,450.00","30,420.00","30,490.00","30,797.50","30,828.33",0,857,464.80,538.85,"1,953.92","4,326.41"
2019-04-01,"31,300","31,300","30,000","30,400","30,440.00","30,445.00","30,470.00","30,798.33","30,817.50",39,"1,805",761.00,564.30,"1,976.78","4,341.41"
2019-04-02,"30,400","31,050","30,200","31,050","30,570.00","30,540.00","30,487.50","30,813.33","30,817.50",0,473,762.00,564.75,"1,964.08","4,344.58"
2019-04-03,"31,150","31,200","30,600","31,000","30,690.00","30,585.00","30,502.50","30,825.83","30,811.67",0,189,767.20,570.65,"1,927.72","4,345.81"
2019-04-04,"31,200","31,450","30,750","31,000","30,840.00","30,640.00","30,520.00","30,850.00","30,806.25",0,90,682.80,545.85,"1,886.68","4,345.18"
2019-04-05,"31,500","31,500","30,350","30,550","30,800.00","30,625.00","30,527.50","30,865.83","30,805.00",0,482,607.80,551.25,"1,861.55","4,347.32"
2019-04-08,"30,600","30,750","30,350","30,750","30,870.00","30,655.00","30,552.50","30,868.33","30,807.08",0,125,271.80,546.80,"1,829.03","4,344.02"
2019-04-09,"30,700","30,750","30,350","30,750","30,810.00","30,690.00","30,550.00","30,851.67","30,809.17",30,100,197.20,546.05,"1,795.27","4,344.15"
2019-04-10,"30,800","31,200","30,500","30,750","30,760.00","30,725.00","30,575.00","30,858.33","30,812.50",0,433,246.00,485.55,"1,795.00","4,347.69"
2019-04-11,"31,100","31,100","30,450","30,750","30,710.00","30,775.00","30,585.00","30,850.83","30,830.42",0,330,294.00,495.25,"1,791.42","4,346.62"
2019-04-12,"30,900","31,000","30,550","30,750","30,750.00","30,775.00","30,597.50","30,845.83","30,843.33",0,117,221.00,488.35,"1,789.25","4,347.43"
2019-04-15,"31,200","31,500","30,550","31,400","30,880.00","30,875.00","30,660.00","30,865.83","30,861.67",0,670,330.00,511.00,"1,795.03","4,352.96"
2019-04-16,"31,500","32,100","30,800","32,000","31,130.00","30,970.00","30,755.00","30,899.17","30,886.67",0,965,503.00,484.15,"1,768.50","4,360.82"
2019-04-17,"31,500","34,500","31,500","33,350","31,650.00","31,205.00","30,895.00","30,940.00","30,920.00",0,"24,503","5,317.00","1,691.45","2,145.37","4,562.00"
2019-04-18,"33,000","33,300","31,300","31,400","31,780.00","31,245.00","30,942.50","30,960.00","30,935.83",0,"9,852","7,221.40","2,137.50","2,306.68","4,643.83"
2019-04-19,"31,400","38,350","30,300","32,550","32,140.00","31,445.00","31,035.00","30,997.50","30,965.42",0,"41,964","15,590.80","4,221.10","2,994.07","4,988.36"
2019-04-22,"33,250","34,000","32,250","32,600","32,380.00","31,630.00","31,142.50","31,038.33","30,991.25",0,"8,894","17,235.60","4,649.60","3,130.35","5,052.57"
2019-04-23,"33,450","37,950","32,500","33,950","32,770.00","31,950.00","31,320.00","31,090.00","31,028.75",0,"34,748","23,992.20","6,363.60","3,586.82","5,334.12"
2019-04-24,"34,100","34,100","32,200","32,200","32,540.00","32,095.00","31,410.00","31,110.00","31,052.08",39,"4,257","19,943.00","6,568.30","3,546.90","5,366.62"
2019-04-25,"32,850","33,750","31,550","32,300","32,720.00","32,250.00","31,512.50","31,141.67","31,076.25",0,"3,445","18,661.60","6,714.95","3,561.85","5,395.22"
2019-04-26,"31,750","32,900","31,750","32,400","32,690.00","32,415.00","31,595.00","31,173.33","31,102.92",0,"1,390","10,546.80","6,741.60","3,570.93","5,406.69"
2019-04-29,"31,650","33,000","31,650","33,000","32,770.00","32,575.00","31,725.00","31,211.67","31,136.25",0,"1,359","9,039.80","6,719.30","3,575.62","5,416.68"
2019-04-30,"33,450","33,450","32,500","33,200","32,620.00","32,695.00","31,832.50","31,222.50","31,169.17",0,"1,931","2,476.40","6,792.20","3,021.02","5,425.43"
2019-05-02,"33,200","33,500","33,000","33,500","32,880.00","32,710.00","31,957.50","31,264.17","31,211.67",0,999,"1,824.80","6,832.70","2,955.63","5,432.85"
2019-05-03,"33,500","33,750","33,300","33,500","33,120.00","32,920.00","32,082.50","31,305.00","31,257.50",0,528,"1,241.40","6,854.60","2,910.60","5,436.25"
2019-05-07,"33,650","33,650","32,800","32,800","33,200.00","32,945.00","32,195.00","31,324.17","31,295.83",0,775,"1,118.40","6,869.25","2,883.13","5,409.10"
2019-05-08,"32,800","32,800","32,250","32,400","33,080.00","32,925.00","32,277.50","31,344.17","31,323.33",0,543,955.20,"6,890.15","2,860.07","5,387.72"
2019-05-09,"32,900","32,900","32,000","32,000","32,840.00","32,730.00","32,340.00","31,354.17","31,350.00",0,499,668.80,"6,910.10","2,848.00","5,388.56"
2019-05-10,"32,000","32,650","31,500","32,400","32,620.00","32,750.00","32,422.50","31,368.33","31,371.67",0,608,590.60,"6,918.85","2,854.72","5,354.13"
2019-05-13,"32,650","33,150","30,800","31,250","32,170.00","32,645.00","32,447.50","31,365.83","31,385.83",0,"1,055",696.00,"6,955.10","2,839.47","5,279.04"
2019-05-14,"31,250","31,550","30,050","31,000","31,810.00","32,505.00","32,460.00","31,359.17","31,324.17",0,657,672.40,"6,982.10","2,843.72","4,414.87"
2019-05-15,"31,000","32,000","31,000","31,800","31,690.00","32,385.00","32,480.00","31,360.83","31,322.50",0,519,667.60,"6,974.55","2,843.83","4,073.13"
2019-05-16,"31,800","31,800","30,800","31,700","31,630.00","32,235.00","32,465.00","31,363.33","31,321.25",0,555,678.80,"6,954.05","2,835.73","3,909.13"
2019-05-17,"31,800","32,700","31,800","32,500","31,650.00","32,135.00","32,422.50","31,373.33","31,335.83",0,345,626.20,"5,746.15","2,800.93","3,821.94"
2019-05-20,"32,500","32,500","31,650","32,350","31,870.00","32,020.00","32,470.00","31,378.33","31,348.33",0,253,465.80,"5,266.20","2,771.47","3,785.63"
2019-05-21,"32,150","32,150","30,150","31,750","32,020.00","31,915.00","32,430.00","31,384.17","31,359.58",71,370,408.40,"3,186.50","2,733.03","3,725.12"
2019-05-22,"31,750","32,350","30,800","30,800","31,820.00","31,755.00","32,340.00","31,378.33","31,362.50",0,870,478.60,"2,785.30","2,732.48","3,697.89"
2019-05-23,"31,400","32,000","31,150","31,600","31,800.00","31,715.00","32,222.50","31,380.00","31,372.92",0,698,507.20,"1,082.80","2,709.55","3,666.39"
2019-05-24,"31,000","31,850","30,700","31,000","31,500.00","31,575.00","32,162.50","31,369.17","31,377.50",0,283,494.80,884.10,"2,705.10","3,654.36"
2019-05-27,"31,000","31,500","30,150","30,500","31,130.00","31,500.00","32,072.50","31,353.33","31,373.33",0,"1,163",676.80,770.00,"2,701.80","3,649.37"
2019-05-28,"30,500","31,950","30,500","31,000","30,980.00","31,500.00","32,002.50","31,362.50","31,373.75",0,434,689.60,722.20,"2,667.55","3,631.88"
2019-05-29,"31,800","31,800","30,350","30,900","31,000.00","31,410.00","31,897.50","31,364.17","31,373.33",0,652,646.00,686.85,"2,656.82","3,588.82"
2019-05-30,"30,900","31,700","30,900","31,300","30,940.00","31,370.00","31,802.50","31,374.17","31,377.92",0,"1,243",755.00,652.45,"2,669.80","3,564.34"
2019-05-31,"31,800","31,800","30,400","31,000","30,940.00","31,220.00","31,677.50","31,379.17","31,380.42",0,478,794.00,626.40,"2,676.58","3,519.17"
2019-06-03,"31,000","31,150","30,600","30,950","31,030.00","31,080.00","31,550.00","31,384.17","31,363.75",0,804,722.20,640.20,"2,680.22","3,215.87"
2019-06-04,"31,400","33,000","30,500","30,650","30,960.00","30,970.00","31,442.50","31,388.33","31,327.92",66,"4,130","1,461.40",807.95,"2,742.82","3,149.51"
2019-06-05,"30,700","31,250","30,200","30,300","30,840.00","30,920.00","31,337.50","31,389.17","31,290.83",0,"1,745","1,680.00",868.05,"2,768.33","3,066.75"
2019-06-07,"30,250","30,800","30,250","30,750","30,730.00","30,835.00","31,275.00","31,388.33","31,268.33",0,744,"1,580.20",880.30,"2,778.82","2,789.95"
2019-06-10,"30,200","31,150","30,200","30,700","30,670.00","30,805.00","31,190.00","31,395.83","31,244.17",0,"2,035","1,891.60",951.65,"2,785.35","2,730.13"
2019-06-11,"30,250","31,500","30,250","30,950","30,670.00","30,850.00","31,175.00","31,402.50","31,217.92",0,"2,649","2,260.60","1,031.35","2,827.23","2,726.57"
2019-06-12,"31,400","31,450","30,800","30,950","30,730.00","30,845.00","31,172.50","31,410.00","31,205.83",0,"1,538","1,742.20","1,075.40","2,848.62","2,703.94"
2019-06-13,"31,150","31,600","30,500","30,750","30,820.00","30,830.00","31,120.00","31,420.00","31,190.00",0,934,"1,580.00","1,096.15","2,860.57","2,649.72"
2019-06-14,"31,000","31,300","30,800","30,900","30,850.00","30,790.00","31,080.00","31,433.33","31,174.17",0,130,"1,457.20","1,074.90","2,837.70","2,624.47"
2019-06-17,"30,900","30,900","30,500","30,700","30,850.00","30,760.00","30,990.00","31,435.83","31,163.33",0,321,"1,114.40","1,073.70","2,837.10","2,598.32"
2019-06-18,"30,700","30,800","30,500","30,700","30,800.00","30,735.00","30,907.50","31,440.00","31,150.42",70,419,668.40,"1,082.00","2,828.57","2,571.70"
2019-06-19,"31,200","31,300","30,650","30,800","30,770.00","30,750.00","30,860.00","31,441.67","31,138.33",0,451,451.00,"1,086.05","2,831.22","2,536.63"
2019-06-20,"31,300","31,300","30,800","31,100","30,840.00","30,830.00","30,875.00","31,452.50","31,136.67",0,836,431.40,"1,084.35","2,839.75","2,493.47"
2019-06-21,"32,000","32,000","31,000","31,200","30,900.00","30,875.00","30,855.00","31,465.83","31,130.83",0,679,541.20,"1,083.40","2,843.27","2,439.88"
2019-06-24,"31,800","31,800","30,700","30,700","30,900.00","30,875.00","30,840.00","31,470.83","31,130.00",2,341,545.20,"1,086.30","2,846.23","2,432.40"
2019-06-25,"31,200","31,350","30,450","30,750","30,910.00","30,855.00","30,852.50","31,479.17","31,138.75",69,895,640.40,"1,072.90","2,852.62","2,415.18"
2019-06-26,"30,200","31,150","30,100","30,500","30,850.00","30,810.00","30,827.50","31,475.00","31,136.25",66,"3,226","1,195.40","1,212.50","2,892.10","2,423.01"
2019-06-27,"30,350","31,300","30,350","30,450","30,720.00","30,780.00","30,805.00","31,475.83","31,137.08",66,"1,066","1,241.40","1,233.20","2,879.78","2,428.28"
2019-06-28,"30,900","30,900","30,550","30,800","30,640.00","30,770.00","30,780.00","31,471.67","31,142.50",0,160,"1,137.60","1,179.05","2,874.57","2,419.32"
2019-07-01,"31,200","31,500","30,800","30,800","30,660.00","30,780.00","30,770.00","31,468.33","31,147.08",0,414,"1,152.20","1,175.85","2,878.32","2,403.02"
2019-07-02,"31,200","31,200","30,800","31,000","30,710.00","30,810.00","30,772.50","31,468.33","31,159.17",0,223,"1,017.80","1,146.80","2,880.53","2,383.61"
2019-07-03,"31,800","31,800","30,700","30,750","30,760.00","30,805.00","30,777.50","31,471.67","31,168.75",2,210,414.60,950.80,"2,876.00","2,368.78"
2019-07-04,"31,200","31,500","30,350","30,800","30,830.00","30,775.00","30,802.50","31,472.50","31,170.42",69,131,227.60,870.10,"2,876.10","2,352.57"
2019-07-05,"30,800","31,800","30,300","30,750","30,820.00","30,730.00","30,802.50","31,472.50","31,162.08",0,"2,597",715.00,962.75,"2,917.72","2,356.49"
2019-07-08,"30,900","30,900","30,250","30,400","30,740.00","30,700.00","30,787.50","31,466.67","31,162.50",0,530,738.20,887.50,"2,919.33","2,357.17"
2019-07-09,"30,850","30,850","30,150","30,500","30,640.00","30,675.00","30,765.00","31,462.50","31,156.67",0,73,708.20,758.70,"2,915.05","2,353.23"
2019-07-10,"30,800","30,800","30,000","30,300","30,550.00","30,655.00","30,732.50","31,455.00","31,150.42",0,589,784.00,711.25,"2,922.92","2,356.08"
2019-07-11,"30,550","30,550","30,000","30,400","30,470.00","30,650.00","30,715.00","31,438.33","31,152.08",70,78,773.40,668.45,"2,913.05","2,354.04"
2019-07-12,"30,400","30,400","30,250","30,400","30,400.00","30,610.00","30,690.00","31,411.67","31,155.42",0,123,278.60,668.10,"2,899.02","2,333.76"
2019-07-15,"30,700","30,700","30,000","30,500","30,420.00","30,580.00","30,680.00","31,364.17","31,152.08",0,768,326.20,690.45,"2,503.43","2,324.40"
2019-07-16,"30,500","30,500","30,050","30,350","30,390.00","30,515.00","30,662.50","31,346.67","31,153.33",0,"1,098",531.20,724.40,"2,357.53","2,332.11"
2019-07-17,"30,350","30,350","29,600","30,000","30,330.00","30,440.00","30,622.50","31,304.17","31,150.83",0,911,595.60,747.40,"1,673.32","2,333.69"
2019-07-18,"29,850","29,900","29,100","29,850","30,220.00","30,345.00","30,560.00","31,258.33","31,148.33",46,941,768.20,752.65,"1,540.77","2,335.56"
2019-07-19,"29,850","29,850","29,500","29,850","30,110.00","30,255.00","30,492.50","31,190.00","31,140.00",0,63,756.20,721.85,962.68,"2,274.75"
2019-07-22,"30,150","30,150","29,750","29,750","29,960.00","30,190.00","30,445.00","31,149.17","31,129.58",0,58,614.20,707.70,892.70,"2,219.80"
2019-07-23,"29,500","30,150","29,500","30,150","29,920.00","30,155.00","30,415.00","31,113.33","31,127.50",0,380,470.60,681.95,841.62,"2,201.73"
2019-07-24,"29,850","29,950","29,300","29,350","29,790.00","30,060.00","30,357.50","31,062.50","31,117.92",0,783,445.00,559.80,831.50,"2,201.22"
2019-07-25,"29,500","29,950","28,450","28,950","29,610.00","29,915.00","30,282.50","30,995.00","31,103.33",0,"1,969",650.60,604.95,841.67,"2,208.64"
2019-07-26,"29,450","29,450","28,300","28,550","29,350.00","29,730.00","30,170.00","30,917.50","31,070.00",0,141,666.20,604.00,811.83,"1,916.43"
2019-07-29,"28,150","29,000","27,200","27,600","28,920.00","29,440.00","30,010.00","30,819.17","31,041.67",0,"1,889","1,032.40",677.75,826.67,"1,891.15"
2019-07-30,"27,800","28,900","27,800","27,950","28,480.00","29,200.00","29,857.50","30,726.67","31,015.83",66,428,"1,042.00",688.00,825.00,"1,867.80"
2019-07-31,"28,400","28,500","28,000","28,200","28,250.00","29,020.00","29,730.00","30,650.00","30,987.08",0,136,912.60,684.30,814.35,"1,848.74"
2019-08-01,"28,200","29,300","27,850","27,850","28,030.00","28,820.00","29,582.50","30,574.17","30,959.17",66,825,683.80,719.00,819.05,"1,839.56"
2019-08-02,"27,500","28,000","27,350","27,900","27,900.00","28,625.00","29,440.00","30,505.83","30,930.00",0,212,698.00,599.75,814.27,"1,831.13"
2019-08-05,"28,800","28,800","26,700","26,700","27,720.00","28,320.00","29,255.00","30,410.83","30,889.58",2,714,463.00,608.95,816.03,"1,835.38"
2019-08-06,"26,600","28,000","26,100","27,600","27,650.00","28,065.00","29,110.00","30,350.00","30,857.92",9,204,418.20,615.50,801.85,"1,820.66"
2019-08-07,"28,000","28,000","27,100","27,100","27,430.00","27,840.00","28,950.00","30,285.00","30,822.08",0,130,417.00,592.55,793.07,"1,818.39"
2019-08-08,"27,800","28,050","27,250","27,600","27,380.00","27,705.00","28,810.00","30,215.00","30,787.92",0,282,308.40,602.75,789.12,"1,816.47"
2019-08-09,"28,500","29,300","27,600","27,950","27,390.00","27,645.00","28,687.50","30,152.50","30,757.92",0,"1,866",639.20,689.90,810.97,"1,823.35"
2019-08-12,"27,550","28,700","27,000","27,950","27,640.00","27,680.00","28,560.00","30,076.67","30,725.00",0,270,550.40,665.00,809.72,"1,805.33"
2019-08-13,"28,450","28,450","27,200","27,200","27,560.00","27,605.00","28,402.50","29,990.83","30,684.58",0,573,624.20,638.75,815.05,"1,793.26"
2019-08-14,"27,350","28,000","27,200","27,450","27,630.00","27,530.00","28,275.00","29,919.17","30,651.67",70,244,647.00,605.40,812.95,"1,772.99"
2019-08-16,"27,450","27,900","27,200","27,600","27,630.00","27,505.00","28,162.50","29,865.83","30,622.08",70,97,610.00,563.20,800.07,"1,766.28"
2019-08-19,"27,850","27,850","27,650","27,800","27,600.00","27,495.00","28,060.00","29,802.50","30,591.25",0,12,239.20,560.65,788.63,"1,749.09"
2019-08-20,"28,000","28,650","27,400","28,650","27,740.00","27,690.00","28,005.00","29,763.33","30,566.25",0,"1,870",559.20,651.25,815.08,"1,760.09"
2019-08-21,"28,900","29,400","28,000","28,200","27,940.00","27,750.00","27,907.50","29,725.00","30,539.17",0,137,472.00,639.10,797.98,"1,749.89"
2019-08-22,"28,900","28,900","27,500","27,800","28,010.00","27,820.00","27,830.00","29,671.67","30,517.08",0,"1,297",682.60,664.80,812.37,"1,739.96"
2019-08-23,"27,800","28,050","27,350","28,050","28,100.00","27,865.00","27,785.00","29,624.17","30,494.17",0,288,720.80,580.75,806.30,"1,731.56"
2019-08-26,"27,800","27,950","27,350","27,350","28,010.00","27,805.00","27,725.00","29,558.33","30,466.25",0,345,787.40,590.95,791.33,"1,730.57"
2019-08-27,"27,650","27,850","27,550","27,850","27,850.00","27,795.00","27,737.50","29,505.83","30,442.50",0,74,428.20,500.20,784.60,"1,730.59"
2019-08-28,"28,400","28,500","27,400","28,050","27,820.00","27,880.00","27,742.50","29,457.50","30,420.83",0,716,544.00,514.60,783.13,"1,731.68"
2019-08-29,"28,600","28,600","27,800","28,000","27,860.00","27,935.00","27,732.50","29,413.33","30,400.83",0,114,307.40,513.50,716.20,"1,729.51"
2019-08-30,"28,600","28,600","27,700","28,050","27,860.00","27,980.00","27,742.50","29,375.83","30,382.50",30,66,263.00,475.55,688.22,"1,728.28"
2019-09-02,"28,000","28,600","27,800","28,100","28,010.00","28,010.00","27,752.50","29,331.67","30,360.00",30,99,213.80,469.90,677.47,"1,728.14"
2019-09-03,"28,450","28,650","28,100","28,100","28,060.00","27,955.00","27,822.50","29,288.33","30,342.08",0,8,200.60,434.60,643.68,"1,714.52"
2019-09-04,"28,350","28,350","27,700","28,100","28,070.00","27,945.00","27,847.50","29,240.83","30,321.67",0,236,104.60,436.20,603.47,"1,715.35"
2019-09-05,"28,450","28,450","28,250","28,250","28,120.00","27,990.00","27,905.00","29,195.83","30,302.92",0,45,90.80,431.95,578.58,"1,713.60"
2019-09-06,"28,400","28,400","27,800","27,950","28,100.00","27,980.00","27,922.50","29,149.17","30,284.58",0,43,86.20,420.00,563.73,"1,712.15"
2019-09-09,"27,700","28,000","27,250","27,250","27,930.00","27,970.00","27,887.50","29,088.33","30,260.83",0,"1,290",324.40,391.20,583.07,"1,710.38"
2019-09-10,"28,000","28,100","28,000","28,100","27,930.00","27,995.00","27,895.00","29,045.00","30,240.42",0,413,405.40,398.35,584.60,"1,710.85"
2019-09-11,"28,000","29,000","27,350","28,050","27,920.00","27,995.00","27,937.50","29,000.83","30,220.42",0,659,490.00,402.65,588.60,"1,708.58"
2019-09-16,"28,500","28,700","28,000","28,200","27,910.00","28,015.00","27,975.00","28,957.50","30,199.58",0,436,568.20,412.25,588.35,"1,709.78"
2019-09-17,"28,600","28,600","27,800","28,250","27,970.00","28,035.00","28,007.50","28,910.00","30,181.25",0,258,611.20,420.30,578.72,"1,709.23"
2019-09-18,"28,550","28,550","28,050","28,150","28,150.00","28,040.00","28,025.00","28,859.17","30,162.50",0,50,363.20,422.20,568.23,"1,705.75"
2019-09-19,"28,150","31,250","28,000","28,250","28,180.00","28,055.00","28,005.00","28,818.33","30,144.58",29,"3,500",980.60,503.70,620.88,"1,733.56"
2019-09-20,"28,250","28,500","27,800","28,250","28,220.00","28,070.00","28,007.50","28,776.67","30,127.92",0,"1,327","1,114.20",563.20,628.08,"1,740.35"
2019-09-23,"28,250","29,050","27,600","28,050","28,190.00","28,050.00","28,020.00","28,735.83","30,105.42",0,"1,410","1,309.00",568.85,597.82,"1,744.96"
2019-09-24,"27,850","27,950","27,600","27,700","28,080.00","28,025.00","28,002.50","28,690.00","30,082.92",0,782,"1,413.80",593.55,593.08,"1,736.43"
2019-09-25,"27,600","28,000","27,500","27,850","28,020.00","28,085.00","28,027.50","28,640.83","30,056.25",0,891,"1,582.00",620.85,605.27,"1,739.92"
2019-09-26,"28,150","28,150","27,500","27,650","27,900.00","28,040.00","28,017.50","28,588.33","30,028.33",70,380,958.00,636.15,604.70,"1,741.51"
2019-09-27,"27,850","28,150","27,500","28,050","27,860.00","28,040.00","28,017.50","28,539.17","30,003.75",70,426,777.80,621.65,608.08,"1,744.31"
2019-09-30,"28,050","28,400","27,500","27,750","27,800.00","27,995.00","28,005.00","28,489.17","29,980.42",0,791,654.00,655.50,617.77,"1,746.88"
2019-10-01,"27,500","27,850","27,500","27,800","27,820.00","27,950.00","27,992.50","28,439.17","29,955.83",70,48,507.20,654.60,616.38,"1,746.24"
2019-10-02,"27,800","27,800","27,550","27,550","27,760.00","27,890.00","27,965.00","28,385.83","29,929.17",0,12,331.40,650.25,573.30,"1,745.51"
2019-10-04,"27,550","27,550","27,300","27,300","27,690.00","27,795.00","27,925.00","28,334.17","29,900.42",0,107,276.80,655.20,566.25,"1,742.79"
2019-10-07,"27,800","27,800","27,450","27,450","27,570.00","27,715.00","27,892.50","28,283.33","29,872.92",0,18,195.20,644.30,565.33,"1,740.19"
2019-10-08,"27,800","27,800","27,500","27,600","27,540.00","27,670.00","27,860.00","28,238.33","29,846.67",0,74,51.80,645.75,556.75,"1,739.83"
2019-10-10,"27,300","27,700","27,300","27,350","27,450.00","27,635.00","27,830.00","28,187.50","29,812.92",0,104,63.00,648.80,557.18,"1,735.12"
2019-10-11,"27,800","27,800","26,800","26,800","27,300.00","27,530.00","27,807.50","28,127.50","29,769.58",2,"1,606",381.80,664.60,581.90,"1,740.46"
2019-10-14,"26,950","27,400","26,800","27,200","27,280.00","27,485.00","27,762.50","28,072.50","29,718.33",70,235,407.40,655.70,573.02,"1,538.22"
2019-10-15,"27,200","27,750","26,800","27,550","27,300.00","27,435.00","27,737.50","28,025.83","29,686.25",70,767,557.20,661.10,567.50,"1,462.52"
2019-10-16,"27,800","27,800","27,000","27,450","27,270.00","27,405.00","27,700.00","27,983.33","29,643.75",0,402,622.80,659.40,559.02,"1,116.17"
2019-10-17,"27,450","27,700","27,250","27,250","27,250.00","27,350.00","27,650.00","27,940.00","29,599.17",0,726,747.20,682.80,555.43,"1,048.10"
2019-10-18,"27,700","28,800","27,650","28,000","27,490.00","27,395.00","27,642.50","27,909.17","29,549.58",29,"1,586",743.20,759.60,580.82,771.75
2019-10-21,"27,000","28,000","27,000","27,950","27,640.00","27,460.00","27,627.50","27,879.17","29,514.17",18,146,725.40,591.90,582.28,737.49
2019-10-22,"27,950","27,950","27,650","27,950","27,720.00","27,510.00","27,612.50","27,842.50","29,477.92",0,366,645.20,543.85,582.05,711.83
2019-10-23,"27,950","27,950","27,750","27,900","27,810.00","27,540.00","27,605.00","27,818.33","29,440.42",30,11,567.00,473.90,569.18,700.34
2019-10-24,"27,900","27,900","27,550","27,800","27,920.00","27,585.00","27,610.00","27,799.17","29,397.08",0,185,458.80,444.05,539.45,690.56
2019-10-25,"27,800","28,400","27,550","27,900","27,900.00","27,695.00","27,612.50","27,788.33","29,352.92",0,287,199.00,413.85,541.88,676.86
2019-10-28,"28,200","28,800","27,350","27,500","27,810.00","27,725.00","27,605.00","27,786.67","29,302.92",39,544,278.60,422.05,519.47,673.07
2019-10-29,"27,350","27,850","27,350","27,850","27,790.00","27,755.00","27,595.00","27,785.00","29,255.83",70,367,278.80,419.10,518.45,671.73
2019-10-30,"27,850","30,000","27,850","28,000","27,810.00","27,810.00","27,607.50","27,781.67","29,215.83",29,"1,647",606.00,461.90,543.63,678.99
2019-10-31,"28,850","28,850","28,000","28,000","27,850.00","27,885.00","27,617.50","27,784.17","29,179.17",0,153,599.60,467.15,532.43,675.74
2019-11-01,"27,650","28,500","27,650","27,950","27,860.00","27,880.00","27,637.50","27,785.00","29,145.42",0,94,561.00,471.25,530.47,672.37
2019-11-04,"28,400","28,500","27,550","27,550","27,870.00","27,840.00","27,650.00","27,799.17","29,105.00",39,359,524.00,483.85,524.55,670.29
2019-11-05,"27,550","28,200","27,550","28,200","27,940.00","27,865.00","27,687.50","27,809.17","29,079.58",70,73,465.20,486.60,522.37,662.11
2019-11-06,"28,200","29,500","28,200","28,400","28,020.00","27,915.00","27,727.50","27,830.83","29,057.92",29,157,167.20,490.75,522.82,657.94
2019-11-07,"29,250","29,300","27,850","28,200","28,060.00","27,955.00","27,770.00","27,840.83","29,027.92",0,347,206.00,502.90,523.90,656.51
2019-11-08,"28,200","28,550","28,150","28,550","28,180.00","28,020.00","27,857.50","27,850.83","29,001.67",0,122,211.60,428.70,494.83,652.90
2019-11-11,"28,550","29,750","28,400","28,750","28,420.00","28,145.00","27,935.00","27,864.17","28,970.42",0,411,222.00,437.50,497.18,653.45
2019-11-12,"28,850","29,050","28,000","28,300","28,440.00","28,190.00","27,972.50","27,882.50","28,936.67",0,"1,431",493.60,470.70,511.48,663.27
2019-11-13,"28,450","28,500","28,000","28,200","28,400.00","28,210.00","28,010.00","27,895.00","28,907.08",0,241,510.40,462.65,511.43,662.19
2019-11-14,"28,000","28,350","28,000","28,350","28,430.00","28,245.00","28,065.00","27,907.50","28,886.67",0,534,547.80,453.05,518.72,659.39
2019-11-15,"28,300","29,600","28,000","28,650","28,450.00","28,315.00","28,097.50","27,921.67","28,862.08",0,274,578.20,387.45,523.08,655.86
2019-11-18,"28,950","29,100","28,200","28,600","28,420.00","28,420.00","28,130.00","27,920.83","28,842.08",0,343,564.60,397.30,497.63,656.36
2019-11-19,"28,600","28,600","28,600","28,600","28,480.00","28,460.00","28,162.50","27,927.50","28,826.25",0,1,278.60,379.05,495.37,646.67
2019-11-20,"28,600","28,600","28,300","28,600","28,560.00","28,480.00","28,197.50","27,940.83","28,806.25",30,114,253.20,384.20,475.65,644.01
2019-11-21,"28,100","28,100","27,400","27,650","28,420.00","28,425.00","28,190.00","27,934.17","28,779.17",0,291,204.60,389.50,475.70,641.00
2019-11-22,"27,350","31,100","27,350","29,750","28,640.00","28,545.00","28,282.50","27,974.17","28,766.25",60,839,317.60,417.10,483.93,637.63
2019-11-25,"29,750","29,750","28,150","28,150","28,550.00","28,485.00","28,315.00","27,979.17","28,742.50",2,534,355.80,416.60,491.60,638.10
2019-11-26,"28,150","28,450","28,150","28,150","28,460.00","28,470.00","28,330.00","27,980.83","28,719.17",70,124,380.40,404.45,481.73,632.43
2019-11-27,"28,000","29,000","28,000","28,750","28,490.00","28,525.00","28,367.50","27,993.33","28,703.33",0,418,441.20,343.00,486.80,601.50
2019-11-28,"28,400","28,600","28,000","28,400","28,640.00","28,530.00","28,387.50","27,999.17","28,687.50",0,354,453.80,353.05,491.60,589.91
2019-11-29,"28,400","28,400","28,000","28,000","28,290.00","28,465.00","28,390.00","27,997.50","28,664.58",0,163,318.60,356.50,492.67,585.07
2019-12-02,"27,650","31,700","27,650","28,250","28,310.00","28,430.00","28,425.00","28,000.00","28,644.17",66,"2,735",758.80,475.30,538.12,590.90
2019-12-03,"28,250","28,800","28,250","28,500","28,380.00","28,420.00","28,440.00","28,006.67","28,623.75",0,294,792.80,486.35,539.08,571.27
2019-12-04,"29,350","29,400","28,250","28,500","28,330.00","28,410.00","28,445.00","28,010.83","28,603.33",0,"3,010","1,311.20",629.00,588.50,583.54
2019-12-05,"29,000","29,900","27,500","27,800","28,210.00","28,425.00","28,425.00","28,008.33","28,578.75",0,"7,191","2,678.60",971.20,707.63,635.68
2019-12-06,"27,900","28,800","27,500","28,300","28,270.00","28,280.00","28,412.50","28,025.83","28,557.08",70,"2,526","3,151.20","1,091.40",728.23,655.65
2019-12-09,"28,300","28,300","27,700","27,900","28,200.00","28,255.00","28,370.00","28,022.50","28,533.75",0,761,"2,756.40","1,108.90",734.03,659.32
2019-12-10,"28,200","28,300","27,600","27,600","28,020.00","28,200.00","28,335.00","28,015.00","28,507.92",0,"1,180","2,933.60","1,096.35",742.72,665.66
2019-12-11,"27,750","28,000","27,400","27,850","27,890.00","28,110.00","28,317.50","28,009.17","28,483.33",0,677,"2,467.00","1,118.15",746.73,667.54
2019-12-12,"27,850","27,850","27,600","27,750","27,880.00","28,045.00","28,287.50","28,000.83","28,455.42",0,164,"1,061.60","1,099.65",745.17,661.94
2019-12-13,"27,750","28,300","27,750","28,250","27,870.00","28,070.00","28,267.50","28,002.50","28,430.83",0,158,588.00,"1,093.85",746.97,657.60
2019-12-16,"28,250","28,450","27,900","28,300","27,950.00","28,075.00","28,252.50","28,003.33","28,410.83",0,497,535.20,"1,101.55",696.92,658.90
2019-12-17,"28,400","28,650","28,000","28,650","28,160.00","28,090.00","28,255.00","28,010.00","28,393.33",0,"1,013",501.80,"1,152.15",691.68,659.88
2019-12-18,"29,000","30,100","28,400","28,850","28,360.00","28,125.00","28,267.50","28,023.33","28,379.58",0,"1,392",644.80,"1,216.05",691.38,644.60
2019-12-19,"29,950","30,000","28,050","29,150","28,640.00","28,260.00","28,342.50","28,047.50","28,368.75",0,"6,656","1,943.20","1,534.30",789.28,691.18
2019-12-20,"28,650","29,500","28,000","28,450","28,680.00","28,275.00","28,277.50","28,057.50","28,349.17",0,"2,199","2,351.40","1,602.30",811.08,708.17
2019-12-23,"28,050","28,650","27,500","28,450","28,710.00","28,330.00","28,292.50","28,070.83","28,329.58",0,"1,841","2,620.20","1,667.65",835.43,720.07
2019-12-24,"28,400","28,800","27,900","28,450","28,670.00","28,415.00","28,307.50","28,077.50","28,308.33",0,"1,506","2,718.80","1,736.75",853.43,730.76
2019-12-26,"28,450","28,800","28,000","28,150","28,530.00","28,445.00","28,277.50","28,084.17","28,286.67",30,947,"2,629.80","1,763.20",856.03,736.90
2019-12-27,"27,850","28,450","27,850","28,250","28,350.00","28,495.00","28,270.00","28,091.67","28,265.42",0,928,"1,484.20","1,791.90",870.70,743.54
2019-12-30,"28,000","28,850","28,000","28,450","28,350.00","28,515.00","28,292.50","28,106.67","28,246.25",0,851,"1,214.60","1,826.30",884.68,728.99
2020-01-02,"28,650","28,650","28,000","28,000","28,260.00","28,485.00","28,280.00","28,118.33","28,226.25",0,223,891.00,"1,700.70",886.62,726.43
2020-01-03,"28,250","28,250","27,200","27,650","28,100.00","28,385.00","28,237.50","28,121.67","28,202.50",0,323,654.40,"1,702.15",891.70,728.52
2020-01-06,"27,000","27,550","27,000","27,350","27,940.00","28,235.00","28,180.00","28,117.50","28,177.92",0,909,646.80,"1,597.10",905.62,731.18
2020-01-07,"27,400","27,400","27,200","27,350","27,760.00","28,055.00","28,157.50","28,117.50","28,152.50",0,23,465.80,"1,238.70",904.27,730.73
2020-01-08,"27,350","27,500","27,000","27,500","27,570.00","27,960.00","28,117.50","28,129.17","28,128.33",0,278,351.20,"1,126.30",882.13,732.02
2020-01-09,"27,500","27,800","27,500","27,750","27,520.00","27,890.00","28,110.00","28,138.33","28,105.42",0,29,312.40,"1,089.70",878.70,725.86
2020-01-10,"27,850","27,850","27,050","27,300","27,450.00","27,775.00","28,095.00","28,134.17","28,080.00",0,123,272.40,"1,036.85",867.97,717.73
2020-01-13,"27,550","27,550","27,000","27,250","27,430.00","27,685.00","28,065.00","28,130.83","28,057.08",0,477,186.00,"1,026.85",869.22,714.12
2020-01-14,"27,250","27,250","27,050","27,200","27,400.00","27,580.00","28,037.50","28,130.00","28,035.00",0,34,188.20,"1,020.35",857.68,706.56
2020-01-15,"27,200","27,200","27,200","27,200","27,340.00","27,455.00","27,985.00","28,116.67","28,012.92",0,6,133.80,"1,012.75",831.35,706.08
2020-01-16,"27,200","27,550","27,200","27,550","27,300.00","27,410.00","27,947.50","28,110.00","27,994.58",70,30,134.00,989.40,829.42,705.85
2020-01-17,"27,700","27,700","27,300","27,650","27,370.00","27,410.00","27,897.50","28,105.00","27,973.75",71,32,115.80,940.35,823.85,702.95
2020-01-20,"27,700","27,800","27,650","27,750","27,470.00","27,450.00","27,842.50","28,102.50","27,960.42",0,418,104.00,891.65,830.63,699.91
2020-01-21,"27,750","27,750","27,550","27,750","27,580.00","27,490.00","27,772.50","28,101.67","27,950.42",0,22,101.60,559.95,827.92,683.68
2020-01-22,"27,600","27,750","27,200","27,700","27,680.00","27,510.00","27,735.00","28,098.33","27,943.33",71,314,163.20,465.70,828.37,685.13
2020-01-23,"27,650","27,650","27,650","27,650","27,700.00","27,500.00","27,695.00","28,100.83","27,943.75",0,10,159.20,374.15,819.47,669.47
2020-01-28,"27,050","27,400","26,600","26,600","27,490.00","27,430.00","27,602.50","28,080.00","27,932.50",0,"1,182",389.20,357.95,833.05,675.75
2020-01-29,"27,200","27,200","26,600","27,050","27,350.00","27,410.00","27,547.50","28,064.17","27,922.92",71,544,414.40,337.80,814.67,679.15
2020-01-30,"27,800","27,800","26,950","27,600","27,320.00","27,450.00","27,515.00","28,057.50","27,920.83",20,48,419.60,293.80,812.92,672.67
2020-01-31,"27,500","27,700","27,150","27,700","27,320.00","27,500.00","27,477.50","28,053.33","27,919.17",0,21,361.00,252.30,811.70,671.08
2020-02-03,"27,100","27,500","27,000","27,500","27,290.00","27,495.00","27,452.50","28,052.50","27,925.83",0,284,415.80,255.35,810.45,667.50
2020-02-04,"27,100","27,350","27,000","27,350","27,440.00","27,465.00","27,437.50","28,038.33","27,923.75",0,"1,392",457.80,308.80,832.43,677.40
2020-02-05,"27,000","27,700","27,000","27,550","27,540.00","27,445.00","27,447.50","28,024.17","27,927.50",70,880,525.00,307.35,844.48,683.65
2020-02-06,"27,700","28,300","27,250","28,200","27,660.00","27,490.00","27,490.00","28,024.17","27,932.50",0,369,589.20,324.65,844.85,684.38
2020-02-07,"28,250","28,250","27,350","28,050","27,730.00","27,525.00","27,517.50","28,015.83","27,933.33",20,"2,397","1,064.40",430.60,882.77,688.80
2020-02-10,"28,300","30,500","27,100","27,900","27,810.00","27,550.00","27,525.00","28,001.67","27,932.92",0,"3,730","1,753.60",615.65,938.08,717.63
2020-02-11,"27,500","27,900","27,200","27,900","27,920.00","27,680.00","27,555.00","27,995.00","27,938.75",0,462,"1,567.60",632.60,921.93,716.71
2020-02-12,"27,700","27,900","27,700","27,900","27,990.00","27,765.00","27,587.50","27,990.00","27,942.50",30,910,"1,573.60",654.25,933.08,722.26
2020-02-13,"27,850","27,900","27,150","27,800","27,910.00","27,785.00","27,617.50","27,980.83","27,944.17",30,510,"1,601.80",678.05,932.68,725.70
2020-02-14,"27,750","27,750","26,950","27,350","27,770.00","27,750.00","27,625.00","27,959.17","27,940.42",0,698,"1,262.00",712.65,939.75,731.42
2020-02-17,"26,900","27,250","26,850","27,250","27,640.00","27,725.00","27,610.00","27,936.67","27,928.75",0,"2,467","1,009.40",834.50,975.15,736.39
2020-02-18,"27,500","27,500","27,050","27,150","27,490.00","27,705.00","27,585.00","27,912.50","27,920.00",0,21,921.20,833.95,975.48,735.42
2020-02-19,"27,800","27,800","27,000","27,250","27,360.00","27,675.00","27,560.00","27,890.00","27,915.42",0,500,839.20,838.05,981.92,728.78
2020-02-20,"27,700","27,700","27,100","27,350","27,270.00","27,590.00","27,540.00","27,885.00","27,909.58",0,83,753.80,841.10,978.45,727.08
2020-02-21,"27,600","27,600","26,700","26,900","27,180.00","27,475.00","27,500.00","27,837.50","27,905.83",0,211,656.40,835.95,967.98,725.96
2020-02-24,"26,850","26,850","25,900","26,050","26,940.00","27,290.00","27,420.00","27,802.50","27,890.83",0,465,256.00,858.70,966.83,729.22
2020-02-25,"26,800","26,800","26,800","26,800","26,870.00","27,180.00","27,430.00","27,780.00","27,880.42",0,5,252.80,799.85,964.85,723.29
2020-02-26,"26,800","27,100","26,500","26,850","26,790.00","27,075.00","27,420.00","27,748.33","27,870.83",0,34,159.60,774.35,958.45,722.63
2020-02-27,"27,050","27,050","26,650","26,850","26,690.00","26,980.00","27,382.50","27,722.50","27,860.83",0,314,205.80,787.65,957.78,724.69
2020-02-28,"33,000","34,350","30,300","30,500","27,410.00","27,295.00","27,522.50","27,764.17","27,880.83",0,"55,682","11,300.00","3,570.70","1,883.10","1,187.88"
2020-03-02,"28,300","28,300","25,900","26,400","27,480.00","27,210.00","27,467.50","27,733.33","27,866.67",0,"24,840","16,175.00","4,798.50","2,251.52","1,394.82"
2020-03-03,"26,350","26,350","25,600","26,350","27,390.00","27,130.00","27,417.50","27,697.50","27,852.08",0,"8,131","17,800.20","5,135.45","2,382.13","1,460.61"
2020-03-04,"27,050","31,000","26,600","27,100","27,440.00","27,115.00","27,395.00","27,674.17","27,842.50",64,"16,674","21,128.20","5,925.15","2,609.87","1,599.18"
2020-03-05,"26,400","27,400","26,400","27,100","27,490.00","27,090.00","27,340.00","27,662.50","27,835.42",0,"3,624","21,790.20","6,087.90","2,550.42","1,629.03"
2020-03-06,"27,400","30,900","27,000","28,450","27,080.00","27,245.00","27,360.00","27,665.00","27,845.42",0,"9,304","12,514.60","6,433.25","2,663.38","1,695.81"
2020-03-09,"28,000","29,200","27,050","27,200","27,240.00","27,360.00","27,325.00","27,653.33","27,837.92",0,"5,507","8,648.00","6,522.10","2,742.48","1,738.26"
2020-03-10,"26,350","27,100","26,000","26,900","27,350.00","27,370.00","27,275.00","27,641.67","27,828.33",0,"4,807","7,983.20","6,739.35","2,802.93","1,772.83"
2020-03-11,"27,650","27,650","26,000","26,000","27,130.00","27,285.00","27,180.00","27,610.83","27,810.00",70,"2,431","5,134.60","6,815.40","2,832.17","1,789.45"
2020-03-12,"25,700","25,700","24,750","25,050","26,720.00","27,105.00","27,042.50","27,565.83","27,783.33",0,"1,797","4,769.20","6,879.75","2,859.38","1,802.28"
2020-03-13,"24,500","24,500","21,150","23,450","25,720.00","26,400.00","26,847.50","27,485.83","27,744.17",71,"1,809","3,270.20","6,935.30","2,886.90","1,816.93"
2020-03-16,"22,550","22,950","22,300","22,350","24,750.00","25,995.00","26,602.50","27,386.67","27,695.00",0,"1,927","2,554.20","6,908.30","2,910.73","1,803.83"
2020-03-17,"20,050","22,350","20,050","22,350","23,840.00","25,595.00","26,362.50","27,281.67","27,645.83",0,"1,652","1,923.20","6,989.85","2,921.38","1,806.53"
2020-03-18,"21,500","22,750","21,500","22,400","23,120.00","25,125.00","26,120.00","27,174.17","27,598.75",0,984,"1,633.80","7,014.05","2,914.58","1,802.98"
2020-03-19,"22,350","22,350","20,000","20,000","22,110.00","24,415.00","25,752.50","27,021.67","27,534.58",2,"1,068","1,488.00","7,063.30","2,821.45","1,805.37"
2020-03-20,"19,500","21,000","19,500","20,100","21,440.00","23,580.00","25,412.50","26,882.50","27,470.00",54,268,"1,179.80","7,066.15","2,789.27","1,800.18"
2020-03-23,"18,650","19,500","18,600","19,450","20,860.00","22,805.00","25,082.50","26,732.50","27,401.67",0,"3,391","1,472.60","7,212.45","2,815.10","1,825.27"
2020-03-24,"19,800","21,000","19,750","20,800","20,550.00","22,195.00","24,782.50","26,605.00","27,341.25",0,558,"1,253.80","7,240.10","2,799.30","1,826.37"
2020-03-25,"21,700","21,950","21,200","21,200","20,310.00","21,715.00","24,500.00","26,489.17","27,286.67",0,661,"1,189.20","7,271.45","2,794.53","1,825.28"
2020-03-26,"20,600","22,750","20,600","22,250","20,760.00","21,435.00","24,270.00","26,389.17","27,240.42",0,"1,179","1,211.40","7,314.70","2,798.72","1,834.71"
2020-03-27,"22,800","24,900","22,450","24,900","21,720.00","21,580.00","23,990.00","26,330.00","27,218.33",0,954,"1,348.60","4,578.30","2,800.43","1,842.56"
2020-03-30,"26,750","26,750","24,800","25,350","22,900.00","21,880.00","23,937.50","26,285.83","27,202.08",0,159,702.20,"3,344.25","2,799.37","1,842.99"
2020-03-31,"27,300","27,300","25,000","25,000","23,740.00","22,145.00","23,870.00","26,241.67","27,181.67",0,958,782.20,"2,985.60","2,809.95","1,850.83"
2020-04-01,"27,950","27,950","25,650","26,700","24,840.00","22,575.00","23,850.00","26,230.83","27,174.17",0,327,715.40,"2,168.25","2,800.25","1,852.93"
2020-04-02,"28,000","28,000","25,250","26,400","25,670.00","23,215.00","23,815.00","26,215.00","27,166.25",0,39,487.40,"1,989.00","2,800.52","1,852.39"
2020-04-03,"26,400","26,400","25,350","26,300","25,950.00","23,835.00","23,707.50","26,195.00","27,162.08",0,617,420.00,"1,554.65","2,806.17","1,844.15"
2020-04-06,"26,300","26,300","25,500","25,800","26,040.00","24,470.00","23,637.50","26,162.50","27,150.42",43,909,570.00,"1,324.75","2,820.83","1,849.77"
2020-04-07,"25,800","26,300","25,400","26,300","26,300.00","25,020.00","23,607.50","26,145.83","27,140.00",30,"1,674",713.20,"1,168.10","2,846.68","1,857.33"
2020-04-08,"27,000","27,000","26,050","26,350","26,230.00","25,535.00","23,625.00","26,130.83","27,130.83",0,"1,902","1,028.20","1,141.65","2,870.43","1,869.83"
2020-04-09,"27,000","27,000","26,500","26,850","26,320.00","25,995.00","23,715.00","26,125.00","27,127.50",30,328,"1,086.00","1,068.20","2,875.33","1,866.51"
2020-04-10,"27,200","27,200","26,300","26,850","26,430.00","26,190.00","23,885.00","26,119.17","27,117.92",0,867,"1,136.00","1,021.10","2,889.68","1,860.52"
2020-04-13,"26,250","27,350","26,250","27,000","26,670.00","26,355.00","24,117.50","26,110.00","27,110.00",0,356,"1,025.40",942.55,"2,895.12","1,862.27"
2020-04-14,"27,000","27,850","26,150","27,800","26,970.00","26,635.00","24,390.00","26,112.50","27,108.75",0,193,729.20,869.60,"2,897.80","1,860.83"
2020-04-16,"27,800","27,800","27,000","27,000","27,100.00","26,665.00","24,620.00","26,100.00","27,101.25",0,865,521.80,863.65,"2,905.25","1,867.94"
2020-04-17,"27,000","27,050","27,000","27,050","27,140.00","26,730.00","24,972.50","26,088.33","27,095.00",0,"1,038",663.80,862.15,"2,922.18","1,875.05"
2020-04-20,"26,200","27,800","26,200","27,400","27,250.00","26,840.00","25,337.50","26,083.33","27,090.83",0,307,551.80,864.10,"2,922.07","1,875.22"
2020-04-21,"27,250","27,600","27,200","27,600","27,370.00","27,020.00","25,745.00","26,082.50","27,091.67",0,"1,401",760.80,764.60,"2,945.25","1,882.36"
2020-04-22,"28,400","28,500","27,000","28,100","27,430.00","27,200.00","26,110.00","26,107.50","27,093.75",20,83,738.80,740.85,"2,926.93","1,879.99"
2020-04-23,"27,650","28,100","27,200","27,800","27,590.00","27,345.00","26,440.00","26,120.00","27,092.08",0,522,670.20,733.90,"2,926.57","1,870.62"
2020-04-24,"27,200","27,800","27,200","27,800","27,740.00","27,440.00","26,717.50","26,123.33","27,090.42",0,182,499.00,684.05,"2,928.80","1,870.86"
2020-04-27,"28,000","28,200","28,000","28,000","27,860.00","27,555.00","26,872.50","26,128.33","27,090.83",0,649,567.40,668.80,"2,939.27","1,875.48"
2020-04-28,"28,000","28,750","28,000","28,750","28,090.00","27,730.00","27,042.50","26,149.17","27,100.83",0,600,407.20,690.85,"2,944.53","1,877.49"
2020-04-29,"28,750","29,500","28,750","29,300","28,330.00","27,880.00","27,257.50","26,181.67","27,110.00",0,78,406.20,646.85,"2,922.63","1,877.53"
2020-05-04,"29,650","29,650","27,700","27,750","28,320.00","27,955.00","27,310.00","26,185.00","27,104.58",39,"1,022",506.20,681.60,"2,925.00","1,884.74"
2020-05-06,"27,850","28,100","27,850","28,100","28,380.00","28,060.00","27,395.00","26,183.33","27,103.75",0,105,490.80,684.90,"2,920.60","1,882.72"
2020-05-07,"28,200","29,800","28,200","29,800","28,740.00","28,300.00","27,570.00","26,212.50","27,114.17",18,178,396.60,662.95,"2,883.62","1,883.19"
2020-05-08,"29,800","30,000","29,000","29,900","28,970.00","28,530.00","27,775.00","26,245.83","27,123.75",0,30,282.60,619.00,"2,821.95","1,880.02"
2020-05-11,"29,000","29,800","29,000","29,000","28,910.00","28,620.00","27,910.00","26,264.17","27,129.58",0,168,300.60,543.70,"2,817.05","1,869.49"
2020-05-12,"28,500","29,000","28,500","29,000","29,160.00","28,740.00","28,042.50","26,282.50","27,136.25",0,32,102.60,450.20,"2,802.42","1,867.75"
2020-05-13,"28,750","28,900","28,750","28,750","29,290.00","28,835.00","28,137.50","26,298.33","27,139.58",0,5,82.60,434.05,"2,794.00","1,863.34"
2020-05-14,"28,750","28,750","28,000","28,400","29,010.00","28,875.00","28,215.00","26,315.83","27,137.50",0,"1,782",403.40,479.80,"2,812.07","1,875.91"
2020-05-15,"28,000","31,600","28,000","29,000","28,830.00","28,900.00","28,315.00","26,345.00","27,140.83",29,"1,542",705.80,539.10,"2,796.65","1,885.90"
2020-05-18,"28,900","30,500","28,300","29,450","28,920.00","28,915.00","28,397.50","26,383.33","27,147.92",0,"1,701","1,012.40",614.50,"2,824.65","1,900.07"
2020-05-19,"28,650","29,000","28,550","29,000","28,920.00","29,040.00","28,497.50","26,412.50","27,151.25",0,664,"1,138.80",604.45,"2,827.38","1,904.65"
2020-05-20,"29,000","29,750","29,000","29,700","29,110.00","29,200.00","28,630.00","26,451.67","27,168.33",0,645,"1,266.80",584.80,"2,836.75","1,907.60"
2020-05-21,"29,700","30,500","29,700","30,050","29,440.00","29,225.00","28,762.50","26,504.17","27,170.83",0,149,940.20,576.90,"2,835.72","1,901.85"
2020-05-22,"30,100","30,600","30,100","30,550","29,750.00","29,290.00","28,910.00","26,579.17","27,190.83",0,39,639.60,508.80,"2,828.62","1,897.72"
2020-05-25,"30,550","30,550","30,050","30,100","29,880.00","29,400.00","29,010.00","26,634.17","27,207.08",17,57,310.80,507.50,"2,829.48","1,897.17"
2020-05-26,"30,300","30,400","30,100","30,400","30,160.00","29,540.00","29,140.00","26,693.33","27,220.83",0,518,281.60,507.30,"2,837.55","1,898.00"
2020-05-27,"30,900","31,400","28,500","31,000","30,420.00","29,765.00","29,300.00","26,762.50","27,242.50",0,152,183.00,505.80,"2,834.85","1,896.32"
2020-05-28,"30,350","31,300","30,350","31,150","30,640.00","30,040.00","29,457.50","26,773.33","27,268.75",0,4,154.00,473.55,"1,906.88","1,894.99"
2020-05-29,"30,450","30,950","30,000","30,000","30,530.00","30,140.00","29,520.00","26,833.33","27,283.33",0,"2,322",610.60,559.65,"1,531.58","1,891.55"
2020-06-01,"30,000","30,200","30,000","30,200","30,550.00","30,215.00","29,565.00","26,897.50","27,297.50",0,209,641.00,566.20,"1,399.55","1,890.84"
2020-06-02,"30,300","30,400","30,050","30,050","30,480.00","30,320.00","29,680.00","26,946.67","27,310.42",0,94,556.20,519.80,"1,123.22","1,866.54"
2020-06-03,"30,050","33,600","30,050","33,600","31,000.00","30,710.00","29,955.00","27,055.00","27,358.75",18,375,600.80,533.30,"1,069.07","1,809.74"
2020-06-04,"34,350","34,350","30,800","32,050","31,180.00","30,910.00","30,067.50","27,115.00","27,390.00",0,"1,320",864.00,590.40,936.00,"1,799.69"
2020-06-05,"31,950","31,950","30,700","30,900","31,360.00","30,945.00","30,117.50","27,176.67","27,415.00",0,507,501.00,614.25,852.67,"1,797.58"
2020-06-08,"30,900","31,100","30,250","31,050","31,530.00","31,040.00","30,220.00","27,245.83","27,443.75",0,"1,237",706.60,667.70,793.17,"1,798.05"
2020-06-09,"31,900","37,500","30,600","31,300","31,780.00","31,130.00","30,335.00","27,334.17","27,472.50",0,"18,975","4,482.80","1,614.85","1,068.90","1,950.53"
2020-06-10,"31,450","31,750","30,500","30,900","31,240.00","31,120.00","30,442.50","27,431.67","27,498.75",0,"6,473","5,702.40","1,938.25","1,146.83","2,003.11"
2020-06-11,"33,250","40,050","33,250","38,950","32,620.00","31,900.00","30,970.00","27,690.00","27,587.92",0,"58,985","17,235.40","4,798.40","2,099.77","2,493.33"
2020-06-12,"32,500","40,750","32,500","34,050","33,250.00","32,305.00","31,222.50","27,885.00","27,635.83",29,"34,585","24,051.00","6,450.55","2,644.07","2,777.40"
2020-06-15,"32,150","32,150","29,100","29,100","32,860.00","32,195.00","31,205.00","27,997.50","27,639.58",0,"18,107","27,425.00","7,270.85","2,918.32","2,919.85"
2020-06-16,"30,250","31,000","29,000","30,050","32,610.00","32,195.00","31,257.50","28,125.00","27,649.58",0,"8,578","25,345.60","7,666.55","3,044.88","2,979.73"
2020-06-17,"29,100","31,300","29,100","31,300","32,690.00","31,965.00","31,337.50","28,313.33","27,667.50",0,"7,364","25,523.80","8,002.50","3,149.82","2,985.63"
2020-06-18,"31,000","32,900","30,800","31,500","31,200.00","31,910.00","31,410.00","28,503.33","27,692.92",0,"11,295","15,985.80","8,559.80","3,333.60","3,061.43"
2020-06-19,"31,950","31,950","29,050","29,650","30,320.00","31,785.00","31,365.00","28,673.33","27,702.92",0,"7,080","10,484.80","8,911.85","3,395.08","3,105.09"
2020-06-22,"30,700","30,700","28,750","29,700","30,440.00","31,650.00","31,345.00","28,821.67","27,713.33",0,"1,413","7,146.00","8,979.65","3,409.33","3,104.32"
2020-06-23,"29,800","29,800","29,150","29,300","30,290.00","31,450.00","31,290.00","28,956.67","27,722.92",0,566,"5,543.60","8,982.05","3,407.75","3,101.14"
2020-06-24,"29,300","32,900","29,300","31,050","30,240.00","31,465.00","31,292.50","29,103.33","27,746.25",0,"3,802","4,831.20","9,164.55","3,451.47","3,125.09"
2020-06-25,"31,050","31,050","30,150","30,450","30,030.00","30,615.00","31,257.50","29,195.83","27,762.92",0,"2,426","3,057.40","9,285.65","3,476.00","3,138.22"
2020-06-26,"30,750","31,000","30,000","30,750","30,250.00","30,285.00","31,295.00","29,285.83","27,785.83",0,"1,273","1,896.00","9,233.20","3,494.57","3,146.97"
2020-06-29,"30,700","30,900","30,050","30,800","30,470.00","30,455.00","31,325.00","29,382.50","27,812.08",0,835,"1,780.40","9,264.50","3,492.52","3,151.23"
2020-06-30,"31,600","31,600","30,600","31,050","30,820.00","30,555.00","31,375.00","29,455.00","27,842.92",0,"1,898","2,046.80","9,354.70","3,518.70","3,159.47"
2020-07-01,"31,800","31,800","30,800","30,950","30,800.00","30,520.00","31,242.50","29,530.83","27,872.92",0,"1,285","1,543.40","9,400.20","3,539.47","3,169.99"
2020-07-02,"30,500","30,900","30,150","30,500","30,810.00","30,420.00","31,165.00","29,600.83","27,897.92",0,"1,222","1,302.60","9,395.30","3,549.55","3,177.86"
2020-07-03,"30,850","30,850","30,000","30,350","30,730.00","30,490.00","31,137.50","29,676.67","27,919.58",0,"1,289","1,305.80","9,434.40","3,555.88","3,188.36"
2020-07-06,"30,350","30,500","30,000","30,400","30,650.00","30,560.00","31,105.00","29,745.00","27,945.42",70,"1,288","1,396.40","9,436.95","3,549.45","3,198.07"
2020-07-07,"31,100","31,100","30,100","30,100","30,460.00","30,640.00","31,045.00","29,807.50","27,969.17",0,"1,072","1,231.20","8,541.80","3,535.62","3,203.03"
2020-07-08,"30,800","31,400","30,200","31,350","30,540.00","30,670.00","31,067.50","29,882.50","28,003.75",0,"1,416","1,257.40","8,288.95","3,553.75","3,214.54"
2020-07-09,"31,350","32,900","30,650","30,650","30,570.00","30,690.00","30,652.50","29,945.83","28,032.50",66,911,"1,195.20","5,385.25","3,554.48","3,222.08"
2020-07-10,"30,000","30,200","28,850","29,250","30,350.00","30,540.00","30,412.50","29,983.33","28,046.67",0,"1,919","1,321.20","3,751.95","3,580.53","3,237.82"
2020-07-13,"29,250","29,450","29,000","29,250","30,120.00","30,385.00","30,420.00","30,007.50","28,060.00",0,270,"1,117.60","2,860.10","3,581.82","3,239.81"
2020-07-14,"29,500","29,500","26,200","26,350","29,370.00","29,915.00","30,235.00","29,996.67","28,048.33",2,"13,424","3,588.00","3,102.40","3,791.13","3,348.19"
2020-07-15,"26,300","26,400","25,100","26,300","28,360.00","29,450.00","29,985.00","29,984.17","28,036.25",46,"2,387","3,782.20","2,853.55","3,813.62","3,367.90"
2020-07-16,"26,000","26,100","25,500","25,950","27,420.00","28,995.00","29,707.50","29,960.00","28,021.67",0,592,"3,718.40","2,318.40","3,818.37","3,370.22"
2020-07-17,"26,200","26,400","26,000","26,400","26,850.00","28,600.00","29,545.00","29,940.00","28,011.25",0,792,"3,493.00","2,004.00","3,808.22","3,376.73"
2020-07-20,"26,400","26,400","25,950","26,100","26,220.00","28,170.00","29,365.00","29,906.67","28,007.08",0,"1,739","3,786.80","2,020.30","3,835.82","3,381.38"
2020-07-21,"26,300","26,700","26,300","26,600","26,270.00","27,820.00","29,230.00","29,886.67","28,003.33",0,"3,400","1,782.00","2,162.00","3,883.78","3,405.18"
2020-07-22,"27,100","27,100","26,550","26,700","26,350.00","27,355.00","29,012.50","29,868.33","27,995.83",0,644,"1,433.40","2,004.10","3,891.48","3,410.14"
2020-07-23,"26,800","27,250","26,050","27,250","26,610.00","27,015.00","28,852.50","29,855.83","27,992.08",0,"1,305","1,576.00","1,948.05","3,902.42","3,420.84"
2020-07-24,"27,150","32,500","27,100","28,500","27,030.00","26,940.00","28,740.00","29,851.67","28,000.42",66,"31,769","7,771.40","3,472.85","4,421.90","3,683.22"
2020-07-27,"28,400","28,500","27,200","27,450","27,300.00","26,760.00","28,572.50","29,820.83","28,001.25",0,"7,197","8,863.00","3,790.95","4,540.55","3,731.59"
2020-07-28,"27,750","31,500","27,200","28,400","27,660.00","26,965.00","28,440.00","29,831.67","28,008.33",70,"15,167","11,216.40","4,454.40","4,776.30","3,850.65"
2020-07-29,"27,550","30,800","27,250","27,900","27,900.00","27,125.00","28,287.50","29,828.33","28,005.83",66,"9,317","12,951.00","4,856.00","4,929.83","3,925.22"
2020-07-30,"27,600","29,000","27,550","28,950","28,240.00","27,425.00","28,210.00","29,814.17","28,013.33",18,"2,737","13,237.40","4,931.75","4,972.48","3,928.05"
2020-07-31,"29,900","29,900","28,950","28,950","28,330.00","27,680.00","28,140.00","29,798.33","28,022.08",33,"1,818","7,247.20","4,958.20","5,002.28","3,912.12"
2020-08-03,"28,350","28,350","27,800","28,150","28,470.00","27,885.00","28,027.50","29,784.17","28,024.17",0,"1,487","6,105.20","4,968.15","5,024.27","3,920.66"
2020-08-04,"28,150","28,350","28,000","28,200","28,430.00","28,045.00","27,932.50","29,770.83","28,026.67",30,"2,298","3,531.40","5,029.45","5,062.03","3,932.22"
2020-08-05,"28,350","28,900","27,700","28,200","28,490.00","28,195.00","27,775.00","29,761.67","28,030.00",0,"1,981","2,064.20","5,057.70","5,094.97","3,944.48"
2020-08-06,"29,100","29,100","28,000","28,300","28,360.00","28,300.00","27,657.50","29,760.00","28,037.92",0,551,"1,627.00","5,039.70","5,074.45","3,943.26"
2020-08-07,"28,000","28,200","28,000","28,050","28,180.00","28,255.00","27,597.50","29,744.17","28,044.58",0,918,"1,447.00","4,989.65","5,064.05","3,930.35"
2020-08-10,"28,100","28,300","28,050","28,300","28,210.00","28,340.00","27,550.00","29,725.00","28,054.17",0,694,"1,288.40","5,010.85","5,047.27","3,935.96"
2020-08-11,"28,000","28,750","28,000","28,550","28,280.00","28,355.00","27,660.00","29,717.50","28,065.00",0,375,903.80,"4,358.40","5,042.45","3,934.92"
2020-08-12,"28,550","29,300","28,100","29,100","28,460.00","28,475.00","27,800.00","29,707.50","28,079.58",0,"3,014","1,110.40","4,389.75","5,081.93","3,959.34"
2020-08-13,"28,900","29,750","28,550","29,200","28,640.00","28,500.00","27,962.50","29,693.33","28,098.75",0,"1,426","1,285.40","4,431.45","5,103.22","3,969.47"
2020-08-14,"28,950","30,800","28,550","30,450","29,120.00","28,650.00","28,165.00","29,691.67","28,135.42",0,"2,698","1,641.40","4,526.75","5,147.53","3,988.07"
2020-08-18,"30,500","30,500","27,850","28,500","29,160.00","28,685.00","28,285.00","29,665.00","28,149.58",39,"1,847","1,872.00","4,532.15","5,177.37","4,003.43"
2020-08-19,"28,050","28,300","28,000","28,300","29,110.00","28,695.00","28,370.00","29,630.00","28,161.67",0,561,"1,909.20","4,390.20","5,178.08","4,007.82"
2020-08-20,"28,450","28,450","27,200","28,000","28,890.00","28,675.00","28,435.00","29,580.00","28,171.25",0,"1,961","1,698.60","4,456.05","5,208.23","4,021.54"
2020-08-21,"28,000","28,900","27,600","28,900","28,830.00","28,735.00","28,517.50","29,542.50","28,157.92",0,"1,397","1,692.80","4,460.65","5,231.45","3,569.17"
2020-08-24,"27,850","28,800","27,850","28,050","28,350.00","28,735.00","28,495.00","29,510.00","28,171.67",0,700,"1,293.20","2,907.20","5,204.42","3,368.00"
2020-08-25,"28,050","28,200","28,050","28,150","28,280.00","28,720.00","28,530.00","29,475.83","28,186.67",0,852,"1,094.20","2,589.95","5,215.13","3,307.34"
2020-08-26,"28,050","29,400","28,000","28,750","28,370.00","28,740.00","28,547.50","29,454.17","28,200.42",67,"1,204","1,222.80","1,891.80","5,233.63","3,178.43"
2020-08-27,"28,750","29,650","28,750","29,450","28,660.00","28,775.00","28,625.00","29,385.00","28,220.00",67,634,957.40,"1,457.65","5,237.95","3,153.51"
2020-08-28,"29,600","29,600","28,850","29,400","28,760.00","28,795.00","28,647.50","29,340.83","28,227.92",0,173,712.60,"1,329.45","5,218.83","3,077.42"
2020-08-31,"29,650","29,650","29,200","29,500","29,050.00","28,700.00","28,675.00","29,317.50","28,247.08",0,446,661.80,"1,260.85","5,217.82","3,035.24"
2020-09-01,"28,500","29,300","28,400","29,300","29,280.00","28,780.00","28,732.50","29,288.33","28,267.08",0,631,617.60,"1,218.05","5,207.72","3,000.44"
2020-09-02,"28,500","29,250","28,500","29,200","29,370.00","28,870.00","28,782.50","29,253.33","28,293.75",0,219,420.60,"1,114.10","4,895.12","2,982.01"
2020-09-03,"29,000","29,800","28,750","28,750","29,230.00","28,945.00","28,810.00","29,217.50","28,324.58",66,450,383.80,"1,037.55","4,794.73","2,970.78"
2020-09-04,"28,500","29,000","27,250","28,300","29,010.00","28,885.00","28,810.00","29,040.00","28,365.00",0,664,482.00,"1,043.20","3,822.72","2,961.24"
2020-09-07,"29,000","29,800","28,400","28,950","28,900.00","28,975.00","28,855.00","28,955.00","28,420.00",0,578,508.40,"1,026.20","3,255.93","2,950.00"
2020-09-08,"28,750","29,100","28,400","28,650","28,770.00","29,025.00","28,872.50","28,947.50","28,472.50",0,486,479.40,"1,015.80","2,962.25","2,940.28"
2020-09-09,"28,650","28,850","28,400","28,850","28,700.00","29,035.00","28,887.50","28,927.50","28,526.25",70,203,476.20,"1,007.20","2,822.67","2,933.78"
2020-09-10,"28,800","28,850","28,500","28,850","28,720.00","28,975.00","28,875.00","28,886.67","28,600.00",0,406,467.40,876.80,"2,706.70","2,928.26"
2020-09-11,"28,500","30,950","28,500","29,500","28,960.00","28,985.00","28,890.00","28,853.33","28,678.33",70,"5,857","1,506.00","1,098.35","2,616.07","2,974.83"
2020-09-14,"29,500","38,350","29,500","38,350","30,840.00","29,870.00","29,285.00","28,998.33","28,835.83",18,"23,777","6,145.80","2,152.30","2,894.35","3,144.72"
2020-09-15,"39,000","39,050","31,150","31,150","31,340.00","30,055.00","29,417.50","29,022.50","28,922.08",44,"49,294","15,907.40","4,524.65","3,692.37","3,550.85"
2020-09-16,"31,250","32,200","30,000","31,950","31,960.00","30,330.00","29,600.00","29,066.67","29,011.67",0,"17,937","19,454.20","5,393.45","3,981.88","3,694.82"
2020-09-17,"31,200","31,950","30,350","31,000","32,390.00","30,555.00","29,750.00","29,065.83","29,084.58",0,"5,955","20,564.00","5,593.15","4,017.77","3,734.62"
2020-09-18,"32,150","34,000","30,200","30,300","32,550.00","30,755.00","29,820.00","29,063.33","29,129.58",0,"8,626","21,117.80","5,954.60","4,121.10","3,798.55"
2020-09-21,"30,800","36,000","30,500","31,350","31,150.00","30,995.00","29,985.00","29,073.33","29,179.58",29,"34,865","23,335.40","7,662.85","4,680.97","4,087.77"
2020-09-22,"29,750","30,650","29,000","29,650","30,850.00","31,095.00","30,060.00","29,054.17","29,218.33",0,"9,496","15,375.80","8,095.05","4,825.32","4,158.92"
2020-09-23,"29,750","29,750","28,750","29,000","30,260.00","31,110.00","30,072.50","29,020.00","29,237.50",0,"8,539","13,496.20","8,461.80","4,936.00","4,227.35"
2020-09-24,"28,800","28,850","28,000","28,400","29,740.00","31,065.00","30,020.00","28,977.50","29,254.17",0,"2,176","12,740.40","8,538.90","4,950.85","4,245.16"
2020-09-25,"28,400","29,300","28,400","28,550","29,390.00","30,970.00","29,977.50","28,945.00","29,272.92",8,683,"11,151.80","8,564.40","4,941.87","4,245.71"
2020-09-28,"28,400","28,650","28,200","28,650","28,850.00","30,000.00","29,935.00","28,916.67","29,296.67",0,615,"4,301.80","8,572.85","4,930.63","4,243.26"
2020-09-29,"28,650","30,800","28,600","28,600","28,640.00","29,745.00","29,900.00","28,886.67","29,315.83",66,"5,507","3,504.00","8,816.65","5,000.95","4,275.20"
2020-10-05,"28,300","28,650","28,300","28,650","28,570.00","29,415.00","29,872.50","28,862.50","29,335.00",0,"4,159","2,628.00","9,013.65","5,052.40","4,294.01"
2020-10-06,"28,900","28,900","28,400","28,500","28,590.00","29,165.00","29,860.00","28,815.00","29,348.75",0,758,"2,344.40","9,029.05","5,041.43","4,297.59"
2020-10-07,"28,500","28,650","28,300","28,650","28,610.00","29,000.00","29,877.50","28,781.67","29,363.75",0,"1,035","2,414.80","9,047.60","5,043.50","4,298.99"
2020-10-08,"28,650","28,650","28,350","28,650","28,610.00","28,730.00","29,862.50","28,771.67","29,377.50",0,125,"2,316.80","9,024.95","5,013.60","4,297.07"
2020-10-12,"28,650","28,900","28,400","28,900","28,670.00","28,655.00","29,875.00","28,765.83","29,386.67",0,293,"1,274.00","9,015.30","5,013.98","4,297.90"
2020-10-13,"28,900","29,000","28,550","28,550","28,650.00","28,610.00","29,860.00","28,802.50","29,399.58",0,"1,989",840.00,"9,104.60","4,823.40","4,307.27"
2020-10-14,"29,050","29,100","29,000","29,100","28,770.00","28,680.00","29,872.50","28,849.17","29,416.67",0,"1,600","1,008.40","9,164.30","4,810.28","4,311.95"
2020-10-15,"29,150","30,500","29,150","30,200","29,080.00","28,845.00","29,907.50","28,920.00","29,440.00",0,"1,633","1,128.00","8,953.10","4,827.63","4,323.00"
2020-10-16,"31,300","31,300","29,600","30,000","29,350.00","28,980.00","29,490.00","28,980.00","29,460.00",0,"1,304","1,363.80","7,829.45","4,836.17","4,322.19"
2020-10-19,"30,350","30,400","29,650","30,050","29,580.00","29,125.00","29,435.00","29,045.83","29,476.25",0,"1,506","1,606.40","5,440.05","4,832.28","4,334.05"
2020-10-20,"29,700","32,900","29,700","30,350","29,940.00","29,295.00","29,355.00","29,108.33","29,497.50",29,925,"1,393.60","4,589.45","4,791.03","4,337.41"
2020-10-21,"30,700","32,050","30,400","31,700","30,460.00","29,615.00","29,390.00","29,191.67","29,530.00",0,969,"1,267.40","4,340.15","4,796.45","4,343.97"
2020-10-22,"31,350","31,900","30,450","31,600","30,740.00","29,910.00","29,455.00","29,264.17","29,560.00",0,"18,995","4,739.80","4,858.60","5,091.28","4,496.85"
2020-10-23,"35,950","35,950","30,450","30,950","30,930.00","30,140.00","29,435.00","29,305.00","29,578.33",39,"4,937","5,466.40","3,362.20","4,644.08","4,532.99"
2020-10-26,"30,950","30,950","29,050","29,050","30,730.00","30,155.00","29,405.00","29,331.67","29,576.25",40,"2,351","5,635.40","3,004.95","4,563.32","4,551.93"
2020-10-27,"28,800","29,000","28,650","28,650","30,390.00","30,165.00","29,387.50","29,335.83","29,583.75",0,"17,988","9,048.00","3,477.40","4,610.33","4,693.32"
2020-10-28,"28,700","30,600","28,700","29,550","29,960.00","30,210.00","29,445.00","29,363.33","29,595.83",0,157,"8,885.60","3,376.45","4,457.67","4,693.75"
2020-10-29,"29,100","29,500","29,100","29,400","29,520.00","30,130.00","29,487.50","29,370.83","29,592.50",0,441,"5,174.80","3,364.35","4,419.40","4,695.94"
2020-10-30,"29,400","29,400","29,150","29,150","29,160.00","30,045.00","29,512.50","29,374.17","29,586.25",0,128,"4,213.00","3,340.00","4,391.23","4,696.76"
2020-11-02,"29,100","29,850","28,850","29,850","29,320.00","30,025.00","29,575.00","29,402.50","29,593.33",0,243,"3,791.40","3,076.80","4,370.50","4,697.38"
2020-11-03,"29,900","32,800","29,850","31,350","29,860.00","30,125.00","29,710.00","29,455.00","29,612.92",0,"19,277","4,049.20","3,832.70","4,653.48","4,857.76"
2020-11-04,"31,400","31,400","30,100","30,200","29,990.00","29,975.00","29,795.00","29,488.33","29,625.00",0,894,"4,196.60","3,839.50","4,635.37","4,865.17"
2020-11-05,"29,700","30,350","29,350","29,350","29,980.00","29,750.00","29,830.00","29,505.83","29,632.92",0,"18,165","7,741.40","4,696.00","4,928.93","5,001.69"
2020-11-06,"29,900","30,200","29,600","29,700","30,090.00","29,625.00","29,882.50","29,533.33","29,638.75",0,638,"7,843.40","4,721.65","4,924.27","4,994.16"
2020-11-09,"29,700","30,450","29,650","30,400","30,200.00","29,760.00","29,957.50","29,568.33","29,646.67",0,200,"7,834.80","4,717.00","4,916.03","4,981.65"
2020-11-10,"30,400","34,000","30,000","34,000","30,730.00","30,295.00","30,230.00","29,659.17","29,688.33",0,"18,282","7,635.80","5,531.65","5,214.48","5,128.47"
2020-11-11,"33,450","33,450","31,500","31,900","31,070.00","30,530.00","30,370.00","29,705.83","29,706.67",37,526,"7,562.20","5,477.95","5,173.02","5,127.48"
2020-11-12,"31,850","31,850","31,150","31,150","31,430.00","30,705.00","30,417.50","29,738.33","29,715.83",38,102,"3,949.60","5,401.40","5,150.95","5,127.08"
2020-11-13,"31,150","31,150","28,050","28,050","31,100.00","30,595.00","30,320.00","29,698.33","29,695.00",23,"17,961","7,414.20","6,234.25","5,405.33","5,276.43"
2020-11-16,"29,500","30,000","29,350","29,500","30,920.00","30,560.00","30,292.50","29,715.00","29,690.00",57,547,"7,483.60","6,186.30","5,383.67","5,280.52"
2020-11-17,"29,500","30,250","29,500","29,650","30,050.00","30,390.00","30,257.50","29,737.50","29,683.75",0,555,"3,938.20","6,167.80","5,383.57","5,280.82"
2020-11-18,"29,200","30,450","29,200","30,300","29,730.00","30,400.00","30,187.50","29,775.83","29,677.92",0,439,"3,920.80","6,141.30","5,358.20","5,283.22"
2020-11-19,"30,300","30,300","29,700","29,950","29,490.00","30,460.00","30,105.00","29,793.33","29,667.92",0,730,"4,046.40","5,228.05","5,347.08","5,289.27"
2020-11-20,"29,950","29,950","29,400","29,400","29,760.00","30,430.00","30,027.50","29,815.83","29,662.92",0,344,523.00,"4,998.40","5,341.15","5,272.78"
2020-11-23,"29,400","30,300","29,400","30,300","29,920.00","30,420.00","30,090.00","29,851.67","29,663.75",70,772,568.00,"4,919.45","5,339.82","5,277.48"
2020-11-24,"30,300","30,300","30,250","30,250","30,040.00","30,045.00","30,170.00","29,876.67","29,665.42",30,97,476.40,"4,024.90","5,321.37","5,277.50"
2020-11-25,"30,250","30,250","30,000","30,000","29,980.00","29,855.00","30,192.50","29,885.83","29,635.42",0,749,538.40,"4,054.50","5,323.28","5,280.62"
2020-11-26,"30,000","31,700","30,000","30,850","30,160.00","29,825.00","30,265.00","29,910.00","29,625.42",70,"20,427","4,477.80","5,053.80","5,660.85","5,439.84"
2020-11-27,"30,750","30,750","29,650","29,900","30,260.00","30,010.00","30,302.50","29,916.67","29,617.08",0,"1,962","4,801.40","5,145.50","5,686.12","5,451.97"
2020-11-30,"29,500","29,850","29,500","29,600","30,120.00","30,020.00","30,290.00","29,921.67","29,605.00",0,"17,727","8,192.40","6,019.70","5,971.05","5,589.38"
2020-12-01,"30,000","30,250","29,650","29,650","30,000.00","30,020.00","30,205.00","29,929.17","29,591.25",0,144,"8,201.80","5,063.05","5,969.80","5,432.46"
2020-12-02,"29,700","29,900","29,650","29,900","29,980.00","29,980.00","30,190.00","29,948.33","29,582.92",70,521,"8,156.20","5,044.40","5,970.98","5,382.86"
2020-12-03,"29,500","29,750","29,500","29,650","29,740.00","29,950.00","30,205.00","29,970.83","29,505.42",0,494,"4,169.60","4,160.85","5,968.15","4,895.43"
2020-12-04,"29,550","29,650","28,900","29,000","29,560.00","29,910.00","30,170.00","29,971.67","29,463.33",0,"2,080","4,193.20","4,232.95","5,993.18","4,624.56"
