"2020/11/23338,000","343,500","336,000","339,000","330,600.00","322,900.00","315,100.00","308,841.67","324,900.00",30,"2,847","3,991.40","2,703.25","2,659.98","4,016.53"
"2020/11/20328,500","343,500","327,500","338,000","326,100.00","319,750.00","313,725.00","308,458.33","325,216.67",0,"5,280","3,758.00","2,724.05","2,653.77","4,006.47"
"2020/11/19327,000","331,000","326,500","327,000","321,100.00","316,600.00","312,425.00","307,991.67","325,408.33",36,"2,685","3,108.40","2,529.40","2,599.77","3,985.14"
"2020/11/18318,000","332,000","316,000","331,500","319,100.00","314,750.00","311,700.00","307,666.67","325,800.00",0,"6,287","3,016.00","2,506.80","2,597.40","3,979.22"
"2020/11/17315,000","320,000","314,000","317,500","316,200.00","312,400.00","310,600.00","307,208.33","326,204.17",0,"2,858","2,647.80","2,259.65","2,582.05","3,948.32"
"2020/11/16313,500","317,000","312,500","316,500","315,200.00","311,250.00","310,125.00","307,266.67","326,691.67",0,"1,680","3,571.80","2,207.05","2,607.13","3,937.84"
"2020/11/13314,500","315,500","311,500","313,000","313,400.00","310,250.00","309,725.00","307,416.67","327,158.33",0,"2,032","3,575.60","2,254.30","2,628.48","3,940.26"
"2020/11/12315,000","318,500","313,500","317,000","312,100.00","309,550.00","309,400.00","307,750.00","327,675.00",0,"2,223","3,472.60","2,281.35","2,639.53","3,944.80"
"2020/11/11314,000","319,000","308,000","317,000","310,400.00","308,400.00","308,950.00","308,075.00","328,200.00",0,"4,446","3,354.40","2,254.05","2,723.42","3,956.51"
"2020/11/10310,000","318,500","308,000","312,500","308,600.00","307,550.00","308,500.00","308,358.33","328,787.50",0,"7,478","2,771.20","2,180.30","2,691.17","3,934.72"
"2020/11/09307,000","309,500","306,000","307,500","307,300.00","307,300.00","308,400.00","308,733.33","329,412.50",70,"1,699","1,424.60","1,923.35","2,629.60","3,897.66"
"2020/11/06308,500","309,500","306,000","306,500","307,100.00","307,700.00","308,525.00","309,083.33","330,037.50",70,"1,517","1,276.20","1,933.10","2,635.58","3,909.74"
"2020/11/05308,000","309,500","306,000","308,500","307,000.00","308,250.00","308,600.00","309,491.67","330,704.17",0,"1,632","1,258.80","1,933.05","2,635.18","3,944.44"
"2020/11/04308,500","309,000","305,000","308,000","306,400.00","308,650.00","308,650.00","309,891.67","331,216.67",0,"1,530","1,451.60","1,988.85","2,643.35","3,952.42"
"2020/11/03304,500","308,000","304,500","306,000","306,500.00","308,800.00","308,550.00","310,225.00","331,758.33",70,745,"1,450.20","1,988.20","2,646.32","3,956.54"
"2020/11/02307,500","308,500","304,500","306,500","307,300.00","309,000.00","308,475.00","310,625.00","332,362.50",0,957,"1,825.20","2,025.95","2,676.70","3,974.04"
"2020/10/30304,500","306,000","302,000","306,000","308,300.00","309,200.00","308,125.00","310,916.67","333,029.17",0,"1,430","2,286.40","2,049.55","2,693.33","3,987.28"
"2020/10/29306,000","307,000","303,000","305,500","309,500.00","309,250.00","307,425.00","311,308.33","333,708.33",0,"2,596","2,277.80","2,146.80","2,695.47","3,996.47"
"2020/10/28306,500","311,500","306,000","308,500","310,900.00","309,500.00","306,650.00","311,733.33","334,379.17",0,"1,523","2,205.20","2,158.65","2,688.83","4,004.06"
"2020/10/27308,500","312,500","307,000","310,000","311,100.00","309,450.00","305,650.00","312,100.00","334,962.50",0,"2,620","2,169.40","2,278.70","2,693.43","4,024.37"
"2020/10/26314,500","315,500","308,000","311,500","310,700.00","309,500.00","304,950.00","312,483.33","335,466.67",0,"3,263","2,006.60","2,313.90","2,698.88","4,041.53"
"2020/10/23313,000","314,000","310,000","312,000","310,100.00","309,350.00","304,350.00","312,833.33","336,058.33",0,"1,387","1,879.00","2,383.20","2,696.83","4,051.35"
"2020/10/22310,000","313,000","306,500","312,500","309,000.00","308,950.00","303,925.00","313,091.67","336,666.67",0,"2,233","2,116.20","2,481.15","2,710.00","4,081.52"
"2020/10/21308,500","310,000","307,000","309,500","308,100.00","308,650.00","303,500.00","313,400.00","337,183.33",0,"1,344","2,005.00","2,586.80","2,761.72","4,085.78"
"2020/10/20310,000","311,500","305,500","308,000","307,800.00","308,300.00","303,400.00","313,808.33","337,612.50",0,"1,806","2,330.40","2,612.85","2,783.48","4,098.44"
"2020/10/19306,500","310,000","306,000","308,500","308,300.00","307,950.00","303,450.00","314,250.00","338,070.83",0,"2,625","2,437.00","2,647.80","2,795.22","4,108.82"
"2020/10/16307,000","310,500","305,000","306,500","308,600.00","307,050.00","303,425.00","314,675.00","338,416.67",0,"2,573","2,290.80","2,739.00","2,780.75","4,104.25"
"2020/10/15307,000","311,500","307,000","308,000","308,900.00","305,600.00","303,575.00","315,133.33","338,816.67",30,"1,677","2,079.40","2,730.95","2,791.73","4,112.12"
"2020/10/14310,000","311,500","306,500","308,000","309,200.00","303,800.00","303,475.00","315,650.00","339,187.50",30,"2,971","2,293.60","2,731.00","2,810.62","4,124.31"
"2020/10/13310,500","311,500","309,000","310,500","308,800.00","301,850.00","303,275.00","316,200.00","339,604.17",0,"2,339","2,002.80","2,772.05","2,806.62","4,120.33"
"2020/10/12308,000","311,000","307,500","310,000","307,600.00","300,400.00","302,950.00","316,741.67","339,983.33",30,"1,894","1,835.00","2,842.80","2,794.58","4,125.40"
"2020/10/08308,500","311,000","308,000","308,000","305,500.00","299,350.00","302,850.00","317,258.33","340,433.33",0,"1,516","1,742.00","2,840.65","2,796.28","4,142.20"
"2020/10/07306,000","310,500","304,500","309,500","302,300.00","298,900.00","302,775.00","317,808.33","340,795.83",0,"2,748","2,113.80","2,844.45","2,829.78","4,170.81"
"2020/10/06303,500","307,000","303,500","306,000","298,400.00","298,350.00","302,550.00","318,516.67","341,316.67",0,"1,517","2,130.80","2,899.80","2,831.82","4,177.21"
"2020/10/05302,500","305,000","301,000","304,500","294,900.00","298,500.00","302,675.00","319,308.33","341,900.00",0,"1,500","2,612.20","2,990.60","2,852.10","4,199.66"
"2020/09/29295,000","300,000","292,500","299,500","293,200.00","298,950.00","303,075.00","319,983.33","342,533.33",0,"1,429","2,977.00","3,024.75","2,871.70","4,243.93"
"2020/09/28294,000","294,500","289,000","292,000","293,200.00","299,800.00","303,450.00","320,825.00","343,266.67",0,"3,375","3,621.00","3,047.10","2,872.58","4,332.54"
"2020/09/25292,500","292,500","287,000","290,000","295,500.00","301,550.00","304,050.00","321,791.67","343,770.83",70,"2,833","3,615.20","3,054.05","2,836.75","4,398.19"
"2020/09/24295,000","296,000","287,000","288,500","298,300.00","303,150.00","304,950.00","322,783.33","343,970.83",0,"3,924","3,917.80","3,011.35","2,814.63","4,416.01"
"2020/09/23299,500","303,000","295,000","296,000","302,100.00","304,700.00","305,750.00","323,775.00","344,091.67",0,"3,324","3,506.00","2,992.85","2,769.83","4,415.61"
"2020/09/22304,000","305,000","298,500","299,500","304,700.00","305,500.00","306,475.00","324,675.00","344,087.50",0,"4,649","3,342.20","2,962.80","2,761.50","4,455.16"
"2020/09/21306,000","306,500","303,500","303,500","306,400.00","306,350.00","307,300.00","325,575.00","344,091.67",70,"3,346","3,302.20","2,854.05","2,716.17","4,445.55"
"2020/09/18310,000","310,000","303,500","304,000","307,600.00","306,650.00","307,625.00","326,400.00","344,120.83",2,"4,346","3,115.40","2,788.75","2,726.57","4,447.97"
"2020/09/17308,000","310,000","305,500","307,500","308,000.00","306,750.00","307,800.00","326,950.00","344,004.17",0,"1,865","2,581.80","2,698.60","2,701.82","4,444.62"
"2020/09/16307,000","311,000","307,000","309,000","307,300.00","306,850.00","307,625.00","327,558.33","343,854.17",0,"2,505","2,967.20","2,873.65","2,712.32","4,482.64"
"2020/09/15310,000","310,500","307,500","308,000","306,300.00","307,200.00","308,225.00","328,125.00","343,483.33",0,"4,449","3,217.00","2,966.55","2,738.47","4,518.33"
"2020/09/14308,000","311,500","306,000","309,500","306,300.00","307,100.00","309,100.00","328,458.33","342,833.33",0,"2,412","2,697.40","2,892.15","2,696.70","4,509.07"
"2020/09/11304,000","307,000","303,500","306,000","305,700.00","306,550.00","310,275.00","328,875.00","342,016.67",70,"1,678","2,533.40","2,906.30","2,700.50","4,519.69"
"2020/09/10304,500","305,500","303,500","304,000","305,500.00","306,750.00","311,800.00","329,391.67","341,295.83",0,"3,792","2,968.80","3,185.20","2,719.78","4,542.43"
"2020/09/09308,000","310,500","304,000","304,000","306,400.00","306,800.00","313,300.00","330,041.67","340,529.17",0,"3,754","2,877.00","3,121.15","2,697.78","4,554.54"
"2020/09/08307,000","311,000","307,000","308,000","308,100.00","307,450.00","314,850.00","330,716.67","339,983.33",0,"1,851","2,562.80","3,122.65","2,714.87","4,560.63"
"2020/09/07305,000","308,000","304,000","306,500","307,900.00","308,250.00","315,875.00","331,175.00","339,566.67",8,"1,592","2,567.80","3,133.00","2,822.75","4,572.82"
"2020/09/04308,000","308,000","303,500","305,000","307,400.00","308,600.00","317,100.00","331,983.33","339,266.67",0,"3,855","2,952.20","3,128.05","2,894.43","4,580.96"
"2020/09/03313,000","313,500","308,000","308,500","308,000.00","308,850.00","318,475.00","333,050.00","339,020.83",0,"3,333","2,577.00","3,041.40","5,434.25","4,595.15"
"2020/09/02310,000","312,500","306,500","312,500","307,200.00","308,400.00","319,450.00","334,091.67","338,920.83",0,"2,183","2,621.20","2,960.15","5,431.23","4,600.33"
"2020/09/01304,000","308,500","303,500","307,000","306,800.00","309,250.00","320,325.00","335,150.00","338,850.00",0,"1,876","2,729.20","2,979.40","5,429.28","4,598.32"
"2020/08/31309,000","314,500","304,000","304,000","308,600.00","311,100.00","321,175.00","336,300.00","338,875.00",0,"3,514","2,848.80","2,983.35","5,436.40","4,602.58"
"2020/08/28309,500","309,500","305,500","308,000","309,800.00","314,000.00","322,450.00","337,516.67","338,979.17",0,"1,979","2,554.00","2,885.55","5,404.37","4,597.63"
"2020/08/27310,500","312,000","304,500","304,500","309,700.00","316,850.00","323,600.00","338,625.00","339,145.83",0,"3,554","2,666.80","2,896.50","5,404.00","4,602.52"
"2020/08/26315,000","315,000","308,000","310,500","309,600.00","319,800.00","324,900.00","339,841.67","339,437.50",0,"2,723","3,029.20","2,808.75","5,391.02","4,592.82"
"2020/08/25310,000","316,500","306,500","316,000","311,700.00","322,250.00","326,025.00","340,958.33","339,633.33",68,"2,474","3,357.20","2,819.95","5,373.07","4,584.94"
"2020/08/24307,500","310,000","303,500","310,000","313,600.00","323,500.00","326,850.00","341,975.00","339,779.17",0,"2,040","3,454.60","2,853.25","5,359.18","4,577.10"
"2020/08/21304,000","311,500","304,000","307,500","318,200.00","325,600.00","327,725.00","342,825.00","339,991.67",0,"2,543","3,585.60","2,860.10","5,370.52","4,578.86"
"2020/08/20321,500","321,500","302,000","304,000","324,000.00","328,100.00","328,900.00","343,933.33","340,191.67",0,"5,366","4,528.20","2,999.75","5,361.05","4,587.85"
"2020/08/19326,000","327,000","319,500","321,000","330,000.00","330,500.00","330,400.00","345,200.00","340,437.50",42,"4,363","3,957.20","2,863.95","5,314.60","4,556.42"
"2020/08/18333,500","336,000","325,000","325,500","332,800.00","331,400.00","331,075.00","346,116.67","340,554.17",0,"2,961","3,841.40","2,771.30","5,268.55","4,535.51"
"2020/08/14337,000","338,000","331,500","333,000","333,400.00","331,250.00","331,500.00","346,900.00","340,650.00",0,"2,695","3,660.80","2,711.10","5,252.03","4,524.76"
"2020/08/13334,000","336,500","329,500","336,500","333,000.00","330,900.00","331,550.00","347,600.00","340,633.33",30,"7,256","3,420.40","2,737.95","5,250.07","4,525.02"
"2020/08/12335,000","336,500","330,000","334,000","332,200.00","330,350.00","331,675.00","348,325.00","340,704.17",0,"2,511","2,393.60","2,515.65","5,189.60","4,485.02"
"2020/08/11327,500","336,000","327,500","335,000","331,000.00","330,000.00","332,025.00","349,216.67","340,854.17",60,"3,784","2,233.00","2,526.65","5,178.27","4,487.00"
"2020/08/10329,000","330,500","326,000","328,500","330,000.00","329,800.00","332,425.00","350,091.67","341,083.33",0,"2,058","1,989.80","2,418.30","5,165.72","4,468.85"
"2020/08/07331,000","333,500","329,500","331,000","329,100.00","330,200.00","333,050.00","350,991.67","341,366.67",0,"1,493","1,969.20","2,415.20","5,183.90","4,464.88"
"2020/08/06328,000","334,000","327,500","332,500","328,800.00","329,850.00","333,550.00","351,916.67","341,725.00",70,"2,122","1,982.20","2,516.85","5,253.70","4,464.98"
"2020/08/05328,500","332,500","327,500","328,000","328,500.00","329,700.00","334,525.00","352,541.67","342,079.17",0,"1,708","1,997.40","2,554.25","5,261.48","4,463.17"
"2020/08/04324,000","333,000","324,000","330,000","329,000.00","330,300.00","335,800.00","353,291.67","342,466.67",70,"2,568","2,015.60","2,605.55","5,266.77","4,470.02"
"2020/08/03328,000","331,000","324,000","324,000","329,600.00","330,750.00","336,550.00","354,100.00","342,862.50",0,"1,955","2,091.40","2,610.95","5,271.38","4,472.96"
"2020/07/31329,000","333,000","328,500","329,500","331,300.00","331,750.00","337,850.00","355,141.67","343,225.00",0,"1,558","2,328.40","2,587.30","5,281.22","4,472.71"
"2020/07/30330,000","333,000","329,000","331,000","330,900.00","332,200.00","338,875.00","356,108.33","343,458.33",0,"2,198","2,452.20","2,570.65","5,297.47","4,469.52"
"2020/07/29328,000","332,500","328,000","330,500","330,900.00","333,000.00","339,800.00","357,025.00","343,670.83",70,"1,799","3,079.80","2,536.05","5,319.28","4,473.08"
"2020/07/28331,000","336,000","328,000","333,000","331,600.00","334,050.00","340,675.00","357,825.00","343,920.83",0,"2,947","3,250.00","2,507.90","5,355.30","4,475.07"
"2020/07/27327,500","338,000","326,500","332,500","331,900.00","335,050.00","341,525.00","358,450.00","344,058.33",70,"3,140","3,162.60","2,501.75","5,384.18","4,467.27"
"2020/07/24329,000","330,000","326,500","327,500","332,200.00","335,900.00","342,575.00","359,283.33","344,208.33",0,"2,177","2,886.00","2,441.20","5,405.87","4,461.50"
"2020/07/23335,500","335,500","327,500","331,000","333,500.00","337,250.00","343,850.00","360,241.67","344,416.67",0,"5,336","3,097.00","2,530.85","5,453.03","4,462.28"
"2020/07/22334,500","338,000","333,000","334,000","335,100.00","339,350.00","344,150.00","360,966.67","344,658.33",0,"2,650","2,591.80","2,407.10","5,409.85","4,441.54"
"2020/07/21333,000","338,000","332,500","334,500","336,500.00","341,300.00","344,650.00","361,416.67","344,966.67",0,"2,510","2,608.00","2,399.35","5,413.40","4,433.25"
"2020/07/20338,500","339,000","332,000","334,000","338,200.00","342,350.00","345,075.00","361,891.67","345,266.67",0,"1,757","2,429.40","2,477.55","5,422.43","4,427.54"
"2020/07/17342,500","342,500","334,000","334,000","339,600.00","343,950.00","344,775.00","362,158.33","345,612.50",0,"3,232","2,477.20","2,486.85","5,427.75","4,431.53"
"2020/07/16341,000","345,000","337,500","339,000","341,000.00","345,550.00","344,800.00","362,500.00","346,054.17",0,"2,810","2,536.00","2,457.25","5,432.50","4,419.91"
"2020/07/15340,500","349,500","340,500","341,000","343,600.00","346,600.00","344,700.00","362,725.00","346,487.50",0,"2,731","2,548.00","2,458.50","5,438.00","4,409.98"
"2020/07/14339,500","343,500","338,000","343,000","346,100.00","347,300.00","344,800.00","363,008.33","346,937.50",0,"1,617","2,548.60","2,445.55","5,434.05","4,396.60"
"2020/07/13344,000","345,000","335,500","341,000","346,500.00","348,000.00","344,875.00","363,225.00","347,387.50",49,"1,996","2,760.40","2,603.65","5,456.22","4,398.74"
"2020/07/10359,000","359,000","340,000","341,000","348,300.00","349,250.00","344,600.00","363,608.33","347,850.00",2,"3,526","2,657.60","2,920.05","5,488.12","4,394.23"
"2020/07/09353,500","359,500","349,000","352,000","350,100.00","350,450.00","345,300.00","363,783.33","348,341.67",0,"2,870","2,197.40","3,038.40","5,511.83","4,371.11"
"2020/07/08353,000","353,500","342,500","353,500","349,600.00","348,950.00","346,150.00","364,116.67","348,754.17",20,"2,734","1,924.60","10,707.10","5,522.60","4,359.93"
"2020/07/07351,000","351,000","344,000","345,000","348,500.00","348,000.00","347,025.00","364,491.67","349,108.33",0,"2,676","1,625.00","10,728.00","5,547.22","4,348.73"
"2020/07/06355,000","355,000","346,500","350,000","349,500.00","347,800.00","348,575.00","365,083.33","349,516.67",0,"1,482","1,654.60","10,697.50","5,616.15","4,339.12"
"2020/07/03348,000","353,000","347,000","350,000","350,200.00","345,600.00","349,875.00","365,708.33","349,891.67",0,"1,225","1,744.00","10,738.55","5,792.50","4,341.46"
"2020/07/02346,500","355,000","346,500","349,500","350,800.00","344,050.00","351,225.00","365,750.00","350,300.00",0,"1,506","2,293.00","10,756.90","5,959.63","4,346.93"
"2020/07/01350,000","354,000","347,000","348,000","348,300.00","342,800.00","352,475.00","365,158.33","350,679.17",0,"1,236","2,564.00","10,779.45","6,017.38","4,361.83"
"2020/06/30351,500","356,500","348,500","350,000","347,500.00","342,300.00","353,950.00","364,408.33","351,166.67",0,"2,824","2,815.80","10,856.40","6,061.38","4,368.14"
"2020/06/29350,000","355,500","344,500","353,500","346,100.00","341,750.00","355,325.00","363,500.00","351,620.83",0,"1,929","3,065.80","10,797.50","6,148.82","4,362.43"
"2020/06/26338,500","355,000","338,000","353,000","341,000.00","339,950.00","356,500.00","362,608.33","352,129.17",0,"3,970","3,068.60","10,783.10","6,174.93","4,386.19"
"2020/06/25345,000","346,500","335,000","337,000","337,300.00","340,150.00","356,900.00","361,841.67","352,562.50",0,"2,861","2,802.60","10,720.60","6,169.37","4,378.94"
"2020/06/24343,000","346,000","339,500","344,000","337,300.00","343,350.00","358,750.00","361,058.33","353,195.83",0,"2,495","2,797.40","10,676.30","6,187.42","4,373.23"
"2020/06/23332,500","346,500","332,000","343,000","337,100.00","346,050.00","360,550.00","360,150.00","353,775.00",0,"4,074","2,792.80","10,680.50","6,252.97","4,371.11"
"2020/06/22333,500","333,500","328,000","328,000","337,400.00","349,350.00","362,200.00","358,841.67","354,433.33",0,"1,943","2,933.80","10,556.80","6,298.20","4,363.50"
"2020/06/19335,500","339,000","331,000","334,500","338,900.00","354,150.00","364,425.00","357,208.33","355,145.83",0,"2,640","4,210.00","10,558.15","6,321.43","4,361.90"
"2020/06/18339,000","342,500","334,000","337,000","343,000.00","358,400.00","366,450.00","355,158.33","355,795.83",0,"2,835","4,860.60","10,555.00","6,338.88","4,361.89"
"2020/06/17347,000","347,000","340,000","343,000","349,400.00","362,150.00","368,600.00","353,200.00","356,400.00",0,"2,472","35,542.40","10,594.65","6,365.07","4,364.13"
"2020/06/16340,000","351,000","335,000","344,500","355,000.00","365,600.00","370,825.00","351,016.67","356,970.83",58,"4,779","35,678.40","10,562.60","6,411.30","4,358.51"
"2020/06/15350,000","350,500","324,500","335,500","361,300.00","368,900.00","372,975.00","349,250.00","357,529.17",0,"8,324","35,135.80","10,475.20","6,406.38","4,334.61"
"2020/06/12361,000","364,000","351,500","355,000","369,400.00","373,050.00","375,325.00","347,958.33","358,175.00",0,"5,893","33,931.60","10,216.45","6,322.90","4,281.18"
"2020/06/11368,000","371,000","364,500","369,000","373,800.00","373,650.00","376,900.00","346,550.00","358,625.00",0,"156,244","33,071.40","10,205.85","6,267.48","4,249.91"
"2020/06/10379,500","379,500","371,000","371,000","374,900.00","374,150.00","376,950.00","344,991.67","358,975.00",0,"3,152","2,214.00","2,523.10","3,756.05","2,968.38"
"2020/06/09382,000","382,000","376,000","376,000","376,200.00","375,050.00","377,050.00","343,750.00","359,304.17",70,"2,066","2,138.60","2,466.75","3,769.43","2,980.06"
"2020/06/08380,000","384,000","376,000","376,000","376,500.00","375,050.00","377,175.00","342,550.00","359,554.17",0,"2,303","2,054.60","2,505.70","3,767.37","2,981.39"
"2020/06/05375,000","379,000","372,500","377,000","376,700.00","374,700.00","377,700.00","341,450.00","359,845.83",0,"1,592","1,922.20","2,517.80","3,768.77","2,978.38"
"2020/06/04377,500","381,000","374,500","374,500","373,500.00","374,500.00","378,225.00","340,441.67","360,154.17",0,"1,957","2,147.80","2,564.85","3,790.90","2,982.33"
"2020/06/03383,500","383,500","375,000","377,500","373,400.00","375,050.00","378,800.00","339,666.67","360,562.50",0,"2,775","2,151.40","2,642.35","3,801.03","2,975.98"
"2020/06/02375,000","378,000","371,500","377,500","373,900.00","376,050.00","378,850.00","339,033.33","360,933.33",59,"1,646","2,112.20","2,701.60","3,794.63","2,967.10"
"2020/06/01362,500","377,000","362,500","377,000","373,600.00","377,050.00","378,500.00","338,308.33","361,350.00",58,"1,641","2,103.00","2,853.30","3,796.82","2,960.73"
"2020/05/29377,500","377,500","361,000","361,000","372,700.00","377,600.00","378,775.00","337,583.33","361,783.33",2,"2,720","2,168.80","2,993.30","3,795.02","2,959.82"
"2020/05/28372,500","383,500","370,500","374,000","375,500.00","380,150.00","379,975.00","337,158.33","362,395.83",0,"1,975","2,140.20","3,107.65","3,787.20","2,952.26"
"2020/05/27372,500","384,500","372,000","380,000","376,700.00","379,750.00","380,000.00","336,450.00","362,870.83",0,"2,579","2,470.80","3,146.15","3,814.65","2,957.08"
"2020/05/26374,500","379,000","373,000","376,000","378,200.00","379,050.00","379,050.00","335,675.00","363,304.17",0,"1,600","2,321.20","3,160.35","3,798.23","2,946.74"
"2020/05/25375,000","377,500","370,000","372,500","380,500.00","379,300.00","378,400.00","334,991.67","363,712.50",42,"1,970","2,607.40","3,232.95","3,802.47","2,948.29"
"2020/05/22383,500","383,500","373,000","375,000","382,500.00","380,700.00","377,275.00","334,400.00","364,154.17",0,"2,577","2,843.20","3,238.25","3,797.48","2,950.63"
"2020/05/21387,000","387,000","380,000","380,000","384,800.00","381,950.00","376,250.00","333,666.67","364,600.00",0,"3,628","3,464.00","3,285.25","3,799.98","2,944.57"
"2020/05/20391,500","391,500","386,500","387,500","382,800.00","382,550.00","374,875.00","333,083.33","365,004.17",0,"1,831","3,256.20","3,260.85","3,780.45","2,926.28"
"2020/05/19385,000","391,000","384,000","387,500","379,900.00","381,650.00","373,400.00","332,491.67","365,404.17",0,"3,031","3,295.00","3,294.00","3,795.73","2,927.77"
"2020/05/18393,500","393,500","381,500","382,500","378,100.00","379,950.00","371,825.00","332,075.00","365,850.00",34,"3,149","3,257.80","3,289.80","3,771.98","2,916.09"
"2020/05/15375,500","388,000","372,000","386,500","378,900.00","379,950.00","370,900.00","331,741.67","366,375.00",0,"5,681","3,137.00","3,327.85","3,745.85","2,904.83"
"2020/05/14373,000","377,500","370,000","370,000","379,100.00","379,800.00","369,150.00","331,533.33","366,912.50",23,"2,589","2,507.40","3,291.25","3,676.27","2,863.59"
"2020/05/13378,000","378,000","371,500","373,000","382,300.00","380,250.00","369,250.00","331,616.67","367,612.50",0,"2,025","2,691.00","3,337.60","3,664.85","2,854.86"
"2020/05/12386,000","386,000","375,500","378,500","383,400.00","379,050.00","369,400.00","331,641.67","368,220.83",0,"2,845","3,078.00","3,446.90","3,673.28","2,847.55"
"2020/05/11385,000","390,000","374,000","386,500","381,800.00","377,500.00","369,500.00","331,625.00","368,775.00",0,"2,545","3,445.00","3,645.25","3,674.53","2,830.38"
"2020/05/08387,500","391,000","382,500","387,500","381,000.00","373,850.00","369,550.00","331,308.33","369,312.50",0,"2,533","3,824.20","4,121.15","3,664.20","2,820.01"
"2020/05/07385,000","387,000","379,000","386,000","380,500.00","370,550.00","367,800.00","330,808.33","369,816.67",0,"3,507","4,319.00","4,557.15","3,641.57","2,812.13"
"2020/05/06376,000","384,500","373,500","378,500","378,200.00","367,200.00","364,200.00","330,316.67","370,412.50",0,"3,960","4,166.60","4,630.35","3,626.88","2,794.50"
"2020/05/04375,500","379,500","366,000","370,500","374,700.00","365,150.00","360,425.00","330,016.67","371,100.00",0,"4,680","3,947.20","4,626.15","3,594.85","2,779.28"
"2020/04/29385,000","390,500","380,500","382,500","373,200.00","363,700.00","356,675.00","329,666.67","371,762.50",17,"4,441","3,621.60","4,795.65","3,550.37","2,758.15"
"2020/04/28381,000","392,000","376,500","385,000","366,700.00","361,850.00","352,550.00","329,133.33","372,250.00",0,"5,007","3,148.60","4,748.40","3,517.13","2,728.77"
"2020/04/27358,500","375,500","357,000","374,500","360,600.00","358,500.00","348,650.00","328,591.67","372,741.67",0,"2,745","2,850.60","4,679.85","3,471.53","2,705.59"
"2020/04/24364,500","367,500","356,000","361,000","356,200.00","358,250.00","344,425.00","328,350.00","373,200.00",0,"2,863","2,929.60","4,739.80","3,473.23","2,689.22"
"2020/04/23350,000","363,000","350,000","363,000","355,600.00","359,750.00","340,850.00","328,516.67","373,787.50",0,"3,052","2,855.80","4,918.05","3,453.10","2,673.18"
"2020/04/22354,500","354,500","341,500","350,000","354,200.00","361,500.00","335,925.00","328,641.67","374,362.50",0,"2,076","2,834.80","5,104.85","3,432.65","2,656.07"
"2020/04/21355,500","355,500","342,000","354,500","357,000.00","365,250.00","329,925.00","329,066.67","375,050.00",0,"3,517","3,201.60","5,167.90","3,435.32","2,644.23"
"2020/04/20360,000","363,000","351,500","352,500","356,400.00","365,050.00","322,775.00","329,608.33","375,708.33",0,"3,140","3,488.00","5,176.40","3,407.32","2,623.31"
"2020/04/17356,000","362,500","356,000","358,000","360,300.00","361,200.00","316,125.00","330,250.00","376,412.50",0,"2,494","3,563.20","5,239.70","3,381.95","2,605.34"
"2020/04/16363,500","363,500","350,500","356,000","363,900.00","355,700.00","308,825.00","330,866.67","377,054.17",0,"2,947","3,906.60","5,377.30","3,359.15","2,593.31"
"2020/04/14350,000","369,000","347,500","364,000","368,800.00","349,650.00","302,950.00","331,550.00","377,695.83",0,"3,910","4,679.60","5,454.15","3,341.27","2,579.61"
"2020/04/13366,000","369,500","350,000","351,500","373,500.00","343,250.00","297,650.00","332,091.67","378,254.17",0,"4,949","6,310.20","5,424.40","3,300.35","2,573.24"
"2020/04/10376,000","378,500","363,500","372,000","373,700.00","338,800.00","293,600.00","332,900.00","378,987.50",23,"3,516","7,571.00","5,305.35","3,230.38","2,537.65"
"2020/04/09379,000","384,000","372,000","376,000","362,100.00","330,600.00","288,775.00","333,391.67","379,537.50",0,"4,211","7,862.00","5,407.45","3,197.27","2,515.13"
"2020/04/08388,000","388,000","368,500","380,500","347,500.00","321,950.00","284,800.00","333,725.00","380,066.67",30,"6,812","7,795.00","5,394.65","3,150.25","2,485.88"
"2020/04/07368,000","388,000","365,000","387,500","330,500.00","310,350.00","280,975.00","333,950.00","380,570.83",0,"12,063","8,046.60","5,151.15","3,062.08","2,434.63"
"2020/04/06320,000","362,000","314,500","352,500","313,000.00","294,600.00","277,100.00","334,075.00","381,020.83",0,"11,253","6,333.20","4,667.35","2,890.42","2,343.69"
"2020/04/03303,000","315,500","295,000","314,000","303,900.00","280,500.00","275,300.00","334,850.00","381,679.17",0,"4,971","4,809.80","4,250.70","2,734.23","2,255.18"
"2020/04/02297,000","306,500","285,000","303,000","299,100.00","271,050.00","276,000.00","336,200.00","382,641.67",0,"3,876","4,604.40","4,130.40","2,706.28","2,221.72"
"2020/04/01294,000","321,000","293,500","295,500","296,400.00","261,950.00","277,825.00","337,925.00","383,679.17",29,"8,070","5,114.80","4,056.15","2,674.90","2,202.31"
"2020/03/31307,000","307,500","300,000","300,000","290,200.00","256,250.00","279,750.00","339,741.67","384,854.17",0,"3,496","4,858.40","3,741.50","2,576.05","2,141.12"
"2020/03/30298,500","307,000","275,500","307,000","276,200.00","252,050.00","281,425.00","341,650.00","385,958.33",20,"3,636","4,826.60","3,643.35","2,597.45","2,116.42"
"2020/03/27306,000","309,000","282,000","290,000","257,100.00","248,400.00","282,850.00","343,283.33","386,970.83",0,"3,944","4,836.80","3,574.10","2,588.52","2,100.68"
"2020/03/26264,500","298,500","261,500","289,500","243,000.00","246,950.00","284,925.00","345,333.33","388,237.50",0,"6,428","4,929.20","3,558.00","2,559.03","2,075.90"
"2020/03/25241,000","299,000","235,000","264,500","227,500.00","247,650.00","287,125.00","347,400.00","389,587.50",0,"6,788","4,692.80","3,316.30","2,489.25","2,030.15"
"2020/03/24212,000","230,000","212,000","230,000","222,300.00","251,600.00","290,650.00","350,025.00","391,050.00",0,"3,337","4,232.00","3,069.60","2,428.80","1,979.97"
"2020/03/23209,000","217,500","204,000","211,500","227,900.00","259,600.00","296,000.00","353,083.33","392,783.33",0,"3,687","4,227.60","2,986.30","2,402.37","1,962.03"
"2020/03/20210,000","220,000","210,000","219,500","239,700.00","270,100.00","301,975.00","356,433.33","394,737.50",9,"4,406","4,003.80","2,938.30","2,384.90","1,940.93"
"2020/03/19236,000","242,500","212,000","212,000","250,900.00","280,950.00","308,250.00","359,600.00","396,633.33",0,"5,246","4,234.20","2,840.80","2,363.18","1,911.47"
"2020/03/18256,000","260,000","237,500","238,500","267,800.00","293,700.00","315,250.00","362,925.00","398,616.67",0,"4,484","3,976.00","2,715.90","2,305.72","1,877.62"
"2020/03/17265,000","269,500","257,500","258,000","280,900.00","303,250.00","321,450.00","365,808.33","400,358.33",0,"3,315","3,467.60","2,572.00","2,262.83","1,847.34"
"2020/03/16275,500","278,500","263,500","270,500","291,300.00","310,800.00","326,675.00","368,391.67","401,933.33",0,"2,568","3,282.00","2,485.30","2,239.45","1,833.47"
"2020/03/13280,000","283,000","260,500","275,500","300,500.00","317,300.00","331,850.00","370,700.00","403,437.50",0,"5,558","3,352.40","2,432.20","2,232.33","1,824.65"
"2020/03/12304,000","309,000","288,000","296,500","311,000.00","322,900.00","336,825.00","372,958.33","404,916.67",0,"3,955","2,753.80","2,249.50","2,180.70","1,786.45"
"2020/03/11305,500","312,000","301,000","304,000","319,600.00","326,600.00","340,725.00","374,858.33","406,233.33",0,"1,942","2,441.00","2,178.30","2,190.68","1,775.17"
"2020/03/10315,500","316,500","305,000","310,000","325,600.00","329,700.00","344,400.00","376,558.33","407,337.50",0,"2,387","2,408.00","2,227.20","2,195.42","1,768.05"
"2020/03/09321,000","321,000","310,000","316,500","330,300.00","332,400.00","347,275.00","378,241.67","408,387.50",0,"2,920","2,237.20","2,204.10","2,188.00","1,764.10"
"2020/03/06337,000","342,500","327,000","328,000","334,100.00","333,850.00","349,325.00","379,866.67","409,329.17",0,"2,565","2,103.40","2,116.85","2,173.77","1,750.33"
"2020/03/05334,000","341,000","330,000","339,500","334,800.00","335,550.00","350,750.00","381,458.33","410,162.50",0,"2,391","2,314.80","2,119.90","2,150.93","1,744.27"
"2020/03/04333,500","338,500","332,000","334,000","333,600.00","336,800.00","351,800.00","382,833.33","410,954.17",8,"1,777","2,155.40","2,102.25","2,139.57","1,735.72"
"2020/03/03335,000","339,500","332,500","333,500","333,800.00","339,650.00","352,575.00","384,391.67","411,858.33",0,"1,533","2,170.80","2,113.95","2,124.65","1,728.92"
"2020/03/02338,000","341,000","331,500","335,500","334,500.00","342,550.00","353,425.00","385,983.33","412,816.67",0,"2,251","2,198.40","2,159.65","2,124.62","1,726.83"
"2020/02/28336,500","336,500","322,500","331,500","333,600.00","346,400.00","354,275.00","387,633.33","413,758.33",0,"3,622","2,293.60","2,160.65","2,117.32","1,715.13"
"2020/02/27331,000","335,000","327,500","333,500","336,300.00","350,750.00","355,700.00","389,291.67","414,695.83",0,"1,594","2,060.40","2,121.90","2,099.52","1,690.41"
"2020/02/26339,000","339,000","331,000","335,000","340,000.00","354,850.00","357,575.00","390,933.33","415,608.33",70,"1,854","2,291.20","2,124.95","2,095.25","1,689.93"
"2020/02/25334,000","337,000","331,000","337,000","345,500.00","359,100.00","359,350.00","392,433.33","416,462.50",70,"1,671","2,241.60","2,123.50","2,094.12","1,685.83"
"2020/02/24342,500","355,500","331,000","331,000","350,600.00","362,150.00","361,275.00","393,908.33","417,187.50",0,"2,727","2,223.60","2,151.75","2,103.78","1,678.59"
"2020/02/21349,500","349,500","341,000","345,000","359,200.00","364,800.00","364,075.00","395,533.33","417,937.50",0,"2,456","1,979.40","2,107.25","2,089.17","1,666.31"
"2020/02/20357,000","365,500","350,000","352,000","365,200.00","365,950.00","366,375.00","396,925.00","418,591.67",0,"2,748","1,869.00","2,065.35","2,072.12","1,654.08"
"2020/02/19370,000","370,000","358,500","362,500","369,700.00","366,800.00","368,525.00","398,316.67","419,262.50",0,"1,606","1,825.60","1,984.25","2,059.80","1,640.95"
"2020/02/18370,500","373,000","361,500","362,500","372,700.00","365,500.00","370,250.00","399,625.00","419,800.00",0,"1,581","2,088.40","1,997.65","2,060.20","1,636.54"
"2020/02/17373,000","376,000","371,500","374,000","373,700.00","364,300.00","371,950.00","401,008.33","420,366.67",0,"1,506","2,157.20","1,991.35","2,063.82","1,636.27"
"2020/02/14372,000","379,000","372,000","375,000","370,400.00","362,150.00","373,250.00","402,291.67","420,733.33",0,"1,904","2,091.00","1,953.60","2,050.92","1,637.68"
"2020/02/13377,500","381,000","368,500","374,500","366,700.00","360,650.00","374,575.00","403,608.33","421,104.17",0,"2,531","2,235.40","1,934.85","2,044.87","1,633.77"
"2020/02/12364,500","377,500","364,500","377,500","363,900.00","360,300.00","375,650.00","404,800.00","421,408.33",18,"2,920","2,136.80","1,877.80","2,021.82","1,620.49"
"2020/02/11358,500","370,500","358,500","367,500","358,300.00","359,600.00","376,475.00","405,925.00","421,745.83",0,"1,925","1,955.00","1,807.90","1,986.23","1,609.79"
"2020/02/10358,000","359,500","352,000","357,500","354,900.00","360,400.00","377,850.00","407,316.67","422,291.67",0,"1,175","2,059.40","1,799.80","1,975.82","1,611.01"
"2020/02/07360,000","362,500","353,000","356,500","353,900.00","363,350.00","379,925.00","408,825.00","422,816.67",70,"2,626","2,278.60","1,835.15","1,982.70","1,621.01"
"2020/02/06354,000","363,000","353,000","360,500","354,600.00","366,800.00","381,850.00","410,508.33","423,475.00",0,"2,038","2,322.80","1,868.55","1,962.12","1,612.77"
"2020/02/05348,500","354,500","347,500","349,500","356,700.00","370,250.00","384,150.00","412,183.33","424,129.17",0,"2,011","2,246.20","1,866.30","1,963.70","1,618.03"
"2020/02/04348,500","354,000","348,500","350,500","360,900.00","375,000.00","386,900.00","413,858.33","424,862.50",0,"2,447","2,209.00","1,872.70","1,965.93","1,616.10"
"2020/02/03355,500","356,000","347,000","352,500","365,900.00","379,600.00","390,100.00","415,366.67","425,641.67",0,"2,271","2,166.80","1,989.35","1,940.40","1,615.08"
"2020/01/31365,500","370,000","356,000","360,000","372,800.00","384,350.00","392,725.00","416,891.67","426,408.33",0,"2,847","2,080.00","2,030.80","1,939.65","1,631.45"
"2020/01/30369,000","371,500","367,500","371,000","379,000.00","388,500.00","395,375.00","418,050.00","427,350.00",0,"1,655","1,834.20","1,997.20","1,905.20","1,619.20"
"2020/01/29373,000","374,500","369,000","370,500","383,800.00","391,000.00","397,500.00","419,058.33","428,283.33",0,"1,825","1,728.40","2,026.50","1,893.27","1,625.20"
"2020/01/28385,000","390,000","375,000","375,500","389,100.00","393,350.00","400,075.00","420,083.33","429,266.67",0,"2,236","1,738.20","2,093.30","1,879.48","1,663.39"
"2020/01/23391,000","391,000","386,000","387,000","393,300.00","395,300.00","401,975.00","421,033.33","430,283.33",0,"1,837","1,582.00","2,069.05","1,853.15","1,659.15"
"2020/01/22400,000","400,000","390,000","391,000","395,900.00","396,500.00","403,250.00","421,808.33","431,204.17",0,"1,618","1,364.80","2,109.15","1,839.30","1,669.90"
"2020/01/21401,500","401,500","395,000","395,000","398,000.00","396,900.00","404,175.00","422,575.00","432,041.67",0,"1,126","1,347.00","2,183.40","1,828.73","1,682.93"
"2020/01/20396,500","402,000","396,500","397,000","398,200.00","398,050.00","405,000.00","423,241.67","432,958.33",70,"1,874","1,399.80","2,217.00","1,827.47","1,698.48"
"2020/01/17399,500","404,500","396,500","396,500","397,600.00","398,800.00","405,725.00","423,841.67","433,966.67",0,"1,455","1,329.40","2,218.85","1,817.95","1,688.51"
"2020/01/16400,000","403,000","398,500","400,000","397,300.00","400,600.00","406,550.00","424,416.67","434,995.83",0,751,"1,391.00","2,241.70","1,846.13","1,682.05"
"2020/01/15396,000","405,000","396,000","401,500","397,100.00","401,100.00","407,000.00","425,075.00","436,029.17",0,"1,529","1,617.20","2,311.20","1,844.92","1,685.42"
"2020/01/14399,000","400,500","395,500","396,000","395,800.00","402,250.00","407,475.00","425,683.33","437,091.67",0,"1,390","1,970.20","2,357.75","1,832.98","1,684.06"
"2020/01/13391,500","397,000","391,500","394,000","397,900.00","404,000.00","408,200.00","426,408.33","438,041.67",0,"1,522","2,090.80","2,515.95","1,821.52","1,682.43"
"2020/01/10397,000","399,500","391,000","395,000","400,000.00","406,800.00","408,800.00","427,191.67","439,016.67",0,"1,763","2,214.20","2,551.15","1,807.17","1,698.08"
"2020/01/09394,500","401,000","394,500","399,000","403,900.00","408,650.00","409,600.00","427,966.67","440,108.33",9,"1,882","2,817.60","2,560.10","1,796.97","1,696.88"
"2020/01/08404,500","404,500","395,000","395,000","405,100.00","410,000.00","410,350.00","428,508.33","441,191.67",2,"3,294","3,061.20","2,569.30","1,776.12","1,697.33"
"2020/01/07405,500","411,000","404,500","406,500","408,700.00","411,450.00","411,775.00","429,083.33","442,400.00",70,"1,993","2,837.40","2,464.35","1,737.15","1,680.53"
"2020/01/06414,500","415,500","404,500","404,500","410,100.00","411,950.00","412,550.00","429,433.33","443,512.50",2,"2,139","2,887.00","2,450.15","1,729.72","1,676.18"
"2020/01/03406,000","418,500","405,000","414,500","413,600.00","412,650.00","413,700.00","429,966.67","444,633.33",0,"4,780","3,091.40","2,387.30","1,706.18","1,675.02"
"2020/01/02413,000","414,000","404,000","405,000","413,400.00","412,500.00","414,425.00","430,266.67","445,804.17",0,"3,100","2,485.60","2,224.85","1,635.38","1,644.98"
"2019/12/30413,500","414,000","410,500","413,000","414,900.00","412,900.00","415,900.00","430,658.33","447,137.50",0,"2,175","2,393.40","2,160.50","1,612.85","1,626.89"
"2019/12/27417,000","417,500","411,500","413,500","414,200.00","412,700.00","416,800.00","431,141.67","448,495.83",0,"2,241","2,579.00","2,179.45","1,592.77","1,619.52"
"2019/12/26416,500","423,000","412,500","422,000","413,800.00","412,400.00","417,725.00","431,775.00","449,841.67",70,"3,161","2,490.40","2,134.30","1,571.05","1,612.28"
"2019/12/24413,000","417,000","412,500","413,500","411,700.00","410,800.00","417,875.00","432,075.00","451,041.67",0,"1,751","2,240.40","2,065.55","1,531.13","1,592.62"
"2019/12/23412,500","419,500","410,000","412,500","411,600.00","410,550.00","418,475.00","432,483.33","452,387.50",0,"2,639","2,272.60","2,090.55","1,521.68","1,590.14"
"2019/12/20415,500","416,000","409,000","409,500","410,900.00","410,700.00","419,275.00","433,041.67","453,791.67",70,"3,103","2,173.00","2,051.10","1,496.97","1,581.56"
"2019/12/19410,500","415,000","409,000","411,500","411,200.00","412,100.00","420,225.00","433,666.67","455,279.17",0,"1,798","2,044.40","1,967.60","1,459.75","1,565.57"
"2019/12/18411,500","416,500","410,500","411,500","411,000.00","413,150.00","421,425.00","434,308.33","456,716.67",0,"1,911","2,595.60","1,978.15","1,449.52","1,561.76"
"2019/12/17409,000","414,500","408,500","413,000","409,900.00","414,750.00","422,900.00","434,908.33","458,104.17",0,"1,912","2,658.60","1,964.10","1,431.85","1,556.65"
"2019/12/16414,500","417,000","409,000","409,000","409,500.00","416,350.00","424,525.00","435,475.00","459,470.83",0,"2,141","2,664.60","1,958.40","1,427.48","1,554.82"
"2019/12/13410,500","424,000","410,500","411,000","410,500.00","418,900.00","426,625.00","436,175.00","460,937.50",66,"2,460","2,649.60","1,887.95","1,416.97","1,552.44"
"2019/12/12404,500","412,500","403,000","410,500","413,000.00","420,900.00","428,775.00","436,875.00","462,470.83",0,"4,554","2,396.60","1,842.00","1,392.20","1,549.83"
"2019/12/11414,000","414,000","404,000","406,000","415,300.00","423,050.00","430,550.00","437,608.33","464,050.00",0,"2,226","1,827.60","1,671.70","1,359.65","1,528.39"
"2019/12/10414,000","415,500","408,500","411,000","419,600.00","424,950.00","432,500.00","438,116.67","465,666.67",0,"1,942","1,558.80","1,599.65","1,340.68","1,548.55"
"2019/12/09422,000","422,500","414,000","414,000","423,200.00","426,400.00","434,500.00","438,533.33","467,133.33",2,"2,066","1,476.60","1,567.55","1,340.20","1,565.33"
"2019/12/06422,500","426,500","420,000","423,500","427,300.00","427,850.00","436,200.00","438,791.67","468,491.67",0,"1,195","1,426.00","1,543.65","1,326.88","1,563.46"
"2019/12/05425,000","430,000","421,000","422,000","428,800.00","428,350.00","437,900.00","438,866.67","469,720.83",0,"1,709","1,697.80","1,553.45","1,337.60","1,599.36"
"2019/12/04423,500","432,000","423,500","427,500","430,800.00","429,700.00","439,850.00","439,075.00","471,087.50",0,882,"1,623.60","1,574.65","1,331.88","1,633.14"
"2019/12/03434,500","443,000","425,500","429,000","430,300.00","431,050.00","440,975.00","439,325.00","472,350.00",0,"1,531","1,804.40","1,637.80","1,333.18","1,663.68"
"2019/12/02438,000","438,000","428,500","434,500","429,600.00","432,700.00","441,575.00","439,650.00","473,416.67",0,"1,813","1,948.40","1,607.00","1,329.05","1,662.07"
"2019/11/29432,000","440,000","425,500","431,000","428,400.00","434,350.00","442,050.00","439,883.33","474,479.17",0,"2,554","1,955.80","1,627.65","1,312.95","1,659.00"
"2019/11/28423,500","432,000","422,000","432,000","427,900.00","436,650.00","441,975.00","440,100.00","475,454.17",0,"1,338","1,731.60","1,538.95","1,281.30","1,649.79"
"2019/11/27425,000","429,000","423,000","425,000","428,600.00","438,050.00","441,950.00","440,283.33","476,387.50",0,"1,786","1,865.80","1,519.00","1,284.62","1,645.50"
"2019/11/26428,500","429,500","424,500","425,500","431,800.00","440,050.00","442,300.00","440,491.67","477,345.83",0,"2,251","1,834.60","1,479.60","1,277.55","1,645.63"
"2019/11/25430,500","434,000","427,500","428,500","435,800.00","442,600.00","442,650.00","440,466.67","478,341.67",70,"1,850","1,744.00","1,399.85","1,253.40","1,641.83"
"2019/11/22438,000","438,000","427,500","428,500","440,300.00","444,550.00","442,900.00","440,341.67","479,229.17",0,"1,433","1,520.40","1,357.65","1,243.45","1,643.04"
"2019/11/21445,000","448,500","431,500","435,500","445,400.00","447,450.00","443,325.00","440,258.33","480,166.67",0,"2,009","1,542.00","1,335.20","1,236.03","1,642.97"
"2019/11/20441,500","442,500","436,000","441,000","447,500.00","450,000.00","443,300.00","440,208.33","481,045.83",0,"1,630","1,369.80","1,287.25","1,222.10","1,642.01"
"2019/11/19448,500","451,000","442,000","445,500","448,300.00","450,900.00","442,900.00","439,975.00","481,979.17",0,"1,798","1,200.80","1,270.90","1,212.88","1,661.56"
"2019/11/18453,000","453,500","448,000","451,000","449,400.00","450,450.00","442,175.00","439,725.00","482,916.67",0,732,"1,101.20","1,338.30","1,208.72","1,652.34"
"2019/11/15443,000","456,500","443,000","454,000","448,800.00","449,750.00","441,600.00","439,175.00","483,800.00",0,"1,541","1,272.40","1,335.60","1,224.43","1,661.01"
"2019/11/14443,000","449,000","441,000","446,000","449,500.00","447,300.00","440,800.00","438,600.00","484,658.33",0,"1,148","1,242.40","1,299.20","1,222.67","1,659.97"
"2019/11/13449,000","449,500","444,000","445,000","452,500.00","445,850.00","440,475.00","438,016.67","485,658.33",0,785,"1,439.40","1,276.90","1,219.17","1,659.61"
"2019/11/12450,000","452,500","442,500","451,000","453,500.00","444,550.00","440,275.00","437,566.67","486,700.00",0,"1,300","1,711.40","1,270.70","1,233.35","1,664.86"
"2019/11/11457,500","460,500","442,500","448,000","451,500.00","442,700.00","439,800.00","437,266.67","487,666.67",0,"1,588","1,634.40","1,263.25","1,246.20","1,673.52"
"2019/11/08457,000","462,000","456,500","457,500","450,700.00","441,250.00","438,975.00","436,808.33","488,758.33",0,"1,391","1,762.00","1,215.40","1,259.32","1,667.11"
"2019/11/07447,000","462,500","447,000","461,000","445,100.00","439,200.00","437,575.00","436,441.67","489,795.83",18,"2,133","1,639.80","1,193.65","1,263.42","1,664.48"
"2019/11/06439,500","451,000","438,000","450,000","439,200.00","436,600.00","435,900.00","436,075.00","490,829.17",0,"2,145","1,401.00","1,164.35","1,272.35","1,660.36"
"2019/11/05444,000","450,000","437,500","441,000","435,600.00","434,900.00","435,225.00","435,866.67","491,879.17",0,915,"1,171.60","1,093.45","1,266.27","1,661.51"
"2019/11/04430,000","449,500","430,000","444,000","433,900.00","433,900.00","434,800.00","435,916.67","493,079.17",0,"2,226","1,119.80","1,074.30","1,289.75","1,664.68"
"2019/11/01430,000","437,500","427,500","429,500","431,800.00","433,450.00","434,025.00","435,925.00","494,320.83",0,780,875.8,"1,050.40","1,323.25","1,657.28"
"2019/10/31433,500","435,500","431,000","431,500","433,300.00","434,300.00","434,650.00","436,650.00","495,641.67",0,939,916.6,"1,059.90","1,333.20","1,668.69"
"2019/10/30431,000","438,000","430,500","432,000","434,000.00","435,100.00","435,650.00","437,508.33","497,037.50",0,998,938.8,"1,059.85","1,357.13","1,675.07"
"2019/10/29433,500","438,500","432,500","432,500","434,200.00","436,000.00","436,050.00","438,450.00","498,479.17",0,656,999.8,"1,048.25","1,447.30","1,683.72"
"2019/10/28440,000","447,000","433,500","433,500","433,900.00","436,900.00","436,325.00","439,533.33","499,950.00",0,"1,006","1,497.80","1,074.65","1,465.15","1,708.23"
"2019/10/25432,000","440,000","432,000","437,000","435,100.00","436,700.00","436,950.00","440,600.00","501,520.83",67,984,"1,432.20","1,082.15","1,500.50","1,714.03"
"2019/10/24432,000","437,000","425,500","435,000","435,300.00","435,950.00","437,450.00","441,508.33","503,129.17",0,"1,050","1,398.00","1,076.45","1,537.12","1,724.03"
"2019/10/23430,000","435,500","428,500","433,000","436,200.00","435,200.00","438,200.00","442,675.00","504,745.83",0,"1,303","1,328.40","1,083.15","1,569.50","1,721.37"
"2019/10/22437,500","449,000","430,000","431,000","437,800.00","435,550.00","438,925.00","444,091.67","506,337.50",0,"3,146","1,200.00","1,060.55","1,559.07","1,719.15"
"2019/10/21441,500","444,000","437,000","439,500","439,900.00","435,700.00","439,725.00","445,575.00","507,937.50",0,678,801,985.75,"1,517.97","1,704.01"
"2019/10/18445,500","446,000","436,000","438,000","438,300.00","434,600.00","440,300.00","446,983.33","509,466.67",65,813,791.6,"1,027.35","1,525.92","1,718.84"
"2019/10/17439,500","445,000","439,000","439,500","436,600.00","435,000.00","441,050.00","448,500.00","511,025.00",70,702,820.2,"1,035.40","1,535.13","1,722.78"
"2019/10/16441,000","446,000","439,000","441,000","434,200.00","436,200.00","441,800.00","449,675.00","512,604.17",0,661,989.2,"1,130.35","1,543.33","1,728.39"
"2019/10/15432,000","447,000","432,000","441,500","433,300.00","436,100.00","441,575.00","450,841.67","514,112.50",0,"1,151","1,002.40","1,151.70","1,589.00","1,736.98"
"2019/10/14430,000","435,000","429,500","431,500","431,500.00","435,750.00","441,300.00","452,250.00","515,650.00",0,631,878.6,"1,189.80","1,596.78","1,750.63"
"2019/10/11434,500","434,500","428,000","429,500","430,900.00","437,200.00","441,200.00","453,875.00","517,354.17",0,956,"1,102.00","1,221.60","1,618.53","1,758.56"
"2019/10/10429,000","436,500","426,000","427,500","433,400.00","438,950.00","441,125.00","455,716.67","519,108.33",0,"1,547","1,104.80","1,265.70","1,623.90","1,757.28"
"2019/10/08427,000","438,500","427,000","436,500","438,200.00","441,200.00","441,475.00","457,591.67","520,895.83",0,727,983,"1,256.65","1,622.65","1,755.68"
"2019/10/07427,000","434,000","423,000","432,500","438,900.00","442,300.00","441,775.00","459,300.00","522,591.67",0,532,990.8,"1,268.30","1,643.85","1,767.09"
"2019/10/04442,000","442,000","426,000","428,500","440,000.00","443,750.00","442,575.00","461,341.67","524,329.17",38,"1,748","1,121.20","1,305.85","1,654.58","1,777.53"
"2019/10/02445,000","447,000","440,500","442,000","443,500.00","446,000.00","443,575.00","463,616.67","526,108.33",37,970,"1,002.80","1,260.80","1,640.93","1,773.13"
"2019/10/01438,000","451,500","436,000","451,500","444,500.00","447,100.00","443,675.00","465,850.00","527,741.67",0,938,982.8,"1,245.05","1,646.27","1,776.96"
"2019/09/30438,000","441,500","433,500","440,000","444,200.00","447,400.00","443,250.00","467,908.33","529,287.50",0,766,"1,032.00","1,275.00","1,653.52","1,783.90"
"2019/09/27447,500","447,500","435,500","438,000","445,700.00","447,050.00","443,125.00","470,008.33","530,945.83",42,"1,184","1,049.00","1,304.80","1,654.10","1,787.20"
"2019/09/26451,000","454,000","441,500","446,000","447,500.00","446,850.00","442,425.00","472,291.67","532,604.17",0,"1,156","1,142.20","1,285.70","1,658.60","1,790.41"
"2019/09/25454,500","455,000","447,000","447,000","448,500.00","445,200.00","441,175.00","474,541.67","534,195.83",0,870,"1,213.00","1,290.55","1,666.15","1,792.74"
"2019/09/24447,500","454,500","446,500","450,000","449,700.00","443,300.00","440,000.00","476,891.67","535,787.50",0,"1,184","1,233.80","1,296.45","1,671.38","1,795.33"
"2019/09/23447,000","452,000","445,000","447,500","450,600.00","441,750.00","439,125.00","479,125.00","537,379.17",0,851,"1,517.20","1,295.90","1,674.00","1,794.51"
"2019/09/20447,000","453,500","444,500","447,000","448,400.00","441,250.00","438,100.00","481,300.00","538,941.67",0,"1,650","1,564.60","1,307.20","1,681.45","1,799.55"
"2019/09/19450,500","454,500","445,000","451,000","446,200.00","441,400.00","437,275.00","483,466.67","540,508.33",0,"1,510","1,617.20","1,302.10","1,682.15","1,808.28"
"2019/09/18460,000","460,000","448,000","453,000","441,900.00","441,150.00","435,625.00","485,700.00","542,183.33",0,974,"1,568.60","1,310.35","1,687.92","1,805.89"
"2019/09/17440,500","463,000","437,500","454,500","436,900.00","440,250.00","433,950.00","488,066.67","543,891.67",0,"2,601","1,741.40","1,333.40","1,707.47","1,807.16"
"2019/09/16436,500","439,000","433,000","436,500","432,900.00","439,100.00","431,775.00","490,491.67","545,579.17",0,"1,088","1,494.40","1,250.25","1,697.13","1,802.57"
"2019/09/11431,500","436,500","430,500","436,000","434,100.00","439,200.00","430,850.00","493,216.67","547,391.67",0,"1,913","1,468.80","1,277.65","1,756.42","1,814.12"
"2019/09/10428,500","432,000","427,000","429,500","436,600.00","438,000.00","430,700.00","495,733.33","549,316.67",70,"1,267","1,342.80","1,285.55","1,790.45","1,820.00"
"2019/09/09431,500","440,500","427,000","428,000","440,400.00","437,150.00","430,250.00","498,191.67","551,404.17",66,"1,838","1,258.80","1,340.95","1,800.03","1,823.33"
"2019/09/06441,000","442,500","432,500","434,500","443,600.00","436,700.00","430,625.00","500,575.00","553,529.17",0,"1,366","1,022.20","1,330.90","1,861.12","1,821.08"
"2019/09/05442,000","448,000","442,000","442,500","445,300.00","436,500.00","430,850.00","503,100.00","555,700.00",0,960,"1,056.40","1,396.05","1,934.40","1,821.43"
"2019/09/04444,500","452,000","438,000","448,500","444,300.00","434,950.00","430,600.00","505,375.00","557,745.83",0,"1,283","1,136.80","1,437.05","1,994.18","1,843.67"
"2019/09/03441,000","450,000","441,000","448,500","439,400.00","433,150.00","430,375.00","507,183.33","559,675.00",0,847,"1,040.60","1,489.10","1,995.08","1,859.29"
"2019/09/02443,500","448,000","436,000","444,000","433,900.00","430,100.00","430,175.00","509,075.00","561,520.83",0,655,"1,121.80","1,658.55","2,005.05","1,868.48"
"2019/08/30438,000","449,500","434,500","443,000","429,800.00","427,650.00","431,625.00","510,808.33","563,420.83",61,"1,537","1,188.40","1,694.65","2,018.28","1,873.21"
"2019/08/29423,500","437,500","420,500","437,500","427,700.00","424,450.00","433,625.00","512,491.67","565,329.17",60,"1,362","1,115.60","1,736.55","2,006.38","1,872.89"
"2019/08/28425,500","425,500","417,000","424,000","425,600.00","422,500.00","436,175.00","514,200.00","567,208.33",0,802,"1,058.60","1,988.85","2,013.70","1,873.91"
"2019/08/27424,000","428,500","420,500","421,000","426,900.00","423,400.00","439,850.00","516,216.67","569,283.33",0,"1,253","1,207.80","2,035.10","2,030.25","1,883.70"
"2019/08/26429,500","429,500","415,000","423,500","426,300.00","423,350.00","443,675.00","518,116.67","571,333.33",0,988,"1,292.20","2,128.80","2,042.63","1,890.44"
"2019/08/23423,500","434,500","421,000","432,500","425,500.00","424,550.00","447,075.00","520,075.00","573,312.50",0,"1,173","1,381.60","2,238.45","2,049.92","1,896.03"
"2019/08/22432,500","432,500","424,000","427,000","421,200.00","425,200.00","450,700.00","521,883.33","575,250.00",0,"1,077","1,334.60","2,329.45","2,061.92","1,900.69"
"2019/08/21418,000","431,000","417,000","430,500","419,400.00","426,250.00","455,250.00","523,983.33","577,183.33",0,"1,548","1,446.40","2,309.45","2,110.23","1,907.98"
"2019/08/20413,500","424,000","413,000","418,000","419,900.00","427,600.00","459,725.00","526,108.33","579,129.17",0,"1,675","1,551.00","2,266.05","2,095.97","1,912.91"
"2019/08/19410,500","419,500","408,000","419,500","420,400.00","430,250.00","465,025.00","528,425.00","581,170.83",0,"1,435","1,691.00","2,240.05","2,097.58","1,910.08"
"2019/08/16415,000","419,500","407,000","411,000","423,600.00","435,600.00","470,500.00","530,716.67","583,316.67",0,938,"1,731.40","2,236.60","2,097.27","1,914.27"
"2019/08/14427,500","431,000","416,000","418,000","429,200.00","442,800.00","475,450.00","533,300.00","585,416.67",0,"1,636","2,077.60","2,249.40","2,100.05","1,938.44"
"2019/08/13420,500","436,000","420,500","433,000","433,100.00","449,850.00","480,100.00","535,833.33","587,400.00",8,"2,071","2,106.40","2,337.65","2,096.37","1,937.14"
"2019/08/12427,000","432,500","419,500","420,500","435,300.00","456,300.00","484,750.00","538,066.67","589,233.33",0,"2,375","2,157.00","2,315.00","2,100.83","1,944.17"
"2019/08/09440,000","444,500","431,000","435,500","440,100.00","464,000.00","490,175.00","540,708.33","591,095.83",0,"1,637","2,529.20","2,293.05","2,074.90","1,935.73"
"2019/08/08433,000","442,000","433,000","439,000","447,600.00","469,600.00","495,400.00","543,150.00","592,816.67",0,"2,669","2,477.20","2,275.10","2,065.55","1,939.04"
"2019/08/07440,000","449,500","428,500","437,500","456,400.00","476,200.00","500,450.00","545,583.33","594,491.67",0,"1,780","2,418.40","2,215.25","2,048.37","1,930.81"
"2019/08/06435,000","456,000","395,500","444,000","466,600.00","484,250.00","505,525.00","547,891.67","596,212.50",54,"2,324","3,344.00","2,226.20","2,056.75","1,929.92"
"2019/08/05471,000","473,000","438,000","444,500","477,300.00","491,850.00","511,075.00","550,241.67","597,837.50",0,"4,236","3,224.60","2,168.80","2,039.62","1,927.06"
"2019/08/02476,500","487,500","473,000","473,000","487,900.00","499,800.00","517,100.00","552,716.67","599,458.33",66,"1,377","3,002.80","2,003.45","1,991.30","1,901.49"
"2019/08/01485,000","492,000","475,500","483,000","491,600.00","505,400.00","522,250.00","554,633.33","600,808.33",0,"2,375","3,363.60","1,999.10","2,004.18","1,905.67"
"2019/07/31501,000","502,000","488,500","488,500","496,000.00","508,100.00","526,850.00","556,566.67","602,100.00",0,"6,408","3,487.20","1,949.00","1,993.00","1,896.91"
"2019/07/30497,500","497,500","487,000","497,500","501,900.00","510,350.00","530,725.00","558,508.33","603,354.17",0,"1,727","2,341.00","1,668.65","1,920.13","1,861.85"
"2019/07/29491,000","497,500","485,000","497,500","506,400.00","513,200.00","534,600.00","560,366.67","604,516.67",0,"3,127","2,131.60","1,655.00","1,951.32","1,862.52"
"2019/07/26499,000","504,000","490,500","491,500","511,700.00","516,350.00","538,775.00","562,441.67","605,704.17",0,"3,181","1,737.20","1,579.10","1,927.57","1,862.80"
"2019/07/25515,000","518,000","501,000","505,000","519,200.00","521,200.00","543,600.00","564,750.00","606,941.67",0,"2,993","1,374.20","1,479.25","1,910.95","1,852.68"
"2019/07/24520,000","525,000","516,000","518,000","520,200.00","524,700.00","547,550.00","566,816.67","608,058.33",70,677,"1,014.40","1,396.65","1,873.23","1,846.69"
"2019/07/23524,000","525,000","516,000","520,000","518,800.00","526,800.00","550,550.00","568,583.33","609,066.67",70,680,"1,559.20","1,427.70","1,879.23","1,873.78"
"2019/07/22520,000","528,000","516,000","524,000","520,000.00","530,300.00","553,400.00","570,300.00","610,116.67",0,"1,155","1,746.80","1,478.30","1,890.05","1,888.90"
"2019/07/19510,000","532,000","510,000","529,000","521,000.00","534,400.00","556,450.00","571,950.00","611,133.33",0,"1,366","1,903.00","1,513.35","1,911.77","1,897.74"
"2019/07/18509,000","515,000","509,000","510,000","523,200.00","539,100.00","559,750.00","573,550.00","612,241.67",70,"1,194","1,885.40","1,552.40","1,910.42","1,909.88"
"2019/07/17521,000","526,000","509,000","511,000","529,200.00","545,600.00","564,250.00","575,533.33","613,291.67",0,"3,401","1,941.00","1,591.75","1,913.45","1,913.12"
"2019/07/16531,000","533,000","521,000","526,000","534,800.00","551,100.00","568,700.00","577,383.33","614,383.33",0,"1,618","1,660.60","1,653.95","1,884.97","1,900.37"
"2019/07/15535,000","542,000","529,000","529,000","540,600.00","556,000.00","571,750.00","579,050.00","615,341.67",0,"1,936","1,572.20","1,770.80","1,904.48","1,909.94"
"2019/07/12537,000","544,000","533,000","540,000","547,800.00","561,200.00","574,150.00","580,833.33","616,258.33",0,"1,278","1,370.80","1,766.10","1,898.58","1,919.56"
"2019/07/11540,000","547,000","535,000","540,000","555,000.00","566,000.00","575,700.00","582,500.00","617,183.33",0,"1,472","1,373.20","1,977.35","1,890.65","1,930.61"
"2019/07/10555,000","559,000","538,000","539,000","562,000.00","570,400.00","578,000.00","584,200.00","618,216.67",0,"1,999","1,353.40","2,191.90","1,888.72","1,940.53"
"2019/07/09565,000","566,000","555,000","555,000","567,400.00","574,300.00","580,000.00","585,883.33","619,258.33",0,"1,176","1,113.80","2,319.30","1,890.33","1,943.31"
"2019/07/08572,000","574,000","563,000","565,000","571,400.00","576,500.00","580,100.00","587,316.67","620,258.33",70,929,"1,169.40","2,327.35","1,900.48","1,957.32"
"2019/07/05580,000","581,000","563,000","576,000","574,600.00","578,500.00","579,950.00","588,600.00","621,241.67",71,"1,290","1,305.40","2,353.15","1,905.33","1,970.47"
"2019/07/04573,000","580,000","565,000","575,000","577,000.00","580,400.00","578,550.00","589,633.33","622,283.33",70,"1,373","1,284.20","2,361.10","1,907.65","1,979.58"
"2019/07/03575,000","581,000","565,000","566,000","578,800.00","582,900.00","577,000.00","590,666.67","623,591.67",42,801,"1,277.80","2,333.60","1,914.28","1,976.35"
"2019/07/02581,000","582,000","573,000","575,000","581,200.00","586,300.00","575,700.00","591,883.33","624,925.00",40,"1,454","1,377.20","2,383.60","1,920.30","1,989.98"
"2019/07/01598,000","600,000","577,000","581,000","581,600.00","587,500.00","574,200.00","592,916.67","626,008.33",39,"1,609","1,424.80","2,400.65","1,922.22","2,004.22"
"2019/06/28587,000","590,000","578,000","588,000","582,400.00","587,100.00","571,900.00","593,850.00","626,750.00",0,"1,184","1,474.20","2,420.00","1,919.33","2,006.22"
"2019/06/27575,000","584,000","571,000","584,000","583,800.00","585,400.00","569,550.00","594,683.33","627,691.67",0,"1,341","1,666.80","2,432.05","1,919.27","2,006.88"
"2019/06/26576,000","582,000","571,000","578,000","587,000.00","585,600.00","567,400.00","595,633.33","628,733.33",0,"1,298","1,794.80","2,459.65","1,915.02","2,003.25"
"2019/06/25585,000","592,000","573,000","577,000","591,400.00","585,700.00","566,150.00","596,583.33","629,891.67",0,"1,692","2,464.20","2,593.55","1,917.65","2,009.38"
"2019/06/24601,000","603,000","583,000","585,000","593,400.00","583,700.00","565,200.00","597,550.00","630,958.33",0,"1,856","2,916.80","2,543.55","1,934.42","2,006.70"
"2019/06/21600,000","607,000","595,000","595,000","591,800.00","581,400.00","563,800.00","598,666.67","632,075.00",0,"2,147","2,914.00","2,539.35","1,923.87","1,996.86"
"2019/06/20601,000","612,000","598,000","600,000","587,000.00","576,700.00","561,900.00","599,716.67","633,125.00",0,"1,981","3,585.20","2,502.80","1,906.85","1,991.68"
"2019/06/19593,000","609,000","589,000","600,000","584,200.00","571,100.00","560,200.00","600,666.67","634,091.67",0,"4,645","4,341.60","2,459.00","1,908.00","1,986.57"
"2019/06/18577,000","598,000","577,000","587,000","580,000.00","565,100.00","558,700.00","601,566.67","635,050.00",0,"3,955","4,322.00","2,297.50","1,871.82","1,957.40"
"2019/06/17573,000","583,000","573,000","577,000","574,000.00","560,900.00","557,700.00","602,900.00","636,208.33",0,"1,842","3,798.40","2,216.70","1,849.55","1,933.23"
"2019/06/14586,000","599,000","571,000","571,000","571,000.00","556,700.00","557,800.00","604,616.67","637,433.33",30,"5,503","3,719.00","2,165.55","1,846.62","1,933.78"
"2019/06/13579,000","599,000","573,000","586,000","566,400.00","553,700.00","558,350.00","606,483.33","638,541.67",61,"5,763","2,908.20","1,944.20","1,781.05","1,902.08"
"2019/06/12551,000","583,000","551,000","579,000","558,000.00","549,200.00","558,300.00","608,300.00","639,366.67",60,"4,547","1,920.20","1,737.95","1,708.47","1,877.74"
"2019/06/11563,000","565,000","557,000","557,000","550,200.00","546,600.00","558,150.00","610,116.67","640,258.33",30,"1,337","1,371.00","1,624.75","1,693.15","1,851.83"
"2019/06/10549,000","565,000","548,000","562,000","547,800.00","546,700.00","559,550.00","612,166.67","641,216.67",0,"1,445","1,462.60","1,622.70","1,723.50","1,854.99"
"2019/06/07544,000","557,000","540,000","548,000","542,400.00","546,200.00","561,100.00","613,966.67","642,241.67",0,"1,449","1,572.80","1,617.30","1,731.92","1,853.18"
"2019/06/05541,000","547,000","541,000","544,000","541,000.00","547,100.00","563,100.00","616,033.33","643,225.00",0,823,"1,568.00","1,652.35","1,728.13","1,853.44"
"2019/06/04540,000","545,000","536,000","540,000","540,400.00","549,300.00","565,850.00","618,166.67","644,375.00",0,"1,801","1,782.00","1,696.40","1,739.40","1,857.08"
"2019/06/03530,000","546,000","530,000","545,000","543,000.00","552,300.00","569,100.00","620,216.67","645,483.33",60,"1,795","2,217.00","1,708.15","1,734.12","1,849.38"
"2019/05/31542,000","542,000","533,000","535,000","545,600.00","554,500.00","572,300.00","622,350.00","646,550.00",0,"1,996","1,996.40","1,798.30","1,737.15","1,849.43"
"2019/05/30541,000","543,000","538,000","541,000","550,000.00","558,900.00","576,650.00","624,550.00","647,850.00",0,"1,425","1,951.60","1,783.60","1,738.25","1,848.53"
"2019/05/29559,000","559,000","540,000","541,000","553,200.00","563,000.00","581,100.00","626,550.00","648,983.33",2,"1,893","1,949.80","1,821.55","1,742.15","1,851.26"
"2019/05/28559,000","564,000","553,000","553,000","558,200.00","567,400.00","585,500.00","628,616.67","649,950.00",0,"3,976","1,792.20","1,763.40","1,739.47","1,846.43"
"2019/05/27552,000","558,000","552,000","558,000","561,600.00","569,700.00","589,050.00","630,383.33","650,950.00",0,692,"1,280.00","1,616.45","1,705.73","1,820.84"
"2019/05/24554,000","565,000","551,000","557,000","563,400.00","572,400.00","592,300.00","632,150.00","651,858.33",0,"1,772","1,609.40","1,648.30","1,729.85","1,827.13"
"2019/05/23563,000","565,000","555,000","557,000","567,800.00","576,000.00","595,600.00","633,916.67","652,991.67",0,"1,416","1,418.80","1,682.60","1,722.58","1,825.90"
"2019/05/22570,000","571,000","562,000","566,000","572,800.00","579,100.00","599,000.00","635,916.67","653,850.00",0,"1,105","1,350.80","1,676.05","1,731.27","1,817.83"
"2019/05/21568,000","575,000","561,000","570,000","576,600.00","582,400.00","602,150.00","637,533.33","654,666.67",58,"1,415","1,457.40","1,689.60","1,776.83","1,815.69"
"2019/05/20581,000","586,000","564,000","567,000","577,800.00","585,900.00","604,750.00","638,966.67","655,433.33",0,"2,339","1,631.00","1,703.45","1,777.92","1,821.32"
"2019/05/17587,000","589,000","578,000","579,000","581,400.00","590,100.00","607,700.00","640,400.00","656,008.33",0,819,"1,422.40","1,725.95","1,787.50","1,822.08"
"2019/05/16583,000","585,000","577,000","582,000","584,200.00","594,400.00","610,550.00","641,483.33","656,691.67",0,"1,076","1,526.00","1,764.10","1,796.57","1,825.40"
"2019/05/15576,000","586,000","571,000","585,000","585,400.00","599,200.00","613,450.00","642,483.33","657,366.67",0,"1,638","1,740.80","1,750.40","1,812.53","1,826.41"
"2019/05/14589,000","592,000","575,000","576,000","588,200.00","603,600.00","616,300.00","643,400.00","657,925.00",0,"2,283","1,754.00","1,736.30","1,813.25","1,827.85"
"2019/05/13587,000","588,000","582,000","585,000","594,000.00","608,400.00","619,500.00","644,533.33","658,491.67",0,"1,296","1,704.60","1,726.95","1,803.08","1,817.62"
"2019/05/10592,000","598,000","587,000","593,000","598,800.00","612,200.00","622,300.00","645,433.33","658,983.33",58,"1,337","2,165.00","1,751.40","1,814.50","1,816.49"
"2019/05/09603,000","603,000","588,000","588,000","604,600.00","615,200.00","624,750.00","646,200.00","659,425.00",2,"2,150","2,238.00","1,745.55","1,811.68","1,813.05"
"2019/05/08599,000","605,000","597,000","599,000","613,000.00","618,900.00","627,250.00","646,983.33","659,850.00",0,"1,704","2,244.80","1,709.50","1,807.15","1,805.22"
"2019/05/07607,000","607,000","596,000","605,000","619,000.00","621,900.00","629,150.00","647,633.33","660,175.00",71,"2,036","2,050.00","1,712.85","1,800.82","1,807.25"
"2019/05/03621,000","621,000","608,000","609,000","622,800.00","623,600.00","630,850.00","648,200.00","660,308.33",2,"3,598","1,850.20","1,669.15","1,803.57","1,819.17"
"2019/05/02625,000","628,000","621,000","622,000","625,600.00","625,300.00","632,250.00","648,666.67","660,650.00",0,"1,702","1,396.40","1,567.70","1,773.72","1,803.45"
"2019/04/30630,000","631,000","625,000","630,000","625,800.00","626,700.00","633,000.00","648,966.67","660,891.67",0,"2,184","1,547.60","1,554.40","1,798.03","1,813.96"
"2019/04/29621,000","629,000","621,000","629,000","624,800.00","627,700.00","633,400.00","649,133.33","661,266.67",0,730,"1,367.80","1,504.20","1,794.42","1,807.45"
"2019/04/26627,000","628,000","620,000","624,000","624,800.00","629,000.00","634,000.00","649,300.00","661,483.33",70,"1,037","1,497.00","1,522.00","1,820.15","1,826.12"
"2019/04/25624,000","629,000","620,000","623,000","624,400.00","630,600.00","634,550.00","649,550.00","661,750.00",0,"1,329","1,628.00","1,542.95","1,868.33","1,842.15"
"2019/04/24624,000","628,000","617,000","623,000","625,000.00","632,400.00","635,150.00","649,933.33","662,150.00",0,"2,458","1,920.00","1,611.40","1,887.75","1,847.42"
"2019/04/23628,000","631,000","622,000","625,000","627,600.00","634,300.00","636,600.00","650,316.67","662,625.00",0,"1,285","1,744.80","1,549.65","1,883.72","1,840.05"
"2019/04/22623,000","630,000","620,000","629,000","630,600.00","635,600.00","638,250.00","650,933.33","663,200.00",0,"1,376","1,648.20","1,541.70","1,909.33","1,843.64"
"2019/04/19628,000","634,000","622,000","622,000","633,200.00","636,400.00","639,650.00","651,050.00","663,666.67",0,"1,692","1,644.20","1,575.40","1,912.78","1,852.81"
"2019/04/18636,000","636,000","626,000","626,000","636,800.00","638,100.00","641,250.00","651,383.33","664,266.67",2,"2,789","1,725.00","1,614.50","1,915.77","1,862.87"
"2019/04/17639,000","639,000","635,000","636,000","639,800.00","639,200.00","643,300.00","651,633.33","664,808.33",0,"1,582","1,524.20","1,606.00","1,915.40","1,853.98"
"2019/04/16639,000","643,000","638,000","640,000","641,000.00","639,300.00","645,500.00","651,683.33","665,441.67",0,802,"1,451.80","1,610.20","1,940.53","1,856.83"
"2019/04/15640,000","644,000","640,000","642,000","640,600.00","639,100.00","647,650.00","651,866.67","665,916.67",0,"1,356","1,577.20","1,648.55","1,970.57","1,880.33"
"2019/04/12642,000","649,000","636,000","640,000","639,600.00","639,000.00","650,300.00","652,233.33","666,491.67",0,"2,096","1,660.20","1,651.15","1,992.35","1,880.82"
"2019/04/11641,000","647,000","638,000","641,000","639,400.00","638,500.00","652,700.00","652,633.33","667,175.00",0,"1,785","1,473.40","1,727.75","1,996.28","1,880.14"
"2019/04/10637,000","644,000","637,000","642,000","638,600.00","637,900.00","654,650.00","653,200.00","668,050.00",0,"1,220","1,430.20","1,796.40","2,014.15","1,883.17"
"2019/04/09637,000","643,000","636,000","638,000","637,600.00","638,900.00","656,050.00","653,883.33","668,966.67",0,"1,429","1,473.40","1,832.90","2,035.62","1,891.53"
"2019/04/08639,000","642,000","635,000","637,000","637,600.00","640,900.00","657,750.00","654,933.33","669,833.33",0,"1,771","1,423.60","1,822.55","2,051.50","1,896.97"
"2019/04/05638,000","641,000","637,000","639,000","638,400.00","642,900.00","659,500.00","656,516.67","670,833.33",0,"1,162","1,286.60","1,808.95","2,038.42","1,904.28"
"2019/04/04641,000","644,000","636,000","637,000","637,600.00","644,400.00","660,700.00","657,966.67","672,358.33",0,"1,569","1,345.40","1,825.05","2,059.67","2,001.92"
"2019/04/03634,000","639,000","633,000","637,000","637,200.00","647,400.00","662,500.00","659,100.00","673,850.00",0,"1,436","1,571.20","1,845.45","2,086.22","2,002.73"
"2019/04/02640,000","646,000","636,000","638,000","640,200.00","651,700.00","664,000.00","659,650.00","675,116.67",0,"1,180","1,528.60","1,876.75","2,093.10","1,999.89"
"2019/04/01637,000","653,000","637,000","641,000","644,200.00","656,200.00","665,150.00","660,700.00","676,408.33",0,"1,086","1,517.80","1,900.70","2,094.48","2,003.98"
"2019/03/29638,000","647,000","635,000","635,000","647,400.00","661,600.00","666,350.00","661,833.33","677,658.33",0,"1,456","1,710.60","1,933.00","2,091.48","2,015.49"
"2019/03/28647,000","656,000","634,000","635,000","651,200.00","666,900.00","667,550.00","663,200.00","679,041.67",0,"2,698","1,914.20","1,957.80","2,101.10","2,018.38"
"2019/03/27660,000","666,000","651,000","652,000","657,600.00","671,400.00","669,000.00","664,366.67","680,666.67",0,"1,223","1,898.40","1,929.85","2,078.98","2,012.30"
"2019/03/26655,000","666,000","654,000","658,000","663,200.00","673,200.00","669,550.00","665,483.33","682,266.67",0,"1,126","1,987.00","1,935.50","2,069.85","2,014.77"
"2019/03/25656,000","669,000","647,000","657,000","668,200.00","674,600.00","670,500.00","666,533.33","683,691.67",0,"2,050","2,075.60","1,976.05","2,076.52","2,017.71"
"2019/03/22667,000","682,000","652,000","654,000","675,800.00","676,100.00","670,800.00","667,516.67","685,008.33",23,"2,474","1,947.20","2,065.50","2,065.13","2,018.61"
"2019/03/21679,000","680,000","662,000","667,000","682,600.00","677,000.00","670,900.00","668,533.33","686,333.33",0,"2,619","2,178.00","2,015.80","2,042.98","2,005.43"
"2019/03/20681,000","684,000","673,000","680,000","685,200.00","677,600.00","670,200.00","669,516.67","687,566.67",0,"1,666","2,285.80","2,030.55","2,016.92","1,989.03"
"2019/03/19695,000","695,000","680,000","683,000","683,200.00","676,300.00","668,400.00","670,250.00","688,675.00",0,"1,569","2,342.60","2,015.40","2,020.95","1,981.87"
"2019/03/18691,000","698,000","687,000","695,000","681,000.00","674,100.00","666,350.00","670,600.00","689,891.67",0,"1,408","2,273.20","2,038.65","2,023.10","1,976.70"
"2019/03/15680,000","707,000","680,000","688,000","676,400.00","671,100.00","663,600.00","670,433.33","691,050.00",29,"3,628","2,291.40","2,052.30","2,047.02","1,979.95"
"2019/03/14675,000","684,000","670,000","680,000","671,400.00","668,200.00","661,400.00","670,400.00","692,225.00",0,"3,158","1,862.60","1,954.55","2,010.52","1,967.33"
"2019/03/13668,000","674,000","666,000","670,000","670,000.00","666,600.00","659,350.00","670,266.67","693,483.33",0,"1,950","1,626.40","1,895.70","1,986.48","1,971.06"
"2019/03/12673,000","677,000","668,000","672,000","669,400.00","665,900.00","657,800.00","670,516.67","694,683.33",0,"1,222","1,648.80","1,856.60","1,974.43","1,974.38"
"2019/03/11662,000","672,000","656,000","672,000","667,200.00","666,400.00","655,950.00","670,416.67","695,808.33",0,"1,499","1,736.20","1,889.40","1,978.75","1,980.07"
"2019/03/08673,000","677,000","660,000","663,000","665,800.00","665,500.00","654,250.00","670,583.33","696,933.33",0,"1,484","1,782.80","1,880.65","1,974.77","1,987.81"
"2019/03/07673,000","676,000","662,000","673,000","665,000.00","664,800.00","653,050.00","670,750.00","698,158.33",0,"1,977","1,876.40","1,916.50","1,964.63","1,983.38"
"2019/03/06664,000","672,000","655,000","667,000","663,200.00","662,800.00","651,250.00","670,750.00","699,308.33",0,"2,062","1,908.80","1,908.00","1,961.72","1,984.39"
"2019/03/05665,000","665,000","657,000","661,000","662,400.00","660,500.00","649,900.00","671,150.00","700,566.67",0,"1,659","1,763.60","1,962.95","1,958.82","1,988.08"
"2019/03/04659,000","671,000","659,000","665,000","665,600.00","658,600.00","648,850.00","671,416.67","701,891.67",0,"1,732","1,819.20","1,978.35","1,960.37","1,993.38"
"2019/02/28666,000","675,000","659,000","659,000","665,200.00","656,100.00","647,550.00","671,283.33","702,983.33",0,"1,952","2,240.60","2,005.45","1,953.38","2,012.53"
"2019/02/27661,000","666,000","651,000","664,000","664,600.00","654,600.00","646,550.00","671,516.67","704,300.00",0,"2,139","2,146.20","2,104.25","1,935.95","2,021.23"
"2019/02/26677,000","678,000","663,000","663,000","662,400.00","652,100.00","645,650.00","671,566.67","705,583.33",0,"1,336","2,301.20","2,122.00","1,924.40","2,038.55"
"2019/02/25670,000","680,000","666,000","677,000","658,600.00","649,700.00","644,800.00","672,066.67","706,850.00",0,"1,937","2,306.60","2,166.00","1,929.22","2,067.26"
"2019/02/22657,000","676,000","655,000","663,000","651,600.00","645,500.00","644,050.00","671,783.33","708,250.00",29,"3,839","2,326.00","2,210.25","1,904.40","2,087.17"
"2019/02/21653,000","659,000","649,000","656,000","647,000.00","643,000.00","642,700.00","671,800.00","709,600.00",0,"1,480","1,894.40","2,097.45","1,854.55","2,089.42"
"2019/02/20645,000","656,000","639,000","653,000","644,600.00","641,300.00","642,000.00","671,900.00","711,008.33",0,"2,914","1,933.00","2,117.00","1,864.72","2,114.90"
"2019/02/19639,000","645,000","637,000","644,000","641,800.00","639,700.00","641,400.00","671,616.67","712,733.33",0,"1,363","1,746.40","2,109.65","1,856.67","2,115.07"
"2019/02/18641,000","646,000","633,000","642,000","640,800.00","639,300.00","641,150.00","671,900.00","714,566.67",0,"2,034","1,707.40","2,196.00","1,854.23","2,118.26"
"2019/02/15644,000","649,000","631,000","640,000","639,400.00","639,100.00","641,600.00","672,250.00","716,391.67",0,"1,681","1,676.20","2,224.50","1,840.28","2,130.65"
"2019/02/14637,000","644,000","636,000","644,000","639,000.00","639,000.00","642,800.00","672,450.00","718,191.67",70,"1,673","1,604.80","2,273.60","1,842.45","2,137.26"
"2019/02/13639,000","642,000","636,000","639,000","638,000.00","638,500.00","643,800.00","672,450.00","720,000.00",0,"1,981","1,710.40","2,306.55","1,832.15","2,139.26"
"2019/02/12638,000","642,000","637,000","639,000","637,600.00","639,200.00","645,600.00","672,533.33","721,700.00",0,"1,168","1,675.60","2,350.35","1,818.48","2,140.68"
"2019/02/11641,000","641,000","634,000","635,000","637,800.00","639,900.00","647,800.00","672,650.00","723,450.00",0,"1,878","2,074.20","2,417.35","1,814.42","2,153.40"
"2019/02/08639,000","644,000","635,000","638,000","638,800.00","642,600.00","651,100.00","672,716.67","725,216.67",0,"1,324","2,092.00","2,442.55","1,803.30","2,167.76"
"2019/02/07637,000","644,000","632,000","639,000","639,000.00","642,400.00","655,800.00","672,716.67","726,991.67",0,"2,201","2,282.00","2,425.65","1,813.68","2,185.35"
"2019/02/01635,000","642,000","635,000","637,000","639,000.00","642,700.00","660,150.00","672,416.67","729,108.33",0,"1,807","2,627.40","2,437.45","1,834.77","2,180.28"
"2019/01/31630,000","641,000","630,000","640,000","640,800.00","643,100.00","663,550.00","672,633.33","731,216.67",0,"3,161","2,764.80","2,505.20","1,833.18","2,190.07"
"2019/01/30642,000","642,000","633,000","640,000","642,000.00","643,000.00","665,050.00","672,816.67","733,100.00",70,"1,967","2,575.80","2,439.60","1,829.88","2,183.95"
"2019/01/29639,000","643,000","633,000","639,000","646,400.00","644,100.00","668,100.00","673,400.00","734,875.00",0,"2,274","2,746.80","2,404.40","1,820.48","2,195.74"
"2019/01/28650,000","650,000","637,000","639,000","645,800.00","646,600.00","671,600.00","673,666.67","736,933.33",0,"3,928","2,608.60","2,336.00","1,832.08","2,215.20"
"2019/01/25643,000","651,000","640,000","646,000","646,400.00","649,100.00","675,500.00","673,950.00","738,975.00",0,"2,494","2,197.20","2,241.25","1,815.97","2,246.00"
"2019/01/24654,000","656,000","645,000","646,000","645,400.00","652,000.00","678,450.00","674,366.67","741,058.33",0,"2,216","2,251.80","2,185.10","1,807.08","2,246.24"
"2019/01/23636,000","664,000","636,000","662,000","644,000.00","655,700.00","682,100.00","674,933.33","743,100.00",70,"2,822","2,426.60","2,108.05","1,796.38","2,242.29"
"2019/01/22642,000","647,000","636,000","636,000","641,800.00","659,600.00","685,050.00","675,466.67","744,941.67",0,"1,583","2,383.00","2,043.25","1,777.95","2,246.02"
"2019/01/21645,000","657,000","638,000","642,000","647,400.00","669,200.00","689,050.00","676,283.33","746,866.67",0,"1,871","2,599.00","2,032.45","1,792.83","2,257.84"
"2019/01/18642,000","645,000","631,000","641,000","651,800.00","677,600.00","692,700.00","677,150.00","748,800.00",0,"2,767","2,691.20","1,996.15","1,809.97","2,270.96"
"2019/01/17655,000","657,000","639,000","639,000","658,600.00","684,000.00","696,950.00","677,983.33","750,650.00",0,"3,090","2,709.20","1,910.55","1,792.57","2,270.43"
"2019/01/16662,000","666,000","651,000","651,000","667,400.00","687,100.00","701,200.00","679,200.00","752,366.67",0,"2,604","2,592.80","1,851.45","1,773.13","2,268.89"
"2019/01/15667,000","677,000","664,000","664,000","677,400.00","692,100.00","703,850.00","679,966.67","753,850.00",0,"2,663","2,548.40","1,806.15","1,790.10","2,276.85"
"2019/01/14670,000","676,000","662,000","664,000","691,000.00","696,600.00","704,900.00","680,750.00","755,325.00",0,"2,332","2,213.00","1,815.15","1,769.28","2,277.93"
"2019/01/11681,000","685,000","674,000","675,000","703,400.00","701,900.00","706,000.00","681,716.67","757,016.67",0,"2,857","2,234.00","1,770.45","1,764.00","2,269.28"
"2019/01/10694,000","700,000","680,000","683,000","709,400.00","704,900.00","705,850.00","682,900.00","758,666.67",0,"2,508","2,295.00","1,713.40","1,752.18","2,266.98"
"2019/01/09728,000","732,000","700,000","701,000","706,800.00","708,500.00","705,950.00","684,050.00","760,358.33",0,"2,382","2,163.20","1,649.35","1,747.43","2,261.93"
"2019/01/08745,000","745,000","726,000","732,000","706,800.00","710,500.00","704,200.00","684,733.33","761,983.33",0,986,"1,939.40","1,604.30","1,742.45","2,291.96"
"2019/01/07713,000","740,000","707,000","726,000","702,200.00","708,900.00","701,700.00","685,150.00","762,900.00",61,"2,437","1,923.40","1,618.00","1,770.13","2,304.78"
"2019/01/04669,000","710,000","669,000","705,000","700,400.00","707,800.00","699,050.00","686,750.00","763,900.00",60,"3,162","1,842.60","1,539.95","1,944.17","2,301.62"
"2019/01/03693,000","712,000","670,000","670,000","700,400.00","709,900.00","697,450.00","688,600.00","765,175.00",0,"1,849","1,484.40","1,471.95","1,919.25","2,317.53"
"2019/01/02702,000","714,000","685,000","701,000","710,200.00","715,300.00","698,500.00","690,583.33","766,558.33",0,"1,263","1,249.60","1,473.90","1,906.68","2,330.58"
"2018/12/28731,000","731,000","705,000","709,000","714,200.00","715,600.00","697,300.00","692,116.67","767,533.33",30,906,"1,302.20","1,498.35","1,913.48","2,350.71"
"2018/12/27691,000","731,000","679,000","717,000","715,600.00","713,200.00","694,700.00","693,483.33","768,625.00",0,"2,033","1,394.40","1,518.70","1,939.50","2,365.61"
"2018/12/26705,000","720,000","695,000","705,000","715,200.00","710,100.00","692,500.00","694,883.33","769,666.67",0,"1,371","1,216.80","1,462.35","1,935.67","2,378.04"
"2018/12/24721,000","725,000","708,000","719,000","719,400.00","706,800.00","690,600.00","696,966.67","771,041.67",0,675,"1,153.60","1,466.10","1,945.62","2,415.38"
"2018/12/21719,000","728,000","713,000","721,000","720,400.00","703,400.00","689,300.00","699,050.00","772,150.00",0,"1,526","1,400.20","1,513.60","1,959.68","2,460.71"
"2018/12/20720,000","723,000","703,000","716,000","717,000.00","697,900.00","686,250.00","700,850.00","772,966.67",0,"1,367","1,434.60","1,459.70","1,958.90","2,466.33"
"2018/12/19734,000","734,000","705,000","715,000","710,800.00","694,500.00","683,650.00","702,500.00","773,700.00",0,"1,145","1,729.80","1,433.75","1,972.08","2,476.45"
"2018/12/18730,000","731,000","713,000","726,000","705,000.00","690,300.00","681,000.00","704,133.33","774,316.67",0,"1,055","1,788.40","1,481.00","1,967.88","2,487.10"
"2018/12/17718,000","730,000","702,000","724,000","694,200.00","685,000.00","676,500.00","705,616.67","774,825.00",0,"1,908","1,920.60","1,549.80","1,961.15","2,490.90"
"2018/12/14690,000","709,000","678,000","704,000","686,400.00","681,700.00","673,350.00","707,100.00","775,225.00",0,"1,698","1,784.40","1,515.25","1,942.78","2,493.46"
"2018/12/13680,000","702,000","678,000","685,000","678,800.00","679,000.00","671,300.00","709,183.33","775,816.67",29,"2,843","1,741.00","1,490.20","1,930.30","2,508.83"
"2018/12/12679,000","688,000","662,000","686,000","678,200.00","676,200.00","669,650.00","711,666.67","776,466.67",20,"1,438","1,424.40","1,438.60","1,912.88","2,533.96"
"2018/12/11671,000","691,000","671,000","672,000","675,600.00","674,900.00","667,550.00","714,050.00","777,075.00",0,"1,716","1,312.00","1,419.45","1,924.15","2,555.63"
"2018/12/10657,000","685,000","654,000","685,000","675,800.00","674,400.00","666,150.00","716,700.00", ,18,"1,227","1,329.20","1,391.70","1,955.63", 
"2018/12/07683,000","693,000","665,000","666,000","677,000.00","675,200.00","664,200.00","718,850.00", ,0,"1,481","1,461.40","1,376.55","1,974.33", 
"2018/12/06682,000","685,000","671,000","682,000","679,200.00","674,600.00","662,850.00","721,200.00", ,0,"1,260","1,515.60","1,363.05","1,981.38", 
"2018/12/05680,000","680,000","666,000","673,000","674,200.00","672,800.00","660,650.00","723,283.33", ,0,876,"1,526.20","1,397.40","2,000.85", 
"2018/12/04687,000","695,000","671,000","673,000","674,200.00","671,700.00","658,050.00","725,566.67", ,30,"1,802","1,532.20","1,526.90","2,002.13", 
"2018/12/03676,000","695,000","669,000","691,000","673,000.00","668,000.00","656,900.00","727,866.67", ,0,"1,888","1,461.00","1,522.40","2,007.07", 
"2018/11/30658,000","677,000","653,000","677,000","673,400.00","665,000.00","654,900.00","729,983.33", ,0,"1,752","1,408.40","1,576.15","2,017.35", 
"2018/11/29673,000","676,000","657,000","657,000","670,000.00","663,600.00","654,800.00","732,366.67", ,0,"1,313","1,147.60","1,558.70","2,026.40", 
"2018/11/28674,000","675,000","660,000","673,000","671,400.00","663,100.00","654,700.00","734,683.33", ,0,906,"1,054.60","1,641.55","2,071.67", 
"2018/11/27685,000","693,000","666,000","667,000","669,200.00","660,200.00","653,850.00","737,083.33", ,37,"1,446","1,291.40","1,744.30","2,106.52", 
"2018/11/26656,000","695,000","656,000","693,000","663,000.00","657,900.00","654,050.00","739,600.00", ,18,"1,625","1,488.40","1,770.05","2,152.70", 
"2018/11/23663,000","671,000","652,000","660,000","656,600.00","653,200.00","653,400.00","741,633.33", ,0,448,"1,406.80","1,767.50","2,205.30", 
"2018/11/22655,000","672,000","650,000","664,000","657,200.00","651,100.00","655,100.00","744,716.67", ,59,848,"1,556.60","1,830.90","2,269.93", 
"2018/11/21637,000","662,000","629,000","662,000","654,800.00","648,500.00","656,150.00","747,400.00", ,58,"2,090","1,749.20","1,912.30","2,324.28", 
"2018/11/20666,000","667,000","632,000","636,000","651,200.00","644,400.00","657,750.00","750,116.67", ,39,"2,431","1,542.20","1,952.75","2,365.08", 
"2018/11/19659,000","669,000","651,000","661,000","652,800.00","645,800.00","660,500.00","753,850.00", ,0,"1,217","1,288.20","1,917.35","2,373.47", 
"2018/11/16657,000","664,000","640,000","663,000","649,800.00","644,800.00","663,050.00","757,233.33", ,71,"1,197","1,229.60","1,952.70","2,382.28", 
"2018/11/15638,000","659,000","638,000","652,000","645,000.00","646,000.00","664,750.00","760,533.33", ,0,"1,811","1,232.40","2,073.95","2,421.02", 
"2018/11/14633,000","649,000","633,000","644,000","642,200.00","646,300.00","667,700.00","763,933.33", ,0,"1,055","1,259.60","2,054.10","2,432.07", 
"2018/11/13650,000","650,000","627,000","644,000","637,600.00","647,500.00","671,600.00","767,550.00", ,0,"1,161","1,741.80","2,102.10","2,446.37", 
"2018/11/12650,000","651,000","633,000","646,000","638,800.00","650,200.00","676,700.00","770,866.67", ,0,924,"1,852.00","2,151.45","2,462.87", 
"2018/11/09632,000","650,000","632,000","639,000","639,800.00","653,600.00","682,000.00","774,250.00", ,59,"1,211","2,259.80","2,216.40","2,492.38", 
"2018/11/08626,000","645,000","626,000","638,000","647,000.00","659,100.00","687,150.00","777,716.67", ,58,"1,947","2,298.20","2,260.00","2,532.22", 
"2018/11/07652,000","658,000","616,000","621,000","650,400.00","663,800.00","693,100.00","781,266.67", ,0,"3,466","2,502.80","2,295.00","2,557.02", 
"2018/11/06657,000","659,000","647,000","650,000","657,400.00","671,100.00","703,150.00","785,800.00", ,0,"1,712","2,401.80","2,765.65","2,525.78", 
"2018/11/05667,000","683,000","637,000","651,000","661,600.00","675,200.00","711,450.00","789,800.00", ,0,"2,963","2,451.60","2,763.40","2,546.95", 
"2018/11/02655,000","685,000","655,000","675,000","667,400.00","681,300.00","718,350.00","793,383.33", ,0,"1,403","2,173.80","2,670.00","2,538.02", 
"2018/11/01651,000","681,000","650,000","655,000","671,200.00","683,500.00","724,250.00","796,350.00", ,66,"2,970","2,236.40","2,683.40","2,571.00", 
"2018/10/31663,000","675,000","653,000","656,000","677,200.00","689,100.00","731,050.00","800,200.00", ,0,"2,961","2,137.60","2,658.25","2,598.32", 
"2018/10/30680,000","684,000","661,000","671,000","684,800.00","695,700.00","738,300.00","804,000.00", ,0,"1,961","2,125.20","2,600.35","2,676.03", 
"2018/10/29706,000","706,000","672,000","680,000","688,800.00","703,200.00","746,250.00","807,750.00", ,0,"1,574","2,077.60","2,600.70","2,685.40", 
"2018/10/26678,000","696,000","674,000","694,000","695,200.00","710,400.00","754,450.00","811,266.67", ,0,"1,716","2,147.60","2,597.95","2,688.20", 
"2018/10/25699,000","700,000","662,000","685,000","695,800.00","715,200.00","761,200.00","814,416.67", ,0,"2,476","2,528.80","2,586.10","2,714.08", 
"2018/10/24703,000","703,000","689,000","694,000","701,000.00","722,400.00","767,700.00","817,450.00", ,0,"2,899","2,316.40","2,570.20","2,722.85", 
"2018/10/23712,000","721,000","684,000","691,000","706,600.00","735,200.00","773,650.00","820,450.00", ,0,"1,723","2,139.60","2,469.90","2,731.95", 
"2018/10/22697,000","725,000","692,000","712,000","717,600.00","747,700.00","779,850.00","823,316.67", ,0,"1,924","2,224.60","2,416.30","2,748.30", 
"2018/10/19707,000","719,000","690,000","697,000","725,600.00","755,400.00","784,900.00","825,533.33", ,0,"3,622","2,284.40","2,360.40","2,764.65", 
"2018/10/18722,000","733,000","706,000","711,000","734,600.00","765,000.00","791,500.00","827,733.33", ,0,"1,414","1,976.60","2,226.75","2,763.60", 
"2018/10/17758,000","765,000","717,000","722,000","743,800.00","773,000.00","797,650.00","829,900.00", ,0,"2,015","2,223.20","2,245.95","2,786.57", 
"2018/10/16752,000","759,000","744,000","746,000","763,800.00","780,900.00","803,000.00","832,316.67", ,0,"2,148","4,396.00","2,250.90","2,774.57", 
"2018/10/15733,000","764,000","733,000","752,000","777,800.00","789,300.00","807,250.00","834,433.33", ,0,"2,223","4,299.80","2,323.75","2,781.78", 
"2018/10/12780,000","780,000","740,000","742,000","785,200.00","798,500.00","810,350.00","836,666.67", ,0,"2,083","4,074.20","2,330.05","2,776.42", 
"2018/10/11819,000","821,000","751,000","757,000","795,400.00","807,200.00","813,600.00","839,233.33", ,2,"2,647","3,991.80","2,321.10","2,841.47", 
"2018/10/10807,000","822,000","806,000","822,000","802,200.00","813,000.00","816,100.00","840,650.00", ,0,"12,879","3,955.80","2,310.15","2,839.42", 
"2018/10/08795,000","817,000","795,000","816,000","798,000.00","812,100.00","815,500.00","841,050.00", ,0,"1,667","1,740.60","1,713.85","2,659.07", 
"2018/10/05797,000","797,000","780,000","789,000","800,800.00","812,000.00","815,250.00","841,750.00", ,0,"1,095","1,800.80","1,735.40","2,715.82", 
"2018/10/04785,000","796,000","782,000","793,000","811,800.00","814,400.00","816,700.00","842,533.33", ,0,"1,671","1,885.60","1,805.90","2,754.48", 
"2018/10/02795,000","805,000","777,000","791,000","819,000.00","818,000.00","818,050.00","842,950.00", ,0,"2,467","1,847.20","1,837.10","2,787.93", 
"2018/10/01824,000","835,000","800,000","801,000","823,800.00","822,300.00","818,300.00","843,766.67", ,0,"1,803","1,785.40","1,915.20","2,791.72", 
"2018/09/28857,000","857,000","821,000","830,000","826,200.00","825,100.00","819,100.00","844,450.00", ,44,"1,968","1,603.40","1,974.90","2,820.42", 
"2018/09/27816,000","846,000","816,000","844,000","823,200.00","825,200.00","818,500.00","845,116.67", ,18,"1,519","1,340.00","2,087.35","2,885.15", 
"2018/09/21834,000","834,000","814,000","829,000","817,000.00","822,200.00","817,050.00","845,250.00", ,20,"1,479","1,197.40","2,250.45","2,961.73", 
"2018/09/20805,000","835,000","804,000","815,000","817,000.00","820,000.00","817,850.00","845,083.33", ,0,"2,158","1,091.40","2,392.80","2,973.77", 
"2018/09/19811,000","818,000","810,000","813,000","820,800.00","819,200.00","818,350.00","844,900.00", ,0,893,"1,019.40","2,490.35","2,980.82", 
"2018/09/18809,000","816,000","807,000","815,000","824,000.00","818,900.00","818,950.00","844,500.00", ,0,651,"1,263.60","2,672.60","3,006.32", 
"2018/09/17818,000","827,000","812,000","813,000","827,200.00","818,500.00","821,200.00","844,033.33", ,0,806,"1,854.40","2,786.75","3,020.65", 
"2018/09/14834,000","834,000","822,000","829,000","827,400.00","819,000.00","823,750.00","843,350.00", ,0,949,"2,163.00","2,833.75","3,044.13", 
"2018/09/13836,000","836,000","818,000","834,000","823,000.00","818,100.00","825,350.00","842,450.00", ,0,"1,798","2,354.00","2,962.35","3,087.37", 
"2018/09/12828,000","832,000","810,000","829,000","817,600.00","814,300.00","826,450.00","841,266.67", ,0,"2,114","2,480.00","2,996.15","3,155.03", 
"2018/09/11806,000","836,000","805,000","831,000","813,800.00","813,100.00","828,050.00","840,100.00", ,0,"3,605","2,247.80","2,986.10","3,187.10", 
"2018/09/10797,000","817,000","797,000","814,000","809,800.00","811,800.00","828,650.00", , ,0,"2,349","1,946.40","2,913.40", , 
"2018/09/07815,000","815,000","800,000","807,000","810,600.00","811,900.00","830,400.00", , ,0,"1,904","1,977.60","2,930.70", , 
"2018/09/06808,000","821,000","803,000","807,000","813,200.00","815,700.00","832,400.00", , ,0,"2,428","2,055.80","3,015.55", , 
"2018/09/05806,000","817,000","801,000","810,000","811,000.00","817,500.00","834,600.00", , ,0,953,"2,376.00","3,065.90", , 
"2018/09/04812,000","819,000","802,000","811,000","812,400.00","819,000.00","838,750.00", , ,0,"2,098","2,784.80","3,097.85", , 
"2018/09/03820,000","832,000","815,000","818,000","813,800.00","823,900.00","842,700.00", , ,0,"2,505","3,208.60","3,142.05", , 
"2018/08/31801,000","821,000","800,000","820,000","813,200.00","828,500.00","845,100.00", , ,0,"2,295","3,663.80","3,138.15", , 
"2018/08/30814,000","825,000","791,000","796,000","818,200.00","832,600.00","846,750.00", , ,0,"4,029","4,070.00","3,192.50", , 
"2018/08/29825,000","826,000","815,000","817,000","824,000.00","838,600.00","851,250.00", , ,0,"2,997","4,086.00","3,221.50", , 
"2018/08/28818,000","835,000","813,000","818,000","825,600.00","843,000.00","854,600.00", , ,57,"4,217","4,394.20","3,452.85", , 
"2018/08/27845,000","847,000","815,000","815,000","834,000.00","845,500.00","858,500.00", , ,2,"4,781","4,137.60","3,368.15", , 
"2018/08/24824,000","845,000","824,000","845,000","843,800.00","848,900.00","862,300.00", , ,0,"4,326","3,530.60","3,216.20", , 
"2018/08/23829,000","840,000","820,000","825,000","847,000.00","849,100.00","864,200.00", , ,49,"4,109","3,369.60","3,163.35", , 
"2018/08/22856,000","866,000","823,000","825,000","853,200.00","851,700.00","866,300.00", , ,0,"4,538","3,042.60","3,108.00", , 
"2018/08/21864,000","878,000","859,000","860,000","860,400.00","858,500.00","868,750.00", , ,0,"2,934","2,517.60","3,053.35", , 
"2018/08/20876,000","884,000","862,000","864,000","857,000.00","861,500.00","868,900.00", , ,0,"1,746","2,361.00","3,041.85", , 
"2018/08/17848,000","888,000","844,000","861,000","854,000.00","861,700.00","867,950.00", , ,66,"3,521","2,550.80","3,099.80", , 
"2018/08/16863,000","863,000","851,000","856,000","851,200.00","860,900.00","866,350.00", , ,0,"2,474","2,566.80","3,101.70", , 
"2018/08/14849,000","862,000","833,000","861,000","850,200.00","863,900.00","865,600.00", , ,70,"1,913","2,759.00","3,117.60", , 
"2018/08/13833,000","859,000","833,000","843,000","856,600.00","866,200.00","865,900.00", , ,0,"2,151","2,694.80","3,086.70", , 
"2018/08/10848,000","865,000","842,000","849,000","866,000.00","871,500.00","867,400.00", , ,0,"2,695","2,861.00","3,108.20", , 
"2018/08/09852,000","863,000","832,000","847,000","869,400.00","875,700.00","869,250.00", , ,0,"3,601","2,807.40","3,068.50", , 
"2018/08/08882,000","884,000","850,000","851,000","870,600.00","879,300.00","871,700.00", , ,7,"3,435","2,763.60","3,187.75", , 
"2018/08/07883,000","895,000","875,000","893,000","877,600.00","880,900.00","871,250.00", , ,67,"1,592","2,998.40","3,142.20", , 
"2018/08/06861,000","902,000","861,000","890,000","875,800.00","879,000.00","868,900.00", , ,59,"2,982","4,204.80","3,165.50", , 
"2018/08/03854,000","871,000","854,000","866,000","877,000.00","876,300.00","867,300.00", , ,58,"2,427","4,113.00","3,270.00", , 
"2018/08/02877,000","893,000","850,000","853,000","882,000.00","874,200.00","865,800.00", , ,0,"3,382","3,976.00","3,319.40", , 
"2018/08/01888,000","918,000","868,000","886,000","888,000.00","871,800.00","864,050.00", , ,0,"4,609","3,953.40","3,334.20", , 
"2018/07/31898,000","900,000","865,000","884,000","884,200.00","867,300.00","861,750.00", , ,30,"7,624","3,632.00","3,238.45", , 
"2018/07/30892,000","900,000","887,000","896,000","882,200.00","865,600.00","859,650.00", , ,0,"2,523","2,796.20","3,033.50", , 
"2018/07/27895,000","896,000","877,000","891,000","875,600.00","863,300.00","858,350.00", , ,0,"1,742","2,832.40","3,199.95", , 
"2018/07/26875,000","888,000","863,000","883,000","866,400.00","862,800.00","856,400.00", , ,0,"3,269","3,065.00","3,418.55", , 
"2018/07/25868,000","890,000","857,000","867,000","855,600.00","864,100.00","853,200.00", , ,17,"3,002","3,123.00","3,365.15", , 
"2018/07/24867,000","880,000","849,000","874,000","850,400.00","861,600.00","850,050.00", , ,0,"3,445","3,081.00","3,344.10", , 
"2018/07/23854,000","864,000","845,000","863,000","849,000.00","858,800.00","845,800.00", , ,0,"2,704","2,651.00","3,293.00", , 
"2018/07/20824,000","856,000","824,000","845,000","851,000.00","858,300.00","842,000.00", , ,0,"2,905","2,626.40","3,233.35", , 
"2018/07/19839,000","849,000","819,000","829,000","859,200.00","857,400.00","838,350.00", , ,23,"3,559","2,425.60","3,198.85", , 
"2018/07/18866,000","867,000","840,000","841,000","872,600.00","856,300.00","835,650.00", , ,23,"2,792","2,911.00","3,198.05", , 
"2018/07/17873,000","873,000","855,000","867,000","872,800.00","856,200.00","831,750.00", , ,0,"1,295","2,857.40","3,351.35", , 
"2018/07/16878,000","884,000","863,000","873,000","868,600.00","853,700.00","826,350.00", , ,0,"2,581","3,010.00","3,488.50", , 
"2018/07/13896,000","896,000","880,000","886,000","865,600.00","853,400.00", , , ,0,"1,901","3,508.20", , , 
"2018/07/12852,000","897,000","848,000","896,000","855,600.00","850,000.00", , , ,0,"5,986","3,811.00", , , 
"2018/07/11835,000","847,000","817,000","842,000","840,000.00","842,300.00", , , ,0,"2,524","3,349.40", , , 
"2018/07/10851,000","861,000","843,000","846,000","839,600.00","838,500.00", , , ,0,"2,058","3,383.40", , , 
"2018/07/09835,000","860,000","835,000","858,000","838,800.00","832,800.00", , , ,0,"5,072","3,676.80", , , 
"2018/07/06814,000","839,000","811,000","836,000","841,200.00","825,700.00", , , ,0,"3,415","3,832.80", , , 
"2018/07/05844,000","851,000","806,000","818,000","844,400.00","819,300.00", , , ,0,"3,678","4,372.60", , , 
"2018/07/04836,000","854,000","835,000","840,000","844,600.00","815,000.00", , , ,0,"2,694","4,077.20", , , 
"2018/07/03870,000","876,000","835,000","842,000","837,400.00","807,300.00", , , ,0,"3,525","4,054.60", , , 
"2018/07/02855,000","870,000","840,000","870,000","826,800.00","799,000.00", , , ,0,"5,852","3,834.20", , , 
"2018/06/29815,000","868,000","804,000","852,000","810,200.00", , , , ,0,"6,114","2,966.00", , , 
"2018/06/28810,000","820,000","801,000","819,000","794,200.00", , , , ,0,"2,201","2,186.20", , , 
"2018/06/27781,000","804,000","776,000","804,000","785,400.00", , , , ,0,"2,581","2,454.60", , , 
"2018/06/26810,000","815,000","771,000","789,000","777,200.00", , , , ,0,"2,423","3,110.00", , , 
"2018/06/25772,000","787,000","758,000","787,000","771,200.00", , , , ,0,"1,511","3,433.00", , , 
"2018/06/22764,000","789,000","764,000","772,000", , , , , ,0,"2,215", , , , 
"2018/06/21752,000","796,000","752,000","775,000", , , , , ,0,"3,543", , , , 
"2018/06/20757,000","776,000","741,000","763,000", , , , , ,0,"5,858", , , , 
"2018/06/19776,000","793,000","759,000","759,000", , , , , ,0,"4,038", , , , 
