"2020/11/239,370","9,400","8,950","9,070","8,958.00","8,964.00","9,743.50","12,111.17","12,476.75",0,"155,154","179,870.40","506,109.40","385,975.47","619,909.19"
"2020/11/208,940","9,440","8,940","9,330","8,914.00","9,039.00","9,855.00","12,200.83","12,444.00",0,"407,612","169,915.80","510,657.00","387,603.88","619,420.71"
"2020/11/198,800","8,940","8,700","8,930","8,810.00","9,099.00","10,018.50","12,287.00","12,410.00",0,"84,796","120,133.60","501,110.35","383,773.65","616,738.28"
"2020/11/188,550","8,850","8,550","8,850","8,832.00","9,206.00","10,209.50","12,376.50","12,378.25",0,"100,950","133,335.40","519,725.30","386,569.02","618,858.66"
"2020/11/178,880","8,880","8,500","8,610","8,832.00","9,219.00","10,399.50","12,470.67","12,347.00",0,"150,840","182,705.20","520,312.10","390,726.58","618,769.55"
"2020/11/168,810","9,000","8,740","8,850","8,970.00","9,498.00","10,604.00","12,585.50","12,317.42",0,"105,381","228,271.80","523,744.05","408,734.62","617,806.18"
"2020/11/139,050","9,050","8,700","8,810","9,164.00","9,733.00","10,754.00","12,682.17","12,285.50",0,"158,701","322,559.80","527,307.25","417,909.83","617,528.14"
"2020/11/128,990","9,190","8,930","9,040","9,388.00","9,912.00","10,936.00","12,820.33","12,254.33",8,"150,805","418,027.20","536,391.75","430,075.05","617,451.10"
"2020/11/119,260","9,290","8,810","8,850","9,580.00","10,123.00","11,179.00","12,933.00","12,219.63",0,"347,799","699,180.20","547,093.20","431,075.73","616,597.59"
"2020/11/109,830","9,830","9,210","9,300","9,606.00","10,348.00","11,471.50","13,043.00","12,187.21",0,"378,673","1,199,521","562,801.00","435,987.60","613,925.19"
"2020/11/0910,300","10,350","9,720","9,820","10,026.00","10,523.00","11,729.00","13,154.67","12,151.00",0,"576,821","1,285,403","576,397.35","432,805.65","611,090.86"
"2020/11/0610,250","10,450","9,650","9,930","10,302.00","10,671.00","11,975.50","13,251.83","12,110.71",0,"636,038","1,264,443","571,303.05","427,520.45","606,641.32"
"2020/11/0510,700","11,000","9,970","10,000","10,436.00","10,938.00","12,219.00","13,353.00","12,069.13",69,"1,556,570","1,182,416","604,938.55","423,990.22","601,817.81"
"2020/11/0411,550","11,900","8,730","8,980","10,666.00","11,213.00","12,394.00","13,468.83","12,025.54",0,"2,849,502","926,345.40","543,718.80","400,431.85","589,077.78"
"2020/11/0311,300","12,350","11,150","11,400","11,090.00","11,580.00","12,632.50","13,608.33","11,990.71",0,"808,086","384,148.80","424,353.55","357,515.52","565,735.59"
"2020/11/0210,700","11,750","10,650","11,200","11,020.00","11,710.00","12,725.00","13,700.00","11,936.71",0,"472,017","330,892.00","456,673.65","347,626.97","559,384.71"
"2020/10/3011,150","11,350","10,400","10,600","11,040.00","11,775.00","12,807.50","13,796.67","11,884.58",0,"225,903","285,709.80","446,007.70","342,523.38","555,712.88"
"2020/10/2910,700","11,350","10,500","11,150","11,440.00","11,960.00","12,907.50","13,907.50","11,838.42",0,"276,219","283,865.00","465,439.45","345,019.33","555,439.62"
"2020/10/2811,150","11,300","10,950","11,100","11,760.00","12,235.00","12,930.00","14,000.83","11,788.50",0,"138,519","320,040.20","463,301.30","344,426.23","553,571.04"
"2020/10/2711,000","12,600","10,650","11,050","12,070.00","12,595.00","12,917.50","14,100.00","11,738.92",0,"541,802","314,873.60","464,584.05","351,915.58","553,873.13"
"2020/10/2612,800","12,800","11,300","11,300","12,400.00","12,935.00","12,950.00","14,193.33","11,688.38",2,"246,106","250,409.00","447,024.60","352,734.90","550,947.76"
"2020/10/2312,600","12,950","12,300","12,600","12,510.00","13,280.00","12,935.00","14,309.17","11,634.13",0,"216,679","236,516.80","444,911.40","354,688.33","549,750.11"
"2020/10/2212,400","13,300","11,900","12,750","12,480.00","13,500.00","12,900.00","14,415.00","11,568.29",0,"457,095","261,259.20","450,933.20","356,121.03","548,913.28"
"2020/10/2112,600","12,800","12,100","12,650","12,710.00","13,575.00","12,907.50","14,519.17","11,498.96",0,"112,686","242,807.00","440,396.95","358,615.03","545,477.37"
"2020/10/2011,800","12,700","11,400","12,700","13,120.00","13,685.00","12,932.50","14,620.00","11,429.38",0,"219,479","352,660.80","441,220.40","380,864.53","544,748.60"
"2020/10/1912,350","12,750","11,850","11,850","13,470.00","13,740.00","12,987.50","14,694.17","11,359.96",0,"176,645","438,885.00","437,048.45","383,801.33","543,152.68"
"2020/10/1613,700","13,950","12,050","12,450","14,050.00","13,840.00","13,080.00","14,785.00","11,297.08",0,"340,391","498,543.00","433,607.55","392,376.82","541,910.94"
"2020/10/1514,700","14,800","13,350","13,900","14,520.00","13,855.00","13,162.50","14,851.67","11,229.75",0,"364,834","692,214.40","425,584.25","394,067.45","539,630.22"
"2020/10/1414,350","15,250","14,100","14,700","14,440.00","13,625.00","13,152.50","14,888.33","11,150.54",0,"661,955","685,682.60","412,549.50","435,782.08","537,179.61"
"2020/10/1314,800","15,500","14,000","14,450","14,250.00","13,240.00","13,097.50","14,898.33","11,064.08",0,"650,600","645,731.00","388,140.40","440,082.05","532,123.52"
"2020/10/1215,100","15,150","14,350","14,750","14,010.00","12,965.00","13,030.00","14,913.33","10,979.38",0,"474,935","806,508.60","361,938.60","510,878.18","527,189.20"
"2020/10/0814,000","15,350","13,500","14,800","13,630.00","12,590.00","12,980.00","14,942.50","10,891.50",0,"1,308,748","763,261.20","351,265.45","537,591.50","523,994.51"
"2020/10/0713,650","14,300","13,450","13,500","13,190.00","12,300.00","12,930.00","14,907.50","10,802.92",0,"332,175","624,419.20","297,214.15","529,333.03","517,416.50"
"2020/10/0613,100","13,950","12,750","13,750","12,810.00","12,240.00","12,962.50","14,882.50","10,726.38",0,"462,197","604,675.40","291,504.10","532,155.22","515,456.81"
"2020/10/0514,600","15,150","13,000","13,250","12,230.00","12,180.00","12,982.50","14,845.83","10,649.17",0,"1,454,488","545,070.80","275,438.20","534,488.62","513,311.55"
"2020/09/2912,850","12,850","12,200","12,850","11,920.00","12,235.00","13,040.00","14,813.33","10,574.67",0,"258,698","292,295.80","207,627.40","548,597.10","501,434.07"
"2020/09/2812,000","13,150","11,850","12,600","11,550.00","12,320.00","13,122.50","14,778.33","10,503.29",0,"614,538","281,324.60","205,504.60","553,525.83","499,619.92"
"2020/09/2510,850","11,900","10,600","11,600","11,410.00","12,470.00","13,237.50","14,738.33","10,434.42",0,"233,456","225,840.00","203,638.95","553,837.00","495,158.17"
"2020/09/2411,250","11,450","10,350","10,850","11,670.00","12,680.00","13,365.00","14,709.00","10,372.83",0,"164,174","228,422.80","201,391.10","554,967.27","493,765.97"
"2020/09/2311,150","11,800","10,600","11,700","12,130.00","12,955.00","13,507.50","14,694.00","10,316.00",58,"190,613","221,419.00","205,444.55","559,474.80","493,017.54"
"2020/09/2211,900","12,050","11,000","11,000","12,550.00","13,095.00","13,640.00","14,672.33","10,252.88",0,"203,842","210,504.40","204,792.40","564,976.82","493,685.24"
"2020/09/2112,850","12,900","11,700","11,900","13,090.00","13,370.00","13,812.50","14,672.33","10,192.92",0,"337,115","191,301.40","207,243.25","584,572.95","492,934.05"
"2020/09/1813,200","13,400","12,700","12,900","13,530.00","13,560.00","13,942.50","14,644.83","10,124.42",0,"246,370","159,863.40","199,277.40","587,490.50","490,763.63"
"2020/09/1713,750","13,900","13,000","13,150","13,690.00","13,685.00","14,012.50","14,598.17","10,046.25",0,"129,155","131,417.20","199,584.80","602,969.30","489,223.99"
"2020/09/1613,800","14,400","13,650","13,800","13,780.00","13,785.00","14,080.00","14,543.83","9,966.17",0,"136,040","140,340.80","210,647.25","615,456.28","488,779.78"
"2020/09/1514,200","14,250","13,500","13,700","13,640.00","13,845.00","14,165.00","14,487.17","9,878.96",0,"107,827","138,445.60","265,411.35","655,870.43","488,211.05"
"2020/09/1413,800","14,450","13,550","14,100","13,650.00","13,925.00","14,212.50","14,407.50","9,791.75",0,"179,925","169,174.60","292,814.70","676,717.40","487,786.51"
"2020/09/1113,500","13,800","13,250","13,700","13,590.00","14,005.00","14,362.50","14,311.83","9,700.00",0,"104,139","178,734.00","328,249.15","684,053.72","486,689.95"
"2020/09/1013,400","13,750","13,150","13,600","13,680.00","14,050.00","14,467.50","14,230.17","9,613.50",8,"173,773","201,501.00","333,584.50","701,812.62","486,290.86"
"2020/09/0913,500","13,650","13,050","13,100","13,790.00","14,060.00","14,560.00","14,136.00","9,527.17",70,"126,564","194,922.20","357,021.40","710,905.72","485,579.16"
"2020/09/0813,850","13,950","13,050","13,750","14,050.00","14,185.00","14,705.00","14,061.17","9,448.63",0,"261,472","189,263.80","360,081.00","740,611.33","485,325.81"
"2020/09/0714,000","14,050","13,500","13,800","14,200.00","14,255.00","14,800.00","13,975.33","9,364.67",70,"227,722","180,217.80","359,992.85","744,349.33","483,503.55"
"2020/09/0413,500","14,400","13,500","14,150","14,420.00","14,325.00","14,910.00","13,887.83","9,280.63",0,"217,974","250,118.40","369,817.95","747,532.72","482,325.06"
"2020/09/0314,400","14,600","13,950","14,150","14,420.00","14,340.00","15,050.00","13,783.67","9,193.71",0,"140,879","244,223.40","366,072.65","748,772.52","481,013.37"
"2020/09/0214,600","14,600","14,250","14,400","14,330.00","14,375.00","15,210.00","13,682.17","9,109.92",0,"98,272","265,096.20","372,754.80","778,039.77","480,861.95"
"2020/09/0114,700","14,750","14,100","14,500","14,320.00","14,485.00","15,335.00","13,573.83","9,025.71",0,"216,242","280,955.80","378,579.85","840,587.63","480,689.58"
"2020/08/3114,750","15,300","14,300","14,900","14,310.00","14,500.00","15,460.00","13,446.50","8,942.75",0,"577,225","288,279.20","376,057.85","866,951.67","479,739.08"
"2020/08/2813,850","14,400","13,700","14,150","14,230.00","14,720.00","15,577.50","13,286.17","8,857.63",8,"188,499","208,393.80","365,979.60","861,076.50","475,711.45"
"2020/08/2714,300","14,350","13,500","13,700","14,260.00","14,885.00","15,707.50","13,134.67","8,782.04",0,"245,243","221,197.60","368,586.30","858,712.82","474,981.19"
"2020/08/2614,450","14,800","14,100","14,350","14,420.00","15,060.00","15,875.00","12,993.50","8,710.21",0,"177,570","242,229.80","385,718.15","855,703.02","473,927.04"
"2020/08/2514,500","15,100","14,350","14,450","14,650.00","15,225.00","15,990.00","12,842.33","8,632.04",0,"252,859","452,980.20","406,387.70","853,842.92","472,701.65"
"2020/08/2414,150","14,750","13,500","14,500","14,690.00","15,345.00","16,180.00","12,687.17","8,552.50",0,"177,798","533,587.20","411,910.35","851,237.53","471,056.52"
"2020/08/2114,350","15,400","14,150","14,300","15,210.00","15,495.00","16,402.50","12,533.00","8,472.54",0,"252,518","675,750.40","418,152.50","849,702.92","470,137.79"
"2020/08/2015,600","15,650","14,050","14,500","15,510.00","15,760.00","16,637.50","12,380.00","8,394.67",0,"350,404","667,416.00","435,863.35","851,148.30","469,215.15"
"2020/08/1915,100","16,750","14,600","15,500","15,700.00","16,045.00","16,847.50","12,223.33","8,316.75",58,"1,231,322","725,837.40","490,725.95","846,812.52","467,800.96"
"2020/08/1816,350","17,050","13,300","14,650","15,800.00","16,185.00","16,930.00","12,049.33","8,232.08",0,"655,894","517,124.20","448,944.20","826,877.75","461,452.98"
"2020/08/1415,900","17,400","15,250","17,100","16,000.00","16,420.00","17,062.50","11,888.83","8,155.08",0,"888,614","437,887.20","450,708.20","817,146.45","470,376.93"
"2020/08/1315,850","15,900","15,450","15,800","15,780.00","16,435.00","17,030.00","11,688.33","8,058.33",69,"210,846","345,009.20","428,368.95","804,827.15","475,948.53"
"2020/08/1216,350","16,600","14,600","15,450","16,010.00","16,530.00","17,045.00","11,506.25","7,967.54",0,"642,511","331,453.60","561,212.25","802,119.45","474,487.57"
"2020/08/1115,650","16,350","15,550","16,000","16,390.00","16,690.00","17,037.50","11,331.42","7,880.38",0,"187,756","257,855.80","575,084.35","791,862.78","469,274.22"
"2020/08/1016,050","16,250","15,150","15,650","16,570.00","16,755.00","17,005.00","11,147.33","7,789.29",42,"259,709","263,259.20","810,614.95","789,376.07","467,862.86"
"2020/08/0716,950","17,150","15,650","16,000","16,840.00","17,015.00","17,047.50","10,969.58","7,701.46",0,"424,224","244,477.80","901,516.20","785,762.18","465,921.03"
"2020/08/0617,400","17,500","16,950","16,950","17,090.00","17,310.00","16,882.50","10,785.25","7,610.29",0,"143,068","234,765.00","920,967.00","779,645.40","462,529.29"
"2020/08/0517,100","17,650","16,950","17,350","17,050.00","17,515.00","16,635.00","10,582.25","7,511.88",0,"274,522","254,278.00","938,888.90","777,723.72","461,745.49"
"2020/08/0416,850","17,500","16,550","16,900","16,990.00","17,650.00","16,345.00","10,373.08","7,409.46",0,"214,773","316,949.60","955,272.85","773,955.67","459,605.24"
"2020/08/0317,100","17,600","16,850","17,000","16,940.00","17,675.00","16,065.00","10,173.42","7,310.88",0,"165,802","392,187.20","1,059,584","771,142.45","457,962.66"
"2020/07/3117,150","17,800","16,500","17,250","17,190.00","17,705.00","15,752.50","9,972.50","7,211.54",0,"375,660","431,689.20","1,079,015","768,902.37","456,752.83"
"2020/07/3016,850","17,500","16,400","16,750","17,530.00","17,625.00","15,400.00","9,769.33","7,110.54",0,"240,633","417,085.40","1,091,892","765,859.90","454,359.76"
"2020/07/2916,650","17,900","15,500","17,050","17,980.00","17,560.00","15,054.50","9,576.17","7,012.88",0,"587,880","490,305.80","1,094,924","762,715.85","452,469.26"
"2020/07/2818,300","18,600","16,400","16,650","18,310.00","17,385.00","14,699.50","9,377.83","6,912.79",0,"590,961","662,261.00","1,087,262","755,830.67","448,047.99"
"2020/07/2719,400","19,400","17,350","18,250","18,410.00","17,255.00","14,387.00","9,183.42","6,816.04",0,"363,312","623,206.20","1,083,750","749,160.62","443,484.08"
"2020/07/2418,950","19,350","18,300","18,950","18,220.00","17,080.00","14,024.50","8,959.08","6,706.38",0,"302,641","688,778.60","1,134,565","744,811.88","440,766.77"
"2020/07/2318,650","19,750","18,250","19,000","17,720.00","16,455.00","13,589.50","8,721.58","6,591.96",0,"606,735","716,616.20","1,145,042","741,705.53","439,596.24"
"2020/07/2217,150","19,600","16,900","18,700","17,140.00","15,755.00","13,144.50","8,478.75","6,475.54",0,"1,447,656","1,168,812","1,173,460","732,339.70","434,703.86"
"2020/07/2116,850","17,300","16,450","17,150","16,460.00","15,040.00","12,704.00","8,238.75","6,361.54",0,"395,687","1,063,271","1,144,996","708,632.67","422,772.93"
"2020/07/2016,600","17,500","16,450","17,300","16,100.00","14,455.00","12,366.50","8,025.75","6,261.29",0,"691,174","1,963,807","1,253,256","702,504.03","419,557.43"
"2020/07/1715,950","16,700","15,850","16,450","15,940.00","13,800.00","11,947.50","7,809.17","6,159.54",0,"441,829","2,241,119","1,286,629","691,445.07","413,959.49"
"2020/07/1615,300","17,900","15,150","16,100","15,190.00","13,175.00","11,543.00","7,607.83","6,065.54",29,"2,867,712","2,315,401","1,295,543","685,192.98","410,370.77"
"2020/07/1515,200","15,650","14,400","15,300","14,370.00","12,549.00","11,178.00","7,412.75","5,974.38",0,"919,953","1,842,160","1,210,641","638,577.13","386,538.25"
"2020/07/1416,250","19,950","14,900","15,350","13,620.00","12,014.00","10,810.50","7,229.83","5,889.63",37,"4,898,368","1,778,610","1,200,611","624,164.98","378,993.92"
"2020/07/1312,700","16,500","12,550","16,500","12,810.00","11,519.00","10,473.50","7,045.42","5,804.96",18,"2,077,734","1,259,136","1,051,138","543,500.22","338,298.20"
"2020/07/1011,800","13,450","11,650","12,700","11,660.00","10,969.00","10,078.50","6,840.50","5,710.88",0,"813,240","954,473.20","971,538.95","510,397.52","321,075.60"
"2020/07/0911,700","12,350","11,500","12,000","11,160.00","10,724.00","9,871.00","6,698.33","5,648.71",0,"501,506","918,466.80","951,813.20","505,499.97","314,371.07"
"2020/07/0811,400","11,950","11,200","11,550","10,728.00","10,534.00","9,666.00","6,570.25","5,592.63",0,"602,201","878,420.00","941,356.00","498,758.40","310,276.54"
"2020/07/0710,750","12,900","10,400","11,300","10,408.00","10,368.00","9,491.50","6,452.50","5,539.54",0,"2,300,997","844,905.00","1,006,092","492,134.48","305,654.03"
"2020/07/0610,350","10,900","10,000","10,750","10,228.00","10,278.00","9,321.50","6,336.00","5,488.96",0,"554,422","488,852.40","1,083,599","454,271.03","286,699.66"
"2020/07/039,800","10,550","9,770","10,200","10,278.00","10,095.00","9,127.00","6,228.25","5,442.13",0,"633,208","653,890.00","1,145,782","445,714.00","282,145.38"
"2020/07/029,850","10,050","9,540","9,840","10,288.00","9,911.00","8,881.00","6,130.50","5,399.71",23,"301,272","629,682.00","1,125,357","436,479.35","276,976.04"
"2020/07/0110,450","10,550","9,520","9,950","10,340.00","9,807.00","8,642.00","6,036.67","5,359.17",0,"434,626","804,447.20","1,112,628","432,564.68","274,690.93"
"2020/06/3010,750","11,250","10,300","10,400","10,328.00","9,607.00","8,406.00","5,938.00","5,320.00",17,"520,734","893,196.80","1,094,129","426,560.28","271,109.47"
"2020/06/2910,400","11,200","10,250","11,000","10,328.00","9,428.00","8,150.00","5,833.42","5,276.83",0,"1,379,610","1,301,228","1,071,391","422,393.67","266,875.38"
"2020/06/2610,000","10,500","9,850","10,250","9,912.00","9,188.00","7,857.00","5,713.50","5,229.58",0,"512,168","1,297,035","1,007,237","401,295.15","255,463.49"
"2020/06/2510,650","11,450","9,950","10,100","9,534.00","9,018.00","7,607.00","5,604.00","5,189.17",0,"1,175,098","1,318,622","985,914.65","394,036.77","251,398.44"
"2020/06/2410,000","10,500","9,600","9,890","9,274.00","8,798.00","7,358.00","5,494.33","5,149.25",37,"878,374","1,317,537","944,121.80","375,478.68","241,678.16"
"2020/06/238,770","11,000","8,580","10,400","8,886.00","8,615.00","7,118.50","5,388.50","5,110.75",0,"2,560,889","1,285,734","904,715.95","362,103.28","234,416.65"
"2020/06/228,600","9,340","8,330","8,920","8,528.00","8,365.00","6,851.50","5,270.75","5,067.25",0,"1,358,645","1,155,336","778,433.30","320,551.67","213,159.60"
"2020/06/198,500","8,830","8,200","8,360","8,464.00","8,159.00","6,656.50","5,176.00","5,035.92",0,"620,104","980,757.80","714,101.85","298,855.62","202,002.92"
"2020/06/188,170","8,800","7,610","8,800","8,502.00","7,851.00","6,492.00","5,088.17","5,009.50",0,"1,169,673","940,482.00","690,569.45","289,326.18","197,004.82"
"2020/06/178,500","8,600","7,500","7,950","8,322.00","7,477.00","6,295.75","4,996.83","4,980.58",0,"719,359","765,019.80","634,505.00","270,769.10","187,402.76"
"2020/06/168,860","9,300","8,000","8,610","8,344.00","7,205.00","6,146.25","4,918.33","4,958.58",0,"1,908,901","1,000,531","599,892.60","260,252.60","181,502.22"
"2020/06/158,460","8,870","8,300","8,600","8,202.00","6,872.00","5,963.50","4,836.08","4,931.33",0,"485,752","1,388,979","506,375.20","230,040.28","165,696.28"
"2020/06/127,440","8,550","7,440","8,550","7,854.00","6,526.00","5,782.75","4,754.00","4,904.25",18,"418,725","1,651,446","484,231.40","222,657.77","161,729.04"
"2020/06/117,860","7,960","7,860","7,900","7,200.00","6,196.00","5,602.25","4,673.42","4,877.92",0,"292,362","1,612,644","466,156.00","217,117.40","158,279.18"
"2020/06/107,790","8,310","7,660","8,060","6,632.00","5,918.00","5,445.75","4,603.75","4,856.83",0,"1,896,914","1,563,507","452,926.25","213,254.22","155,959.08"
"2020/06/097,850","8,780","7,260","7,900","6,066.00","5,622.00","5,282.75","4,537.67","4,834.50",0,"3,851,144","1,197,055","360,502.50","183,684.13","140,252.80"
"2020/06/085,600","6,860","5,590","6,860","5,542.00","5,338.00","5,133.75","4,477.58","4,813.25",18,"1,798,084","440,019.20","170,244.30","120,791.53","108,178.21"
"2020/06/055,150","5,480","5,140","5,280","5,198.00","5,154.00","5,038.00","4,439.00","4,800.50",0,"224,715","99,709.60","81,909.95","92,526.50","93,229.05"
"2020/06/045,230","5,250","5,050","5,060","5,192.00","5,133.00","5,027.00","4,429.08","4,800.67",0,"46,678","71,910.80","80,329.80","90,346.40","91,462.95"
"2020/06/035,350","5,350","5,190","5,230","5,204.00","5,114.50","5,032.00","4,429.42","4,803.08",0,"64,655","130,423.40","80,595.40","91,249.57","91,206.39"
"2020/06/025,160","5,290","5,130","5,280","5,178.00","5,087.50","5,028.00","4,426.92","4,804.67",0,"65,964","135,543.80","86,101.10","92,151.07","90,715.60"
"2020/06/015,250","5,250","5,080","5,140","5,134.00","5,055.00","5,013.25","4,421.75","4,805.83",17,"96,536","129,398.20","92,340.80","91,560.38","90,248.68"
"2020/05/295,190","5,280","5,040","5,250","5,110.00","5,039.50","4,995.75","4,417.83","4,808.67",0,"85,721","124,494.20","92,633.40","90,875.50","89,549.85"
"2020/05/285,060","5,520","4,980","5,120","5,074.00","5,008.50","4,968.25","4,412.08","4,811.33",0,"339,241","137,241.20","94,160.35","90,572.67","88,907.44"
"2020/05/275,040","5,200","5,040","5,100","5,025.00","4,973.50","4,933.75","4,409.33","4,815.50",0,"90,257","79,069.80","79,437.55","87,282.00","86,199.65"
"2020/05/265,060","5,170","4,980","5,060","4,997.00","4,943.50","4,893.75","4,410.17","4,820.42",0,"35,236","66,440.60","76,186.40","88,789.40","85,655.40"
"2020/05/255,070","5,150","4,915","5,020","4,976.00","4,929.50","4,859.25","4,414.83","4,825.25",0,"72,016","67,104.00","75,823.05","96,028.22","85,592.63"
"2020/05/224,870","5,130","4,865","5,070","4,969.00","4,922.00","4,823.50","4,421.33","4,829.83",0,"149,456","61,276.00","73,604.05","123,607.42","85,100.79"
"2020/05/215,020","5,020","4,725","4,875","4,943.00","4,921.00","4,788.50","4,428.33","4,834.33",0,"48,384","42,828.20","69,466.45","147,069.90","84,018.24"
"2020/05/204,955","4,980","4,920","4,960","4,922.00","4,949.50","4,764.50","4,428.83","4,839.46",0,"27,111","38,704.80","70,585.30","146,855.68","83,841.48"
"2020/05/195,050","5,050","4,895","4,955","4,890.00","4,968.50","4,732.75","4,429.33","4,843.88",0,"38,553","42,970.40","71,990.95","146,685.65","83,815.98"
"2020/05/185,040","5,040","4,905","4,985","4,883.00","4,971.50","4,699.25","4,431.25","4,849.42",0,"42,876","44,455.80","72,987.40","146,349.65","83,606.82"
"2020/05/154,750","4,975","4,750","4,940","4,875.00","4,952.00","4,660.25","4,433.33","4,855.63",0,"57,217","42,160.00","75,422.20","146,079.87","83,383.28"
"2020/05/144,780","4,835","4,710","4,770","4,899.00","4,928.00","4,621.75","4,435.33","4,862.21",0,"27,767","69,339.00","98,530.70","145,413.18","82,984.42"
"2020/05/134,880","4,910","4,710","4,800","4,977.00","4,894.00","4,599.00","4,441.50","4,869.88",0,"48,439","74,183.60","101,992.95","145,767.27","82,867.48"
"2020/05/124,920","5,000","4,830","4,920","5,047.00","4,844.00","4,583.25","4,445.83","4,877.46",0,"45,980","99,449.60","109,809.30","145,254.82","82,738.88"
"2020/05/115,060","5,080","4,895","4,945","5,060.00","4,789.00","4,552.75","4,448.33","4,884.63",0,"31,397","128,405.20","108,969.80","144,782.87","82,511.45"
"2020/05/085,110","5,400","5,030","5,060","5,029.00","4,725.00","4,519.75","4,450.58","4,891.25",29,"193,112","142,603.40","109,449.95","144,603.28","82,329.68"
"2020/05/075,150","5,210","5,040","5,160","4,957.00","4,656.00","4,483.50","4,451.75","4,896.92",15,"51,990","127,233.00","103,750.80","142,859.62","80,888.55"
"2020/05/065,140","5,300","4,975","5,150","4,811.00","4,579.50","4,436.00","4,449.58","4,902.08",0,"174,769","125,792.00","104,470.90","142,222.67","80,651.97"
"2020/05/044,720","5,120","4,720","4,985","4,641.00","4,497.00","4,380.00","4,447.75","4,907.42",0,"190,758","95,885.00","99,450.55","140,265.32","79,391.62"
"2020/04/294,800","4,920","4,700","4,790","4,518.00","4,427.00","4,337.00","4,448.67","4,913.54",0,"102,388","63,327.20","103,449.50","137,807.53","77,933.68"
"2020/04/284,485","4,750","4,380","4,700","4,421.00","4,368.50","4,287.75","4,453.67","4,920.46",0,"116,260","48,376.80","104,015.05","136,721.65","77,258.80"
"2020/04/274,330","4,455","4,300","4,430","4,355.00","4,315.50","4,236.75","4,462.33","4,928.21",0,"44,785","38,465.60","102,035.30","137,486.95","76,521.51"
"2020/04/244,365","4,410","4,280","4,300","4,348.00","4,304.00","4,191.25","4,472.33","4,937.54",0,"25,234","43,660.80","102,876.70","137,068.02","76,499.27"
"2020/04/234,305","4,380","4,300","4,370","4,353.00","4,322.50","4,153.25","4,484.33","4,947.88",0,"27,969","49,658.80","105,407.50","136,913.20","76,474.95"
"2020/04/224,210","4,335","4,210","4,305","4,336.00","4,316.50","4,101.50","4,496.83","4,957.38",0,"27,636","55,761.40","107,398.65","136,610.83","76,436.23"
"2020/04/214,400","4,430","4,100","4,370","4,316.00","4,314.50","4,048.00","4,509.92","4,967.50",20,"66,704","68,548.60","108,860.95","136,473.92","76,393.15"
"2020/04/204,320","4,440","4,310","4,395","4,276.00","4,311.00","3,984.00","4,523.25","4,977.33",0,"70,761","159,085.20","107,942.65","135,548.55","76,046.35"
"2020/04/174,335","4,335","4,250","4,325","4,260.00","4,292.50","3,930.25","4,536.00","4,986.21",0,"55,224","164,335.40","107,217.00","134,499.37","75,795.57"
"2020/04/164,325","4,325","4,190","4,285","4,292.00","4,263.00","3,876.00","4,549.42","4,996.08",0,"58,482","194,243.80","108,874.25","133,822.85","75,981.62"
"2020/04/144,230","4,335","4,170","4,205","4,297.00","4,247.00","3,845.50","4,564.50","5,007.21",0,"91,572","188,385.40","110,758.25","133,096.18","76,334.71"
"2020/04/134,360","4,585","4,125","4,170","4,313.00","4,207.00","3,819.00","4,581.25","5,021.08",42,"519,387","178,271.00","108,319.70","131,753.68","75,992.81"
"2020/04/104,500","4,605","4,285","4,315","4,346.00","4,158.00","3,796.25","4,599.08","5,036.42",0,"97,012","90,219.40","86,665.50","123,242.17","72,642.92"
"2020/04/094,630","5,100","4,425","4,485","4,325.00","4,078.50","3,766.50","4,615.00","5,048.21",29,"204,766","84,095.40","84,843.45","121,794.68","72,128.75"
"2020/04/084,285","4,370","4,250","4,310","4,234.00","3,984.00","3,747.00","4,626.58","5,059.17",0,"29,190","58,014.60","80,740.60","119,173.57","70,601.61"
"2020/04/074,355","4,430","4,255","4,285","4,197.00","3,886.50","3,746.25","4,641.92","5,071.58",0,"41,000","106,324.00","83,160.50","119,128.28","70,777.49"
"2020/04/064,285","4,385","4,215","4,335","4,101.00","3,781.50","3,759.25","4,656.00","5,084.13",0,"79,129","120,863.80","86,219.60","118,576.75","70,653.63"
"2020/04/034,140","4,220","3,980","4,210","3,970.00","3,657.00","3,776.75","4,668.92","5,095.58",0,"66,392","120,371.00","86,958.60","117,472.73","70,310.60"
"2020/04/024,125","4,165","3,860","4,030","3,832.00","3,568.00","3,820.25","4,681.67","5,107.50",0,"74,362","119,415.20","88,682.40","116,817.18","70,169.59"
"2020/04/013,995","4,780","3,830","4,125","3,734.00","3,489.00","3,872.75","4,702.00","5,121.67",0,"270,737","119,712.80","90,901.55","115,658.67","69,761.44"
"2020/03/313,880","4,085","3,715","3,805","3,576.00","3,444.00","3,915.00","4,720.25","5,135.38",0,"113,699","79,123.80","78,890.85","111,357.08","67,841.39"
"2020/03/303,520","3,680","3,450","3,680","3,462.00","3,431.00","3,970.00","4,745.67","5,151.92",0,"76,665","67,760.40","75,978.05","109,631.83","67,389.57"
"2020/03/273,700","3,700","3,395","3,520","3,344.00","3,434.50","4,031.25","4,774.33","5,170.58",0,"61,613","62,095.00","75,522.35","108,760.12","67,358.34"
"2020/03/263,420","3,705","3,340","3,540","3,304.00","3,454.50","4,103.00","4,804.17","5,192.08",0,"75,850","61,022.00","79,531.75","107,877.63","67,664.33"
"2020/03/253,255","3,520","3,245","3,335","3,244.00","3,510.00","4,183.50","4,833.00","5,213.25",0,"67,792","63,525.80","84,774.30","106,730.02","68,519.16"
"2020/03/243,090","3,255","3,000","3,235","3,312.00","3,606.00","4,283.75","4,863.75","5,239.13",0,"56,882","69,199.80","104,862.95","105,767.53","69,277.95"
"2020/03/233,255","3,270","3,060","3,090","3,400.00","3,737.00","4,392.50","4,895.83","5,270.33",0,"48,338","66,383.60","188,357.25","105,150.23","72,077.02"
"2020/03/203,200","3,495","3,200","3,320","3,525.00","3,896.50","4,512.50","4,930.83","5,301.25",0,"56,248","73,976.60","263,800.60","104,683.45","95,907.73"
"2020/03/193,675","3,800","3,160","3,240","3,605.00","4,072.50","4,591.75","4,964.33","5,328.58",0,"88,369","74,841.20","262,764.75","104,036.42","98,532.32"
"2020/03/183,700","4,060","3,500","3,675","3,776.00","4,256.50","4,679.25","4,998.83","5,355.25",0,"96,162","81,709.20","259,191.75","102,751.83","100,792.64"
"2020/03/173,350","3,775","3,350","3,675","3,900.00","4,386.00","4,749.00","5,026.58","5,377.96",0,"42,801","77,994.40","255,303.30","101,352.28","100,739.35"
"2020/03/163,660","3,895","3,525","3,715","4,074.00","4,509.00","4,820.75","5,054.50","5,402.58",0,"86,303","89,870.60","254,497.70","100,800.32","104,148.32"
"2020/03/133,630","3,990","3,425","3,720","4,268.00","4,628.00","4,888.00","5,082.42","5,425.46",0,"60,571","91,391.80","251,043.35","99,440.97","105,017.08"
"2020/03/124,295","4,295","3,990","4,095","4,540.00","4,751.50","4,959.00","5,109.92","5,448.38",0,"122,709","99,451.20","250,465.40","98,663.93","112,036.50"
"2020/03/114,560","4,605","4,240","4,295","4,737.00","4,857.00","5,007.25","5,131.33","5,468.17",0,"77,588","98,658.40","245,214.55","96,821.47","118,340.14"
"2020/03/104,510","4,600","4,330","4,545","4,872.00","4,961.50","5,046.00","5,148.92","5,481.29",0,"102,182","89,245.40","242,218.30","95,564.88","118,220.52"
"2020/03/095,010","5,080","4,620","4,685","4,944.00","5,048.00","5,072.75","5,162.00","5,492.58",0,"93,909","79,897.60","238,140.30","93,931.60","117,648.08"
"2020/03/065,080","5,220","5,040","5,080","4,988.00","5,128.50","5,095.00","5,172.25","5,502.04",0,"100,868","74,626.00","237,869.45","92,579.50","117,352.93"
"2020/03/055,000","5,300","4,940","5,080","4,963.00","5,111.00","5,092.50","5,176.75","5,508.21",0,"118,745","82,812.60","233,514.70","91,163.22","119,057.54"
"2020/03/044,860","4,970","4,860","4,970","4,977.00","5,102.00","5,090.50","5,182.42","5,516.29",0,"30,523","95,203.80","230,443.85","89,280.13","118,809.79"
"2020/03/034,915","4,965","4,890","4,905","5,051.00","5,112.00","5,094.00","5,189.92","5,524.71",0,"55,443","183,012.20","231,082.25","88,936.98","119,847.82"
"2020/03/024,900","5,030","4,845","4,905","5,152.00","5,132.50","5,103.25","5,199.50","5,534.58",0,"67,551","517,277.20","230,171.85","88,224.20","120,124.11"
"2020/02/285,010","5,230","4,905","4,955","5,269.00","5,148.00","5,119.00","5,210.58","5,543.38",0,"141,801","815,208.00","234,903.20","87,242.22","120,779.84"
"2020/02/275,260","5,420","5,140","5,150","5,259.00","5,166.50","5,122.75","5,221.67","5,553.67",0,"180,701","793,954.00","228,795.60","85,117.30","122,568.08"
"2020/02/265,520","5,860","5,280","5,340","5,227.00","5,157.50","5,116.25","5,230.67","5,559.17",38,"469,565","761,195.60","220,557.80","82,521.40","121,736.43"
"2020/02/255,450","6,400","5,050","5,410","5,173.00","5,130.50","5,105.25","5,235.67","5,561.25",37,"1,726,768","670,961.20","197,570.90","75,157.05","118,231.74"
"2020/02/244,925","5,840","4,910","5,490","5,113.00","5,097.50","5,089.25","5,238.33","5,564.08",0,"1,557,205","330,945.40","112,203.55","46,594.17","104,099.57"
"2020/02/215,000","5,000","4,870","4,905","5,027.00","5,061.50","5,073.25","5,240.33","5,566.33",0,"35,531","22,947.60","34,902.40","20,966.58","91,460.82"
"2020/02/205,080","5,090","4,980","4,990","5,074.00","5,074.00","5,086.00","5,250.08","5,573.71",0,"16,909","25,643.80","33,516.35","20,827.27","92,686.07"
"2020/02/195,110","5,170","5,040","5,070","5,088.00","5,079.00","5,093.00","5,258.42","5,581.13",0,"18,393","25,800.40","33,402.55","20,946.32","93,155.19"
"2020/02/185,050","5,150","5,040","5,110","5,088.00","5,076.00","5,099.00","5,267.58","5,586.63",0,"26,689","25,654.40","33,227.00","20,863.98","94,058.98"
"2020/02/175,120","5,140","5,060","5,060","5,082.00","5,074.00","5,104.00","5,277.92","5,594.63",0,"17,216","24,441.00","32,443.65","20,686.70","94,897.10"
"2020/02/145,120","5,210","5,060","5,140","5,096.00","5,090.00","5,113.00","5,289.08","5,604.46",0,"49,012","38,696.20","32,017.65","20,555.65","96,134.57"
"2020/02/135,100","5,150","5,050","5,060","5,074.00","5,079.00","5,119.50","5,298.25","5,615.96",0,"17,692","31,648.40","30,075.20","19,967.68","101,175.61"
"2020/02/125,080","5,150","5,070","5,070","5,070.00","5,075.00","5,125.50","5,309.08","5,626.38",70,"17,663","39,575.60","31,565.55","20,222.95","105,318.29"
"2020/02/115,160","5,200","5,070","5,080","5,064.00","5,080.00","5,133.50","5,320.92","5,635.38",0,"20,622","44,701.20","32,006.05","20,240.03","120,747.48"
"2020/02/105,030","5,300","5,000","5,130","5,066.00","5,081.00","5,136.00","5,331.92","5,641.96",0,"88,492","48,023.80","31,370.35","20,056.07","122,153.27"
"2020/02/075,020","5,050","4,995","5,030","5,084.00","5,085.00","5,135.00","5,342.08","5,647.38",0,"13,773","62,761.00","27,590.15","18,917.48","122,127.38"
"2020/02/065,060","5,090","4,985","5,040","5,084.00","5,098.00","5,132.25","5,354.58","5,653.54",0,"57,328","63,936.20","28,254.45","19,081.27","123,909.10"
"2020/02/055,070","5,170","5,040","5,040","5,080.00","5,107.00","5,142.75","5,367.08","5,661.13",0,"43,291","55,659.60","25,630.60","18,517.92","125,207.02"
"2020/02/045,220","5,220","5,050","5,090","5,096.00","5,122.00","5,151.75","5,378.42","5,667.71",0,"37,235","48,966.80","24,098.15","18,059.82","129,611.20"
"2020/02/034,960","5,390","4,925","5,220","5,096.00","5,134.00","5,163.75","5,387.25","5,673.04",0,"162,178","45,404.00","22,745.60","17,795.95","144,308.08"
"2020/01/314,985","5,040","4,975","5,030","5,086.00","5,136.00","5,172.75","5,394.08","5,673.21",0,"19,649","15,204.80","15,854.80","15,556.07","144,188.08"
"2020/01/305,100","5,130","4,990","5,020","5,112.00","5,160.00","5,186.75","5,402.75","5,675.79",0,"15,945","12,837.00","15,305.55","15,930.53","144,274.32"
"2020/01/295,070","5,120","5,040","5,120","5,134.00","5,176.00","5,199.25","5,411.42","5,678.54",0,"9,827","12,574.60","14,857.95","16,036.70","144,357.26"
"2020/01/285,110","5,160","5,050","5,090","5,148.00","5,187.00","5,202.25","5,417.92","5,680.88",0,"19,421","13,585.60","14,868.75","16,261.63","144,690.02"
"2020/01/235,160","5,170","5,110","5,170","5,172.00","5,191.00","5,205.75","5,425.08","5,683.21",0,"11,182","11,905.80","14,889.90","16,312.38","145,070.30"
"2020/01/225,090","5,160","5,090","5,160","5,186.00","5,185.00","5,206.75","5,431.42","5,683.21",0,"7,810","11,408.60","15,347.35","16,544.15","145,558.03"
"2020/01/215,170","5,200","5,100","5,130","5,208.00","5,166.50","5,215.25","5,436.42","5,686.88",0,"14,633","11,879.20","15,828.15","17,091.77","145,947.83"
"2020/01/205,210","5,240","5,140","5,190","5,218.00","5,178.50","5,224.25","5,442.75","5,692.13",42,"14,882","18,452.40","15,661.20","18,140.38","146,239.09"
"2020/01/175,240","5,280","5,200","5,210","5,226.00","5,181.50","5,231.75","5,449.92","5,698.21",0,"11,022","20,770.60","15,526.55","19,573.23","146,544.04"
"2020/01/165,280","5,300","5,240","5,240","5,210.00","5,193.50","5,238.75","5,460.92","5,703.38",0,"8,696","20,147.80","15,459.60","20,231.93","146,624.80"
"2020/01/155,170","5,280","5,170","5,270","5,184.00","5,209.50","5,246.25","5,473.75","5,708.46",0,"10,163","20,986.20","15,261.90","22,043.67","146,878.52"
"2020/01/145,230","5,430","5,150","5,180","5,125.00","5,213.50","5,251.25","5,481.42","5,714.38",0,"47,499","24,365.40","15,451.20","22,462.82","147,031.83"
"2020/01/135,130","5,260","5,070","5,230","5,139.00","5,222.50","5,261.25","5,491.75","5,720.63",67,"26,473","15,835.80","13,684.30","22,029.65","147,187.06"
"2020/01/105,110","5,160","5,110","5,130","5,137.00","5,217.50","5,267.25","5,501.25","5,728.38",59,"7,908","13,069.60","12,470.30","22,426.70","147,449.69"
"2020/01/095,050","5,150","5,030","5,110","5,177.00","5,220.50","5,277.25","5,512.25","5,737.46",58,"12,888","13,524.80","12,284.15","22,730.52","147,635.72"
"2020/01/085,250","5,340","4,960","4,975","5,235.00","5,228.50","5,286.75","5,522.25","5,747.63",0,"27,059","15,819.60","12,278.90","23,148.47","147,915.63"
"2020/01/075,200","5,350","5,200","5,250","5,302.00","5,264.00","5,305.50","5,533.33","5,758.67",70,"4,851","12,140.60","11,720.50","23,522.00","147,901.22"
"2020/01/065,330","5,330","5,200","5,220","5,306.00","5,270.00","5,314.00","5,541.33","5,767.50",0,"12,642","12,569.00","11,765.95","23,864.22","148,178.76"
"2020/01/035,400","5,450","5,320","5,330","5,298.00","5,282.00","5,324.00","5,550.50","5,775.33",0,"10,184","12,049.20","11,630.55","24,325.70","148,326.02"
"2020/01/025,310","5,420","5,240","5,400","5,264.00","5,284.00","5,331.50","5,558.17","5,782.17",67,"24,362","13,981.20","11,755.15","25,147.30","148,911.65"
"2019/12/305,270","5,320","5,210","5,310","5,222.00","5,283.00","5,340.00","5,566.83","5,790.08",67,"8,664","13,175.00","10,968.65","25,956.57","149,479.37"
"2019/12/275,160","5,280","5,160","5,270","5,226.00","5,289.00","5,355.50","5,580.00","5,799.17",55,"6,993","14,927.40","11,250.75","27,451.03","149,785.92"
"2019/12/265,160","5,220","5,120","5,180","5,234.00","5,300.00","5,376.50","5,593.50","5,808.58",8,"10,043","15,787.60","12,148.45","30,308.30","150,407.71"
"2019/12/245,170","5,240","5,090","5,160","5,266.00","5,317.00","5,399.50","5,614.50","5,818.67",0,"19,844","16,216.80","13,031.50","32,788.37","151,122.23"
"2019/12/235,310","5,330","5,170","5,190","5,304.00","5,334.00","5,420.00","5,644.83","5,830.67",0,"20,331","14,184.60","12,689.05","39,003.82","151,898.28"
"2019/12/205,310","5,330","5,230","5,330","5,344.00","5,345.00","5,441.00","5,671.67","5,841.83",0,"17,426","11,066.80","12,650.00","87,132.02","153,406.23"
"2019/12/195,290","5,370","5,270","5,310","5,352.00","5,347.00","5,449.00","5,692.83","5,855.00",0,"11,294","10,371.40","13,137.30","93,028.23","155,134.67"
"2019/12/185,310","5,350","5,240","5,340","5,366.00","5,358.00","5,458.00","5,711.67","5,871.25",0,"12,189","10,544.80","13,775.20","98,833.45","168,212.21"
"2019/12/175,390","5,420","5,330","5,350","5,368.00","5,366.00","5,472.00","5,729.33","5,883.75",70,"9,683","8,545.60","13,838.40","100,126.42","181,405.95"
"2019/12/165,370","5,390","5,330","5,390","5,364.00","5,379.00","5,491.00","5,750.67","5,902.00",0,"4,742","7,446.00","14,156.85","107,496.32","182,023.47"
"2019/12/135,430","5,450","5,310","5,370","5,346.00","5,397.00","5,508.00","5,768.50","5,920.42",0,"13,949","9,054.20","14,387.40","110,593.18","182,506.43"
"2019/12/125,430","5,430","5,290","5,380","5,342.00","5,422.00","5,524.00","5,786.83","5,939.25",69,"12,161","9,442.60","14,376.65","125,409.07","183,289.19"
"2019/12/115,520","5,520","5,350","5,350","5,350.00","5,453.00","5,540.50","5,805.00","5,957.92",2,"2,193","8,162.40","15,419.00","139,858.82","188,407.39"
"2019/12/105,300","5,420","5,270","5,330","5,364.00","5,482.00","5,562.00","5,813.67","5,971.33",70,"4,185","9,710.60","16,243.75","140,876.15","188,886.61"
"2019/12/095,340","5,350","5,270","5,300","5,394.00","5,506.00","5,582.50","5,823.17","5,985.67",0,"12,783","11,408.80","16,513.70","141,364.57","189,980.94"
"2019/12/065,290","5,420","5,170","5,350","5,448.00","5,537.00","5,604.50","5,831.83","6,002.08",0,"15,891","10,578.60","16,883.40","142,126.37","191,866.46"
"2019/12/055,540","5,540","5,330","5,420","5,502.00","5,551.00","5,626.00","5,839.67","6,020.25",0,"5,760","10,261.60","17,268.85","146,951.87","198,575.69"
"2019/12/045,570","5,570","5,410","5,420","5,556.00","5,558.00","5,644.50","5,850.17","6,039.33",0,"9,934","14,099.00","18,157.20","148,339.45","216,142.92"
"2019/12/035,570","5,620","5,470","5,480","5,600.00","5,578.00","5,659.50","5,859.50","6,049.58",0,"12,676","17,653.00","18,450.75","150,758.65","217,623.49"
"2019/12/025,620","5,750","5,530","5,570","5,618.00","5,603.00","5,666.50","5,869.67","6,060.08",0,"8,632","17,716.80","18,887.10","152,024.02","220,048.36"
"2019/11/295,700","5,800","5,580","5,620","5,626.00","5,619.00","5,669.50","5,876.17","6,068.17",0,"14,306","19,900.40","19,844.75","154,317.47","220,336.59"
"2019/11/285,690","5,790","5,690","5,690","5,600.00","5,626.00","5,666.00","5,885.67","6,075.00",0,"24,947","22,473.60","21,235.30","160,018.87","220,417.23"
"2019/11/275,610","5,690","5,560","5,640","5,560.00","5,628.00","5,658.50","5,887.67","6,082.00",70,"27,704","22,294.60","21,103.70","160,951.45","220,605.11"
"2019/11/265,560","5,640","5,560","5,570","5,556.00","5,642.00","5,652.00","5,886.83","6,089.25",0,"12,995","19,444.40","20,884.65","161,306.43","220,761.70"
"2019/11/255,470","5,610","5,410","5,610","5,588.00","5,659.00","5,649.50","5,889.83","6,097.08",0,"19,550","20,055.80","21,358.20","161,604.97","221,165.98"
"2019/11/225,480","5,630","5,460","5,490","5,612.00","5,672.00","5,646.50","5,892.33","6,105.42",54,"27,172","18,016.40","21,635.10","161,955.05","221,812.33"
"2019/11/215,680","5,690","5,490","5,490","5,652.00","5,701.00","5,645.00","5,897.33","6,111.83",2,"24,052","15,328.80","22,309.85","164,544.87","222,120.40"
"2019/11/205,720","5,810","5,610","5,620","5,696.00","5,731.00","5,646.00","5,903.83","6,119.42",0,"13,453","17,120.00","24,984.75","165,364.07","222,482.55"
"2019/11/195,780","5,780","5,610","5,730","5,728.00","5,741.00","5,646.00","5,905.67","6,127.75",20,"16,052","18,167.00","29,354.75","167,253.98","224,649.37"
"2019/11/185,690","5,760","5,620","5,730","5,730.00","5,730.00","5,653.00","5,911.33","6,138.33",0,"9,353","16,873.40","31,079.35","169,107.50","225,527.56"
"2019/11/155,770","5,830","5,510","5,690","5,732.00","5,720.00","5,667.00","5,919.83","6,148.50",0,"13,734","19,038.20","36,481.70","171,713.50","229,276.54"
"2019/11/145,720","5,840","5,640","5,710","5,750.00","5,706.00","5,669.00","5,933.67","6,157.00",0,"33,008","21,011.40","37,560.60","182,383.53","230,101.73"
"2019/11/135,740","5,800","5,700","5,780","5,766.00","5,689.00","5,673.50","5,943.67","6,165.50",30,"18,688","19,115.20","36,985.65","190,413.63","230,325.73"
"2019/11/125,740","5,800","5,680","5,740","5,754.00","5,662.00","5,674.50","5,949.83","6,175.17",0,"9,584","18,538.60","38,566.05","221,254.93","230,723.60"
"2019/11/115,780","5,820","5,670","5,740","5,730.00","5,640.00","5,677.00","5,952.00","6,184.42",0,"20,177","20,902.40","39,393.70","224,250.47","233,555.71"
"2019/11/085,820","5,850","5,740","5,780","5,708.00","5,621.00","5,675.50","5,952.67","6,191.33",0,"23,600","22,424.00","40,283.10","225,337.28","234,433.98"
"2019/11/075,770","5,790","5,670","5,790","5,662.00","5,589.00","5,668.50","5,952.50","6,200.92",0,"23,527","26,127.40","41,576.65","228,736.93","235,067.39"
"2019/11/065,660","5,740","5,600","5,720","5,612.00","5,561.00","5,665.50","5,955.17","6,211.17",0,"15,805","25,885.00","41,669.50","231,896.12","235,725.73"
"2019/11/055,630","5,690","5,560","5,620","5,570.00","5,551.00","5,668.00","5,957.00","6,223.00",0,"21,403","27,388.60","42,895.80","241,162.58","236,494.46"
"2019/11/045,630","5,650","5,540","5,630","5,550.00","5,576.00","5,676.50","5,958.83","6,235.00",0,"27,785","27,601.20","44,799.65","270,820.20","236,980.36"
"2019/11/015,470","5,640","5,470","5,550","5,534.00","5,614.00","5,691.00","5,952.33","6,248.08",0,"42,117","27,061.80","47,056.30","272,820.08","238,836.78"
"2019/10/315,510","5,600","5,500","5,540","5,516.00","5,632.00","5,718.50","5,948.83","6,260.00",0,"22,315","26,771.80","49,867.05","272,618.10","243,348.56"
"2019/10/305,510","5,540","5,440","5,510","5,510.00","5,658.00","5,745.50","5,945.67","6,272.42",0,"23,323","37,818.80","57,672.75","272,677.82","243,721.82"
"2019/10/295,550","5,680","5,490","5,520","5,532.00","5,687.00","5,792.00","5,943.83","6,285.83",0,"22,466","53,324.80","64,448.95","273,118.40","246,628.05"
"2019/10/285,500","5,640","5,480","5,550","5,602.00","5,714.00","5,865.00","5,941.33","6,296.50",0,"25,088","58,940.40","82,964.20","273,828.22","246,946.23"
"2019/10/255,630","5,630","5,380","5,460","5,694.00","5,730.00","5,927.50","5,935.00","6,307.75",0,"40,667","77,402.80","227,110.95","274,571.92","247,080.87"
"2019/10/245,640","5,750","5,420","5,510","5,748.00","5,748.00","5,984.50","5,937.33","6,319.75",0,"77,550","76,331.80","243,637.55","274,803.88","247,840.47"
"2019/10/235,920","5,920","5,550","5,620","5,806.00","5,770.00","6,031.00","5,941.50","6,330.08",0,"100,853","65,123.60","257,740.40","274,337.80","248,067.12"
"2019/10/226,000","6,000","5,800","5,870","5,842.00","5,785.00","6,070.00","5,946.50","6,338.08",0,"50,544","55,012.20","257,186.10","273,514.85","249,023.27"
"2019/10/215,830","6,060","5,750","6,010","5,826.00","5,777.00","6,108.00","5,945.83","6,344.33",0,"117,400","50,130.80","277,252.75","273,017.67","251,607.58"
"2019/10/185,800","5,830","5,690","5,730","5,766.00","5,768.00","6,130.50","5,943.17","6,352.58",0,"35,312","34,243.80","280,910.45","271,713.38","277,947.32"
"2019/10/175,750","5,840","5,710","5,800","5,748.00","5,805.00","6,167.50","5,947.33","6,363.17",0,"21,509","37,075.60","324,289.95","271,600.83","280,735.44"
"2019/10/165,840","5,880","5,730","5,800","5,734.00","5,833.00","6,201.00","5,949.50","6,370.58",0,"50,296","37,850.60","367,171.80","272,344.47","281,186.07"
"2019/10/155,680","5,790","5,660","5,790","5,728.00","5,897.00","6,204.50","5,955.50","6,378.92",0,"26,137","35,857.60","367,818.65","272,472.68","282,199.89"
"2019/10/145,750","5,800","5,710","5,710","5,728.00","6,016.00","6,210.00","5,962.67","6,387.17",0,"37,965","42,526.20","368,186.30","272,540.92","287,035.07"
"2019/10/115,810","5,810","5,640","5,640","5,770.00","6,125.00","6,215.50","5,973.00","6,394.17",0,"49,471","49,516.80","369,212.60","272,682.80","300,276.47"
"2019/10/105,870","5,890","5,700","5,730","5,862.00","6,221.00","6,224.50","5,984.00","6,396.92",0,"25,384","59,289.00","382,010.10","272,280.43","300,215.89"
"2019/10/085,750","5,900","5,680","5,770","5,932.00","6,292.00","6,240.50","5,993.67","6,398.50",0,"40,331","89,898.00","385,191.65","272,493.30","300,326.12"
"2019/10/075,850","5,950","5,740","5,790","6,066.00","6,355.00","6,251.00","6,000.17","6,399.75",0,"59,480","113,601.20","390,929.40","272,326.35","303,230.83"
"2019/10/046,140","6,150","5,860","5,920","6,304.00","6,439.00","6,266.00","6,006.17","6,400.08",0,"72,918","180,259.40","392,385.30","272,676.00","302,836.64"
"2019/10/026,160","6,220","6,010","6,100","6,480.00","6,493.00","6,268.00","6,013.33","6,399.33",0,"98,332","747,280.40","396,051.35","273,002.17","302,385.43"
"2019/10/016,380","6,430","5,970","6,080","6,580.00","6,530.00","6,272.50","6,018.33","6,396.58",0,"178,429","801,853.80","408,954.25","272,120.82","301,603.71"
"2019/09/306,800","6,810","6,430","6,440","6,652.00","6,569.00","6,259.00","6,023.67","6,394.00",0,"158,847","838,089.40","404,077.90","270,507.12","300,186.57"
"2019/09/276,820","7,090","6,730","6,980","6,644.00","6,512.00","6,216.50","6,022.83","6,388.33",0,"392,771","824,273.40","398,585.70","269,456.10","298,939.52"
"2019/09/267,100","7,560","6,700","6,800","6,574.00","6,404.00","6,155.00","6,016.50","6,377.92",0,"2,908,023","836,094.60","380,492.50","264,792.75","295,740.98"
"2019/09/256,450","6,670","6,350","6,600","6,506.00","6,306.00","6,103.00","6,012.00","6,368.58",0,"371,199","292,600.80","237,119.10","219,680.45","271,607.57"
"2019/09/246,780","7,000","6,280","6,440","6,480.00","6,228.00","6,062.50","6,017.17","6,360.58",0,"359,607","398,941.40","227,687.20","217,241.10","268,606.78"
"2019/09/236,560","6,560","6,350","6,400","6,486.00","6,189.00","6,034.50","6,030.83","6,354.00",0,"89,767","502,849.20","213,367.05","237,590.97","265,685.53"
"2019/09/206,540","6,800","6,310","6,630","6,380.00","6,147.00","6,001.00","6,038.17","6,347.75",0,"451,877","497,542.40","215,221.10","262,685.48","265,054.89"
"2019/09/196,600","6,620","6,340","6,460","6,234.00","6,093.00","5,973.00","6,053.33","6,339.08",0,"190,554","413,865.00","198,990.40","256,550.62","261,329.10"
"2019/09/186,670","7,200","6,310","6,470","6,106.00","6,043.00","5,962.00","6,072.33","6,332.08",0,"902,902","387,452.40","197,748.35","254,419.68","259,782.86"
"2019/09/176,380","6,670","6,030","6,470","5,976.00","6,015.00","5,964.50","6,091.67","6,325.00",0,"879,146","267,956.20","185,300.05","241,169.32","252,333.96"
"2019/09/165,920","5,980","5,820","5,870","5,892.00","5,949.00","5,956.50","6,110.83","6,318.50",0,"63,233","109,930.00","167,083.45","236,955.97","245,184.55"
"2019/09/115,760","5,940","5,760","5,900","5,914.00","5,921.00","5,970.50","6,129.00","6,317.83",0,"33,490","128,300.60","257,380.10","236,897.07","244,690.13"
"2019/09/105,820","5,930","5,740","5,820","5,952.00","5,906.00","5,969.00","6,148.17","6,317.08",0,"58,491","139,322.20","265,171.40","238,597.32","244,769.90"
"2019/09/096,090","6,400","5,800","5,820","5,980.00","5,900.00","5,967.00","6,172.33","6,317.92",0,"305,421","156,871.80","266,516.15","241,606.55","244,608.67"
"2019/09/066,070","6,070","5,830","6,050","6,054.00","5,897.00","5,964.50","6,200.83","6,320.08",0,"89,015","167,065.60","262,624.05","250,199.52","242,115.62"
"2019/09/056,010","6,180","5,920","5,980","6,006.00","5,880.00","5,959.50","6,228.50","6,320.75",0,"155,086","165,443.00","268,827.20","283,946.40","241,426.39"
"2019/09/045,960","6,090","5,890","6,090","5,928.00","5,855.00","5,952.00","6,239.67","6,321.83",0,"88,598","144,226.40","289,662.55","284,488.33","240,232.48"
"2019/09/036,140","6,140","5,950","5,960","5,860.00","5,853.00","5,934.00","6,250.50","6,322.08",0,"146,239","132,688.20","375,275.65","288,072.70","239,539.73"
"2019/09/025,950","6,240","5,790","6,190","5,820.00","5,881.00","5,898.00","6,260.17","6,323.33",0,"356,390","111,551.40","375,352.60","286,355.72","238,353.23"
"2019/08/305,600","5,940","5,590","5,810","5,740.00","5,914.00","5,855.50","6,264.33","6,322.67",0,"80,902","76,785.60","359,033.00","280,815.58","235,450.73"
"2019/08/295,750","5,810","5,530","5,590","5,754.00","5,964.00","5,832.50","6,276.33","6,325.17",0,"49,003","75,246.00","356,282.80","280,258.77","234,868.81"
"2019/08/285,700","5,800","5,670","5,750","5,782.00","6,020.00","5,823.00","6,291.67","6,329.92",0,"30,907","90,815.00","356,320.55","280,216.97","234,504.03"
"2019/08/275,790","5,890","5,760","5,760","5,846.00","6,032.00","5,804.00","6,304.33","6,333.92",0,"40,555","110,086.20","358,027.95","280,727.00","234,411.09"
"2019/08/265,860","6,410","5,730","5,790","5,942.00","6,034.00","5,774.50","6,318.50","6,338.25",29,"182,561","135,117.80","359,485.70","281,669.62","234,123.04"
"2019/08/235,700","5,980","5,700","5,880","6,088.00","6,032.00","5,765.00","6,326.33","6,342.25",0,"73,204","229,392.80","353,086.90","279,695.93","232,646.74"
"2019/08/226,060","6,120","5,710","5,730","6,174.00","6,039.00","5,759.00","6,335.00","6,345.42",0,"126,848","317,714.80","351,905.95","279,601.03","232,202.99"
"2019/08/216,090","6,280","6,040","6,070","6,258.00","6,049.00","5,768.50","6,349.83","6,349.58",0,"127,263","666,178.40","348,137.35","282,044.75","231,333.48"
"2019/08/206,520","6,740","6,200","6,240","6,218.00","6,015.00","5,756.50","6,365.33","6,352.17",0,"165,713","678,589.00","342,809.85","281,947.62","230,316.17"
"2019/08/196,320","6,800","6,320","6,520","6,126.00","5,915.00","5,737.00","6,377.17","6,353.42",0,"653,936","662,523.60","336,481.35","286,839.58","229,028.27"
"2019/08/166,050","6,460","5,820","6,310","5,976.00","5,797.00","5,710.00","6,380.33","6,352.33",0,"514,814","577,252.20","305,212.50","277,819.93","223,811.03"
"2019/08/145,930","6,950","5,890","6,150","5,904.00","5,701.00","5,691.00","6,387.33","6,352.42",29,"1,869,166","516,905.00","282,778.15","270,237.82","219,570.07"
"2019/08/135,780","6,220","5,760","5,870","5,840.00","5,626.00","5,691.50","6,400.50","6,353.83",0,"189,316","257,430.40","192,219.30","240,192.27","204,154.70"
"2019/08/125,700","5,940","5,690","5,780","5,812.00","5,576.00","5,709.00","6,416.83","6,357.08",0,"85,386","579,739.20","184,265.05","242,860.95","202,731.87"
"2019/08/095,770","6,090","5,710","5,770","5,704.00","5,515.00","5,736.50","6,430.00","6,361.58",0,"227,579","592,217.60","182,319.65","243,530.67","202,291.74"
"2019/08/085,730","6,220","5,730","5,950","5,618.00","5,498.00","5,763.00","6,449.33","6,366.67",67,"213,078","552,701.40","172,207.15","241,397.85","200,444.88"
"2019/08/075,730","6,380","5,540","5,830","5,498.00","5,479.00","5,781.00","6,467.17","6,370.00",61,"571,793","515,265.40","163,461.05","239,555.33","198,749.18"
"2019/08/065,060","6,490","4,755","5,730","5,412.00","5,488.00","5,797.50","6,489.00","6,374.33",60,"1,800,860","410,858.40","136,387.10","231,826.33","194,156.67"
"2019/08/055,260","5,720","5,110","5,240","5,340.00","5,498.00","5,818.50","6,511.17","6,379.83",0,"147,778","63,697.40","50,367.05","203,140.52","179,508.11"
"2019/08/025,240","5,400","5,190","5,340","5,326.00","5,559.00","5,874.00","6,543.83","6,388.42",0,"29,998","48,083.80","47,602.55","204,853.48","178,353.40"
"2019/08/015,400","5,450","5,220","5,350","5,378.00","5,623.00","5,927.00","6,571.17","6,396.75",70,"25,898","53,001.20","48,375.20","214,079.02","178,177.47"
"2019/07/315,370","5,470","5,220","5,400","5,460.00","5,681.00","5,979.50","6,599.17","6,405.50",59,"49,758","57,738.60","51,160.65","214,765.82","178,033.83"
"2019/07/305,210","5,520","5,210","5,370","5,564.00","5,757.00","6,029.00","6,627.83","6,414.33",58,"65,055","58,082.20","53,462.05","220,137.70","177,800.84"
"2019/07/295,580","5,670","5,090","5,170","5,656.00","5,842.00","6,090.50","6,651.67","6,422.83",0,"69,710","49,213.80","55,857.80","220,064.25","177,455.58"
"2019/07/265,760","5,810","5,550","5,600","5,792.00","5,958.00","6,158.50","6,680.50","6,432.50",0,"54,585","43,100.40","62,436.55","219,589.82","177,076.71"
"2019/07/255,860","5,920","5,680","5,760","5,868.00","6,028.00","6,224.00","6,702.17","6,438.33",0,"49,585","37,895.20","70,949.20","220,877.05","176,797.52"
"2019/07/245,800","6,060","5,800","5,920","5,902.00","6,083.00","6,299.00","6,718.67","6,443.83",70,"51,476","41,203.60","147,499.90","221,796.43","176,838.59"
"2019/07/235,800","5,960","5,800","5,830","5,950.00","6,107.00","6,345.00","6,729.67","6,448.17",0,"20,713","42,506.20","224,698.00","224,531.68","176,581.42"
"2019/07/225,920","5,990","5,820","5,850","6,028.00","6,139.00","6,430.50","6,742.83","6,453.92",0,"39,143","44,409.80","227,851.60","230,197.50","176,826.37"
"2019/07/195,930","6,000","5,900","5,980","6,124.00","6,189.00","6,518.00","6,762.00","6,458.75",0,"28,559","45,876.80","229,029.35","284,181.25","177,022.94"
"2019/07/186,160","6,240","5,830","5,930","6,188.00","6,231.00","6,600.50","6,779.00","6,461.67",0,"66,127","45,230.80","232,995.40","289,870.05","176,995.03"
"2019/07/176,300","6,620","6,130","6,160","6,264.00","6,278.00","6,685.00","6,791.67","6,464.58",66,"57,989","39,636.60","261,006.30","290,027.67","176,791.94"
"2019/07/166,400","6,400","6,220","6,220","6,264.00","6,301.00","6,725.00","6,802.33","6,464.92",0,"30,231","34,101.60","261,091.80","291,927.10","176,446.96"
"2019/07/156,300","6,380","6,240","6,330","6,250.00","6,339.00","6,766.50","6,811.67","6,464.67",0,"46,478","44,147.20","266,355.50","301,529.22","176,271.84"
"2019/07/126,400","6,420","6,200","6,300","6,254.00","6,359.00","6,813.50","6,815.33","6,463.50",0,"25,329","53,349.20","275,983.85","327,870.15","176,023.99"
"2019/07/116,150","6,350","6,150","6,310","6,274.00","6,420.00","6,875.00","6,809.83","6,462.58",0,"38,156","57,373.60","315,767.35","328,151.35","176,025.29"
"2019/07/106,120","6,230","6,110","6,160","6,292.00","6,515.00","6,945.00","6,803.33","6,461.42",0,"30,314","66,063.80","419,550.95","328,158.93","175,888.42"
"2019/07/096,440","6,440","6,120","6,150","6,338.00","6,583.00","6,969.50","6,799.33","6,461.08",0,"80,459","79,158.20","427,415.35","334,135.32","175,726.04"
"2019/07/086,400","6,710","6,280","6,350","6,428.00","6,722.00","6,999.00","6,794.00","6,460.83",0,"92,488","85,660.40","438,575.40","332,997.28","175,261.99"
"2019/07/056,340","6,490","6,340","6,400","6,464.00","6,847.00","7,008.50","6,785.33","6,458.83",0,"45,451","107,419.80","436,112.00","331,768.70","174,723.00"
"2019/07/046,480","6,550","6,250","6,400","6,566.00","6,970.00","7,010.50","6,774.83","6,456.17",0,"81,607","143,297.20","435,038.55","331,086.60","174,597.80"
"2019/07/036,570","6,660","6,380","6,390","6,738.00","7,092.00","7,017.00","6,764.33","6,453.33",0,"95,786","443,095.60","433,332.85","329,866.02","176,091.68"
"2019/07/026,480","6,740","6,480","6,600","6,828.00","7,149.00","7,023.00","6,753.83","6,449.17",70,"112,970","743,026.00","430,868.30","328,422.93","175,493.79"
"2019/07/016,910","7,000","6,480","6,530","7,016.00","7,194.00","7,018.50","6,739.33","6,441.33",0,"201,285","737,189.00","428,295.25","326,689.22","174,619.59"
"2019/06/287,200","7,230","6,890","6,910","7,230.00","7,268.00","7,022.50","6,725.17","6,434.33",0,"224,838","709,471.60","423,086.60","323,534.68","173,017.61"
"2019/06/277,100","7,650","6,640","7,260","7,374.00","7,330.00","6,990.00","6,704.00","6,424.75",58,"1,580,599","686,080.00","415,051.70","319,972.47","171,248.48"
"2019/06/267,930","8,380","6,840","6,840","7,446.00","7,375.00","6,947.00","6,677.17","6,412.67",39,"1,595,438","495,229.20","339,397.25","293,780.08","158,147.48"
"2019/06/257,450","7,580","7,280","7,540","7,470.00","7,356.00","6,936.00","6,657.33","6,404.00",0,"83,785","188,081.40","273,298.90","267,424.30","144,913.53"
"2019/06/247,600","7,710","7,330","7,600","7,372.00","7,276.00","6,909.00","6,624.83","6,388.92",0,"62,698","198,425.40","275,181.40","266,107.58","144,324.11"
"2019/06/217,460","7,650","7,370","7,630","7,306.00","7,170.00","6,876.50","6,591.83","6,374.42",0,"107,880","233,694.80","295,008.05","265,146.03","143,994.01"
"2019/06/206,960","7,780","6,790","7,620","7,286.00","7,051.00","6,830.50","6,558.33","6,359.42",0,"626,345","376,318.60","295,251.90","263,498.60","143,136.60"
"2019/06/197,140","7,150","6,940","6,960","7,304.00","6,942.00","6,786.00","6,526.17","6,344.42",42,"59,699","673,815.20","266,929.00","253,413.13","137,992.69"
"2019/06/187,300","7,340","6,990","7,050","7,242.00","6,897.00","6,785.00","6,506.67","6,335.58",42,"135,505","699,395.80","267,265.70","252,483.18","137,578.87"
"2019/06/177,530","7,750","7,140","7,270","7,180.00","6,843.00","6,775.00","6,486.00","6,325.92",38,"239,045","733,026.80","277,962.30","250,942.48","136,536.32"
"2019/06/147,640","7,710","7,270","7,530","7,034.00","6,777.00","6,740.00","6,463.50","6,314.25",37,"820,999","693,861.80","272,288.50","247,610.78","134,751.29"
"2019/06/136,620","7,880","6,620","7,710","6,816.00","6,650.00","6,710.00","6,439.33","6,301.00",60,"2,113,828","534,458.40","236,219.05","234,031.72","128,006.66"
"2019/06/126,660","7,000","6,610","6,650","6,580.00","6,519.00","6,675.50","6,413.00","6,286.08",0,"187,602","121,191.40","135,654.00","198,906.38","110,506.21"
"2019/06/116,540","7,190","6,440","6,740","6,552.00","6,516.00","6,700.00","6,404.00","6,279.33",0,"303,660","92,970.00","131,676.55","195,976.62","108,996.69"
"2019/06/106,460","6,590","6,380","6,540","6,506.00","6,542.00","6,716.00","6,393.67","6,271.25",0,"43,220","44,539.80","120,479.10","191,006.77","106,586.84"
"2019/06/076,700","6,700","6,430","6,440","6,520.00","6,583.00","6,749.00","6,386.50","6,264.42",0,"23,982","55,318.20","130,845.90","190,350.73","106,594.96"
"2019/06/056,500","6,560","6,470","6,530","6,484.00","6,610.00","6,776.00","6,381.00","6,260.92",0,"47,493","63,349.80","158,823.30","190,085.88","106,439.93"
"2019/06/046,510","6,620","6,360","6,510","6,458.00","6,630.00","6,801.00","6,374.00","6,256.83",0,"46,495","67,353.20","159,803.95","189,478.85","106,125.99"
"2019/06/036,610","6,780","6,480","6,510","6,480.00","6,673.00","6,831.50","6,368.17","6,254.25",0,"61,509","112,748.40","176,082.75","188,791.10","105,821.78"
"2019/05/316,400","6,750","6,350","6,610","6,578.00","6,707.00","6,846.00","6,363.50","6,251.83",0,"97,112","124,733.60","176,039.70","188,095.18","105,375.10"
"2019/05/306,470","6,650","6,240","6,260","6,646.00","6,703.00","6,860.50","6,358.00","6,248.33",0,"64,140","197,157.40","173,246.30","186,576.47","104,644.64"
"2019/05/296,600","6,770","6,360","6,400","6,736.00","6,770.00","6,892.50","6,358.17","6,247.33",0,"67,510","206,880.80","176,630.25","185,597.55","104,166.68"
"2019/05/286,900","7,150","6,500","6,620","6,802.00","6,832.00","6,910.00","6,355.83","6,245.42",0,"273,471","205,356.20","178,492.15","184,804.95","103,722.29"
"2019/05/276,990","7,200","6,820","7,000","6,866.00","6,884.00","6,908.00","6,349.33","6,241.00",0,"121,435","163,948.60","175,598.15","180,622.22","101,504.58"
"2019/05/246,690","7,350","6,550","6,950","6,836.00","6,890.00","6,889.00","6,339.00","6,233.58",0,"459,231","209,549.00","187,559.50","178,684.72","100,583.78"
"2019/05/236,730","6,820","6,490","6,710","6,760.00","6,915.00","6,891.50","6,329.67","6,226.42",0,"112,757","142,816.60","328,506.35","171,216.97","96,852.31"
"2019/05/226,930","7,010","6,700","6,730","6,804.00","6,942.00","6,906.00","6,324.33","6,221.08",0,"59,887","140,187.20","341,362.85","169,802.13","95,971.56"
"2019/05/216,740","7,050","6,740","6,940","6,862.00","6,972.00","6,904.00","6,317.50","6,215.50",0,"66,433","148,715.20","342,147.70","168,902.32","95,547.65"
"2019/05/206,570","7,180","6,500","6,850","6,902.00","6,990.00","6,897.00","6,307.17","6,208.25",0,"349,437","157,039.20","347,423.80","168,117.13","95,109.51"
"2019/05/176,930","6,930","6,300","6,570","6,944.00","6,985.00","6,893.50","6,297.33","6,201.75",42,"125,569","103,094.00","360,269.85","162,602.78","92,286.52"
"2019/05/167,100","7,210","6,870","6,930","7,070.00","7,018.00","6,892.50","6,293.17","6,197.67",0,"99,610","128,091.40","435,338.10","161,052.82","91,384.29"
"2019/05/157,140","7,250","7,020","7,020","7,080.00","7,015.00","6,844.50","6,284.00","6,188.92",0,"102,527","224,875.40","432,467.65","159,491.90","90,693.48"
"2019/05/147,070","7,230","6,930","7,140","7,082.00","6,988.00","6,789.50","6,272.83","6,178.67",0,"108,053","217,791.20","429,271.85","157,943.03","90,274.92"
"2019/05/137,200","7,280","6,950","7,060","7,078.00","6,932.00","6,728.50","6,259.67","6,169.17",0,"79,711","270,594.80","443,314.05","156,487.00","89,410.48"
"2019/05/106,870","7,480","6,870","7,200","7,026.00","6,888.00","6,667.00","6,248.50","6,160.42",0,"250,556","266,782.20","439,937.35","155,875.70","88,818.43"
"2019/05/097,030","7,730","6,890","6,980","6,966.00","6,868.00","6,598.50","6,233.00","6,150.08",0,"583,530","224,919.80","428,348.20","151,853.32","86,817.66"
"2019/05/087,170","7,170","6,960","7,030","6,950.00","6,870.00","6,538.00","6,222.33","6,142.75",0,"67,106","134,577.60","399,397.95","142,275.92","82,043.94"
"2019/05/076,800","7,700","6,770","7,120","6,894.00","6,836.00","6,475.00","6,211.83","6,135.33",0,"372,071","142,106.00","396,461.25","141,301.83","81,550.97"
"2019/05/036,900","6,960","6,710","6,800","6,786.00","6,804.00","6,407.00","6,200.83","6,126.17",0,"60,648","110,810.00","378,317.75","135,463.98","78,676.23"
"2019/05/026,900","6,990","6,790","6,900","6,750.00","6,802.00","6,353.50","6,194.00","6,121.42",0,"41,244","170,812.80","375,732.70","134,846.90","78,347.18"
"2019/04/306,760","6,930","6,740","6,900","6,770.00","6,767.00","6,292.50","6,184.50","6,114.83",0,"131,819","818,197.60","374,271.15","134,563.60","78,112.94"
"2019/04/296,620","6,840","6,590","6,750","6,790.00","6,674.00","6,229.50","6,174.50","6,107.67",0,"104,748","865,811.20","368,235.45","132,717.98","77,185.14"
"2019/04/266,620","6,920","6,530","6,580","6,778.00","6,591.00","6,174.50","6,169.00","6,100.75",42,"215,591","859,978.40","363,450.85","131,880.75","76,415.48"
"2019/04/257,000","7,450","6,620","6,620","6,822.00","6,525.00","6,128.00","6,166.67","6,093.75",0,"360,662","851,251.20","353,375.85","128,631.15","74,776.81"
"2019/04/247,290","8,200","6,750","7,000","6,854.00","6,446.00","6,076.50","6,165.00","6,085.33",0,"3,278,168","900,390.40","335,581.85","123,455.23","72,051.82"
"2019/04/236,800","7,460","6,750","7,000","6,764.00","6,329.00","6,007.50","6,155.50","6,073.08",29,"369,887","570,143.60","171,923.70","69,864.63","44,966.38"
"2019/04/226,800","6,800","6,580","6,690","6,558.00","6,206.00","5,938.50","6,144.33","6,063.67",26,"75,584","504,606.40","153,881.05","64,120.02","42,301.81"
"2019/04/196,820","6,950","6,680","6,800","6,404.00","6,114.00","5,888.50","6,137.50","6,058.33",33,"171,955","497,211.80","151,162.70","63,556.22","41,951.87"
"2019/04/186,450","7,180","6,360","6,780","6,228.00","6,010.00","5,838.00","6,127.50","6,054.42",0,"606,358","540,600.20","142,760.05","60,966.82","40,730.20"
"2019/04/176,120","7,100","6,110","6,550","6,038.00","5,905.00","5,789.50","6,117.67","6,051.83",0,"1,626,934","421,764.00","114,595.30","51,014.47","35,830.16"
"2019/04/165,900","6,060","5,900","5,970","5,894.00","5,818.00","5,758.00","6,111.67","6,053.33",0,"42,201","100,131.80","35,205.75","24,177.83","22,396.03"
"2019/04/155,920","5,970","5,870","5,920","5,854.00","5,785.00","5,763.50","6,115.33","6,059.67",0,"38,611","92,596.60","33,408.45","23,899.23","22,171.88"
"2019/04/125,880","6,460","5,880","5,920","5,824.00","5,758.00","5,774.00","6,119.50","6,066.75",29,"388,897","86,548.80","31,793.30","23,617.92","21,934.09"
"2019/04/115,830","5,850","5,780","5,830","5,792.00","5,731.00","5,783.50","6,122.83","6,074.17",0,"12,177","10,609.60","12,939.25","17,316.77","18,834.37"
"2019/04/105,770","5,860","5,750","5,830","5,772.00","5,707.00","5,798.00","6,127.67","6,081.25",0,"18,773","9,963.60","12,603.85","17,526.70","18,851.72"
"2019/04/095,740","5,780","5,710","5,770","5,742.00","5,686.00","5,812.00","6,132.33","6,087.92",70,"4,525","8,611.60","11,858.10","17,677.30","19,011.63"
"2019/04/085,760","5,800","5,710","5,770","5,716.00","5,671.00","5,829.00","6,137.50","6,096.08",67,"8,372","9,927.60","12,036.40","18,109.00","19,812.87"
"2019/04/055,730","5,780","5,690","5,760","5,692.00","5,663.00","5,846.00","6,142.33","6,103.00",67,"9,201","10,064.40","12,171.35","22,317.35","20,373.62"
"2019/04/045,680","5,730","5,650","5,730","5,670.00","5,666.00","5,866.00","6,144.50","6,114.00",68,"8,947","11,042.40","11,972.80","22,564.65","21,107.88"
"2019/04/035,640","5,720","5,620","5,680","5,642.00","5,674.00","5,891.00","6,143.33","6,127.08",0,"12,013","10,209.40","12,513.15","22,549.97","23,184.43"
"2019/04/025,620","5,650","5,560","5,640","5,630.00","5,698.00","5,921.00","6,143.50","6,143.75",0,"11,105","8,807.80","12,211.95","22,500.53","36,219.39"
"2019/04/015,590","5,670","5,580","5,650","5,626.00","5,742.00","5,952.50","6,145.50","6,160.75",0,"9,056","8,393.60","11,926.95","22,524.48","36,257.05"
"2019/03/295,580","5,650","5,540","5,650","5,634.00","5,790.00","5,983.00","6,148.17","6,176.67",0,"14,091","10,825.80","12,471.85","22,514.88","36,732.82"
"2019/03/285,690","5,690","5,580","5,590","5,662.00","5,836.00","6,012.00","6,150.67","6,195.75",0,"4,782","8,788.00","12,892.65","22,402.77","36,777.99"
"2019/03/275,590","5,680","5,590","5,620","5,706.00","5,889.00","6,051.50","6,153.00","6,216.25",70,"5,005","16,444.20","12,912.80","22,540.63","36,959.28"
"2019/03/265,630","5,690","5,590","5,620","5,766.00","5,938.00","6,090.00","6,157.00","6,235.75",0,"9,034","23,271.80","13,220.85","22,841.98","37,238.44"
"2019/03/255,720","5,790","5,580","5,690","5,858.00","5,987.00","6,128.50","6,160.50","6,254.33",0,"21,217","22,716.00","14,162.50","22,774.60","37,354.57"
"2019/03/225,840","5,840","5,750","5,790","5,946.00","6,029.00","6,160.00","6,162.67","6,271.67",0,"3,902","19,734.20","13,396.55","22,572.25","37,628.11"
"2019/03/215,890","5,970","5,730","5,810","6,010.00","6,066.00","6,186.50","6,164.50","6,289.67",0,"43,063","21,317.00","14,167.55","22,674.55","39,486.62"
"2019/03/206,100","6,100","5,880","5,920","6,072.00","6,108.00","6,209.00","6,165.83","6,307.50",0,"39,143","13,798.20","12,943.20","22,130.15","40,002.32"
"2019/03/196,100","6,130","6,080","6,080","6,110.00","6,144.00","6,229.00","6,165.00","6,327.25",0,"6,255","6,741.20","12,614.60","21,891.80","41,101.45"
"2019/03/186,110","6,140","6,060","6,130","6,116.00","6,163.00","6,244.00","6,162.67","6,344.50",0,"6,308","7,108.40","12,599.60","21,981.60","42,095.35"
"2019/03/156,120","6,130","6,030","6,110","6,112.00","6,176.00","6,255.00","6,159.17","6,360.92",0,"11,816","8,061.00","12,763.95","22,106.03","50,415.32"
"2019/03/146,110","6,140","6,050","6,120","6,122.00","6,188.00","6,267.00","6,154.67","6,373.75",70,"5,469","6,743.80","13,207.70","22,016.77","50,523.87"
"2019/03/136,120","6,150","6,050","6,110","6,144.00","6,214.00","6,280.50","6,148.83","6,387.75",0,"3,858","9,600.80","15,085.90","22,166.92","50,672.23"
"2019/03/126,050","6,120","6,030","6,110","6,178.00","6,242.00","6,288.50","6,142.33","6,401.58",0,"8,091","10,027.00","15,353.65","22,839.18","50,926.13"
"2019/03/116,120","6,160","6,050","6,110","6,210.00","6,270.00","6,300.00","6,140.83","6,413.50",0,"11,071","9,489.80","15,393.40","22,793.97","51,471.93"
"2019/03/086,230","6,230","6,130","6,160","6,240.00","6,291.00","6,314.50","6,139.67","6,425.33",0,"5,230","11,266.40","15,272.90","22,773.13","52,542.77"
"2019/03/076,290","6,290","6,120","6,230","6,254.00","6,307.00","6,329.50","6,140.33","6,437.50",0,"19,754","14,721.80","16,101.40","22,852.47","52,764.02"
"2019/03/066,220","6,300","6,220","6,280","6,284.00","6,310.00","6,337.50","6,140.17","6,448.58",0,"5,989","11,808.00","16,294.85","22,655.02","52,992.16"
"2019/03/056,310","6,310","6,240","6,270","6,306.00","6,314.00","6,340.00","6,138.67","6,457.83",0,"5,405","12,843.40","17,207.70","22,712.82","53,058.66"
"2019/03/046,230","6,330","6,180","6,260","6,330.00","6,325.00","6,341.50","6,136.50","6,466.83",0,"19,954","17,335.80","17,991.55","22,735.80","53,131.00"
"2019/02/286,340","6,390","6,200","6,230","6,342.00","6,334.00","6,349.50","6,135.00","6,475.58",30,"22,507","14,524.60","19,719.55","22,639.63","53,138.18"
"2019/02/276,390","6,390","6,330","6,380","6,360.00","6,346.00","6,360.00","6,132.67","6,485.17",0,"5,185","13,887.60","19,624.95","22,386.95","53,115.31"
"2019/02/266,390","6,430","6,350","6,390","6,336.00","6,347.00","6,367.00","6,128.17","6,493.17",0,"11,166","16,565.80","21,871.05","22,482.85","53,199.97"
"2019/02/256,350","6,420","6,320","6,390","6,322.00","6,335.00","6,369.00","6,123.17","6,501.67",0,"27,867","20,846.80","24,449.35","22,487.65","53,349.67"
"2019/02/226,320","6,340","6,270","6,320","6,320.00","6,330.00","6,366.00","6,117.83","6,510.08",0,"5,898","16,464.40","24,316.50","22,140.98","53,240.07"
"2019/02/216,230","6,320","6,210","6,320","6,326.00","6,338.00","6,364.00","6,113.50","6,519.08",70,"19,322","17,203.80","26,109.40","22,192.98","53,453.02"
"2019/02/206,320","6,340","6,210","6,260","6,332.00","6,352.00","6,358.00","6,109.33","6,528.50",0,"18,576","17,477.60","25,972.85","22,101.88","53,451.56"
"2019/02/196,400","6,400","6,260","6,320","6,358.00","6,365.00","6,354.50","6,106.17","6,538.50",0,"32,571","22,369.00","25,504.90","21,970.25","53,466.60"
"2019/02/186,350","6,390","6,320","6,380","6,348.00","6,366.00","6,348.00","6,102.17","6,547.33",0,"5,955","17,697.40","24,713.15","21,715.77","53,361.68"
"2019/02/156,320","6,360","6,300","6,350","6,340.00","6,358.00","6,338.50","6,093.83","6,554.92",0,"9,595","18,283.60","25,689.65","21,895.05","53,548.80"
"2019/02/146,390","6,400","6,310","6,350","6,350.00","6,365.00","6,329.50","6,084.50","6,561.92",0,"20,691","18,096.80","26,296.50","22,606.80","53,863.26"
"2019/02/136,300","6,530","6,250","6,390","6,372.00","6,374.00","6,318.00","6,078.67","6,570.75",0,"43,033","18,318.60","25,803.35","22,333.95","53,860.42"
"2019/02/126,340","6,340","6,220","6,270","6,372.00","6,387.00","6,304.50","6,072.33","6,577.92",0,"9,213","14,436.60","24,890.35","21,761.17","53,901.09"
"2019/02/116,400","6,400","6,280","6,340","6,384.00","6,403.00","6,296.50","6,067.17","6,587.92",0,"8,886","17,443.20","25,820.15","21,782.00","54,077.40"
"2019/02/086,400","6,490","6,390","6,400","6,376.00","6,402.00","6,283.50","6,063.17","6,598.42",0,"8,661","19,882.40","26,897.20","21,811.97","54,328.42"
"2019/02/076,400","6,460","6,280","6,460","6,380.00","6,390.00","6,266.50","6,058.83","6,608.83",0,"21,800","29,053.00","39,507.80","21,800.10","54,632.63"
"2019/02/016,350","6,420","6,280","6,390","6,376.00","6,364.00","6,238.00","6,051.50","6,618.50",0,"23,623","28,816.00","39,619.75","21,888.47","54,696.45"
"2019/01/316,300","6,340","6,230","6,330","6,402.00","6,344.00","6,201.50","6,048.83","6,629.00",0,"24,246","34,112.80","38,841.90","21,847.45","54,704.99"
"2019/01/306,360","6,370","6,230","6,300","6,422.00","6,330.00","6,169.50","6,045.17","6,640.08",0,"21,082","41,810.00","38,081.95","21,662.28","55,080.42"
"2019/01/296,600","6,730","6,360","6,420","6,428.00","6,319.00","6,142.50","6,040.83","6,653.00",0,"54,514","42,635.60","37,654.95","21,652.30","55,513.68"
"2019/01/286,470","6,520","6,300","6,440","6,400.00","6,294.00","6,112.00","6,032.50","6,665.42",17,"20,615","40,084.00","35,353.25","20,950.20","55,611.11"
"2019/01/256,440","6,530","6,440","6,520","6,352.00","6,262.00","6,080.00","6,020.83","6,677.33",0,"50,107","39,279.20","34,690.70","20,922.47","56,282.54"
"2019/01/246,330","6,500","6,270","6,430","6,286.00","6,222.00","6,040.50","6,005.67","6,691.08",0,"62,732","31,101.20","32,838.05","20,648.42","59,017.37"
"2019/01/236,270","6,340","6,230","6,330","6,238.00","6,190.00","6,012.00","5,990.67","6,701.33",30,"25,210","21,902.00","30,855.75","20,068.13","59,119.28"
"2019/01/226,180","6,340","6,170","6,280","6,210.00","6,165.00","5,987.00","5,983.00","6,710.92",0,"41,756","21,957.00","29,844.80","20,483.60","59,632.42"
"2019/01/216,210","6,240","6,160","6,200","6,188.00","6,143.00","5,964.00","5,979.17","6,719.17",0,"16,591","17,952.20","28,210.80","20,347.52","59,960.37"
"2019/01/186,150","6,210","6,110","6,190","6,172.00","6,112.00","5,949.00","5,981.33","6,729.42",0,"9,217","16,799.60","27,883.25","20,493.58","60,538.87"
"2019/01/176,210","6,300","6,120","6,190","6,158.00","6,059.00","5,934.00","5,986.00","6,738.00",0,"16,736","19,910.80","27,942.35","20,645.85","61,765.17"
"2019/01/166,150","6,210","6,140","6,190","6,142.00","6,009.00","5,918.00","5,995.00","6,751.25",0,"25,485","22,125.40","28,347.65","20,614.22","63,802.01"
"2019/01/156,100","6,170","6,050","6,170","6,120.00","5,966.00","5,905.50","6,004.00","6,769.67",30,"21,732","23,113.80","27,655.55","20,444.52","68,850.68"
"2019/01/146,160","6,170","6,070","6,120","6,098.00","5,930.00","5,893.00","6,014.00","6,785.75",0,"10,828","70,942.00","27,257.65","20,250.27","79,315.93"
"2019/01/116,090","6,140","6,030","6,120","6,052.00","5,898.00","5,879.00","6,025.50","6,807.25",0,"24,773","73,584.20","27,039.25","20,351.97","82,852.75"
"2019/01/106,060","6,130","5,950","6,110","5,960.00","5,859.00","5,861.50","6,034.83","6,832.83",0,"27,809","70,242.80","26,524.50","20,176.75","90,686.46"
"2019/01/096,030","6,150","6,030","6,080","5,876.00","5,834.00","5,842.00","6,043.50","6,865.08",0,"30,427","66,490.40","27,343.75","20,345.95","105,538.66"
"2019/01/086,400","6,800","5,890","6,060","5,812.00","5,809.00","5,839.00","6,054.67","6,898.17",0,"260,873","62,913.40","26,091.30","21,516.73","131,138.15"
"2019/01/075,660","5,890","5,640","5,890","5,762.00","5,785.00","5,838.00","6,063.67","6,912.25",18,"24,039","12,434.80","13,538.70","18,429.88","131,722.88"
"2019/01/045,600","5,700","5,600","5,660","5,744.00","5,786.00","5,853.50","6,083.50","6,933.17",0,"8,066","9,099.80","12,836.25","19,651.10","135,865.95"
"2019/01/035,770","5,780","5,640","5,690","5,758.00","5,809.00","5,881.50","6,110.83","6,962.25",0,"9,047","10,097.40","12,828.30","23,818.90","158,559.71"
"2019/01/025,750","5,810","5,690","5,760","5,792.00","5,827.00","5,906.50","6,144.00","6,979.17",0,"12,542","12,905.20","12,848.80","49,938.25","161,294.44"
"2018/12/285,800","5,840","5,700","5,810","5,806.00","5,845.00","5,925.50","6,176.00","6,989.50",0,"8,480","11,395.00","12,560.90","49,989.62","161,290.46"
"2018/12/275,810","5,830","5,720","5,800","5,808.00","5,856.00","5,943.50","6,205.17","6,999.42",69,"7,364","11,514.20","12,846.10","50,950.77","161,285.95"
"2018/12/265,850","5,850","5,710","5,730","5,828.00","5,860.00","5,958.00","6,240.83","7,008.50",0,"13,054","12,049.40","12,845.20","51,153.22","161,441.05"
"2018/12/245,850","5,870","5,770","5,860","5,860.00","5,864.00","5,977.00","6,279.50","7,017.17",0,"23,086","11,518.40","12,739.45","51,377.92","161,492.10"
"2018/12/215,850","5,850","5,800","5,830","5,862.00","5,850.00","5,988.50","6,314.50","7,027.33",0,"4,991","11,869.60","12,157.85","51,634.90","161,471.45"
"2018/12/205,900","5,940","5,820","5,820","5,884.00","5,869.00","6,000.50","6,348.17","7,036.33",0,"9,076","13,200.00","12,261.65","51,934.55","162,020.58"
"2018/12/195,890","5,920","5,850","5,900","5,904.00","5,891.00","6,012.50","6,380.67","7,047.58",0,"10,040","14,139.60","12,258.75","52,683.97","162,675.12"
"2018/12/185,990","5,990","5,800","5,890","5,892.00","5,921.00","6,021.00","6,414.83","7,062.50",0,"10,399","13,423.60","12,449.55","56,298.68","163,079.49"
"2018/12/175,930","5,940","5,810","5,870","5,868.00","5,954.00","6,030.00","6,449.17","7,080.17",0,"24,842","14,239.40","12,463.50","57,874.50","165,913.19"
"2018/12/145,900","5,970","5,830","5,940","5,838.00","5,986.00","6,040.50","6,489.50","7,097.08",67,"11,643","18,109.80","12,086.50","60,311.10","168,593.29"
"2018/12/135,840","5,940","5,800","5,920","5,854.00","6,006.00","6,037.50","6,526.33","7,122.92",68,"13,774","16,856.80","12,339.95","62,209.10","175,948.02"
"2018/12/125,770","5,840","5,700","5,840","5,878.00","6,031.00","6,031.00","6,562.67","7,133.42",0,"6,460","16,066.20","14,266.25","78,724.60","175,861.61"
"2018/12/115,710","5,900","5,620","5,770","5,950.00","6,056.00","6,039.00","6,592.83","7,143.92",0,"14,478","16,772.20","14,159.25","79,030.97","175,861.67"
"2018/12/106,000","6,020","5,680","5,720","6,040.00","6,090.00","6,051.00","6,626.67", ,0,"44,194","15,458.00","13,868.65","79,177.55", 
"2018/12/076,050","6,100","5,950","6,020","6,134.00","6,127.00","6,063.00","6,660.83", ,0,"5,378","8,510.60","12,182.10","79,013.07", 
"2018/12/066,180","6,200","6,000","6,040","6,158.00","6,132.00","6,067.00","6,686.17", ,30,"9,821","8,791.80","12,447.40","80,149.88", 
"2018/12/056,130","6,200","6,110","6,200","6,184.00","6,134.00","6,072.00","6,711.00", ,0,"9,990","9,664.40","12,353.80","82,312.40", 
"2018/12/046,210","6,250","6,100","6,220","6,162.00","6,121.00","6,063.00","6,734.67", ,0,"7,907","9,135.60","13,209.40","82,675.57", 
"2018/12/036,110","6,190","6,090","6,190","6,140.00","6,106.00","6,063.50","6,757.00", ,30,"9,457","9,742.00","13,872.15","83,329.30", 
"2018/11/306,170","6,190","6,070","6,140","6,120.00","6,095.00","6,059.50","6,777.00", ,0,"6,784","10,141.40","14,056.10","83,404.50", 
"2018/11/296,090","6,170","6,080","6,170","6,106.00","6,069.00","6,054.50","6,797.17", ,0,"14,184","10,198.00","14,741.05","83,526.20", 
"2018/11/286,080","6,140","6,060","6,090","6,084.00","6,031.00","6,042.00","6,816.17", ,0,"7,346","9,164.80","14,651.25","83,636.72", 
"2018/11/276,140","6,150","6,070","6,110","6,080.00","6,022.00","6,024.50","6,837.67", ,30,"10,939","10,466.80","15,231.50","83,843.67", 
"2018/11/266,070","6,150","5,960","6,090","6,072.00","6,012.00","5,999.50","6,858.17", ,0,"11,454","10,414.60","16,367.75","83,917.08", 
"2018/11/236,090","6,100","6,020","6,070","6,070.00","5,999.00","5,971.50","6,880.17", ,0,"7,067","11,584.20","17,190.80","84,211.68", 
"2018/11/226,080","6,130","6,060","6,060","6,032.00","6,002.00","5,961.50","6,902.33", ,0,"9,018","13,513.20","19,344.35","84,339.17", 
"2018/11/215,980","6,070","5,890","6,070","5,978.00","6,010.00","5,961.00","6,924.67", ,0,"13,856","22,169.60","20,573.00","84,713.05", 
"2018/11/206,080","6,080","5,920","6,070","5,964.00","6,005.00","5,974.00","6,947.67", ,0,"10,678","20,262.40","21,147.95","84,801.23", 
"2018/11/196,130","6,130","5,890","6,080","5,952.00","6,021.00","5,994.00","6,970.83", ,20,"17,302","19,860.00","21,531.70","84,962.95", 
"2018/11/165,840","5,950","5,770","5,880","5,928.00","6,024.00","6,026.50","6,992.50", ,8,"16,712","18,492.20","21,408.50","85,007.58", 
"2018/11/155,990","6,030","5,600","5,790","5,972.00","6,040.00","6,069.00","7,016.00", ,0,"52,300","17,286.60","21,338.05","85,202.55", 
"2018/11/146,110","6,110","5,990","6,000","6,042.00","6,053.00","6,118.00","7,039.33", ,0,"4,320","8,416.40","19,226.90","85,119.72", 
"2018/11/135,820","6,060","5,820","6,010","6,046.00","6,027.00","6,158.50","7,062.83", ,0,"8,666","12,972.80","19,857.40","85,386.88", 
"2018/11/126,000","6,150","5,930","5,960","6,090.00","5,987.00","6,192.00","7,083.50", ,0,"10,463","15,472.00","20,137.10","86,041.02", 
"2018/11/096,150","6,240","6,060","6,100","6,120.00","5,944.00","6,225.50","7,108.67", ,0,"10,684","16,006.60","21,512.00","86,372.80", 
"2018/11/086,110","6,150","6,050","6,140","6,108.00","5,921.00","6,258.00","7,133.67", ,0,"7,949","17,966.40","26,011.50","86,844.87", 
"2018/11/076,200","6,270","5,950","6,020","6,064.00","5,912.00","6,281.00","7,158.83", ,0,"27,102","18,854.20","29,397.15","87,465.15", 
"2018/11/066,130","6,370","6,020","6,230","6,008.00","5,943.00","6,334.00","7,185.50", ,0,"21,162","17,224.00","32,907.65","87,504.43", 
"2018/11/056,000","6,170","5,950","6,110","5,884.00","5,967.00","6,387.50","7,209.17", ,67,"13,136","19,724.40","44,756.25","87,562.53", 
"2018/11/025,920","6,060","5,910","6,040","5,768.00","6,029.00","6,466.00","7,235.00", ,0,"20,483","22,680.20","122,909.85","88,498.55", 
"2018/11/015,790","5,960","5,740","5,920","5,734.00","6,098.00","6,548.00","7,265.17", ,0,"12,388","28,611.20","122,666.90","89,375.07", 
"2018/10/315,560","5,740","5,510","5,740","5,760.00","6,183.00","6,630.00","7,298.33", ,0,"18,951","32,851.80","125,354.95","90,272.02", 
"2018/10/305,440","5,690","5,150","5,610","5,878.00","6,290.00","6,740.00","7,333.83", ,9,"33,664","34,132.60","125,382.95","91,642.62", 
"2018/10/295,800","6,000","5,500","5,530","6,050.00","6,397.00","6,862.00","7,376.50", ,0,"27,915","31,070.40","125,026.55","97,386.32", 
"2018/10/266,060","6,120","5,870","5,870","6,290.00","6,507.00","6,983.50","7,412.00", ,0,"50,138","28,455.00","125,556.05","98,170.43", 
"2018/10/256,190","6,220","5,970","6,050","6,462.00","6,595.00","7,082.50","7,438.83", ,0,"33,591","21,488.00","124,197.65","98,781.23", 
"2018/10/246,540","6,570","6,290","6,330","6,606.00","6,650.00","7,168.50","7,459.17", ,0,"25,355","16,785.20","125,220.15","99,573.22", 
"2018/10/236,680","6,750","6,440","6,470","6,702.00","6,725.00","7,249.50","7,477.50", ,0,"18,353","15,100.20","135,298.55","100,584.15", 
"2018/10/226,730","6,760","6,620","6,730","6,744.00","6,808.00","7,323.50","7,490.00", ,0,"14,838","14,281.60","139,628.30","102,884.48", 
"2018/10/196,680","6,750","6,520","6,730","6,724.00","6,903.00","7,401.50","7,507.50", ,0,"15,303","18,906.20","147,438.30","106,989.80", 
"2018/10/186,780","6,860","6,740","6,770","6,728.00","6,998.00","7,472.50","7,535.33", ,0,"10,077","35,980.40","152,949.30","117,256.85", 
"2018/10/176,750","6,830","6,720","6,810","6,694.00","7,077.00","7,539.00","7,557.50", ,0,"16,930","49,097.40","202,680.65","138,381.60", 
"2018/10/166,630","6,760","6,580","6,680","6,748.00","7,190.00","7,581.00","7,589.00", ,70,"14,260","65,173.80","203,076.25","145,353.53", 
"2018/10/156,650","6,790","6,580","6,630","6,872.00","7,327.00","7,637.00","7,630.83", ,0,"37,961","113,948.60","203,526.90","161,196.17", 
"2018/10/126,300","7,500","6,300","6,750","7,082.00","7,460.00","7,694.00","7,686.67", ,9,"100,674","421,598.00","203,345.10","190,731.37", 
"2018/10/116,970","7,080","6,600","6,600","7,268.00","7,570.00","7,733.50","7,741.67", ,0,"75,662","404,588.00","201,990.75","240,759.57", 
"2018/10/107,250","7,360","7,050","7,080","7,460.00","7,687.00","7,780.00","7,760.83", ,0,"97,312","402,685.40","205,186.25","245,015.87", 
"2018/10/087,620","7,700","7,300","7,300","7,632.00","7,774.00","7,807.00","7,782.83", ,0,"258,134","387,125.20","201,909.65","252,080.80", 
"2018/10/057,540","8,900","7,510","7,680","7,782.00","7,839.00","7,820.00","7,813.67", ,66,"1,576,208","340,805.60","191,359.50","293,300.52", 
"2018/10/047,650","7,710","7,480","7,680","7,838.00","7,900.00","7,805.50","7,814.33", ,58,"15,624","33,265.00","113,247.55","272,650.63", 
"2018/10/027,900","7,910","7,400","7,560","7,872.00","7,947.00","7,789.00","7,803.00", ,0,"66,149","34,734.20","113,170.65","272,591.30", 
"2018/10/018,090","8,090","7,940","7,940","7,914.00","8,001.00","7,776.50","7,793.67", ,0,"19,511","32,312.60","110,903.95","271,621.13", 
"2018/09/287,960","8,100","7,940","8,050","7,916.00","7,972.00","7,748.50","7,776.17", ,0,"26,536","73,795.00","110,916.55","271,728.88", 
"2018/09/277,830","8,000","7,830","7,960","7,896.00","7,947.00","7,713.00","7,754.83", ,0,"38,505","89,477.40","110,356.95","271,606.28", 
"2018/09/217,770","7,910","7,750","7,850","7,962.00","7,928.00","7,685.50","7,740.17", ,0,"22,970","115,984.00","109,888.20","271,308.00", 
"2018/09/207,950","8,090","7,750","7,770","8,022.00","7,897.00","7,663.00","7,724.50", ,0,"54,041","136,494.60","109,475.50","272,106.60", 
"2018/09/197,930","8,880","7,810","7,950","8,088.00","7,873.00","7,644.50","7,714.50", ,0,"226,923","326,627.20","108,346.00","272,666.27", 
"2018/09/188,200","8,500","7,940","7,950","8,028.00","7,840.00","7,619.50","7,710.17", ,0,"104,948","286,211.00","97,957.20","269,860.30", 
"2018/09/178,240","8,460","7,920","8,290","7,998.00","7,801.00","7,595.00","7,711.17", ,0,"171,038","269,876.00","93,728.85","273,951.88", 
"2018/09/148,100","8,240","7,910","8,150","7,894.00","7,711.00","7,549.50","7,704.67", ,0,"125,523","242,533.40","86,175.95","276,875.48", 
"2018/09/137,840","8,980","7,720","8,100","7,772.00","7,631.00","7,506.50","7,719.50", ,29,"1,004,704","232,146.20","81,320.30","289,686.93", 
"2018/09/127,930","7,930","7,640","7,650","7,658.00","7,552.00","7,461.00","7,704.17", ,39,"24,842","59,119.80","33,451.60","272,998.62", 
"2018/09/117,730","7,890","7,620","7,800","7,652.00","7,525.00","7,449.00","7,695.00", ,0,"23,273","60,507.40","33,227.00","272,692.38", 
"2018/09/107,550","7,800","7,550","7,770","7,604.00","7,479.00","7,421.50", , ,0,"34,325","65,279.00","34,459.05", , 
"2018/09/077,610","7,890","7,510","7,540","7,528.00","7,443.00","7,406.50", , ,29,"73,587","61,207.80","34,261.30", , 
"2018/09/067,850","8,090","7,460","7,530","7,490.00","7,429.00","7,409.50", , ,39,"139,572","49,307.60","32,532.35", , 
"2018/09/057,560","7,630","7,470","7,620","7,446.00","7,416.00","7,415.50", , ,67,"31,780","25,556.20","27,812.05", , 
"2018/09/047,390","7,620","7,320","7,560","7,398.00","7,399.00","7,415.50", , ,67,"47,131","23,152.80","27,696.00", , 
"2018/09/037,320","7,440","7,280","7,390","7,354.00","7,389.00","7,420.00", , ,0,"13,969","16,795.40","26,571.85", , 
"2018/08/317,300","7,420","7,300","7,350","7,358.00","7,388.00","7,433.50", , ,0,"14,086","19,827.60","29,338.25", , 
"2018/08/307,350","7,420","7,270","7,310","7,368.00","7,382.00","7,458.50", , ,0,"20,815","19,953.60","32,287.65", , 
"2018/08/297,340","7,400","7,310","7,380","7,386.00","7,370.00","7,488.50", , ,0,"19,763","22,080.80","34,557.15", , 
"2018/08/287,470","7,470","7,320","7,340","7,400.00","7,373.00","7,513.00", , ,0,"15,344","21,957.60","38,628.35", , 
"2018/08/277,440","7,460","7,220","7,410","7,424.00","7,364.00","7,554.50", , ,71,"29,130","22,965.00","56,775.45", , 
"2018/08/247,430","7,440","7,300","7,400","7,418.00","7,370.00","7,567.00", , ,0,"14,716","21,135.00","59,067.05", , 
"2018/08/237,450","7,450","7,330","7,400","7,396.00","7,390.00","7,571.00", , ,0,"31,451","23,873.80","62,670.55", , 
"2018/08/227,580","7,580","7,380","7,450","7,354.00","7,415.00","7,564.50", , ,0,"19,147","27,049.60","65,153.50", , 
"2018/08/217,390","7,510","7,340","7,460","7,346.00","7,432.00","7,563.50", , ,0,"20,381","27,290.20","68,496.70", , 
"2018/08/207,300","7,380","7,290","7,380","7,304.00","7,451.00","7,551.50", , ,0,"19,980","32,796.80","75,296.30", , 
"2018/08/177,260","7,340","7,190","7,290","7,322.00","7,479.00","7,571.50", , ,0,"28,410","34,874.80","87,355.15", , 
"2018/08/167,330","7,330","7,000","7,190","7,384.00","7,535.00","7,627.00", , ,0,"47,330","36,994.40","117,500.95", , 
"2018/08/147,380","7,440","7,260","7,410","7,476.00","7,607.00","7,672.50", , ,58,"20,350","36,561.60","179,012.55", , 
"2018/08/137,490","7,700","7,230","7,250","7,518.00","7,653.00","7,737.00", , ,0,"47,914","38,383.40","199,757.35", , 
"2018/08/107,570","7,600","7,440","7,470","7,598.00","7,745.00","7,834.00", , ,0,"30,370","33,730.20","245,602.55", , 
"2018/08/097,640","7,730","7,510","7,600","7,636.00","7,764.00","7,959.50", , ,0,"39,008","41,515.60","334,587.70", , 
"2018/08/087,630","7,790","7,570","7,650","7,686.00","7,752.00","8,082.00", , ,0,"45,166","48,328.80","487,755.60", , 
"2018/08/077,780","7,780","7,510","7,620","7,738.00","7,714.00","8,087.00", , ,0,"29,459","52,536.60","502,049.30", , 
"2018/08/067,670","7,840","7,650","7,650","7,788.00","7,695.00","8,126.00", , ,0,"24,648","66,882.20","526,636.75", , 
"2018/08/037,860","7,990","7,630","7,660","7,892.00","7,652.00","8,201.00", , ,0,"69,297","137,609.80","661,970.20", , 
"2018/08/027,910","8,080","7,790","7,850","7,892.00","7,664.00","8,204.00", , ,0,"73,074","138,742.80","675,366.10", , 
"2018/08/017,860","8,060","7,760","7,910","7,818.00","7,719.00","8,161.50", , ,70,"66,205","141,485.20","672,315.60", , 
"2018/07/318,140","8,140","7,760","7,870","7,690.00","7,738.00","8,116.00", , ,0,"101,187","144,466.20","669,402.30", , 
"2018/07/307,730","8,370","7,580","8,170","7,602.00","7,821.00","8,067.00", , ,0,"378,286","141,431.00","665,641.75", , 
"2018/07/277,520","7,790","7,400","7,660","7,412.00","7,923.00","7,997.00", , ,0,"74,962","97,048.40","647,686.45", , 
"2018/07/267,280","7,550","7,270","7,480","7,436.00","8,155.00","7,968.00", , ,0,"86,786","134,287.40","644,968.75", , 
"2018/07/257,450","7,550","7,200","7,270","7,620.00","8,412.00","7,939.50", , ,0,"81,110","243,195.40","644,173.75", , 
"2018/07/247,220","7,610","7,220","7,430","7,786.00","8,460.00","7,934.50", , ,70,"86,011","482,485.80","644,499.30", , 
"2018/07/237,670","7,970","7,220","7,220","8,040.00","8,557.00","7,947.50", , ,0,"156,373","552,332.80","643,127.00", , 
"2018/07/208,380","8,380","7,660","7,780","8,434.00","8,750.00","7,987.00", , ,0,"261,157","714,021.80","652,830.50", , 
"2018/07/198,020","8,910","8,000","8,400","8,874.00","8,744.00","7,993.00", , ,0,"631,326","1,023,805","657,095.35", , 
"2018/07/188,760","9,460","8,100","8,100","9,204.00","8,604.00","8,025.00", , ,0,"1,277,562","1,518,013","670,239.55", , 
"2018/07/179,010","9,010","8,540","8,700","9,134.00","8,494.00","7,979.00", , ,0,"435,246","1,328,709","606,531.70", , 
"2018/07/1610,000","10,150","9,070","9,190","9,074.00","8,313.00","7,899.00", , ,0,"964,818","1,345,901","585,092.80", , 
"2018/07/1310,100","10,400","9,500","9,980","9,066.00","8,071.00", , , ,0,"1,810,073","1,699,201", , , 
"2018/07/128,060","10,050","7,650","10,050","8,614.00","7,781.00", , , ,0,"3,102,366","1,404,629", , , 
"2018/07/118,280","8,390","7,730","7,750","8,004.00","7,467.00", , , ,0,"331,040","786,568.80", , , 
"2018/07/108,990","8,990","8,190","8,400","7,854.00","7,409.00", , , ,0,"521,208","721,948.60", , , 
"2018/07/098,800","9,500","8,500","9,150","7,552.00","7,338.00", , , ,0,"2,731,317","622,902.20", , , 
"2018/07/067,000","8,430","6,890","7,720","7,076.00","7,224.00", , , ,0,"337,215","80,474.80", , , 
"2018/07/057,010","7,030","6,860","7,000","6,948.00","7,242.00", , , ,0,"12,064","17,153.40", , , 
"2018/07/046,890","7,020","6,790","7,000","6,930.00","7,446.00", , , ,0,"7,939","28,917.80", , , 
"2018/07/036,700","7,010","6,670","6,890","6,964.00","7,464.00", , , ,0,"25,976","44,854.20", , , 
"2018/07/027,080","7,080","6,720","6,770","7,124.00","7,485.00", , , ,0,"19,180","51,372.00", , , 
"2018/06/296,980","7,130","6,820","7,080","7,372.00", , , , ,0,"20,608","117,624.60", , , 
"2018/06/287,170","7,260","6,800","6,910","7,536.00", , , , ,0,"70,886","182,793.80", , , 
"2018/06/277,620","7,680","7,150","7,170","7,962.00", , , , ,0,"87,621","347,458.60", , , 
"2018/06/267,980","7,980","7,570","7,690","7,964.00", , , , ,0,"58,565","330,615.40", , , 
"2018/06/258,020","8,820","7,830","8,010","7,846.00", , , , ,0,"350,443","320,196.00", , , 
"2018/06/228,700","8,800","7,600","7,900", , , , , ,0,"346,454", , , , 
"2018/06/217,250","9,170","7,100","9,040", , , , , ,0,"894,210", , , , 
"2018/06/207,100","7,380","7,080","7,180", , , , , ,0,"3,405", , , , 
"2018/06/197,330","7,370","7,100","7,100", , , , , ,0,"6,468", , , , 
