2018-06-26,"5,910","6,300","5,800","6,110", , , , , ,0,"268,141", , , , 
2018-06-27,"6,110","6,220","6,000","6,040", , , , , ,0,"209,384", , , , 
2018-06-28,"5,970","6,090","5,840","5,840", , , , , ,0,"193,419", , , , 
2018-06-29,"5,880","6,000","5,520","5,610", , , , , ,0,"254,653", , , , 
2018-07-02,"5,710","5,760","5,190","5,210","5,762.00", , , , ,0,"308,024","246,724.20", , , 
2018-07-03,"5,210","5,360","5,170","5,360","5,612.00", , , , ,0,"203,059","233,707.80", , , 
2018-07-04,"5,340","5,470","5,310","5,350","5,474.00", , , , ,0,"96,931","211,217.20", , , 
2018-07-05,"5,350","5,400","5,160","5,240","5,354.00", , , , ,0,"107,587","194,050.80", , , 
2018-07-06,"5,230","5,410","5,120","5,390","5,310.00", , , , ,0,"151,416","173,403.40", , , 
2018-07-09,"5,190","5,300","4,865","4,970","5,262.00","5,512.00", , , ,0,"371,681","186,134.80", , , 
2018-07-10,"4,970","5,130","4,970","5,120","5,214.00","5,413.00", , , ,0,"137,392","173,001.40", , , 
2018-07-11,"5,030","5,240","5,020","5,210","5,186.00","5,330.00", , , ,0,"114,968","176,608.80", , , 
2018-07-12,"5,200","5,230","5,070","5,180","5,174.00","5,264.00", , , ,0,"106,982","176,487.80", , , 
2018-07-13,"5,190","5,300","5,120","5,300","5,156.00","5,233.00", , , ,0,"94,431","165,090.80", , , 
2018-07-16,"5,280","5,440","5,220","5,260","5,214.00","5,238.00", , , ,0,"100,324","110,819.40", , , 
2018-07-17,"5,240","5,330","5,210","5,300","5,250.00","5,232.00", , , ,0,"61,786","95,698.20", , , 
2018-07-18,"5,220","5,310","5,070","5,240","5,256.00","5,221.00", , , ,0,"94,358","91,576.20", , , 
2018-07-19,"5,240","5,240","5,050","5,120","5,244.00","5,209.00", , , ,0,"147,662","99,712.20", , , 
2018-07-20,"5,100","5,220","5,060","5,060","5,196.00","5,176.00", , , ,0,"77,816","96,389.20", , , 
2018-07-23,"5,010","5,070","4,895","4,960","5,136.00","5,175.00","5,343.50", , ,0,"139,891","104,302.60","161,995.25", , 
2018-07-24,"4,940","5,170","4,940","5,110","5,098.00","5,174.00","5,293.50", , ,60,"138,002","119,545.80","155,488.30", , 
2018-07-25,"5,100","5,130","4,890","4,950","5,040.00","5,148.00","5,239.00", , ,0,"200,565","140,787.20","155,047.35", , 
2018-07-26,"4,935","5,150","4,935","5,050","5,026.00","5,135.00","5,199.50", , ,0,"118,495","134,953.80","151,301.15", , 
2018-07-27,"5,140","5,500","5,110","5,210","5,056.00","5,126.00","5,179.50", , ,29,"974,751","314,340.80","187,306.05", , 
2018-07-30,"5,150","5,220","5,100","5,130","5,090.00","5,113.00","5,175.50", , ,0,"153,377","317,038.00","179,573.70", , 
2018-07-31,"5,110","5,150","5,020","5,100","5,088.00","5,093.00","5,162.50", , ,0,"129,757","315,389.00","175,908.60", , 
2018-08-01,"5,080","5,210","5,040","5,210","5,140.00","5,090.00","5,155.50", , ,0,"98,286","294,933.20","175,976.35", , 
2018-08-02,"5,210","5,260","5,080","5,170","5,164.00","5,095.00","5,152.00", , ,0,"137,473","298,728.80","177,470.65", , 
2018-08-03,"5,190","5,200","5,070","5,150","5,152.00","5,104.00","5,140.00", , ,0,"100,518","123,882.20","174,925.75", , 
2018-08-06,"5,150","5,300","5,110","5,110","5,148.00","5,119.00","5,147.00", , ,42,"137,586","120,724.00","163,221.00", , 
2018-08-07,"5,110","5,180","5,050","5,090","5,146.00","5,117.00","5,145.50", , ,42,"92,384","113,249.40","160,970.60", , 
2018-08-08,"5,100","5,260","5,100","5,190","5,142.00","5,141.00","5,144.50", , ,0,"134,934","120,579.00","161,968.90", , 
2018-08-09,"5,170","5,250","5,120","5,230","5,154.00","5,159.00","5,147.00", , ,0,"78,170","108,718.40","160,528.30", , 
2018-08-10,"5,300","5,300","5,140","5,190","5,162.00","5,157.00","5,141.50", , ,0,"99,931","108,601.00","160,803.30", , 
2018-08-13,"5,170","5,200","4,985","5,040","5,148.00","5,148.00","5,130.50", , ,0,"140,541","109,192.00","162,814.15", , 
2018-08-14,"5,000","5,070","4,930","5,000","5,130.00","5,138.00","5,115.50", , ,0,"147,458","120,206.80","167,097.75", , 
2018-08-16,"4,995","5,240","4,970","5,210","5,134.00","5,138.00","5,114.00", , ,0,"241,395","141,499.00","174,449.60", , 
2018-08-17,"5,350","5,400","5,180","5,180","5,124.00","5,139.00","5,117.00", , ,0,"424,754","210,815.80","188,304.20", , 
2018-08-20,"5,230","5,420","5,170","5,400","5,166.00","5,164.00","5,134.00", , ,0,"285,481","247,925.80","198,687.45", , 
2018-08-21,"5,410","5,470","5,300","5,390","5,236.00","5,192.00","5,155.50", , ,0,"201,847","260,187.00","201,785.25", , 
2018-08-22,"5,350","5,360","5,280","5,280","5,292.00","5,211.00","5,164.00", , ,0,"124,330","255,561.40","201,101.65", , 
2018-08-23,"5,280","5,390","5,270","5,340","5,318.00","5,226.00","5,183.50", , ,0,"98,364","226,955.20","195,991.60", , 
2018-08-24,"5,300","5,340","5,200","5,230","5,328.00","5,226.00","5,192.50", , ,0,"127,187","167,441.80","196,426.20", , 
2018-08-27,"5,030","5,120","4,995","5,050","5,258.00","5,212.00","5,184.50", , ,0,"226,934","155,732.40","159,035.35", , 
2018-08-28,"5,050","5,140","4,995","5,050","5,190.00","5,213.00","5,180.50", , ,70,"105,214","136,405.80","156,627.20", , 
2018-08-29,"5,050","5,090","5,000","5,030","5,140.00","5,216.00","5,177.00", , ,0,"94,053","130,350.40","154,842.00", , 
2018-08-30,"5,060","5,130","5,040","5,050","5,082.00","5,200.00","5,169.00", , ,0,"110,756","132,828.80","155,465.50", , 
2018-08-31,"5,050","5,090","5,000","5,050","5,046.00","5,187.00","5,163.00", , ,0,"57,254","118,842.20","151,454.55", , 
2018-09-03,"5,130","5,130","5,000","5,060","5,048.00","5,153.00","5,158.50", , ,70,"80,095","89,474.40","150,433.40", , 
2018-09-04,"5,090","5,120","5,040","5,100","5,058.00","5,124.00","5,158.00", , ,58,"48,093","78,050.20","145,958.75", , 
2018-09-05,"5,050","5,100","5,050","5,070","5,066.00","5,103.00","5,157.00", , ,0,"84,025","76,044.60","145,540.80", , 
2018-09-06,"5,070","5,330","4,995","5,030","5,062.00","5,072.00","5,149.00", , ,0,"545,528","162,999.00","166,070.50", , 
2018-09-07,"5,090","5,150","4,995","5,110","5,074.00","5,060.00","5,143.00", , ,70,"102,340","172,016.20","167,279.00", , 
2018-09-10,"5,170","5,290","5,110","5,290","5,120.00","5,084.00","5,148.00", , ,0,"203,229","196,643.00","172,443.90", , 
2018-09-11,"5,380","5,410","5,280","5,360","5,172.00","5,115.00","5,164.00", , ,0,"251,435","237,311.40","177,988.60", , 
2018-09-12,"5,400","5,870","5,360","5,550","5,268.00","5,167.00","5,191.50", , ,29,"1,472,663","515,039.00","244,248.85", , 
2018-09-13,"5,530","5,690","5,410","5,620","5,386.00","5,224.00","5,212.00", , ,0,"272,261","460,385.60","245,792.15", , 
2018-09-14,"5,620","5,690","5,530","5,550","5,474.00","5,274.00","5,230.50", , ,30,"224,703","484,858.20","235,789.60", , 
2018-09-17,"5,560","5,860","5,320","5,700","5,556.00","5,338.00","5,245.50", , ,0,"714,899","587,192.20","257,260.50", , 
2018-09-18,"5,760","5,820","5,560","5,560","5,596.00","5,384.00","5,254.00","5,251.00", ,0,"416,185","620,142.20","267,977.40","210,585.97", 
2018-09-19,"5,560","6,650","5,450","5,520","5,590.00","5,429.00","5,266.00","5,241.17", ,29,"4,842,139","1,294,037.00","503,867.85","286,819.27", 
2018-09-20,"5,520","5,580","5,250","5,260","5,518.00","5,452.00","5,262.00","5,228.17", ,42,"532,694","1,346,124.00","525,584.35","292,207.77", 
2018-09-21,"5,270","5,420","5,270","5,340","5,476.00","5,475.00","5,267.50","5,219.83", ,58,"166,382","1,334,460.00","527,544.10","291,757.15", 
2018-09-27,"5,340","5,430","5,290","5,340","5,404.00","5,480.00","5,282.00","5,215.33", ,0,"136,498","1,218,780.00","523,022.30","289,787.90", 
2018-09-28,"5,360","5,470","5,310","5,360","5,364.00","5,480.00","5,297.50","5,217.83", ,0,"121,150","1,159,773.00","523,819.10","286,673.33", 
2018-10-01,"5,340","5,430","5,290","5,360","5,332.00","5,461.00","5,314.00","5,217.83", ,0,"110,009","213,346.60","524,616.90","285,122.50", 
2018-10-02,"5,300","5,400","5,270","5,310","5,342.00","5,430.00","5,327.00","5,217.17", ,0,"122,891","131,386.00","525,223.65","285,555.17", 
2018-10-04,"5,780","5,850","5,360","5,410","5,356.00","5,416.00","5,345.00","5,220.00", ,0,"544,369","206,983.40","549,579.40","292,834.87", 
2018-10-05,"5,350","5,800","5,350","5,700","5,428.00","5,416.00","5,377.00","5,225.17", ,0,"613,381","302,360.00","576,243.70","300,534.28", 
2018-10-08,"5,770","5,830","5,570","5,770","5,510.00","5,437.00","5,410.50","5,238.50", ,0,"366,964","351,522.80","592,187.25","300,455.67", 
2018-10-10,"5,920","6,420","5,850","5,910","5,620.00","5,476.00","5,452.50","5,251.67", ,0,"3,111,330","951,787.00","743,552.50","350,021.30", 
2018-10-11,"5,610","5,910","5,340","5,400","5,638.00","5,490.00","5,471.00","5,254.83", ,0,"828,298","1,092,868.00","757,691.00","361,910.13", 
2018-10-12,"5,250","5,590","5,250","5,520","5,660.00","5,508.00","5,491.50","5,260.50", ,47,"420,058","1,068,006.00","773,576.90","367,128.07", 
2018-10-15,"5,600","6,370","5,530","6,350","5,790.00","5,609.00","5,544.50","5,278.00", ,18,"2,107,189","1,366,768.00","868,774.90","400,674.03", 
2018-10-16,"6,290","6,460","6,070","6,280","5,892.00","5,701.00","5,590.50","5,295.00", ,37,"943,161","1,482,007.00","903,361.20","414,721.32", 
2018-10-17,"6,280","6,400","6,150","6,310","5,972.00","5,796.00","5,628.50","5,311.83", ,0,"643,587","988,458.60","861,907.40","424,418.00", 
2018-10-18,"6,290","6,370","5,880","5,960","6,084.00","5,861.00","5,645.50","5,323.83", ,0,"691,778","961,154.60","882,883.25","434,375.00", 
2018-10-19,"5,900","6,050","5,680","6,040","6,188.00","5,924.00","5,670.00","5,339.17", ,0,"334,239","943,990.80","888,360.05","437,484.62", 
2018-10-22,"5,970","6,080","5,880","5,880","6,094.00","5,942.00","5,679.00","5,352.83", ,0,"184,594","559,471.80","861,844.80","439,264.25", 
2018-10-23,"5,810","5,980","5,660","5,770","5,992.00","5,942.00","5,689.50","5,366.33", ,0,"252,780","421,395.60","853,674.55","441,145.73", 
2018-10-24,"5,850","5,870","5,430","5,600","5,850.00","5,911.00","5,693.50","5,374.50", ,0,"225,600","337,798.20","622,847.60","442,605.70", 
2018-10-25,"5,450","5,600","5,340","5,470","5,752.00","5,918.00","5,704.00","5,383.17", ,0,"217,933","243,029.20","607,109.55","442,895.17", 
2018-10-26,"5,500","5,610","4,845","4,845","5,513.00","5,850.50","5,679.25","5,379.75", ,0,"397,539","255,689.20","618,667.40","447,545.90", 
2018-10-29,"4,840","4,890","4,390","4,390","5,215.00","5,654.50","5,631.75","5,366.08", ,0,"453,204","309,411.20","634,502.70","438,853.45", 
2018-10-30,"3,810","4,455","3,810","4,355","4,932.00","5,462.00","5,581.50","5,353.17", ,54,"378,068","334,468.80","647,348.60","442,598.30", 
2018-10-31,"4,375","4,485","4,280","4,365","4,685.00","5,267.50","5,531.75","5,340.92", ,0,"192,769","327,902.60","651,486.60","443,648.50", 
2018-11-01,"4,465","4,805","4,465","4,550","4,501.00","5,126.50","5,493.75","5,329.92", ,0,"399,849","364,285.80","665,334.50","448,674.55", 
2018-11-02,"4,525","4,850","4,525","4,795","4,491.00","5,002.00","5,463.00","5,323.67", ,0,"231,523","331,082.60","649,692.20","450,242.05", 
2018-11-05,"4,800","4,815","4,710","4,785","4,570.00","4,892.50","5,417.25","5,317.58", ,0,"91,722","258,786.20","623,609.25","450,095.45", 
2018-11-06,"4,850","4,930","4,770","4,870","4,673.00","4,802.50","5,372.25","5,313.58", ,0,"118,436","206,859.80","611,182.85","449,776.28", 
2018-11-07,"4,875","5,010","4,700","4,735","4,747.00","4,716.00","5,313.50","5,307.67", ,0,"151,537","198,613.40","463,193.20","450,762.17", 
2018-11-08,"4,845","4,980","4,750","4,930","4,823.00","4,662.00","5,290.00","5,303.33", ,0,"91,063","136,856.20","426,331.45","450,030.98", 
2018-11-09,"4,925","4,970","4,780","4,920","4,848.00","4,669.50","5,260.00","5,298.17", ,0,"80,560","106,663.60","409,356.55","450,070.82", 
2018-11-12,"4,880","5,030","4,850","4,900","4,871.00","4,720.50","5,187.50","5,293.33", ,0,"69,855","102,290.20","307,489.85","449,569.55", 
2018-11-13,"4,790","4,925","4,760","4,925","4,882.00","4,777.50","5,119.75","5,291.42", ,0,"77,904","94,183.80","264,227.00","448,525.60", 
2018-11-14,"4,860","4,990","4,860","4,965","4,928.00","4,837.50","5,052.50","5,290.83", ,0,"72,186","78,313.60","235,656.95","447,271.07", 
2018-11-15,"4,900","5,090","4,900","4,975","4,937.00","4,880.00","5,003.25","5,286.92", ,67,"119,150","83,931.00","207,025.55","445,233.65", 
2018-11-16,"4,960","5,030","4,925","4,995","4,952.00","4,900.00","4,951.00","5,283.83", ,67,"53,152","78,449.40","192,971.20","439,040.28", 
2018-11-19,"5,160","5,160","4,970","4,990","4,970.00","4,920.50","4,906.50","5,277.00", ,0,"97,739","84,026.20","188,628.45","435,911.25", 
2018-11-20,"4,950","5,150","4,930","5,140","5,013.00","4,947.50","4,875.00","5,272.83", ,0,"135,781","95,601.60","182,778.50","434,810.15", 
2018-11-21,"5,110","5,200","5,010","5,160","5,052.00","4,990.00","4,853.00","5,270.83", ,0,"87,225","98,609.40","175,859.75","434,191.73", 
2018-11-22,"5,200","5,200","4,980","5,140","5,085.00","5,011.00","4,836.50","5,267.50", ,30,"65,501","87,879.60","168,238.15","433,644.02", 
2018-11-23,"5,110","5,140","4,850","4,880","5,062.00","5,007.00","4,838.25","5,261.67", ,0,"119,375","101,124.20","154,329.95","433,513.82", 
2018-11-26,"4,805","5,080","4,750","4,945","5,053.00","5,011.50","4,866.00","5,259.92", ,0,"156,037","112,783.80","139,471.60","432,332.20", 
2018-11-27,"4,880","4,990","4,865","4,980","5,021.00","5,017.00","4,897.25","5,258.75", ,0,"81,701","101,967.80","124,653.25","431,940.32", 
2018-11-28,"5,180","5,200","4,850","4,850","4,959.00","5,005.50","4,921.50","5,255.75", ,39,"243,616","133,246.00","127,195.60","434,433.03", 
2018-11-29,"4,860","5,090","4,850","5,050","4,941.00","5,013.00","4,946.50","5,255.75", ,70,"123,443","144,834.40","113,375.30","434,644.48", 
2018-11-30,"5,060","5,060","4,920","4,985","4,962.00","5,012.00","4,956.00","5,254.67", ,0,"88,228","138,605.00","106,210.55","435,160.72", 
2018-12-03,"5,130","5,130","4,900","4,995","4,972.00","5,012.50","4,966.50","5,253.58", ,0,"85,150","124,427.60","105,881.95","435,244.97", 
2018-12-04,"4,935","5,040","4,935","5,010","4,978.00","4,999.50","4,973.50","5,252.08", ,0,"59,956","120,078.60","102,957.95","435,442.68", 
2018-12-05,"5,010","5,020","4,800","4,985","5,005.00","4,982.00","4,986.00","5,250.67", ,0,"53,850","82,125.40","98,073.60","434,939.77", 
2018-12-06,"4,960","5,000","4,840","4,890","4,973.00","4,957.00","4,984.00","5,248.33", ,0,"94,123","76,261.40","98,226.60","427,416.35", 
2018-12-07,"4,895","4,990","4,895","4,930","4,962.00","4,962.00","4,984.50","5,245.33", ,8,"58,269","70,269.60","97,112.05","426,681.83", 
2018-12-10,"4,900","4,970","4,810","4,945","4,952.00","4,962.00","4,986.75","5,239.58", ,0,"35,579","60,355.40","95,398.25","423,887.67", 
2018-12-11,"4,900","4,990","4,865","4,910","4,932.00","4,955.00","4,986.00","5,232.08", ,0,"16,953","51,754.80","92,350.70","419,979.63", 
2018-12-12,"4,825","4,920","4,820","4,890","4,913.00","4,959.00","4,982.25","5,221.08", ,0,"37,755","48,535.80","90,629.15","396,064.50", 
2018-12-13,"4,845","4,970","4,845","4,945","4,924.00","4,948.50","4,980.75","5,209.83", ,0,"45,442","38,799.60","86,943.75","392,284.18", 
2018-12-14,"4,895","4,940","4,755","4,915","4,921.00","4,941.50","4,976.75","5,199.25", ,0,"68,032","40,752.20","87,687.75","389,673.00", 
2018-12-17,"4,930","4,940","4,770","4,865","4,905.00","4,928.50","4,970.50","5,185.33", ,0,"81,693","49,975.00","86,885.45","379,119.57", 
2018-12-18,"4,800","4,880","4,750","4,760","4,875.00","4,903.50","4,951.50","5,172.00","5,211.50",0,"72,851","61,154.60","83,738.95","373,397.33","291,991.65"
2018-12-19,"4,710","4,830","4,710","4,760","4,849.00","4,881.00","4,931.50","5,159.33","5,200.25",0,"89,243","71,452.20","83,839.85","294,182.40","290,500.83"
2018-12-20,"4,670","4,750","4,600","4,680","4,796.00","4,860.00","4,908.50","5,149.67","5,188.92",0,"103,645","83,092.80","85,747.05","287,031.58","289,619.67"
2018-12-21,"4,705","4,705","4,540","4,560","4,725.00","4,823.00","4,892.50","5,136.67","5,178.25",0,"84,504","86,387.20","84,003.50","285,666.95","288,712.05"
2018-12-24,"4,560","4,635","4,535","4,585","4,669.00","4,787.00","4,874.50","5,124.08","5,169.71",0,"33,220","76,692.60","77,862.65","283,945.65","286,866.78"
2018-12-26,"4,535","4,620","4,415","4,545","4,626.00","4,750.50","4,852.75","5,110.50","5,164.17",0,"56,544","73,431.20","76,604.80","282,868.88","284,771.11"
2018-12-27,"4,550","4,650","4,495","4,640","4,602.00","4,725.50","4,842.25","5,098.50","5,158.17",0,"33,412","62,265.00","66,094.60","281,592.27","283,357.38"
2018-12-28,"4,690","4,805","4,615","4,780","4,622.00","4,709.00","4,828.75","5,089.67","5,153.42",0,"58,068","53,149.60","62,825.85","280,511.88","283,033.53"
2019-01-02,"4,800","4,880","4,650","4,795","4,669.00","4,697.00","4,819.25","5,079.42","5,149.71",0,"39,383","44,125.40","60,383.60","272,095.45","282,465.16"
2019-01-03,"4,690","4,785","4,660","4,750","4,702.00","4,685.50","4,807.00","5,063.58","5,144.38",0,"52,059","47,893.20","58,729.05","262,740.08","281,637.18"
2019-01-04,"4,745","4,750","4,635","4,705","4,734.00","4,680.00","4,791.75","5,045.83","5,142.17",0,"56,536","47,891.60","58,558.05","257,566.28","279,010.97"
2019-01-07,"4,770","4,820","4,635","4,760","4,758.00","4,680.00","4,780.50","5,026.67","5,139.17",70,"138,743","68,957.80","62,802.70","208,023.17","279,022.23"
2019-01-08,"4,760","4,950","4,710","4,890","4,780.00","4,701.00","4,780.50","5,018.17","5,136.50",0,"250,135","107,371.20","70,603.30","198,387.12","280,148.63"
2019-01-09,"4,890","4,940","4,835","4,875","4,796.00","4,732.50","4,777.75","5,007.42","5,133.96",33,"81,013","115,697.20","71,740.50","192,736.37","279,932.22"
2019-01-10,"4,875","4,970","4,870","4,920","4,830.00","4,766.00","4,776.50","4,983.58","5,130.79",0,"95,253","124,336.00","74,724.20","159,204.10","279,939.07"
2019-01-11,"4,870","5,040","4,870","5,040","4,897.00","4,815.50","4,783.00","4,962.92","5,128.96",18,"120,167","137,062.20","79,884.90","145,487.53","280,104.42"
2019-01-14,"5,240","5,260","5,000","5,080","4,961.00","4,859.50","4,792.50","4,942.42","5,127.13",0,"187,477","146,809.00","87,371.00","137,885.70","281,151.85"
2019-01-15,"5,000","5,130","4,985","5,070","4,997.00","4,888.50","4,798.75","4,927.58","5,125.71",0,"95,171","115,816.20","89,857.45","127,942.25","281,158.63"
2019-01-16,"5,120","5,180","4,950","5,180","5,058.00","4,927.00","4,812.00","4,913.25","5,126.21",20,"281,749","155,963.40","100,543.30","127,067.42","282,276.02"
2019-01-17,"5,180","5,250","5,030","5,180","5,110.00","4,970.00","4,827.75","4,901.58","5,127.21",0,"220,924","181,097.60","107,504.85","127,672.92","283,468.58"
2019-01-18,"5,200","5,800","5,160","5,800","5,262.00","5,079.50","4,879.75","4,902.08","5,134.21",18,"966,144","350,293.00","152,169.50","139,562.32","290,354.03"
2019-01-21,"5,770","5,810","5,430","5,480","5,342.00","5,151.50","4,915.75","4,900.08","5,137.29",37,"507,207","414,239.00","173,067.70","144,255.77","293,430.73"
2019-01-22,"5,480","5,630","5,440","5,500","5,428.00","5,212.50","4,956.75","4,900.58","5,141.88",0,"265,252","448,255.20","181,148.05","145,044.42","293,969.79"
2019-01-23,"5,520","5,680","5,450","5,550","5,502.00","5,280.00","5,006.25","4,912.33","5,146.04",0,"271,311","446,167.60","190,488.40","142,940.62","295,243.26"
2019-01-24,"5,590","5,720","5,500","5,610","5,588.00","5,349.00","5,057.50","4,932.67","5,149.38",0,"187,312","439,445.20","198,193.00","138,509.08","288,681.27"
2019-01-25,"5,640","5,690","5,490","5,570","5,542.00","5,402.00","5,108.75","4,952.92","5,153.04",0,"175,718","281,360.00","204,151.70","135,136.58","288,867.44"
2019-01-28,"5,560","5,580","5,480","5,540","5,554.00","5,448.00","5,153.75","4,972.50","5,156.71",0,"119,962","203,911.00","208,479.20","133,923.13","288,785.82"
2019-01-29,"5,520","5,520","5,320","5,420","5,538.00","5,483.00","5,185.75","4,987.00","5,158.46",23,"111,466","173,153.80","211,149.10","129,116.75","288,895.65"
2019-01-30,"5,430","5,540","5,410","5,480","5,524.00","5,513.00","5,220.00","4,998.42","5,161.04",0,"87,699","136,431.40","213,564.90","126,719.68","288,480.87"
2019-01-31,"5,480","5,590","5,350","5,450","5,492.00","5,540.00","5,255.00","5,009.50","5,163.54",0,"74,458","113,860.60","214,684.85","126,431.95","288,263.70"
2019-02-01,"5,360","5,990","5,300","5,800","5,538.00","5,540.00","5,309.75","5,025.00","5,169.29",0,"1,243,464","327,409.80","274,031.25","145,182.42","297,479.35"
2019-02-07,"6,050","7,540","5,950","7,530","5,936.00","5,745.00","5,448.25","5,071.58","5,189.63",18,"9,910,133","2,285,444.00","762,600.75","307,825.68","379,293.92"
2019-02-08,"7,250","7,330","6,860","7,020","6,256.00","5,897.00","5,554.75","5,106.42","5,204.88",37,"3,166,935","2,896,538.00","908,440.75","359,090.22","404,560.60"
2019-02-11,"7,040","7,130","6,730","6,970","6,554.00","6,039.00","5,659.50","5,140.58","5,219.38",38,"2,240,633","3,327,125.00","1,016,422.00","395,091.43","422,581.13"
2019-02-12,"6,900","7,030","6,740","6,800","6,824.00","6,158.00","5,753.50","5,172.25","5,232.79",0,"1,542,461","3,620,725.00","1,088,782.00","419,634.87","434,602.21"
2019-02-13,"6,730","6,800","6,540","6,540","6,972.00","6,255.00","5,828.50","5,199.17","5,245.29",0,"1,050,806","3,582,194.00","1,135,314.00","435,849.90","442,187.75"
2019-02-14,"6,620","7,010","6,260","6,450","6,756.00","6,346.00","5,897.00","5,223.92","5,257.38",0,"2,941,386","2,188,444.00","1,273,010.00","483,669.90","465,470.48"
2019-02-15,"6,530","6,620","6,400","6,620","6,676.00","6,466.00","5,974.50","5,251.33","5,269.13",0,"911,754","1,737,408.00","1,313,839.00","496,879.97","471,056.81"
2019-02-18,"6,830","6,900","6,610","6,810","6,644.00","6,599.00","6,056.00","5,281.58","5,282.71",0,"1,569,922","1,603,266.00","1,378,247.00","522,159.47","480,599.88"
2019-02-19,"6,770","6,850","6,540","6,540","6,592.00","6,708.00","6,124.00","5,307.42","5,292.21",0,"937,804","1,482,334.00","1,414,091.00","536,160.55","486,035.90"
2019-02-20,"6,600","6,730","6,350","6,540","6,592.00","6,782.00","6,161.00","5,330.75","5,301.79",0,"857,864","1,443,746.00","1,408,677.00","548,195.27","491,502.71"
2019-02-21,"6,360","6,400","6,010","6,010","6,504.00","6,630.00","6,187.50","5,344.92","5,307.88",0,"1,550,853","1,165,639.00","1,460,860.00","572,589.07","503,390.40"
2019-02-22,"6,040","6,290","5,960","6,140","6,408.00","6,542.00","6,219.50","5,361.58","5,314.54",58,"1,131,544","1,209,597.00","1,504,174.00","590,356.45","512,000.23"
2019-02-25,"6,290","6,340","5,960","6,070","6,260.00","6,452.00","6,245.50","5,381.42","5,321.54",70,"751,208","1,045,855.00","1,528,169.00","600,887.00","517,200.41"
2019-02-26,"6,100","6,260","6,020","6,220","6,196.00","6,394.00","6,276.00","5,402.67","5,331.29",0,"642,576","986,809.00","1,550,932.00","608,995.98","520,664.09"
2019-02-27,"6,330","6,890","6,140","6,630","6,214.00","6,403.00","6,329.00","5,430.17","5,344.46",0,"6,306,481","2,076,532.00","1,857,470.00","712,742.32","572,341.32"
2019-02-28,"6,550","6,600","4,825","5,320","6,076.00","6,290.00","6,318.00","5,438.00","5,346.88",0,"2,512,242","2,268,810.00","1,977,084.00","750,552.75","592,492.89"
2019-03-04,"5,190","5,280","5,030","5,070","5,862.00","6,135.00","6,300.50","5,438.33","5,347.04",0,"1,149,759","2,272,453.00","2,028,999.00","767,658.02","601,151.25"
2019-03-05,"5,060","5,180","5,010","5,160","5,680.00","5,970.00","6,284.50","5,441.25","5,347.96",0,"372,882","2,196,788.00","2,043,258.00","772,402.25","603,781.48"
2019-03-06,"5,150","5,210","4,980","5,060","5,448.00","5,822.00","6,265.00","5,442.33","5,347.96",0,"366,148","2,141,502.00","2,057,843.00","777,085.55","606,165.26"
2019-03-07,"4,950","5,090","4,855","4,875","5,097.00","5,655.50","6,218.75","5,440.08","5,346.08",0,"302,302","940,666.60","2,010,785.00","781,124.65","608,283.67"
2019-03-08,"4,760","5,010","4,760","4,910","5,015.00","5,545.50","6,087.75","5,438.83","5,344.75",0,"230,093","484,236.80","1,526,783.00","784,062.03","609,500.90"
2019-03-11,"4,880","4,950","4,775","4,800","4,961.00","5,411.50","5,976.75","5,437.33","5,342.83",0,"188,774","292,039.80","1,377,875.00","785,639.55","606,527.95"
2019-03-12,"4,840","5,500","4,820","5,080","4,945.00","5,312.50","5,882.25","5,439.83","5,342.58",0,"1,192,049","455,873.20","1,325,445.00","804,535.88","615,608.86"
2019-03-13,"5,070","5,090","4,960","5,040","4,941.00","5,194.50","5,794.25","5,441.42","5,340.50",0,"189,819","420,607.40","1,257,813.00","807,106.55","615,497.11"
2019-03-14,"5,080","5,230","5,010","5,150","4,996.00","5,046.50","5,724.75","5,445.42","5,338.75",0,"160,032","392,153.40","1,213,275.00","809,491.20","614,735.42"
2019-03-15,"5,130","5,300","4,945","5,050","5,024.00","5,019.50","5,654.75","5,448.08","5,334.58",0,"358,406","417,816.00","1,084,126.00","814,835.38","605,449.94"
2019-03-18,"5,070","5,200","5,070","5,130","5,090.00","5,025.50","5,580.25","5,451.17","5,330.50",0,"144,689","408,999.00","1,045,772.00","816,489.50","604,386.84"
2019-03-19,"5,130","5,420","5,120","5,290","5,132.00","5,038.50","5,504.25","5,457.42","5,328.33",0,"591,236","288,836.40","996,838.05","825,209.57","607,441.28"
2019-03-20,"5,350","5,390","5,200","5,310","5,186.00","5,063.50","5,442.75","5,464.83","5,325.08",0,"252,221","301,316.80","962,558.90","828,051.70","603,585.63"
2019-03-21,"5,260","5,340","5,200","5,260","5,208.00","5,102.00","5,378.75","5,473.17","5,322.58",70,"128,905","295,091.40","926,110.95","828,985.93","601,191.63"
2019-03-22,"5,210","5,300","5,180","5,260","5,250.00","5,137.00","5,341.25","5,481.50","5,320.42",0,"119,552","247,320.60","854,545.90","829,491.08","561,836.74"
2019-03-25,"5,190","5,280","5,150","5,250","5,274.00","5,182.00","5,296.75","5,491.00","5,320.33",0,"96,371","237,657.00","802,787.25","829,369.85","558,200.72"
2019-03-26,"5,250","5,280","5,160","5,180","5,252.00","5,192.00","5,252.25","5,501.33","5,319.00",0,"86,126","136,635.00","769,533.15","829,396.88","557,531.92"
2019-03-27,"5,170","5,300","5,160","5,220","5,234.00","5,210.00","5,202.25","5,511.92","5,318.00",70,"128,555","111,901.80","743,832.10","830,985.80","557,465.72"
2019-03-28,"5,170","5,310","5,170","5,260","5,234.00","5,221.00","5,133.75","5,523.83","5,317.17",0,"123,257","110,772.20","434,670.90","832,097.68","557,483.28"
2019-03-29,"5,420","5,960","5,200","5,250","5,232.00","5,241.00","5,130.25","5,534.00","5,316.25",29,"2,744,641","635,790.00","446,290.85","877,284.83","579,438.55"
2019-04-01,"5,250","5,430","5,240","5,400","5,262.00","5,268.00","5,146.75","5,544.33","5,317.00",0,"320,672","680,650.20","404,836.50","881,661.57","581,086.72"
2019-04-02,"5,400","5,600","5,270","5,570","5,340.00","5,296.00","5,167.25","5,557.25","5,318.33",0,"456,550","754,735.00","409,019.90","888,614.35","580,354.90"
2019-04-03,"5,560","5,760","5,530","5,630","5,422.00","5,328.00","5,195.75","5,571.92","5,317.75",0,"372,659","803,555.80","409,345.45","893,957.68","578,348.88"
2019-04-04,"5,630","5,650","5,520","5,580","5,486.00","5,360.00","5,231.00","5,586.50","5,316.17",0,"144,642","807,832.80","401,462.45","895,426.12","576,496.20"
2019-04-05,"5,550","5,690","5,530","5,550","5,546.00","5,389.00","5,263.00","5,599.67","5,313.17",0,"138,977","286,700.00","396,906.65","895,430.02","551,726.59"
2019-04-08,"5,530","5,560","5,260","5,500","5,566.00","5,414.00","5,298.00","5,609.83","5,314.00",0,"169,059","256,377.40","395,920.90","894,078.75","546,232.93"
2019-04-09,"5,410","5,580","5,410","5,560","5,564.00","5,452.00","5,322.00","5,621.25","5,314.33",0,"121,252","189,317.80","342,381.05","894,749.40","543,742.88"
2019-04-10,"5,550","5,610","5,490","5,500","5,538.00","5,480.00","5,345.00","5,630.92","5,307.25",0,"75,495","129,885.00","336,664.85","894,420.10","526,812.10"
2019-04-11,"5,560","5,630","5,500","5,630","5,548.00","5,517.00","5,369.00","5,640.75","5,301.83",0,"177,808","136,518.20","337,553.65","895,380.78","520,434.16"
2019-04-12,"5,600","5,630","5,440","5,630","5,564.00","5,555.00","5,398.00","5,649.92","5,296.17",30,"257,622","160,247.20","332,514.45","896,549.87","517,217.78"
2019-04-15,"5,770","5,900","5,610","5,630","5,590.00","5,578.00","5,423.00","5,659.25","5,293.42",0,"310,837","188,602.80","340,821.85","900,144.30","514,043.28"
2019-04-16,"5,630","5,710","5,520","5,610","5,600.00","5,582.00","5,439.00","5,666.42","5,289.83",0,"204,929","205,338.20","321,506.50","898,863.97","512,965.69"
2019-04-17,"5,600","5,710","5,560","5,650","5,630.00","5,584.00","5,456.00","5,674.25","5,287.92",30,"215,008","233,240.80","319,645.85","898,765.37","513,219.14"
2019-04-18,"5,680","5,710","5,620","5,690","5,642.00","5,595.00","5,477.50","5,672.42","5,287.25",30,"160,407","229,760.60","321,220.95","885,336.42","512,449.37"
2019-04-19,"5,690","5,940","5,640","5,940","5,704.00","5,634.00","5,511.50","5,680.08","5,290.08",0,"301,385","238,513.20","330,312.60","881,906.05","513,080.91"
2019-04-22,"5,900","5,920","5,760","5,790","5,736.00","5,663.00","5,538.50","5,684.92","5,292.75",37,"305,515","237,448.80","340,769.80","882,577.10","513,810.76"
2019-04-23,"5,790","5,820","5,570","5,720","5,758.00","5,679.00","5,565.50","5,687.75","5,300.04",38,"153,786","227,220.20","344,152.80","880,618.35","511,779.48"
2019-04-24,"5,660","5,790","5,620","5,730","5,774.00","5,702.00","5,591.00","5,689.75","5,311.21",0,"139,979","212,214.40","344,724.00","879,829.47","509,169.28"
2019-04-25,"5,730","5,730","5,550","5,600","5,756.00","5,699.00","5,608.00","5,690.25","5,321.58",0,"108,595","201,852.00","343,990.90","878,710.75","506,923.67"
2019-04-26,"5,540","5,850","5,510","5,750","5,718.00","5,711.00","5,633.00","5,693.75","5,333.13",0,"248,404","191,255.80","219,179.05","880,851.45","507,387.29"
2019-04-29,"5,720","5,900","5,720","5,890","5,738.00","5,737.00","5,657.50","5,701.58","5,344.29",0,"316,091","193,371.00","218,950.00","884,261.87","506,689.31"
2019-04-30,"5,890","5,920","5,790","5,840","5,762.00","5,760.00","5,671.00","5,707.58","5,353.00",0,"153,185","193,250.80","203,781.75","885,353.30","506,036.49"
2019-05-02,"5,870","6,070","5,790","5,870","5,790.00","5,782.00","5,683.00","5,714.58","5,362.04",0,"341,326","233,520.20","202,215.10","889,801.10","508,116.53"
2019-05-03,"5,870","5,960","5,790","5,870","5,844.00","5,800.00","5,697.50","5,715.75","5,370.38",0,"90,486","229,898.40","199,507.30","870,584.80","507,883.61"
2019-05-07,"5,760","5,880","5,710","5,780","5,850.00","5,784.00","5,709.00","5,686.58","5,379.08",0,"47,806","189,778.80","194,948.75","706,212.68","507,019.18"
2019-05-08,"5,760","5,840","5,700","5,800","5,832.00","5,785.00","5,724.00","5,666.25","5,386.33",0,"72,047","140,970.00","190,098.15","654,631.22","506,860.72"
2019-05-09,"5,760","5,800","5,560","5,650","5,794.00","5,778.00","5,728.50","5,644.25","5,392.42",0,"113,966","133,126.20","189,733.85","619,186.77","507,139.10"
2019-05-10,"5,560","5,800","5,540","5,700","5,760.00","5,775.00","5,738.50","5,625.92","5,399.08",0,"105,682","85,997.40","191,243.20","595,240.45","507,437.66"
2019-05-13,"5,520","5,730","5,500","5,530","5,692.00","5,768.00","5,733.50","5,609.08","5,404.13",66,"147,987","97,497.60","189,752.15","580,193.47","508,021.68"
2019-05-14,"5,410","5,490","5,290","5,430","5,622.00","5,736.00","5,723.50","5,592.08","5,408.00",0,"113,736","110,683.60","182,557.85","533,065.97","508,367.93"
2019-05-15,"5,540","5,750","5,410","5,740","5,610.00","5,721.00","5,729.00","5,577.42","5,414.38",0,"126,694","121,613.00","173,350.70","519,981.63","508,430.80"
2019-05-16,"5,690","5,960","5,680","5,890","5,658.00","5,726.00","5,743.00","5,562.08","5,421.83",0,"177,356","134,291.00","171,972.05","496,772.20","509,465.83"
2019-05-17,"5,990","5,990","5,880","5,920","5,702.00","5,731.00","5,756.50","5,551.75","5,429.58",0,"127,884","138,731.40","167,615.85","483,273.53","509,717.04"
2019-05-20,"5,950","5,990","5,730","5,790","5,754.00","5,723.00","5,761.50","5,539.25","5,435.00",30,"68,343","122,802.60","163,012.65","470,114.85","509,155.06"
2019-05-21,"5,740","5,800","5,690","5,690","5,806.00","5,714.00","5,749.00","5,533.92","5,439.42",0,"36,607","107,376.80","149,773.75","444,877.42","508,733.24"
2019-05-22,"5,620","6,180","5,570","5,800","5,818.00","5,714.00","5,749.50","5,528.25","5,444.92",29,"313,766","144,791.20","150,186.30","431,247.78","510,802.12"
2019-05-23,"5,720","5,770","5,620","5,640","5,768.00","5,713.00","5,745.50","5,521.08","5,451.25",0,"62,696","121,859.20","145,631.80","419,772.58","510,329.79"
2019-05-24,"5,580","5,700","5,420","5,480","5,680.00","5,691.00","5,733.00","5,508.75","5,455.71",0,"91,016","114,485.60","143,183.65","410,579.92","509,787.95"
2019-05-27,"5,440","5,580","5,400","5,470","5,616.00","5,685.00","5,726.50","5,489.42","5,459.79",0,"65,024","113,821.80","141,005.10","306,555.63","509,648.97"
2019-05-28,"5,450","5,880","5,450","5,870","5,652.00","5,729.00","5,732.50","5,498.58","5,468.29",18,"182,034","142,907.20","137,686.60","267,718.83","509,135.79"
2019-05-29,"5,900","5,960","5,670","5,820","5,656.00","5,737.00","5,729.00","5,511.08","5,474.71",0,"147,195","109,593.00","129,241.80","251,009.43","509,333.72"
2019-05-30,"5,830","5,860","5,710","5,770","5,682.00","5,725.00","5,725.50","5,521.25","5,481.25",0,"74,869","112,027.60","125,326.00","246,042.55","509,222.40"
2019-05-31,"5,820","5,960","5,710","5,740","5,734.00","5,707.00","5,719.00","5,532.58","5,487.46",42,"111,379","116,100.20","113,828.65","241,796.40","509,440.97"
2019-06-03,"5,750","5,830","5,590","5,670","5,774.00","5,695.00","5,709.00","5,545.83","5,492.96",42,"80,322","119,159.80","113,320.45","238,096.73","509,610.69"
2019-06-04,"5,670","5,780","5,570","5,740","5,748.00","5,700.00","5,707.00","5,559.67","5,499.25",0,"72,092","97,171.40","114,534.75","235,463.38","509,762.71"
2019-06-05,"5,800","5,870","5,630","5,740","5,732.00","5,694.00","5,704.00","5,575.33","5,506.33",0,"79,532","83,638.80","114,909.00","233,642.68","509,641.12"
2019-06-07,"5,740","6,100","5,710","6,100","5,798.00","5,740.00","5,726.50","5,592.33","5,516.08",18,"292,177","127,100.40","123,819.55","218,644.82","511,590.35"
2019-06-10,"6,150","6,240","5,990","6,200","5,890.00","5,812.00","5,751.50","5,611.67","5,526.54",0,"211,589","147,142.40","129,114.90","219,007.65","513,057.10"
2019-06-11,"6,200","6,350","6,190","6,300","6,016.00","5,895.00","5,790.00","5,630.83","5,538.13",0,"168,143","164,706.60","130,122.70","219,142.83","514,317.02"
2019-06-12,"6,400","6,400","6,200","6,270","6,122.00","5,935.00","5,832.00","5,651.17","5,549.63",0,"83,808","167,049.80","128,626.30","214,566.20","514,700.79"
2019-06-13,"6,260","6,770","6,080","6,330","6,240.00","5,986.00","5,861.50","5,671.17","5,561.17",0,"758,424","302,828.20","160,212.80","224,795.12","520,642.31"
2019-06-14,"6,340","6,360","6,170","6,240","6,268.00","6,033.00","5,879.00","5,687.00","5,572.21",0,"123,256","269,044.00","157,507.80","216,995.45","521,102.51"
2019-06-17,"6,240","6,320","6,130","6,240","6,276.00","6,083.00","5,895.00","5,702.50","5,583.67",0,"38,743","234,474.80","153,050.75","213,437.48","520,744.59"
2019-06-18,"6,210","6,430","6,120","6,190","6,254.00","6,135.00","5,915.00","5,718.00","5,595.58",0,"106,437","222,133.60","154,955.45","213,063.02","521,024.47"
2019-06-19,"6,270","6,360","6,180","6,310","6,262.00","6,192.00","5,946.00","5,735.50","5,608.50",0,"114,068","228,185.60","158,828.50","212,971.62","521,231.35"
2019-06-20,"6,320","6,400","6,230","6,360","6,268.00","6,254.00","5,974.00","5,754.00","5,622.50",0,"65,412","89,583.20","146,410.80","212,455.63","520,912.74"
2019-06-21,"6,340","6,900","6,280","6,820","6,384.00","6,326.00","6,033.00","5,781.33","5,641.33",0,"824,123","229,756.60","184,482.15","224,755.58","527,076.23"
2019-06-24,"6,820","7,040","6,680","6,940","6,524.00","6,400.00","6,106.00","5,810.00","5,660.96",0,"729,080","367,824.00","216,385.35","234,764.33","532,875.07"
2019-06-25,"6,950","6,990","6,500","6,560","6,598.00","6,426.00","6,160.50","5,831.67","5,677.75",39,"392,751","425,086.80","232,771.70","239,255.90","535,676.79"
2019-06-26,"6,630","6,630","6,280","6,530","6,642.00","6,452.00","6,193.50","5,853.00","5,693.50",40,"291,376","460,548.40","238,238.80","198,368.15","537,826.49"
2019-06-27,"6,400","6,500","6,020","6,020","6,574.00","6,421.00","6,203.50","5,863.33","5,703.83",0,"294,624","506,390.80","245,610.25","197,934.02","539,797.79"
2019-06-28,"6,020","6,230","5,860","6,220","6,454.00","6,419.00","6,226.00","5,874.17","5,715.71",0,"120,386","365,643.40","247,886.10","192,331.28","540,472.82"
2019-07-01,"6,350","6,510","6,200","6,260","6,318.00","6,421.00","6,252.00","5,884.67","5,728.29",0,"182,908","256,409.00","251,462.55","189,168.77","541,563.22"
2019-07-02,"6,150","6,360","6,150","6,260","6,258.00","6,428.00","6,281.50","5,896.00","5,741.25",0,"70,204","191,899.60","250,956.65","187,928.13","541,677.13"
2019-07-03,"6,350","6,350","5,950","6,040","6,160.00","6,401.00","6,296.50","5,904.17","5,751.92",0,"119,929","157,610.20","253,348.50","187,610.67","541,520.34"
2019-07-04,"6,040","6,040","5,720","5,860","6,128.00","6,351.00","6,302.50","5,910.17","5,760.00",0,"187,492","136,183.80","258,746.50","187,917.88","540,998.32"
2019-07-05,"5,860","5,870","5,710","5,780","6,040.00","6,247.00","6,286.50","5,913.83","5,767.54",0,"110,662","134,239.00","249,670.75","187,741.38","541,245.39"
2019-07-08,"5,770","5,770","4,970","4,970","5,782.00","6,050.00","6,225.00","5,905.00","5,767.96",2,"451,867","188,030.80","261,684.65","194,014.25","544,217.18"
2019-07-09,"4,930","5,070","4,815","4,950","5,520.00","5,889.00","6,157.50","5,893.67","5,767.21",54,"305,510","235,092.00","268,553.00","196,142.62","545,761.70"
2019-07-10,"4,875","5,200","4,850","5,010","5,314.00","5,737.00","6,094.50","5,883.33","5,766.63",64,"84,233","227,952.80","268,574.25","193,252.80","544,901.33"
2019-07-11,"4,930","5,280","4,930","5,260","5,194.00","5,661.00","6,041.00","5,877.17","5,768.21",0,"110,079","212,470.20","236,157.00","189,906.83","545,025.57"
2019-07-12,"5,200","6,350","5,200","5,640","5,166.00","5,603.00","6,011.00","5,877.67","5,772.04",68,"1,278,220","445,981.80","293,905.20","207,795.02","553,329.49"
2019-07-15,"5,550","5,690","5,470","5,620","5,296.00","5,539.00","5,980.00","5,877.17","5,775.71",0,"164,869","388,582.20","300,211.50","206,959.37","552,862.37"
2019-07-16,"5,560","5,620","5,360","5,390","5,384.00","5,452.00","5,940.00","5,872.17","5,772.29",0,"146,638","356,807.80","302,221.55","206,729.88","546,033.15"
2019-07-17,"5,370","5,460","5,280","5,280","5,438.00","5,376.00","5,888.50","5,861.17","5,770.63",0,"70,284","354,018.00","300,032.35","202,878.20","542,392.13"
2019-07-18,"5,350","5,440","5,240","5,300","5,446.00","5,320.00","5,835.50","5,853.00","5,768.96",0,"64,625","344,927.20","299,993.00","198,863.37","540,720.23"
2019-07-19,"5,300","5,430","5,250","5,360","5,390.00","5,278.00","5,762.50","5,847.00","5,767.38",0,"68,152","102,913.60","262,194.45","197,436.13","539,027.24"
2019-07-22,"5,300","5,380","5,230","5,290","5,324.00","5,310.00","5,680.00","5,839.67","5,764.71",0,"48,855","79,710.80","228,183.20","195,917.40","537,873.43"
2019-07-23,"5,260","5,380","5,200","5,290","5,304.00","5,344.00","5,616.50","5,834.50","5,762.38",0,"39,632","58,309.60","210,527.25","194,768.02","536,739.38"
2019-07-24,"5,250","5,340","5,140","5,230","5,294.00","5,366.00","5,551.50","5,825.83","5,759.79",0,"39,104","52,073.60","197,913.65","191,279.68","536,065.57"
2019-07-25,"5,120","5,160","5,000","5,020","5,238.00","5,342.00","5,501.50","5,811.33","5,756.46",0,"90,370","57,222.60","187,700.95","187,517.67","535,889.77"
2019-07-26,"4,950","5,100","4,870","4,970","5,160.00","5,275.00","5,439.00","5,796.83","5,752.21",0,"106,519","64,896.00","187,007.60","186,739.90","536,046.60"
2019-07-29,"4,975","5,020","4,575","4,640","5,030.00","5,177.00","5,358.00","5,776.33","5,745.46",0,"121,786","79,482.20","183,951.50","183,080.90","536,441.00"
2019-07-30,"4,455","4,875","4,450","4,850","4,942.00","5,123.00","5,287.50","5,759.33","5,737.54",47,"128,703","97,296.40","186,876.45","183,717.85","527,151.32"
2019-07-31,"4,745","4,875","4,665","4,760","4,848.00","5,071.00","5,223.50","5,742.33","5,714.46",0,"128,669","115,209.40","187,313.45","185,065.57","445,639.13"
2019-08-01,"4,705","4,785","4,630","4,630","4,770.00","5,004.00","5,162.00","5,722.83","5,694.54",0,"128,246","122,784.60","184,351.15","186,002.22","420,316.72"
2019-08-02,"4,455","4,750","4,455","4,685","4,713.00","4,936.50","5,107.25","5,706.75","5,675.50",0,"90,507","119,582.20","183,343.40","185,611.23","402,399.00"
2019-08-05,"4,600","4,685","4,050","4,170","4,619.00","4,824.50","5,067.25","5,681.25","5,653.58",0,"198,816","134,988.20","170,690.85","187,163.47","391,201.96"
2019-08-06,"3,975","4,310","3,535","4,100","4,469.00","4,705.50","5,024.75","5,657.42","5,633.25",0,"280,683","165,384.20","169,449.50","189,375.07","384,784.27"
2019-08-07,"3,950","4,165","3,900","4,100","4,337.00","4,592.50","4,979.25","5,635.25","5,613.67",0,"151,063","169,863.00","172,791.00","189,997.18","361,531.58"
2019-08-08,"4,230","4,430","4,180","4,380","4,287.00","4,528.50","4,935.25","5,612.58","5,595.00",0,"131,085","170,430.80","173,841.30","190,070.37","355,026.00"
2019-08-09,"4,355","4,560","4,230","4,505","4,251.00","4,482.00","4,878.50","5,589.50","5,575.79",0,"108,381","174,005.60","115,349.35","188,920.78","342,846.49"
2019-08-12,"4,505","4,615","4,430","4,545","4,326.00","4,472.50","4,824.75","5,566.58","5,559.17",67,"53,389","144,920.20","109,775.35","187,679.20","335,476.37"
2019-08-13,"4,500","4,500","4,345","4,405","4,387.00","4,428.00","4,775.50","5,543.50","5,541.38",0,"151,947","119,173.00","110,040.80","189,072.60","329,593.72"
2019-08-14,"4,425","4,650","4,380","4,450","4,457.00","4,397.00","4,734.00","5,522.83","5,528.38",0,"220,690","133,098.40","117,561.10","192,140.65","318,509.03"
2019-08-16,"4,400","4,425","4,270","4,355","4,452.00","4,369.50","4,686.75","5,498.75","5,513.50",0,"102,786","127,438.60","119,469.15","188,624.32","309,936.05"
2019-08-19,"4,425","4,865","4,405","4,535","4,458.00","4,354.50","4,645.50","5,480.33","5,500.71",66,"351,767","176,115.80","133,649.90","193,442.17","306,607.38"
2019-08-20,"4,540","4,590","4,500","4,560","4,461.00","4,393.50","4,609.00","5,465.00","5,486.88",0,"69,758","179,389.60","134,695.05","193,087.87","301,833.89"
2019-08-21,"4,560","5,130","4,515","5,130","4,606.00","4,496.50","4,601.00","5,459.33","5,474.38",18,"569,284","262,857.00","161,177.65","201,492.20","254,023.92"
2019-08-22,"5,310","6,660","5,160","6,660","5,048.00","4,752.50","4,672.50","5,472.50","5,485.54",0,"13,375,891","2,893,897.00","828,017.00","421,389.82","344,554.33"
2019-08-23,"6,450","6,470","6,040","6,080","5,393.00","4,922.50","4,725.50","5,476.83","5,493.96",37,"3,669,803","3,607,301.00","1,006,989.00","480,099.95","365,554.69"
2019-08-26,"5,880","6,340","5,760","6,300","5,746.00","5,102.00","4,792.00","5,485.67","5,503.46",0,"3,148,147","4,166,577.00","1,159,070.00","531,321.25","388,681.90"
2019-08-27,"6,240","6,310","5,880","6,180","6,070.00","5,265.50","4,869.00","5,493.00","5,512.79",0,"1,706,995","4,494,024.00","1,238,331.00","557,914.85","399,855.63"
2019-08-28,"6,130","6,560","5,940","5,960","6,236.00","5,421.00","4,924.50","5,497.83","5,521.83",29,"2,636,288","4,907,425.00","1,363,710.00","600,514.28","419,305.51"
2019-08-29,"6,020","6,030","5,690","5,980","6,100.00","5,574.00","4,985.50","5,501.83","5,530.75",0,"810,172","2,394,281.00","1,397,785.00","612,815.62","424,139.50"
2019-08-30,"6,010","6,340","5,840","6,200","6,124.00","5,758.50","5,064.00","5,509.50","5,542.42",0,"2,342,452","2,128,811.00","1,508,495.00","650,530.95","442,086.82"
2019-09-02,"6,320","6,500","6,030","6,500","6,164.00","5,955.00","5,154.75","5,516.17","5,554.25",0,"1,204,245","1,740,030.00","1,564,182.00","665,732.08","442,188.45"
2019-09-03,"6,360","6,550","6,190","6,300","6,188.00","6,129.00","5,261.25","5,517.83","5,564.75",17,"1,396,625","1,677,956.00","1,624,073.00","685,482.68","452,245.17"
2019-09-04,"6,010","6,090","5,880","5,970","6,190.00","6,213.00","5,354.75","5,512.33","5,571.58",0,"726,665","1,296,032.00","1,646,372.00","694,791.38","456,967.11"
2019-09-05,"5,970","6,150","5,700","6,050","6,204.00","6,152.00","5,452.25","5,508.67","5,579.92",0,"1,330,926","1,400,183.00","1,705,365.00","715,576.68","465,071.44"
2019-09-06,"6,130","6,330","5,900","6,050","6,174.00","6,149.00","5,535.75","5,504.00","5,587.58",0,"1,407,662","1,213,225.00","1,769,194.00","726,397.32","475,596.22"
2019-09-09,"5,940","6,010","5,720","5,800","6,034.00","6,099.00","5,600.50","5,496.67","5,591.83",0,"390,424","1,050,460.00","1,783,296.00","730,850.12","473,922.78"
2019-09-10,"5,800","6,350","5,750","5,990","5,972.00","6,080.00","5,672.75","5,492.50","5,597.50",0,"2,242,277","1,219,591.00","1,892,740.00","767,575.68","490,506.58"
2019-09-11,"6,050","6,110","5,940","6,000","5,978.00","6,084.00","5,752.50","5,489.33","5,603.67",0,"894,912","1,253,240.00","1,929,888.00","780,716.93","496,889.97"
2019-09-16,"5,960","6,050","5,770","5,960","5,960.00","6,082.00","5,828.00","5,483.50","5,609.50",0,"535,350","1,094,125.00","1,945,621.00","787,738.30","500,354.96"
2019-09-17,"6,120","6,400","5,810","5,910","5,932.00","6,053.00","5,905.75","5,476.00","5,615.00",0,"2,654,799","1,343,552.00","2,073,222.00","830,894.75","521,675.19"
2019-09-18,"5,960","5,960","5,800","5,900","5,952.00","5,993.00","5,974.00","5,460.67","5,621.00",0,"534,672","1,372,402.00","2,082,367.00","826,070.57","525,413.07"
2019-09-19,"5,890","5,990","5,810","5,840","5,922.00","5,947.00","6,038.00","5,442.33","5,626.17",0,"410,449","1,006,036.00","2,099,402.00","820,760.05","527,762.19"
2019-09-20,"5,800","5,970","5,790","5,890","5,900.00","5,939.00","6,076.00","5,431.17","5,631.42",0,"324,273","891,908.60","2,087,151.00","819,618.75","529,437.32"
2019-09-23,"5,910","6,340","5,860","5,970","5,902.00","5,931.00","6,041.50","5,421.83","5,637.42",0,"3,151,320","1,415,103.00","1,575,923.00","867,284.48","532,826.32"
2019-09-24,"5,920","5,970","5,810","5,820","5,884.00","5,908.00","6,028.50","5,418.50","5,640.92",0,"709,990","1,026,141.00","1,427,932.00","874,207.25","536,070.63"
2019-09-25,"5,780","5,800","5,330","5,330","5,770.00","5,861.00","5,980.00","5,403.67","5,638.92",2,"1,031,174","1,125,441.00","1,322,084.00","889,387.05","540,859.17"
2019-09-26,"5,350","5,440","5,160","5,250","5,652.00","5,787.00","5,933.50","5,386.83","5,635.75",0,"332,204","1,109,792.00","1,253,344.00","891,875.32","540,522.04"
2019-09-27,"5,190","5,430","5,190","5,280","5,530.00","5,715.00","5,899.50","5,370.50","5,633.25",0,"301,657","1,105,269.00","1,136,612.00","895,732.87","541,830.50"
2019-09-30,"5,180","5,460","5,090","5,230","5,382.00","5,642.00","5,862.00","5,357.00","5,630.58",0,"660,332","607,071.40","1,129,120.00","904,739.58","546,175.13"
2019-10-01,"5,150","5,210","5,020","5,080","5,234.00","5,559.00","5,806.00","5,344.00","5,627.08",0,"273,948","519,863.00","1,025,695.00","906,180.52","547,049.20"
2019-10-02,"5,010","5,140","5,010","5,050","5,178.00","5,474.00","5,733.50","5,331.83","5,622.83",0,"187,084","351,045.00","974,837.15","907,454.22","547,597.80"
2019-10-04,"5,030","5,450","5,030","5,050","5,138.00","5,395.00","5,671.00","5,333.17","5,619.08",66,"679,244","420,453.00","938,968.10","911,243.83","552,629.04"
2019-10-07,"4,830","4,990","4,805","4,805","5,043.00","5,286.50","5,612.75","5,330.75","5,612.21",0,"282,064","416,534.40","916,738.05","910,853.07","553,497.84"
2019-10-08,"4,695","4,920","4,690","4,860","4,969.00","5,175.50","5,553.25","5,328.25","5,605.79",0,"253,993","335,266.60","862,891.40","913,682.40","553,467.60"
2019-10-10,"4,790","5,180","4,790","4,880","4,929.00","5,081.50","5,494.75","5,321.92","5,599.54",66,"348,348","350,146.60","809,925.70","917,653.55","553,780.19"
2019-10-11,"4,860","4,970","4,860","4,880","4,895.00","5,036.50","5,448.75","5,309.25","5,593.46",68,"99,255","332,580.80","795,367.25","898,004.13","552,899.57"
2019-10-14,"5,190","5,400","4,950","5,050","4,895.00","5,016.50","5,401.75","5,299.75","5,588.46",0,"404,134","277,558.80","703,460.10","901,991.88","554,475.63"
2019-10-15,"5,030","5,160","4,930","5,060","4,946.00","4,994.50","5,354.75","5,294.25","5,583.21",0,"139,586","249,063.20","665,693.80","901,874.35","554,302.12"
2019-10-16,"5,110","5,110","4,995","5,040","4,982.00","4,975.50","5,308.75","5,290.25","5,575.71",0,"144,713","227,207.20","646,161.95","903,114.83","552,996.52"
2019-10-17,"5,070","5,100","4,990","5,030","5,012.00","4,970.50","5,264.75","5,285.75","5,569.38",0,"155,644","188,666.40","521,204.20","904,631.82","551,747.59"
2019-10-18,"5,020","5,130","5,020","5,070","5,050.00","4,972.50","5,223.25","5,280.92","5,563.96",0,"140,414","196,898.20","501,491.30","905,836.18","551,636.16"
2019-10-21,"5,000","5,140","4,960","4,990","5,038.00","4,966.50","5,180.75","5,275.92","5,557.79",0,"189,845","154,040.40","490,461.10","908,186.02","552,051.71"
2019-10-22,"4,980","5,060","4,970","5,030","5,032.00","4,989.00","5,137.75","5,271.58","5,553.04",0,"125,652","151,253.60","480,530.05","909,619.68","552,193.85"
2019-10-23,"4,955","5,030","4,825","4,835","4,991.00","4,986.50","5,081.00","5,265.00","5,545.42",0,"228,350","167,981.00","334,381.55","912,773.78","552,026.73"
2019-10-24,"4,805","4,885","4,800","4,865","4,958.00","4,985.00","5,033.25","5,262.42","5,536.88",0,"106,694","158,191.00","304,216.75","913,045.85","550,281.76"
2019-10-25,"4,870","4,885","4,770","4,855","4,915.00","4,982.50","5,009.50","5,260.50","5,528.67",0,"129,039","155,916.00","259,110.00","913,421.18","550,080.54"
2019-10-28,"4,830","4,870","4,775","4,815","4,880.00","4,959.00","4,987.75","5,263.42","5,519.88",0,"84,702","134,887.40","246,734.90","912,803.12","547,942.01"
2019-10-29,"4,770","4,995","4,770","4,945","4,863.00","4,947.50","4,971.00","5,265.00","5,512.17",60,"146,762","139,109.40","238,990.15","913,104.10","548,410.97"
2019-10-30,"4,940","4,960","4,875","4,925","4,881.00","4,936.00","4,955.75","5,267.75","5,505.04",0,"90,490","111,537.40","210,498.05","912,467.78","548,766.68"
2019-10-31,"4,925","4,975","4,900","4,930","4,894.00","4,926.00","4,948.25","5,272.75","5,497.79",0,"75,638","105,326.20","200,582.55","911,590.98","548,796.60"
2019-11-01,"4,880","4,970","4,830","4,830","4,889.00","4,902.00","4,937.25","5,275.17","5,490.96",0,"86,221","96,762.60","195,539.40","911,519.55","548,565.39"
2019-11-04,"4,820","4,990","4,810","4,965","4,919.00","4,899.50","4,933.00","5,288.42","5,484.83",60,"95,968","99,015.80","166,375.60","909,805.42","548,484.44"
2019-11-05,"4,950","5,050","4,950","4,985","4,927.00","4,895.00","4,942.00","5,303.17","5,480.29",61,"79,279","85,519.20","156,236.35","906,448.68","547,911.88"
2019-11-06,"5,000","5,060","4,940","4,960","4,934.00","4,907.50","4,947.00","5,317.50","5,476.38",0,"128,025","93,026.20","149,937.95","906,064.72","548,030.95"
2019-11-07,"4,990","5,000","4,850","4,875","4,923.00","4,908.50","4,946.75","5,325.75","5,469.17",0,"98,251","97,548.80","137,433.10","905,517.48","547,793.93"
2019-11-08,"4,880","4,945","4,870","4,895","4,936.00","4,912.50","4,947.50","5,332.25","5,460.88",0,"79,355","96,175.60","136,438.10","905,033.72","546,977.25"
2019-11-11,"4,880","4,920","4,780","4,810","4,905.00","4,912.00","4,935.50","5,336.67","5,451.63",0,"86,232","94,228.40","120,543.00","905,581.10","546,630.15"
2019-11-12,"4,810","4,820","4,730","4,775","4,863.00","4,895.00","4,921.25","5,342.83","5,443.17",0,"92,359","96,844.40","118,181.65","904,587.97","546,830.28"
2019-11-13,"4,735","4,845","4,735","4,835","4,838.00","4,886.00","4,911.00","5,349.25","5,436.04",0,"62,386","83,716.60","114,065.30","901,949.57","547,045.11"
2019-11-14,"4,785","4,825","4,745","4,755","4,814.00","4,868.50","4,897.25","5,355.92","5,427.33",0,"90,959","82,258.20","110,831.05","901,752.45","545,188.38"
2019-11-15,"4,835","4,835","4,705","4,745","4,784.00","4,860.00","4,881.00","5,359.42","5,419.88",0,"106,017","87,590.60","109,111.20","897,656.62","545,549.39"
2019-11-18,"4,720","4,800","4,700","4,730","4,768.00","4,836.50","4,868.00","5,362.25","5,413.63",0,"105,741","91,492.40","104,906.00","898,256.33","545,672.10"
2019-11-19,"4,695","4,785","4,500","4,520","4,717.00","4,790.00","4,842.50","5,352.08","5,405.71",0,"251,047","123,230.00","111,175.75","892,952.38","547,222.29"
2019-11-20,"4,505","4,520","4,300","4,315","4,613.00","4,725.50","4,816.50","5,313.00","5,392.75",2,"269,694","164,691.60","113,242.95","674,515.77","547,952.79"
2019-11-21,"4,295","4,365","4,245","4,300","4,522.00","4,668.00","4,788.25","5,283.33","5,380.08",0,"101,758","166,851.40","112,996.15","615,048.35","547,574.15"
2019-11-22,"4,215","4,425","4,215","4,325","4,438.00","4,611.00","4,761.75","5,250.42","5,368.04",64,"91,398","163,927.60","111,114.10","564,102.53","547,711.89"
2019-11-25,"4,355","5,440","4,340","4,820","4,456.00","4,612.00","4,762.00","5,227.75","5,360.38",0,"4,183,372","979,453.80","316,047.60","605,375.48","581,645.17"
2019-11-26,"4,765","4,765","4,600","4,715","4,495.00","4,606.00","4,750.50","5,207.00","5,352.42",37,"536,645","1,036,573.00","335,541.75","570,381.43","585,447.86"
2019-11-27,"4,720","5,000","4,650","4,750","4,582.00","4,597.50","4,741.75","5,186.50","5,344.17",0,"1,046,104","1,191,855.00","383,322.45","574,313.63","593,564.63"
2019-11-28,"4,680","4,735","4,505","4,510","4,624.00","4,573.00","4,720.75","5,158.33","5,333.92",0,"509,279","1,273,360.00","405,004.50","543,760.75","597,145.85"
2019-11-29,"4,500","4,680","4,460","4,470","4,653.00","4,545.50","4,702.75","5,124.50","5,320.33",0,"338,098","1,322,700.00","417,598.35","529,324.97","597,528.53"
2019-12-02,"4,475","4,730","4,405","4,440","4,577.00","4,516.50","4,676.50","5,093.50","5,305.67",0,"424,149","570,855.00","434,007.40","513,117.03","599,299.86"
2019-12-03,"4,450","4,525","4,365","4,485","4,531.00","4,513.00","4,651.50","5,068.75","5,290.54",0,"122,956","488,117.20","436,191.25","503,055.22","598,923.30"
2019-12-04,"4,440","4,545","4,310","4,380","4,457.00","4,519.50","4,622.50","5,040.92","5,274.79",0,"181,767","315,249.80","438,878.35","483,902.57","599,739.63"
2019-12-05,"4,380","4,450","4,265","4,270","4,409.00","4,516.50","4,592.25","5,011.25","5,257.63",0,"129,365","239,267.00","440,434.05","462,597.62","594,497.47"
2019-12-06,"4,160","4,330","4,160","4,330","4,381.00","4,517.00","4,564.00","4,986.75","5,241.71",0,"138,352","199,317.80","443,383.90","458,396.42","594,623.27"
2019-12-09,"4,330","4,375","4,290","4,330","4,359.00","4,468.00","4,540.00","4,959.08","5,225.79",0,"89,550","132,398.00","443,549.80","422,517.63","595,046.66"
2019-12-10,"4,290","4,400","4,280","4,320","4,326.00","4,428.50","4,517.25","4,931.08","5,210.21",0,"79,011","123,609.00","442,882.40","408,919.28","594,818.11"
2019-12-11,"4,285","4,365","4,280","4,305","4,311.00","4,384.00","4,490.75","4,903.50","5,193.50",70,"86,490","104,553.60","444,087.60","401,438.28","594,588.29"
2019-12-12,"4,280","4,450","4,280","4,380","4,333.00","4,371.00","4,472.00","4,878.00","5,177.00",70,"77,683","94,217.20","443,423.80","358,486.35","594,690.55"
2019-12-13,"4,390","4,485","4,340","4,430","4,353.00","4,367.00","4,456.25","4,853.50","5,157.08",0,"66,685","79,883.80","441,457.20","350,686.57","588,378.57"
2019-12-16,"4,430","4,485","4,420","4,455","4,378.00","4,368.50","4,442.50","4,830.42","5,136.38",0,"54,744","72,922.60","438,907.35","344,758.15","582,759.10"
2019-12-17,"4,415","4,505","4,280","4,280","4,370.00","4,348.00","4,430.50","4,803.58","5,117.38",0,"151,830","87,486.40","433,946.50","341,884.10","580,751.43"
2019-12-18,"4,240","4,340","4,240","4,310","4,371.00","4,341.00","4,430.25","4,775.92","5,098.88",0,"68,487","83,885.80","423,886.15","290,503.55","578,894.02"
2019-12-19,"4,370","4,380","4,260","4,260","4,347.00","4,340.00","4,428.25","4,749.92","5,084.21",0,"122,871","92,923.40","424,941.80","280,718.23","577,462.74"
2019-12-20,"4,260","4,300","4,175","4,215","4,304.00","4,328.50","4,422.75","4,731.33","5,067.50",0,"129,386","105,463.60","426,841.20","265,688.43","577,537.74"
2019-12-23,"4,215","4,300","4,055","4,075","4,228.00","4,303.00","4,385.50","4,711.75","5,049.29",0,"352,158","164,946.40","235,280.50","266,021.00","578,948.16"
2019-12-24,"4,055","4,080","3,965","4,035","4,179.00","4,274.50","4,351.50","4,691.00","5,030.75",0,"208,285","176,237.40","218,862.50","264,464.80","580,098.83"
2019-12-26,"4,015","4,120","4,015","4,050","4,127.00","4,249.00","4,316.50","4,671.33","5,014.17",0,"98,083","182,156.60","171,461.45","255,093.98","579,916.78"
2019-12-27,"4,005","4,195","4,005","4,150","4,105.00","4,226.00","4,298.50","4,655.83","4,999.92",0,"123,586","182,299.60","152,176.80","252,587.95","579,384.23"
2019-12-30,"4,140","4,215","4,125","4,200","4,102.00","4,203.00","4,285.00","4,641.67","4,986.75",0,"121,747","180,771.80","141,359.25","251,499.00","579,476.61"
2020-01-02,"4,170","4,240","4,165","4,215","4,130.00","4,179.00","4,273.75","4,627.75","4,980.46",67,"54,973","121,334.80","122,900.45","241,094.48","576,169.16"
2020-01-03,"4,200","4,275","4,200","4,250","4,173.00","4,176.00","4,262.00","4,618.50","4,974.63",67,"57,230","91,123.80","119,614.15","237,347.25","574,100.16"
2020-01-06,"4,250","4,265","4,045","4,110","4,185.00","4,156.00","4,248.50","4,606.00","4,967.13",0,"96,846","90,876.40","115,368.10","234,728.13","574,205.27"
2020-01-07,"4,060","4,195","4,060","4,135","4,182.00","4,143.50","4,241.75","4,593.58","4,957.75",0,"69,686","80,096.40","112,384.15","230,083.77","573,868.66"
2020-01-08,"4,115","4,125","3,850","3,940","4,130.00","4,116.00","4,222.25","4,577.92","4,943.58",0,"210,784","97,903.80","116,005.75","231,942.58","564,973.36"
2020-01-09,"3,990","4,160","3,945","4,150","4,117.00","4,123.50","4,213.25","4,562.92","4,931.33",0,"95,084","105,926.00","116,282.45","226,791.75","564,391.82"
2020-01-10,"4,115","4,400","4,115","4,320","4,131.00","4,152.00","4,213.25","4,550.58","4,922.42",0,"273,635","149,207.00","126,013.65","229,025.90","565,450.13"
2020-01-13,"4,230","4,230","3,960","4,190","4,147.00","4,166.00","4,207.50","4,536.42","4,913.33",71,"149,224","159,682.60","129,150.35","229,101.08","566,107.96"
2020-01-14,"4,165","4,220","4,120","4,170","4,154.00","4,168.00","4,197.00","4,522.08","4,903.92",0,"59,526","157,650.60","128,242.50","227,499.12","566,065.47"
2020-01-15,"4,170","4,215","4,130","4,165","4,199.00","4,164.50","4,183.75","4,507.00","4,893.96",0,"81,523","131,798.40","128,984.40","226,517.60","566,176.89"
2020-01-16,"4,175","4,260","4,165","4,175","4,204.00","4,160.50","4,169.75","4,493.42","4,884.67",0,"111,885","135,158.60","131,841.45","225,218.27","566,702.14"
2020-01-17,"4,180","4,230","4,175","4,195","4,179.00","4,155.00","4,165.50","4,479.50","4,875.54",0,"61,701","92,771.80","127,335.00","224,152.42","566,886.05"
2020-01-20,"4,320","4,335","4,165","4,220","4,185.00","4,166.00","4,161.00","4,469.25","4,867.13",0,"207,495","104,426.00","134,285.40","223,804.83","568,289.31"
2020-01-21,"4,180","4,265","4,180","4,235","4,198.00","4,176.00","4,159.75","4,458.75","4,860.58",0,"88,876","110,296.00","132,585.65","223,507.87","568,276.86"
2020-01-22,"4,205","4,485","4,165","4,200","4,205.00","4,202.00","4,159.00","4,447.83","4,854.17",0,"318,174","157,626.20","142,025.05","226,660.12","570,040.65"
2020-01-23,"4,200","4,230","4,125","4,125","4,195.00","4,199.50","4,161.50","4,436.33","4,849.88",0,"108,513","156,951.80","129,842.80","227,056.97","569,930.04"
2020-01-28,"4,065","4,065","3,900","3,960","4,148.00","4,163.50","4,157.75","4,419.92","4,842.46",0,"149,884","174,588.40","126,922.75","227,109.00","570,106.55"
2020-01-29,"3,915","4,025","3,900","3,975","4,099.00","4,142.00","4,154.00","4,404.08","4,835.92",70,"61,095","145,308.40","125,073.35","226,619.08","569,543.43"
2020-01-30,"3,945","3,990","3,885","3,930","4,038.00","4,118.00","4,143.00","4,387.42","4,830.08",0,"78,351","143,203.40","122,811.60","226,664.30","569,127.64"
2020-01-31,"3,935","4,095","3,705","3,760","3,950.00","4,077.50","4,121.00","4,369.58","4,822.38",0,"212,109","121,990.40","127,329.70","228,762.43","570,140.99"
2020-02-03,"3,600","3,700","3,555","3,690","3,863.00","4,029.00","4,094.75","4,348.33","4,818.38",0,"142,198","128,727.40","131,690.95","229,532.93","569,669.18"
2020-02-04,"3,690","3,870","3,690","3,835","3,838.00","3,993.00","4,074.00","4,329.17","4,816.17",0,"81,224","114,995.40","132,890.65","229,565.35","568,007.02"
2020-02-05,"3,925","3,925","3,805","3,810","3,805.00","3,952.00","4,059.00","4,310.00","4,813.75",0,"64,670","115,710.40","131,281.85","228,509.43","567,287.07"
2020-02-06,"3,885","3,920","3,825","3,910","3,801.00","3,919.50","4,047.75","4,293.92","4,809.83",0,"37,512","107,542.60","129,673.15","227,497.12","566,507.30"
2020-02-07,"3,870","3,930","3,870","3,910","3,831.00","3,890.50","4,046.25","4,277.50","4,804.88",0,"38,323","72,785.40","121,050.10","226,813.25","565,923.48"
2020-02-10,"3,965","3,965","3,735","3,875","3,868.00","3,865.50","4,032.50","4,261.92","4,799.29",0,"153,985","75,142.80","123,995.15","227,942.47","566,761.78"
2020-02-11,"3,875","3,960","3,835","3,925","3,886.00","3,862.00","4,012.75","4,247.75","4,795.29",0,"72,483","73,394.60","113,937.55","227,611.20","566,099.58"
2020-02-12,"3,965","3,965","3,880","3,935","3,911.00","3,858.00","4,000.00","4,232.75","4,791.00",0,"45,970","69,654.60","108,774.85","227,337.60","564,643.58"
2020-02-13,"3,940","4,065","3,920","4,015","3,932.00","3,866.50","3,992.25","4,220.42","4,788.17",0,"141,622","90,476.60","112,879.65","228,181.98","564,967.22"
2020-02-14,"3,975","4,100","3,975","4,015","3,953.00","3,892.00","3,984.75","4,208.25","4,783.83",0,"97,012","102,214.40","113,654.10","228,031.90","562,844.26"
2020-02-17,"4,015","4,015","3,905","3,915","3,961.00","3,914.50","3,971.75","4,194.67","4,778.46",0,"78,719","87,161.20","111,995.80","227,581.53","562,918.93"
2020-02-18,"4,290","4,610","3,930","3,930","3,962.00","3,924.00","3,958.50","4,184.83","4,768.46",0,"1,298,484","332,361.40","173,834.95","245,038.82","568,995.60"
2020-02-19,"3,930","3,985","3,750","3,790","3,933.00","3,922.00","3,937.00","4,176.08","4,744.54",0,"255,028","374,173.00","176,211.60","244,794.38","459,655.08"
2020-02-20,"3,800","3,880","3,750","3,770","3,884.00","3,908.00","3,913.75","4,167.25","4,725.29",70,"134,782","372,805.00","178,506.90","245,344.78","430,196.57"
2020-02-21,"3,650","3,745","3,650","3,700","3,821.00","3,887.00","3,888.75","4,156.83","4,703.63",0,"130,628","379,528.20","169,129.60","245,998.62","405,050.58"
2020-02-24,"3,610","3,700","3,575","3,585","3,755.00","3,858.00","3,861.75","4,136.25","4,682.00",0,"205,381","404,860.60","173,973.00","179,698.77","392,537.13"
2020-02-25,"3,485","3,650","3,485","3,630","3,695.00","3,828.50","3,845.25","4,118.17","4,662.58",0,"78,107","160,785.20","170,384.15","172,056.47","371,218.95"
2020-02-26,"3,555","3,780","3,555","3,580","3,653.00","3,793.00","3,825.50","4,098.67","4,642.58",66,"98,873","129,554.20","172,273.05","156,269.28","365,291.46"
2020-02-27,"3,650","3,665","3,510","3,550","3,609.00","3,746.50","3,806.50","4,082.67","4,620.50",0,"113,884","125,374.60","174,049.70","149,679.37","346,720.06"
2020-02-28,"3,425","3,490","3,340","3,390","3,547.00","3,684.00","3,788.00","4,064.67","4,594.58",0,"158,394","130,927.80","171,363.95","146,684.30","338,004.63"
2020-03-02,"3,400","3,510","3,355","3,400","3,510.00","3,632.50","3,773.50","4,047.33","4,570.42",0,"50,214","99,894.40","166,764.75","140,452.05","326,784.54"
2020-03-03,"3,425","3,535","3,410","3,425","3,469.00","3,582.00","3,753.00","4,029.67","4,549.21",0,"121,553","108,583.60","168,781.20","140,428.67","321,741.94"
2020-03-04,"3,350","3,500","3,350","3,495","3,452.00","3,552.50","3,737.25","4,014.92","4,527.92",55,"27,244","94,257.80","166,909.90","137,853.28","310,877.92"
2020-03-05,"3,515","3,570","3,505","3,560","3,454.00","3,531.50","3,719.75","4,003.08","4,507.17",0,"35,833","78,647.60","166,825.95","136,294.42","299,446.02"
2020-03-06,"3,500","3,565","3,450","3,555","3,487.00","3,517.00","3,702.00","3,990.17","4,488.46",0,"43,429","55,654.60","167,081.25","134,712.37","296,554.39"
2020-03-09,"3,430","3,495","3,305","3,400","3,487.00","3,498.50","3,678.25","3,974.67","4,466.88",0,"152,205","76,052.80","166,992.25","135,756.62","279,137.13"
2020-03-10,"3,295","3,405","3,215","3,380","3,478.00","3,473.50","3,651.00","3,959.00","4,445.04",0,"142,220","80,186.20","170,479.10","136,810.10","272,864.69"
2020-03-11,"3,325","3,395","3,215","3,355","3,450.00","3,451.00","3,622.00","3,943.17","4,423.33",70,"77,986","90,334.60","172,079.90","136,668.37","269,053.33"
2020-03-12,"3,260","3,260","2,810","3,150","3,368.00","3,411.00","3,578.75","3,922.67","4,400.33",71,"413,997","165,967.40","185,698.65","142,273.60","250,379.98"
2020-03-13,"2,540","2,900","2,540","2,850","3,227.00","3,357.00","3,520.50","3,896.33","4,374.92",0,"344,636","226,208.80","198,079.85","146,906.12","248,796.34"
2020-03-16,"2,910","3,150","2,910","3,010","3,149.00","3,318.00","3,475.25","3,872.25","4,351.33",0,"245,705","244,908.80","206,429.15","150,088.80","247,423.48"
2020-03-17,"2,740","3,195","2,740","3,100","3,093.00","3,285.50","3,433.75","3,852.58","4,328.08",0,"241,114","264,687.60","153,560.65","151,576.87","246,730.48"
2020-03-18,"3,060","3,170","3,025","3,100","3,042.00","3,246.00","3,399.25","3,832.42","4,304.17",0,"165,661","282,222.60","149,092.30","153,196.43","221,849.99"
2020-03-19,"3,000","3,100","2,805","2,980","3,008.00","3,188.00","3,359.75","3,811.08","4,280.50",0,"335,157","266,454.60","159,111.05","156,734.53","218,726.38"
2020-03-20,"2,960","3,150","2,850","3,025","3,043.00","3,135.00","3,326.00","3,791.25","4,261.29",0,"130,927","223,712.80","159,126.00","156,760.22","211,224.33"
2020-03-23,"3,025","3,025","2,860","3,025","3,046.00","3,097.50","3,298.00","3,773.75","4,242.75",0,"107,617","196,095.20","154,237.80","152,684.53","209,352.77"
2020-03-24,"2,990","3,055","2,930","3,025","3,031.00","3,062.00","3,267.75","3,756.92","4,223.96",0,"130,346","173,941.60","156,849.75","151,385.55","207,925.17"
2020-03-25,"3,085","3,120","3,015","3,060","3,023.00","3,032.50","3,241.75","3,740.42","4,205.88",0,"175,723","175,954.00","160,692.25","152,679.55","203,886.77"
2020-03-26,"3,070","3,260","3,025","3,150","3,057.00","3,032.50","3,221.75","3,723.75","4,189.79",0,"261,436","161,209.80","168,069.85","154,977.05","203,782.50"
2020-03-27,"3,185","3,235","3,050","3,155","3,083.00","3,063.00","3,210.00","3,706.33","4,174.00",0,"129,897","161,003.80","166,645.00","155,112.88","203,305.94"
2020-03-30,"3,040","3,150","3,030","3,120","3,102.00","3,074.00","3,196.00","3,688.08","4,157.92",0,"130,350","165,550.40","170,651.80","156,369.17","198,731.83"
2020-03-31,"3,120","3,380","3,105","3,200","3,137.00","3,084.00","3,184.75","3,670.58","4,144.54",29,"222,185","183,918.20","175,683.40","159,118.42","198,232.83"
2020-04-01,"3,200","3,345","3,100","3,180","3,161.00","3,092.00","3,169.00","3,655.08","4,130.54",0,"159,354","180,644.40","182,288.90","160,160.22","197,444.17"
2020-04-02,"3,135","3,240","3,120","3,200","3,171.00","3,114.00","3,151.00","3,639.50","4,116.54",0,"49,163","138,189.80","182,955.40","159,818.17","194,950.97"
2020-04-03,"3,210","3,295","3,180","3,200","3,180.00","3,131.50","3,133.25","3,627.17","4,102.54",0,"98,070","131,824.40","185,687.45","157,939.60","194,941.09"
2020-04-06,"3,205","3,400","3,130","3,355","3,227.00","3,164.50","3,131.00","3,613.92","4,088.42",0,"207,887","147,331.80","188,471.55","159,819.65","193,305.70"
2020-04-07,"3,480","3,825","3,320","3,485","3,284.00","3,210.50","3,136.25","3,600.00","4,075.29",0,"1,126,366","328,168.00","237,678.85","174,031.83","201,528.87"
2020-04-08,"3,535","3,635","3,410","3,600","3,368.00","3,264.50","3,148.50","3,590.17","4,063.29",0,"185,826","333,462.40","243,070.85","174,641.87","201,871.48"
2020-04-09,"3,660","3,660","3,520","3,550","3,438.00","3,304.50","3,168.50","3,579.83","4,050.96",0,"110,598","345,749.40","227,900.90","175,493.07","201,496.09"
2020-04-10,"3,540","3,600","3,410","3,500","3,498.00","3,339.00","3,201.00","3,568.75","4,037.88",0,"103,127","346,760.80","215,825.45","175,853.13","201,185.37"
2020-04-13,"3,600","3,750","3,490","3,615","3,550.00","3,388.50","3,231.25","3,559.42","4,026.42",0,"335,858","372,355.00","220,333.10","179,586.02","202,402.14"
2020-04-14,"3,705","3,705","3,550","3,595","3,572.00","3,428.00","3,256.00","3,549.42","4,014.46",0,"132,940","173,669.80","214,924.40","180,773.33","202,462.88"
2020-04-16,"3,555","3,555","3,380","3,480","3,548.00","3,458.00","3,275.00","3,537.08","4,003.17",0,"125,202","161,545.00","212,901.45","179,401.78","201,603.31"
2020-04-17,"3,480","3,635","3,420","3,555","3,549.00","3,493.50","3,303.75","3,525.75","3,992.25",0,"190,069","177,439.20","205,647.05","181,088.33","202,298.10"
2020-04-20,"3,600","4,060","3,540","3,855","3,620.00","3,559.00","3,345.25","3,520.00","3,983.92",0,"3,455,510","847,915.80","371,876.20","233,377.27","230,018.69"
2020-04-21,"3,750","3,835","3,310","3,515","3,600.00","3,575.00","3,369.75","3,509.83","3,973.08",0,"959,524","972,649.00","414,471.55","247,560.78","237,308.88"
2020-04-22,"3,400","3,510","3,360","3,510","3,583.00","3,577.50","3,394.00","3,502.33","3,961.13",0,"217,563","989,573.60","418,832.40","248,688.77","237,898.88"
2020-04-23,"3,520","3,555","3,425","3,475","3,582.00","3,565.00","3,414.75","3,494.00","3,949.04",0,"184,432","1,001,420.00","419,267.85","250,744.38","238,681.73"
2020-04-24,"3,470","3,475","3,375","3,470","3,565.00","3,557.00","3,430.75","3,486.33","3,936.88",0,"142,021","991,810.00","413,297.10","251,805.55","239,234.92"
2020-04-27,"3,510","3,510","3,390","3,455","3,485.00","3,552.50","3,445.75","3,481.25","3,925.42",0,"91,651","319,038.20","411,384.80","249,797.92","239,280.17"
2020-04-28,"3,500","3,505","3,425","3,480","3,478.00","3,539.00","3,463.75","3,477.75","3,913.04",0,"198,233","166,780.00","414,778.95","250,731.83","240,132.38"
2020-04-29,"3,495","3,500","3,445","3,485","3,473.00","3,528.00","3,478.00","3,471.92","3,900.54",0,"97,133","142,694.00","408,526.35","250,996.98","240,281.17"
2020-05-04,"3,435","3,485","3,420","3,485","3,475.00","3,528.50","3,493.25","3,466.50","3,888.25",0,"91,439","124,095.40","405,130.60","251,443.13","239,976.28"
2020-05-06,"3,475","3,520","3,435","3,520","3,485.00","3,525.00","3,509.25","3,460.00","3,876.96",0,"111,597","118,010.60","408,252.30","252,677.88","240,087.50"
2020-05-07,"3,505","3,575","3,500","3,555","3,505.00","3,495.00","3,527.00","3,454.08","3,865.79",68,"114,086","122,497.60","409,053.10","253,940.60","240,376.92"
2020-05-08,"3,590","3,600","3,535","3,595","3,528.00","3,503.00","3,539.00","3,449.42","3,855.67",0,"106,741","104,199.20","403,995.80","253,153.20","240,547.83"
2020-05-11,"3,595","3,595","3,480","3,525","3,536.00","3,504.50","3,541.00","3,442.75","3,845.25",0,"85,919","101,956.40","351,973.45","253,377.13","240,494.17"
2020-05-12,"3,495","3,525","3,395","3,470","3,533.00","3,504.00","3,534.50","3,435.00","3,833.88",0,"143,202","112,309.00","349,842.25","254,997.67","241,167.63"
2020-05-13,"3,405","3,480","3,395","3,460","3,521.00","3,503.00","3,530.00","3,425.75","3,823.08",70,"41,423","98,274.20","346,383.50","253,327.68","240,754.83"
2020-05-14,"3,420","3,530","3,410","3,410","3,492.00","3,498.50","3,525.50","3,415.67","3,811.96",66,"34,523","82,361.60","342,953.30","252,286.20","240,159.05"
2020-05-15,"3,405","3,475","3,370","3,420","3,457.00","3,492.50","3,515.75","3,407.42","3,801.04",0,"72,143","75,442.00","329,767.55","252,176.60","239,879.07"
2020-05-18,"3,450","3,465","3,405","3,465","3,445.00","3,490.50","3,509.25","3,399.67","3,792.25",0,"54,827","69,223.60","325,861.90","231,448.98","238,243.90"
2020-05-19,"3,470","3,525","3,430","3,470","3,445.00","3,489.00","3,508.75","3,394.33","3,785.21",0,"93,663","59,315.80","324,284.95","228,759.57","236,776.98"
2020-05-20,"3,505","3,585","3,450","3,580","3,469.00","3,495.00","3,510.00","3,391.17","3,779.21",0,"182,643","87,559.80","323,913.65","229,557.25","237,451.02"
2020-05-21,"3,630","3,630","3,525","3,585","3,504.00","3,498.00","3,496.50","3,389.25","3,773.04",33,"113,674","103,390.00","156,821.85","229,274.68","237,636.65"
2020-05-22,"3,550","3,620","3,500","3,500","3,520.00","3,488.50","3,495.75","3,387.83","3,762.04",0,"101,292","109,219.80","113,910.25","227,539.87","203,619.32"
2020-05-25,"3,585","3,585","3,495","3,545","3,536.00","3,490.50","3,497.50","3,386.42","3,752.29",0,"42,677","106,789.80","105,165.95","226,949.37","199,502.92"
2020-05-26,"3,515","3,575","3,515","3,540","3,550.00","3,497.50","3,500.75","3,385.75","3,742.21",0,"58,744","99,806.00","98,881.55","226,280.55","191,274.92"
2020-05-27,"3,540","3,685","3,525","3,640","3,562.00","3,515.50","3,509.25","3,387.25","3,734.96",0,"256,454","114,568.20","104,603.20","228,656.72","189,168.04"
2020-05-28,"3,640","3,645","3,450","3,480","3,541.00","3,522.50","3,510.50","3,388.75","3,726.71",0,"162,522","124,337.80","108,146.75","228,725.52","187,704.91"
2020-05-29,"3,450","3,520","3,415","3,485","3,538.00","3,529.00","3,510.75","3,390.17","3,718.75",54,"56,559","115,391.20","101,063.05","228,831.27","184,641.66"
2020-06-01,"3,475","3,520","3,425","3,505","3,530.00","3,533.00","3,511.75","3,391.50","3,710.58",0,"53,992","117,654.20","98,906.00","227,705.25","184,066.96"
2020-06-02,"3,460","3,585","3,460","3,555","3,533.00","3,541.50","3,515.25","3,392.50","3,703.71",0,"110,349","127,975.20","99,851.50","229,090.33","183,471.81"
2020-06-03,"3,590","3,590","3,510","3,560","3,517.00","3,539.50","3,517.25","3,392.50","3,697.79",0,"56,637","88,011.80","97,103.50","229,437.07","182,865.74"
2020-06-04,"3,580","3,610","3,520","3,565","3,534.00","3,537.50","3,517.75","3,392.67","3,691.42",0,"71,684","69,844.20","94,983.40","229,907.98","182,310.17"
2020-06-05,"3,565","3,650","3,520","3,630","3,563.00","3,550.50","3,519.50","3,396.50","3,685.58",0,"197,015","97,935.40","99,497.10","230,654.82","183,205.72"
2020-06-08,"3,600","3,610","3,480","3,565","3,575.00","3,552.50","3,521.50","3,399.58","3,679.29",20,"72,635","101,664.00","98,832.90","229,495.07","183,152.58"
2020-06-09,"3,570","3,595","3,485","3,550","3,574.00","3,553.50","3,525.50","3,402.83","3,673.00",0,"72,995","94,193.20","95,322.55","229,411.88","183,040.13"
2020-06-10,"3,540","3,635","3,525","3,560","3,574.00","3,545.50","3,530.50","3,409.67","3,666.17",0,"103,983","103,662.40","98,450.55","224,244.98","183,259.29"
2020-06-11,"3,530","3,560","3,460","3,530","3,567.00","3,550.50","3,536.50","3,421.00","3,658.67",0,"126,662","114,658.00","103,057.50","220,612.08","183,759.10"
2020-06-12,"3,410","3,410","3,265","3,395","3,520.00","3,541.50","3,535.25","3,427.42","3,649.83",71,"161,942","107,643.40","107,547.45","219,216.03","184,652.42"
2020-06-15,"3,420","3,420","3,110","3,125","3,432.00","3,503.50","3,518.25","3,427.83","3,640.21",2,"243,242","141,764.80","116,968.20","219,251.50","185,414.18"
2020-06-16,"3,135","3,420","3,135","3,310","3,384.00","3,479.00","3,510.25","3,431.33","3,631.88",58,"218,788","170,923.40","123,224.45","220,136.95","186,666.69"
2020-06-17,"3,250","3,380","3,225","3,370","3,346.00","3,460.00","3,499.75","3,437.83","3,624.46",59,"85,847","167,296.20","118,384.65","215,981.78","186,358.16"
2020-06-18,"3,370","3,435","3,330","3,430","3,326.00","3,446.50","3,492.00","3,444.58","3,617.92",67,"101,647","162,293.20","117,783.30","215,493.78","186,127.00"
2020-06-19,"3,395","3,440","3,345","3,440","3,335.00","3,427.50","3,489.00","3,451.50","3,612.63",67,"86,498","147,204.40","117,043.60","215,141.80","183,913.17"
2020-06-22,"3,440","3,440","3,340","3,395","3,389.00","3,410.50","3,481.50","3,457.67","3,607.29",0,"50,022","108,560.40","117,410.85","213,803.07","182,594.31"
2020-06-23,"3,395","3,440","3,205","3,340","3,395.00","3,389.50","3,471.50","3,462.33","3,601.38",0,"109,522","86,707.20","119,949.75","212,699.72","182,689.63"
2020-06-24,"3,340","3,355","3,280","3,320","3,385.00","3,365.50","3,455.50","3,465.17","3,594.46",0,"70,467","83,631.20","110,650.40","209,516.90","182,246.98"
2020-06-25,"3,260","3,305","3,240","3,290","3,357.00","3,341.50","3,446.00","3,467.42","3,586.88",0,"26,612","68,624.20","103,854.90","207,795.48","181,454.18"
2020-06-26,"3,290","3,325","3,215","3,320","3,333.00","3,334.00","3,437.75","3,470.75","3,579.42",0,"67,223","64,769.20","104,388.10","206,743.37","181,556.27"
2020-06-29,"3,320","3,385","3,230","3,375","3,329.00","3,359.00","3,431.25","3,473.67","3,572.13",67,"211,934","97,151.60","112,285.20","206,572.52","182,845.47"
2020-06-30,"3,830","3,960","3,400","3,405","3,342.00","3,368.50","3,423.75","3,477.42","3,566.25",0,"3,522,519","779,751.00","282,893.70","262,625.27","211,392.74"
2020-07-01,"3,455","3,475","3,320","3,370","3,352.00","3,368.50","3,414.25","3,480.25","3,559.88",0,"363,036","838,264.80","298,213.65","267,856.48","213,837.33"
2020-07-02,"3,320","3,395","3,310","3,360","3,366.00","3,361.50","3,404.00","3,482.92","3,555.04",0,"119,239","856,790.20","300,591.40","268,209.30","213,074.45"
2020-07-03,"3,330","3,390","3,305","3,385","3,379.00","3,356.00","3,391.75","3,483.42","3,548.67",0,"97,028","862,751.20","295,592.05","266,361.65","213,090.65"
2020-07-06,"3,355","3,515","3,355","3,480","3,400.00","3,364.50","3,387.50","3,483.33","3,541.67",68,"234,196","867,203.60","303,670.10","251,492.15","212,761.99"
2020-07-07,"3,530","3,530","3,405","3,450","3,409.00","3,375.50","3,382.50","3,480.83","3,535.50",0,"126,458","187,991.40","306,343.25","250,502.68","212,572.27"
2020-07-08,"3,450","3,730","3,410","3,470","3,429.00","3,390.50","3,378.00","3,479.50","3,529.67",0,"915,835","298,551.20","346,935.85","263,923.30","219,708.18"
2020-07-09,"3,470","3,510","3,420","3,470","3,451.00","3,408.50","3,375.00","3,479.00","3,523.88",0,"173,823","309,468.00","349,293.90","265,101.57","220,477.35"
2020-07-10,"3,510","3,650","3,400","3,430","3,460.00","3,419.50","3,376.75","3,475.92","3,517.67",0,"423,210","374,704.40","362,357.30","266,557.43","223,071.73"
2020-07-13,"3,440","3,445","3,375","3,445","3,453.00","3,426.50","3,392.75","3,473.42","3,511.42",0,"107,822","349,429.60","355,586.30","266,138.80","223,456.07"
2020-07-14,"3,400","3,585","3,400","3,530","3,469.00","3,439.00","3,403.75","3,474.25","3,505.67",0,"234,267","370,991.40","356,360.25","267,956.55","223,679.17"
2020-07-15,"3,450","3,610","3,450","3,545","3,484.00","3,456.50","3,412.50","3,474.08","3,499.92",0,"218,838","231,592.00","363,009.80","268,436.03","224,762.18"
2020-07-16,"3,575","3,615","3,495","3,555","3,501.00","3,476.00","3,418.75","3,469.08","3,494.54",0,"211,945","239,216.40","368,524.70","214,376.62","223,876.94"
2020-07-17,"3,600","3,865","3,555","3,635","3,542.00","3,501.00","3,428.50","3,471.08","3,490.46",0,"1,015,475","357,669.40","414,973.55","215,309.13","231,434.96"
2020-07-20,"3,740","4,130","3,675","4,035","3,660.00","3,556.50","3,460.50","3,479.83","3,491.08",0,"3,261,487","988,402.40","575,546.80","266,041.20","257,364.98"
2020-07-21,"3,965","3,965","3,845","3,920","3,738.00","3,603.50","3,489.50","3,487.25","3,490.63",37,"650,501","1,071,649.00","602,595.75","273,809.02","262,276.70"
2020-07-22,"3,870","4,040","3,870","3,995","3,828.00","3,656.00","3,523.25","3,496.00","3,491.17",0,"678,392","1,163,560.00","632,992.00","282,748.53","267,277.04"
2020-07-23,"4,000","4,000","3,760","3,860","3,889.00","3,695.00","3,551.75","3,502.75","3,492.00",0,"347,762","1,190,723.00","649,049.50","287,017.05","268,407.48"
2020-07-24,"3,845","3,845","3,630","3,700","3,902.00","3,722.00","3,570.75","3,506.42","3,492.08",0,"485,875","1,084,803.00","669,982.10","291,811.08","271,271.46"
2020-07-27,"3,630","3,745","3,600","3,710","3,837.00","3,748.50","3,587.50","3,510.17","3,491.04",0,"198,880","472,282.00","669,329.40","293,506.87","272,251.92"
2020-07-28,"3,735","3,750","3,620","3,650","3,783.00","3,760.50","3,599.75","3,512.92","3,489.71",0,"164,281","375,038.00","501,417.50","294,720.90","273,082.02"
2020-07-29,"3,650","3,780","3,645","3,695","3,723.00","3,775.50","3,616.00","3,515.83","3,487.92",0,"129,711","265,301.80","489,751.25","295,022.80","273,850.34"
2020-07-30,"3,690","3,880","3,690","3,800","3,711.00","3,800.00","3,638.00","3,519.92","3,487.00",0,"178,713","231,492.00","492,724.95","296,099.92","275,020.26"
2020-07-31,"3,840","3,840","3,710","3,755","3,722.00","3,812.00","3,656.50","3,522.58","3,486.00",0,"88,426","152,002.20","492,294.85","295,794.67","274,473.93"
2020-08-03,"3,750","3,900","3,700","3,790","3,738.00","3,787.50","3,672.00","3,527.00","3,484.88",0,"158,461","143,918.40","488,508.10","297,003.70","275,190.42"
2020-08-04,"3,775","3,845","3,730","3,770","3,762.00","3,772.50","3,688.00","3,532.00","3,483.50",0,"72,782","125,618.60","485,824.30","295,830.03","275,413.85"
2020-08-05,"3,735","3,785","3,690","3,760","3,775.00","3,749.00","3,702.50","3,537.00","3,481.38",0,"82,164","116,109.20","444,140.75","296,509.05","274,918.37"
2020-08-06,"3,750","4,120","3,665","3,750","3,765.00","3,738.00","3,716.50","3,542.67","3,479.17",0,"1,116,534","303,673.40","491,276.30","314,542.57","283,414.38"
2020-08-07,"3,750","3,800","3,715","3,765","3,767.00","3,744.50","3,733.25","3,548.42","3,477.92",0,"140,672","314,122.60","477,149.40","315,684.72","283,930.66"
2020-08-10,"3,835","3,835","3,715","3,770","3,763.00","3,750.50","3,749.50","3,553.50","3,476.58",0,"107,091","303,848.60","477,112.85","316,555.78","274,002.38"
2020-08-11,"3,815","3,940","3,760","3,825","3,774.00","3,768.00","3,764.25","3,559.42","3,476.88",0,"329,794","355,251.00","481,889.20","320,491.30","274,625.43"
2020-08-12,"3,825","3,980","3,695","3,775","3,777.00","3,776.00","3,775.75","3,562.67","3,476.92",0,"453,671","429,552.40","493,630.85","325,008.43","277,282.84"
2020-08-13,"3,890","3,995","3,815","3,935","3,814.00","3,789.50","3,794.75","3,568.50","3,478.88",0,"702,705","346,786.60","518,168.85","334,825.62","282,050.15"
2020-08-14,"3,990","3,995","3,770","3,830","3,827.00","3,797.00","3,804.50","3,574.00","3,480.92",39,"309,729","380,598.00","482,881.55","338,299.57","282,919.72"
2020-08-18,"3,850","3,850","3,540","3,600","3,793.00","3,778.00","3,782.75","3,574.92","3,480.67",40,"251,585","409,496.80","332,386.45","341,781.37","284,365.37"
2020-08-19,"3,600","3,650","3,530","3,540","3,736.00","3,755.00","3,763.75","3,574.92","3,480.33",42,"114,256","366,389.20","305,574.20","342,706.57","284,493.56"
2020-08-20,"3,555","3,555","3,330","3,475","3,676.00","3,726.50","3,737.75","3,572.17","3,479.71",0,"191,947","314,044.40","281,251.95","341,631.45","285,144.08"
2020-08-21,"3,475","3,530","3,325","3,485","3,586.00","3,700.00","3,719.00","3,572.25","3,480.50",0,"81,353","189,774.00","267,931.50","340,278.63","284,502.08"
2020-08-24,"3,550","3,585","3,495","3,545","3,529.00","3,678.00","3,711.25","3,573.25","3,481.71",0,"69,591","141,746.40","247,117.30","340,495.83","284,663.55"
2020-08-25,"3,525","3,620","3,510","3,575","3,524.00","3,658.50","3,704.50","3,574.42","3,482.96",0,"66,319","104,693.20","240,489.25","340,701.28","284,203.27"
2020-08-26,"3,565","3,605","3,485","3,545","3,525.00","3,630.50","3,699.25","3,574.25","3,483.38",0,"81,156","98,073.20","236,333.00","340,214.73","284,652.53"
2020-08-27,"3,545","3,600","3,430","3,465","3,523.00","3,599.50","3,687.75","3,572.67","3,482.58",0,"86,093","76,902.40","234,152.10","340,705.67","285,071.37"
2020-08-28,"3,475","3,555","3,445","3,500","3,526.00","3,556.00","3,672.75","3,571.58","3,482.13",0,"47,681","70,168.00","227,600.50","340,305.62","285,106.80"
2020-08-31,"3,505","3,600","3,370","3,475","3,512.00","3,520.50","3,658.75","3,569.00","3,482.75",0,"68,813","70,012.40","226,619.85","338,168.92","284,411.87"
2020-09-01,"3,475","3,520","3,450","3,500","3,497.00","3,510.50","3,644.25","3,567.92","3,483.75",0,"62,586","69,265.80","221,826.10","338,001.43","283,748.25"
2020-09-02,"3,505","3,630","3,505","3,605","3,509.00","3,517.00","3,636.00","3,568.83","3,485.83",0,"106,764","74,387.40","223,525.20","338,564.25","283,988.07"
2020-09-03,"3,635","3,725","3,575","3,625","3,541.00","3,532.00","3,629.25","3,569.92","3,489.79",0,"93,707","75,910.20","224,102.35","338,392.98","281,318.98"
2020-09-04,"3,540","3,595","3,515","3,590","3,559.00","3,542.50","3,621.25","3,570.92","3,495.96",0,"121,843","90,742.60","174,367.80","338,312.67","279,462.38"
2020-09-07,"3,595","3,660","3,500","3,620","3,588.00","3,550.00","3,614.00","3,574.67","3,501.04",0,"120,876","101,155.20","173,378.00","337,628.23","278,422.13"
2020-09-08,"3,620","3,685","3,585","3,625","3,613.00","3,555.00","3,606.75","3,583.00","3,505.42",0,"59,972","100,632.40","171,022.05","334,573.73","276,912.62"
2020-09-09,"3,610","3,660","3,545","3,635","3,619.00","3,564.00","3,597.25","3,588.42","3,509.88",0,"81,386","95,556.80","158,601.65","332,283.70","276,210.33"
2020-09-10,"3,650","3,650","3,575","3,575","3,609.00","3,575.00","3,587.25","3,591.83","3,514.83",39,"48,878","86,591.00","138,362.00","331,667.55","273,824.67"
2020-09-11,"3,570","3,620","3,505","3,540","3,599.00","3,579.00","3,567.50","3,593.67","3,519.13",40,"71,212","76,464.80","106,787.35","331,160.30","273,327.04"
2020-09-14,"3,570","3,630","3,505","3,620","3,599.00","3,593.50","3,557.00","3,596.67","3,524.08",70,"125,062","77,302.00","97,554.00","331,803.03","273,472.42"
2020-09-15,"3,625","3,635","3,555","3,635","3,601.00","3,607.00","3,558.75","3,600.67","3,529.17",0,"101,230","85,553.60","90,036.25","332,656.50","273,229.78"
2020-09-16,"3,900","3,960","3,615","3,670","3,608.00","3,613.50","3,565.25","3,606.17","3,534.25",0,"906,091","250,494.60","129,628.00","345,932.65","279,316.18"
2020-09-17,"3,650","3,740","3,620","3,630","3,619.00","3,614.00","3,573.00","3,611.33","3,538.25",0,"114,211","263,561.20","125,741.20","346,661.72","278,089.31"
2020-09-18,"3,610","3,640","3,555","3,595","3,630.00","3,614.50","3,578.50","3,616.42","3,541.92",0,"236,739","296,666.60","133,510.50","350,163.83","278,979.66"
2020-09-21,"3,595","3,845","3,555","3,630","3,632.00","3,615.50","3,582.75","3,621.58","3,546.17",0,"215,090","314,672.20","140,785.45","352,628.28","279,685.83"
2020-09-22,"3,585","3,630","3,455","3,550","3,615.00","3,608.00","3,581.50","3,624.50","3,549.08",0,"151,190","324,664.20","145,029.00","351,615.88","279,094.20"
2020-09-23,"3,550","3,625","3,460","3,535","3,588.00","3,598.00","3,581.00","3,626.67","3,552.04",0,"80,744","159,594.80","145,008.40","294,252.97","278,439.12"
2020-09-24,"3,490","3,950","3,460","3,680","3,598.00","3,608.50","3,591.75","3,631.83","3,556.04",70,"1,717,269","480,206.40","226,567.20","316,823.52","292,340.00"
2020-09-25,"3,680","3,740","3,560","3,665","3,612.00","3,621.00","3,600.00","3,636.92","3,559.92",33,"391,898","511,238.20","243,778.05","321,367.83","294,788.57"
2020-09-28,"3,710","3,775","3,630","3,760","3,638.00","3,635.00","3,614.25","3,643.17","3,563.29",0,"345,514","537,323.00","257,613.10","325,509.27","295,935.46"
2020-09-29,"3,730","3,850","3,685","3,730","3,674.00","3,644.50","3,625.75","3,647.33","3,565.33",0,"202,111","547,507.20","264,589.35","324,974.52","288,233.33"
2020-10-05,"3,720","3,840","3,710","3,835","3,734.00","3,661.00","3,637.25","3,653.75","3,567.29",18,"341,879","599,734.20","276,345.10","328,564.87","289,533.78"
2020-10-06,"3,820","3,860","3,725","3,740","3,746.00","3,672.00","3,643.00","3,658.25","3,568.88",37,"168,943","290,069.00","280,106.90","316,116.67","290,019.98"
2020-10-07,"3,720","4,090","3,720","3,850","3,783.00","3,697.50","3,656.00","3,664.58","3,571.79",0,"1,345,322","480,753.80","341,280.85","335,641.65","300,371.61"
2020-10-08,"3,910","4,190","3,825","4,090","3,849.00","3,743.50","3,679.50","3,675.58","3,575.75",0,"1,416,859","695,022.80","406,080.00","352,202.47","309,379.95"
2020-10-12,"4,105","4,170","3,980","4,120","3,927.00","3,800.50","3,704.25","3,686.83","3,580.13",0,"425,121","739,624.80","424,337.45","357,490.78","311,814.79"
2020-10-13,"4,170","4,295","4,085","4,200","4,000.00","3,867.00","3,732.50","3,698.00","3,586.13",0,"484,634","768,175.80","444,499.85","361,663.57","314,810.06"
2020-10-14,"4,205","4,230","4,050","4,075","4,067.00","3,906.50","3,757.50","3,706.83","3,590.46",0,"250,038","784,394.80","454,557.85","362,183.57","315,309.80"
2020-10-15,"4,280","4,280","4,075","4,170","4,131.00","3,957.00","3,789.00","3,717.08","3,593.08",0,"443,294","603,989.20","473,161.95","366,039.38","290,208.00"
2020-10-16,"4,800","4,855","3,920","3,935","4,100.00","3,974.50","3,804.75","3,722.08","3,596.58",0,"2,547,653","830,148.00","594,291.50","391,575.68","303,442.41"
2020-10-19,"4,095","4,800","4,080","4,400","4,156.00","4,041.50","3,843.00","3,728.17","3,604.00",0,"11,387,674","3,022,659.00","1,158,614.00","527,012.13","396,526.67"
2020-10-20,"4,515","4,875","4,075","4,280","4,172.00","4,086.00","3,873.50","3,734.17","3,610.71",0,"6,977,139","4,321,160.00","1,462,166.00","632,456.10","453,132.56"
2020-10-21,"4,345","4,395","4,110","4,225","4,202.00","4,134.50","3,903.25","3,738.00","3,617.00",0,"1,215,231","4,514,198.00","1,517,217.00","641,403.42","462,075.97"
2020-10-22,"4,210","4,675","4,210","4,630","4,294.00","4,212.50","3,955.00","3,750.83","3,626.79",0,"3,474,460","5,120,431.00","1,679,103.00","693,515.05","490,266.05"
2020-10-23,"4,580","5,590","4,435","4,810","4,469.00","4,284.50","4,014.00","3,769.33","3,637.88",0,"14,418,063","7,494,513.00","2,389,252.00","925,718.18","608,764.63"
2020-10-26,"4,710","5,650","4,600","5,200","4,629.00","4,392.50","4,096.50","3,794.17","3,652.17",0,"19,834,192","9,183,817.00","3,373,402.00","1,252,973.00","773,240.13"
2020-10-27,"4,995","5,100","4,565","4,565","4,686.00","4,429.00","4,148.00","3,809.42","3,661.17",0,"2,662,132","8,320,816.00","3,502,471.00","1,294,604.00","794,662.57"
2020-10-28,"4,495","4,710","4,365","4,595","4,760.00","4,481.00","4,193.75","3,824.42","3,670.13",0,"1,469,723","8,371,714.00","3,490,094.00","1,316,938.00","805,980.28"
2020-10-29,"4,450","4,540","4,310","4,385","4,711.00","4,502.50","4,229.75","3,834.17","3,677.04",0,"780,828","7,832,988.00","3,509,541.00","1,326,973.00","811,536.47"
2020-10-30,"4,410","4,545","4,115","4,220","4,593.00","4,531.00","4,252.75","3,841.92","3,682.25",0,"1,123,984","5,174,172.00","3,548,464.00","1,344,232.00","820,013.49"
2020-11-02,"4,250","4,360","4,085","4,235","4,400.00","4,514.50","4,278.00","3,849.33","3,688.17",0,"936,334","1,394,600.00","3,585,175.00","1,357,197.00","827,100.28"
2020-11-03,"4,235","4,510","4,150","4,400","4,367.00","4,526.50","4,306.25","3,859.83","3,695.92",0,"1,129,740","1,088,122.00","3,624,568.00","1,374,813.00","835,321.43"
2020-11-04,"4,380","4,540","4,355","4,400","4,328.00","4,544.00","4,339.25","3,870.50","3,703.75",0,"594,071","912,991.40","3,645,825.00","1,383,345.00","839,926.83"
2020-11-05,"4,400","4,600","4,380","4,555","4,362.00","4,536.50","4,374.50","3,883.92","3,713.29",0,"746,493","906,124.40","3,615,883.00","1,377,177.00","845,859.92"
2020-11-06,"4,610","4,890","4,485","4,820","4,482.00","4,537.50","4,411.00","3,901.50","3,724.96",0,"1,109,169","903,161.40","3,600,499.00","1,393,319.00","854,501.80"
2020-11-09,"4,850","4,950","4,630","4,755","4,586.00","4,493.00","4,442.75","3,917.92","3,735.71",0,"943,913","904,677.20","3,626,438.00","1,407,266.00","861,910.85"
2020-11-10,"4,735","4,750","4,550","4,645","4,635.00","4,501.00","4,465.00","3,931.58","3,745.50",0,"441,243","766,977.80","3,624,269.00","1,409,123.00","864,807.35"
2020-11-11,"4,580","4,875","4,530","4,630","4,681.00","4,504.50","4,492.75","3,945.83","3,754.25",0,"975,159","843,195.40","3,660,525.00","1,417,815.00","871,411.65"
2020-11-12,"4,600","4,690","4,540","4,650","4,700.00","4,531.00","4,516.75","3,957.75","3,763.13",0,"314,535","756,803.80","3,654,087.00","1,411,345.00","873,085.49"
2020-11-13,"4,620","4,645","4,525","4,600","4,656.00","4,569.00","4,550.00","3,970.58","3,772.29",0,"238,690","582,708.00","3,538,639.00","1,410,161.00","874,230.47"
2020-11-16,"4,690","4,945","4,610","4,820","4,669.00","4,627.50","4,571.00","3,990.92","3,782.92",0,"1,132,179","620,361.20","3,025,864.00","1,424,838.00","883,309.66"
2020-11-17,"4,855","5,300","4,740","5,300","4,800.00","4,717.50","4,622.00","4,020.25","3,797.58",0,"2,301,616","992,435.80","2,792,088.00","1,461,294.00","902,000.26"
2020-11-18,"5,260","5,620","5,160","5,370","4,948.00","4,814.50","4,679.25","4,051.83","3,812.00",0,"4,416,111","1,680,626.00","2,952,132.00","1,531,697.00","936,664.07"
2020-11-19,"5,390","5,670","5,180","5,400","5,098.00","4,899.00","4,717.75","4,083.75","3,828.00",0,"2,509,792","2,119,678.00","2,903,898.00","1,572,171.00","956,224.65"
2020-11-20,"5,380","5,710","5,310","5,320","5,242.00","4,949.00","4,743.25","4,113.33","3,843.29",29,"2,231,256","2,518,191.00","2,294,558.00","1,608,198.00","974,347.13"
2020-11-23,"5,320","5,640","5,040","5,100","5,298.00","4,983.50","4,738.25","4,138.75","3,856.58",0,"2,495,217","2,790,798.00","1,427,609.00","1,648,680.00","994,690.67"
2020-11-24,"5,130","5,200","5,030","5,050","5,248.00","5,024.00","4,762.50","4,163.83","3,869.04",42,"655,975","2,461,670.00","1,327,301.00","1,658,260.00","999,237.55"
2020-11-25,"5,030","5,080","4,855","4,905","5,155.00","5,051.50","4,778.00","4,187.83","3,880.25",23,"579,576","1,694,363.00","1,282,794.00","1,666,485.00","1,003,595.00"
2020-11-26,"4,920","4,985","4,860","4,900","5,055.00","5,076.50","4,803.75","4,211.17","3,891.38",23,"277,008","1,247,806.00","1,257,603.00","1,670,307.00","1,005,306.00"
2020-11-27,"4,865","4,910","4,800","4,845","4,960.00","5,101.00","4,835.00","4,234.00","3,901.50",0,"287,159","858,987.00","1,215,762.00","1,673,946.00","1,006,058.00"
2020-11-30,"4,840","4,840","4,700","4,710","4,882.00","5,090.00","4,858.75","4,254.17","3,911.04",0,"357,632","431,470.00","1,186,827.00","1,678,864.00","1,008,433.00"
