2018-07-02,"52,500","53,800","48,650","48,650", , , , , ,0,"1,749", , , , 
2018-07-03,"48,000","50,000","47,150","49,450", , , , , ,0,"2,380", , , , 
2018-07-04,"49,850","51,900","49,450","50,800", , , , , ,0,"1,750", , , , 
2018-07-05,"50,900","51,600","49,150","51,600", , , , , ,0,"1,086", , , , 
2018-07-06,"51,600","52,000","50,200","52,000","50,500.00", , , , ,0,"1,304","1,653.80", , , 
2018-07-09,"49,600","49,600","47,900","48,850","50,540.00", , , , ,0,"3,011","1,906.20", , , 
2018-07-10,"48,850","50,600","48,000","49,500","50,550.00", , , , ,0,836,"1,597.40", , , 
2018-07-11,"49,500","54,600","49,100","50,900","50,570.00", , , , ,0,"5,985","2,444.40", , , 
2018-07-12,"49,700","52,500","49,700","51,100","50,470.00", , , , ,0,"1,483","2,523.80", , , 
2018-07-13,"52,500","52,500","50,300","51,800","50,430.00","50,465.00", , , ,0,811,"2,425.20", , , 
2018-07-16,"55,000","55,000","51,800","51,800","51,020.00","50,780.00", , , ,0,996,"2,022.20", , , 
2018-07-17,"53,000","53,000","50,500","50,500","51,220.00","50,885.00", , , ,0,"1,661","2,187.20", , , 
2018-07-18,"52,600","52,600","47,500","49,850","51,010.00","50,790.00", , , ,0,"1,685","1,327.20", , , 
2018-07-19,"49,400","50,100","48,000","49,000","50,590.00","50,530.00", , , ,0,873,"1,205.20", , , 
2018-07-20,"49,850","49,850","47,500","47,500","49,730.00","50,080.00", , , ,0,"1,248","1,292.60", , , 
2018-07-23,"48,300","48,300","45,600","46,700","48,710.00","49,865.00", , , ,0,260,"1,145.40", , , 
2018-07-24,"46,700","51,000","46,700","48,350","48,280.00","49,750.00", , , ,0,"3,204","1,454.00", , , 
2018-07-25,"48,350","49,800","47,800","48,250","47,960.00","49,485.00", , , ,0,856,"1,288.20", , , 
2018-07-26,"49,800","52,900","49,000","50,000","48,160.00","49,375.00", , , ,0,"3,305","1,774.60", , , 
2018-07-27,"50,800","53,400","49,150","50,000","48,660.00","49,195.00","49,830.00", , ,0,"1,120","1,749.00","1,780.15", , 
2018-07-30,"49,100","50,500","49,100","49,450","49,210.00","48,960.00","49,870.00", , ,0,"1,065","1,910.00","1,745.95", , 
2018-07-31,"50,000","54,000","48,400","49,000","49,340.00","48,810.00","49,847.50", , ,0,"2,752","1,819.60","1,764.55", , 
2018-08-01,"48,400","50,700","48,400","50,300","49,750.00","48,855.00","49,822.50", , ,70,"1,091","1,866.60","1,731.60", , 
2018-08-02,"50,300","51,100","49,600","50,300","49,810.00","48,985.00","49,757.50", , ,0,792,"1,364.00","1,716.90", , 
2018-08-03,"51,000","52,000","49,750","50,400","49,890.00","49,275.00","49,677.50", , ,0,520,"1,244.00","1,677.70", , 
2018-08-06,"49,000","50,300","49,000","50,000","50,000.00","49,605.00","49,735.00", , ,0,379,"1,106.80","1,546.10", , 
2018-08-07,"49,000","49,400","48,700","49,300","50,060.00","49,700.00","49,725.00", , ,0,402,636.80,"1,524.40", , 
2018-08-08,"49,300","50,700","47,800","47,800","49,560.00","49,655.00","49,570.00", , ,0,"1,989",816.40,"1,324.60", , 
2018-08-09,"48,100","48,700","47,700","47,850","49,070.00","49,440.00","49,407.50", , ,0,"1,903","1,038.60","1,345.60", , 
2018-08-10,"49,100","51,800","49,100","50,600","49,110.00","49,500.00","49,347.50", , ,0,"1,648","1,264.20","1,387.45", , 
2018-08-13,"54,000","56,600","49,200","50,000","49,110.00","49,555.00","49,257.50", , ,0,"4,251","2,038.60","1,550.20", , 
2018-08-14,"50,000","52,000","50,000","51,300","49,510.00","49,785.00","49,297.50", , ,0,867,"2,131.60","1,510.50", , 
2018-08-16,"54,500","54,900","51,400","53,700","50,690.00","50,125.00","49,490.00", , ,0,"2,194","2,172.60","1,535.95", , 
2018-08-17,"52,300","55,900","51,100","55,800","52,280.00","50,675.00","49,830.00", , ,0,"2,610","2,314.00","1,622.80", , 
2018-08-20,"56,000","56,700","54,000","56,400","53,440.00","51,275.00","50,275.00", , ,0,"2,281","2,440.60","1,674.45", , 
2018-08-21,"56,900","58,200","54,000","54,800","54,400.00","51,755.00","50,680.00", , ,24,"1,423","1,875.00","1,732.60", , 
2018-08-22,"56,800","65,500","53,700","61,800","56,500.00","53,005.00","51,352.50", , ,0,"29,872","7,676.00","3,066.00", , 
2018-08-23,"60,000","61,800","58,300","58,800","57,520.00","54,105.00","51,880.00", , ,37,"9,655","9,168.20","3,505.95", , 
2018-08-24,"60,000","61,000","57,800","59,500","58,260.00","55,270.00","52,355.00", , ,0,"6,147","9,875.60","3,648.05", , 
2018-08-27,"54,700","55,100","52,100","54,400","57,860.00","55,650.00","52,575.00", , ,0,"7,481","10,915.60","3,966.10", , 
2018-08-28,"54,900","54,900","52,600","53,000","57,500.00","55,950.00","52,752.50", , ,0,"1,711","10,973.20","3,998.40", , 
2018-08-29,"51,700","53,000","51,500","52,700","55,680.00","56,090.00","52,937.50", , ,0,857,"5,170.20","3,903.65", , 
2018-08-30,"53,000","54,400","52,400","53,400","54,600.00","56,060.00","53,092.50", , ,0,"1,536","3,546.40","3,925.90", , 
2018-08-31,"52,400","53,900","52,100","53,400","53,380.00","55,820.00","53,247.50", , ,0,"1,030","2,523.00","3,937.80", , 
2018-09-03,"55,000","56,300","53,800","54,600","53,420.00","55,640.00","53,457.50", , ,0,"1,890","1,404.80","4,006.30", , 
2018-09-04,"55,000","55,500","53,600","54,900","53,800.00","55,650.00","53,702.50", , ,0,"2,253","1,513.20","4,100.00", , 
2018-09-05,"54,600","55,300","53,300","55,000","54,260.00","54,970.00","53,987.50", , ,0,"1,854","1,712.60","4,172.60", , 
2018-09-06,"55,700","58,000","51,600","54,200","54,420.00","54,510.00","54,307.50", , ,0,"8,122","3,029.80","4,479.25", , 
2018-09-07,"54,500","59,800","54,500","58,000","55,340.00","54,360.00","54,815.00", , ,0,"12,899","5,403.60","5,029.05", , 
2018-09-10,"58,100","63,800","56,800","63,700","57,160.00","55,290.00","55,470.00", , ,0,"5,177","6,061.00","5,205.50", , 
2018-09-11,"64,100","64,100","61,600","62,800","58,740.00","56,270.00","56,110.00", , ,0,"1,649","5,940.20","5,075.40", , 
2018-09-12,"63,300","63,300","61,000","62,300","60,200.00","57,230.00","56,660.00", , ,0,815,"5,732.40","5,072.80", , 
2018-09-13,"63,000","63,000","60,600","61,800","61,720.00","58,070.00","57,065.00", , ,43,217,"4,151.40","4,973.95", , 
2018-09-14,"61,500","61,500","60,000","60,500","62,220.00","58,780.00","57,300.00", , ,0,876,"1,746.80","4,887.25", , 
2018-09-17,"60,600","60,600","59,000","59,000","61,280.00","59,220.00","57,430.00", , ,23,"2,214","1,154.20","4,883.90", , 
2018-09-18,"60,900","65,000","60,100","60,100","60,740.00","59,740.00","57,695.00", , ,29,"1,862","1,196.80","4,905.85", , 
2018-09-19,"62,500","62,500","55,700","56,900","59,660.00","59,930.00","57,450.00", , ,0,"2,955","1,624.80","3,560.00", , 
2018-09-20,"62,000","62,000","57,900","58,300","58,960.00","60,340.00","57,425.00", , ,69,"2,567","2,094.80","3,205.60", , 
2018-09-21,"56,100","62,000","56,100","61,800","59,220.00","60,720.00","57,540.00", , ,30,"3,984","2,716.40","3,097.45", , 
2018-09-27,"67,100","73,000","67,100","71,000","61,620.00","61,450.00","58,370.00","53,591.67", ,0,"12,425","4,758.60","3,344.65","3,030.30", 
2018-09-28,"69,000","69,000","62,600","63,900","62,380.00","61,560.00","58,915.00","53,845.83", ,17,"9,548","6,295.80","3,736.50","3,160.28", 
2018-10-01,"66,000","73,800","64,500","68,400","64,680.00","62,170.00","59,700.00","54,161.67", ,0,"12,931","8,291.00","4,340.20","3,336.13", 
2018-10-02,"67,100","68,100","64,500","68,100","66,640.00","62,800.00","60,435.00","54,450.00", ,0,"5,106","8,798.80","4,518.70","3,392.07", 
2018-10-04,"73,400","81,900","72,600","76,000","69,480.00","64,350.00","61,565.00","54,856.67", ,29,"33,733","14,748.60","6,153.85","3,936.18", 
2018-10-05,"74,600","79,800","73,100","79,500","71,180.00","66,400.00","62,810.00","55,315.00", ,0,"5,523","13,368.20","6,335.50","4,006.50", 
2018-10-08,"79,400","79,400","76,200","77,900","73,980.00","68,180.00","63,960.00","55,799.17", ,0,"3,868","12,232.20","6,416.25","4,020.78", 
2018-10-10,"73,500","73,500","61,800","61,800","72,660.00","68,670.00","64,300.00","56,004.17", ,2,"8,054","11,256.80","6,726.25","4,141.08", 
2018-10-11,"56,500","58,100","54,000","54,100","69,860.00","68,250.00","64,295.00","56,057.50", ,0,"5,373","11,310.20","6,588.80","4,130.88", 
2018-10-12,"52,200","58,000","52,200","58,000","66,260.00","67,870.00","64,295.00","56,172.50", ,0,"2,764","5,116.40","6,082.05","4,152.23", 
2018-10-15,"56,500","58,600","54,000","54,000","61,160.00","66,170.00","63,810.00","56,209.17", ,0,"1,871","4,386.00","5,916.75","4,169.90", 
2018-10-16,"54,200","55,000","53,500","54,200","56,420.00","65,200.00","63,380.00","56,249.17", ,0,"1,858","3,984.00","5,927.20","4,184.27", 
2018-10-17,"56,400","57,000","55,000","56,300","55,320.00","63,990.00","63,080.00","56,345.83", ,0,"1,690","2,711.20","5,970.95","4,184.75", 
2018-10-18,"55,500","56,500","55,500","56,000","55,700.00","62,780.00","62,790.00","56,448.33", ,0,914,"1,819.40","6,005.80","4,171.90", 
2018-10-19,"56,900","57,900","55,200","57,800","55,660.00","60,960.00","62,655.00","56,595.00", ,0,"1,517","1,570.00","6,037.85","4,182.63", 
2018-10-22,"57,800","57,900","53,600","54,300","55,720.00","58,440.00","62,420.00","56,708.33", ,0,"3,737","1,943.20","6,114.00","4,224.12", 
2018-10-23,"53,200","56,300","52,700","53,100","55,500.00","55,960.00","62,070.00","56,815.00", ,0,"3,243","2,220.20","6,183.05","4,273.83", 
2018-10-24,"53,900","55,500","49,200","52,900","54,820.00","55,070.00","61,870.00","56,890.83", ,0,"2,616","2,405.40","6,166.10","4,264.03", 
2018-10-25,"52,000","54,100","50,900","53,300","54,280.00","54,990.00","61,620.00","56,975.00", ,0,"1,591","2,540.80","6,117.30","4,276.28", 
2018-10-26,"54,100","54,100","50,000","51,600","53,040.00","54,350.00","61,110.00","57,001.67", ,0,"1,943","2,626.00","6,015.25","4,253.58", 
2018-10-29,"48,700","50,900","45,550","45,550","51,290.00","53,505.00","59,837.50","56,927.50", ,0,"3,350","2,548.60","5,561.50","4,290.75", 
2018-10-30,"42,550","47,900","42,550","47,700","50,210.00","52,855.00","59,027.50","56,898.33", ,55,"2,554","2,410.80","5,211.80","4,315.57", 
2018-10-31,"46,700","49,200","46,400","46,900","49,010.00","51,915.00","57,952.50","56,863.33", ,0,"1,428","2,173.20","4,636.65","4,293.50", 
2018-11-01,"47,900","51,000","47,350","48,000","47,950.00","51,115.00","56,947.50","56,825.00", ,0,"1,895","2,234.00","4,476.10","4,306.90", 
2018-11-02,"50,900","51,700","49,850","51,000","47,830.00","50,435.00","55,697.50","56,836.67", ,0,"1,689","2,183.20","2,873.90","4,321.85", 
2018-11-05,"49,200","52,000","48,300","50,100","48,740.00","50,015.00","54,227.50","56,831.67", ,0,"1,484","1,810.00","2,671.95","4,337.92", 
2018-11-06,"52,300","52,300","48,950","48,950","48,990.00","49,600.00","52,780.00","56,814.17", ,0,"2,170","1,733.20","2,587.05","4,367.77", 
2018-11-07,"49,300","53,000","47,250","49,800","49,570.00","49,290.00","52,180.00","56,822.50", ,0,"5,022","2,452.00","2,435.45","4,444.77", 
2018-11-08,"49,850","50,700","48,800","50,300","50,030.00","48,990.00","51,990.00","56,864.17", ,0,"1,550","2,383.00","2,244.30","4,437.45", 
2018-11-09,"50,300","50,300","48,200","48,300","49,490.00","48,660.00","51,505.00","56,871.67", ,0,"1,458","2,336.80","2,179.00","4,430.03", 
2018-11-12,"46,950","49,300","46,950","48,600","49,190.00","48,965.00","51,235.00","56,838.33", ,0,567,"2,153.40","2,113.80","4,412.02", 
2018-11-13,"47,000","49,100","47,000","48,750","49,150.00","49,070.00","50,962.50","56,817.50", ,0,"1,056","1,930.60","2,073.70","4,358.77", 
2018-11-14,"49,900","52,000","49,750","50,000","49,190.00","49,380.00","50,647.50","56,795.83", ,0,"2,433","1,412.80","2,110.85","4,384.87", 
2018-11-15,"51,400","51,400","48,650","50,000","49,130.00","49,580.00","50,347.50","56,734.17", ,0,"1,566","1,416.00","2,143.45","4,374.40", 
2018-11-16,"50,000","50,300","49,000","49,050","49,280.00","49,385.00","49,910.00","56,621.67", ,0,"1,134","1,351.20","2,124.30","4,349.80", 
2018-11-19,"49,200","53,000","49,200","51,800","49,920.00","49,555.00","49,785.00","56,545.00", ,0,"3,772","1,992.20","2,126.05","4,374.65", 
2018-11-20,"52,900","52,900","50,200","50,800","50,330.00","49,740.00","49,670.00","56,478.33", ,0,"1,243","2,029.60","2,026.05","4,371.65", 
2018-11-21,"50,800","52,500","49,600","51,600","50,650.00","49,920.00","49,605.00","56,308.33", ,0,"1,906","1,924.20","1,990.55","3,905.55", 
2018-11-22,"51,700","51,700","50,000","50,400","50,730.00","49,930.00","49,460.00","56,168.33", ,0,648,"1,740.60","1,943.40","3,755.43", 
2018-11-23,"50,400","52,000","50,200","51,300","51,180.00","50,230.00","49,445.00","56,031.67", ,0,"1,062","1,726.20","1,899.35","3,670.68", 
2018-11-26,"53,000","53,000","51,000","52,000","51,220.00","50,570.00","49,767.50","55,991.67", ,0,836,"1,139.00","1,773.65","3,559.93", 
2018-11-27,"51,000","52,400","50,600","51,800","51,420.00","50,875.00","49,972.50","55,971.67", ,0,"1,336","1,157.60","1,712.75","3,553.68", 
2018-11-28,"51,400","51,400","50,100","51,000","51,300.00","50,975.00","50,177.50","55,943.33", ,0,575,891.40,"1,670.10","3,548.98", 
2018-11-29,"51,000","53,000","50,500","51,200","51,460.00","51,095.00","50,337.50","55,906.67", ,0,"2,071","1,176.00","1,678.90","3,557.90", 
2018-11-30,"50,800","52,100","48,800","50,000","51,200.00","51,190.00","50,287.50","55,850.00", ,0,"1,251","1,213.80","1,657.00","3,561.58", 
2018-12-03,"51,400","51,400","50,400","50,700","50,940.00","51,080.00","50,317.50","55,785.00", ,0,521,"1,150.80","1,608.85","3,538.77", 
2018-12-04,"51,900","52,000","50,300","51,300","50,840.00","51,130.00","50,435.00","55,725.00", ,0,968,"1,077.20","1,548.75","3,517.35", 
2018-12-05,"50,000","51,700","49,800","51,500","50,940.00","51,120.00","50,520.00","55,666.67", ,0,888,"1,139.80","1,342.05","3,501.25", 
2018-12-06,"51,500","51,500","49,900","50,400","50,780.00","51,120.00","50,525.00","55,603.33", ,0,640,853.60,"1,296.55","3,376.55", 
2018-12-07,"50,400","65,500","50,300","65,500","53,880.00","52,540.00","51,385.00","55,728.33", ,18,"39,628","8,529.00","3,205.05","3,822.03", 
2018-12-10,"61,300","64,800","56,400","58,300","55,400.00","53,170.00","51,870.00","55,638.33", ,37,"25,342","13,493.20","4,443.80","4,158.12", 
2018-12-11,"56,100","56,600","53,100","53,700","55,880.00","53,360.00","52,117.50","55,486.67", ,38,"11,261","15,551.80","4,954.05","4,318.32", 
2018-12-12,"54,000","54,900","51,500","52,300","56,040.00","53,490.00","52,232.50","55,320.00", ,0,"6,723","16,718.80","5,168.55","4,416.78", 
2018-12-13,"52,300","54,000","51,500","54,000","56,760.00","53,770.00","52,432.50","55,190.00", ,0,"3,550","17,300.80","5,267.75","4,472.33", 
2018-12-14,"54,800","55,500","51,400","52,000","54,060.00","53,970.00","52,580.00","55,048.33", ,0,"3,962","10,167.60","5,409.15","4,523.77", 
2018-12-17,"52,200","52,200","49,600","50,500","52,500.00","53,950.00","52,515.00","54,906.67", ,0,"4,195","5,938.20","5,430.30","4,556.78", 
2018-12-18,"49,850","51,200","49,750","50,400","51,840.00","53,860.00","52,495.00","54,745.00", ,0,"1,448","3,975.60","5,440.55","4,549.88", 
2018-12-19,"50,200","50,900","49,700","49,800","51,340.00","53,690.00","52,405.00","54,626.67", ,0,"1,930","3,017.00","5,441.75","4,532.80", 
2018-12-20,"49,300","51,900","49,300","50,500","50,640.00","53,700.00","52,410.00","54,496.67", ,0,"1,562","2,619.40","5,487.45","4,516.05", 
2018-12-21,"50,500","51,200","49,400","51,000","50,440.00","52,250.00","52,395.00","54,316.67", ,0,993,"2,025.60","5,484.00","4,466.20", 
2018-12-24,"49,800","52,300","49,100","51,900","50,720.00","51,610.00","52,390.00","53,998.33","53,795.00",0,"2,410","1,668.60","5,562.70","4,299.28","3,664.79"
2018-12-26,"50,500","51,400","49,400","49,650","50,570.00","51,205.00","52,282.50","53,760.83","53,803.33",0,"1,709","1,720.80","5,581.35","4,168.63","3,664.46"
2018-12-27,"50,000","51,800","49,800","51,000","50,810.00","51,075.00","52,282.50","53,470.83","53,816.25",0,"1,624","1,659.60","5,633.80","3,980.18","3,658.16"
2018-12-28,"51,000","58,000","50,400","54,300","51,570.00","51,105.00","52,437.50","53,240.83","53,845.42",0,"11,085","3,564.20","6,084.50","4,079.83","3,735.95"
2019-01-02,"61,900","61,900","55,000","56,400","52,650.00","51,545.00","52,757.50","52,914.17","53,885.42",0,"12,665","5,898.60","6,655.20","3,728.70","3,832.44"
2019-01-03,"57,200","65,500","54,700","64,000","55,070.00","52,895.00","53,422.50","52,655.83","53,985.42",0,"15,822","8,581.00","7,420.25","3,900.35","3,953.43"
2019-01-04,"59,300","62,000","57,000","57,600","56,660.00","53,615.00","53,737.50","52,317.50","54,058.33",37,"6,776","9,594.40","7,710.65","3,948.82","3,984.80"
2019-01-07,"59,000","59,900","57,600","57,800","58,020.00","54,415.00","54,052.50","52,250.83","54,127.50",0,"4,928","10,255.20","7,912.65","3,896.72","4,018.90"
2019-01-08,"57,800","59,400","56,700","57,600","58,680.00","55,125.00","54,412.50","52,309.17","54,183.33",0,"3,689","8,776.00","8,065.10","3,868.65","3,999.77"
2019-01-09,"57,600","57,900","57,000","57,500","58,900.00","55,775.00","54,012.50","52,300.83","54,236.67",42,"2,585","6,760.00","6,212.95","3,865.67","4,008.95"
2019-01-10,"57,000","57,300","56,000","56,100","57,320.00","56,195.00","53,902.50","52,335.83","54,272.50",0,"1,318","3,859.20","5,011.75","3,856.45","4,013.18"
2019-01-11,"56,100","58,300","56,100","58,300","57,460.00","57,060.00","54,132.50","52,404.17","54,326.67",0,"1,792","2,862.40","4,538.30","3,855.35","4,019.81"
2019-01-14,"60,400","60,400","59,400","59,700","57,840.00","57,930.00","54,502.50","52,460.83","54,403.33",0,"1,776","2,232.00","4,290.95","3,856.78","4,020.77"
2019-01-15,"59,600","60,900","59,600","60,900","58,500.00","58,590.00","54,847.50","52,542.50","54,495.42",0,"2,706","2,035.40","4,248.75","3,886.65","4,029.28"
2019-01-16,"70,000","70,000","64,500","67,200","60,440.00","59,670.00","55,607.50","52,699.17","54,647.08",0,"8,425","3,203.40","4,471.90","4,001.78","4,092.21"
2019-01-17,"65,100","69,000","62,700","69,000","63,020.00","60,170.00","56,532.50","52,944.17","54,826.25",0,"9,686","4,877.00","4,746.45","4,100.93","4,162.52"
2019-01-18,"67,500","69,900","66,500","68,800","65,120.00","61,290.00","57,452.50","53,205.83","55,010.42",0,"5,779","5,674.40","4,963.00","4,143.20","4,208.52"
2019-01-21,"70,000","70,100","65,600","67,200","66,620.00","62,230.00","58,322.50","53,444.17","55,167.50",0,"2,966","5,912.40","5,014.80","4,149.03","4,206.53"
2019-01-22,"68,700","78,500","65,600","67,500","67,940.00","63,220.00","59,172.50","53,680.83","55,327.92",0,"21,246","9,620.40","5,999.00","4,476.62","4,376.45"
2019-01-23,"64,700","66,700","64,000","64,700","67,440.00","63,940.00","59,857.50","53,899.17","55,450.42",0,"4,767","8,888.80","6,187.70","4,523.68","4,388.63"
2019-01-24,"65,600","79,900","65,600","71,800","68,000.00","65,510.00","60,852.50","54,336.67","55,632.08",0,"46,783","16,308.20","8,406.35","5,247.57","4,769.16"
2019-01-25,"68,500","69,800","68,400","69,400","68,120.00","66,620.00","61,840.00","54,698.33","55,798.33",0,"4,556","16,063.60","8,548.70","5,280.93","4,798.25"
2019-01-28,"68,000","68,000","66,300","66,300","67,940.00","67,280.00","62,605.00","55,021.67","55,942.50",0,"3,307","16,131.80","8,632.85","5,312.25","4,802.88"
2019-01-29,"66,300","66,300","63,000","64,200","67,280.00","67,610.00","63,100.00","55,291.67","56,058.33",0,"2,845","12,451.60","8,220.85","5,328.08","4,817.49"
2019-01-30,"64,900","66,400","64,300","65,400","67,420.00","67,430.00","63,550.00","55,531.67","56,184.17",0,"2,172","11,932.60","7,696.20","5,336.13","4,828.99"
2019-01-31,"65,400","66,500","65,400","66,000","66,260.00","67,130.00","63,650.00","55,796.67","56,314.17",0,"3,443","3,264.60","7,077.25","5,368.78","4,853.35"
2019-02-01,"65,100","70,200","65,100","69,400","66,260.00","67,190.00","64,240.00","56,137.50","56,475.83",0,"3,221","2,997.60","6,899.50","5,386.30","4,877.03"
2019-02-07,"72,900","72,900","68,300","68,300","66,660.00","67,300.00","64,765.00","56,445.83","56,634.17",0,"2,972","2,930.60","6,801.70","5,352.13","4,898.45"
2019-02-08,"67,000","69,000","67,000","69,000","67,620.00","67,450.00","65,335.00","56,757.50","56,810.83",0,"2,297","2,821.00","6,732.10","5,364.58","4,901.02"
2019-02-11,"70,000","70,000","67,800","68,100","68,160.00","67,790.00","65,865.00","57,087.50","56,979.58",0,"1,875","2,761.60","6,696.60","5,371.53","4,900.78"
2019-02-12,"68,100","69,000","68,000","68,300","68,620.00","67,440.00","66,475.00","57,415.83","57,127.08",0,922,"2,257.40","6,676.80","5,377.45","4,894.73"
2019-02-13,"68,300","68,700","67,000","68,500","68,440.00","67,350.00","66,985.00","57,745.00","57,281.25",0,"1,592","1,931.60","6,666.80","5,386.38","4,872.57"
2019-02-14,"69,500","70,000","64,000","65,400","67,860.00","67,260.00","67,270.00","58,001.67","57,398.75",0,"7,861","2,909.40","6,971.05","5,476.85","4,930.86"
2019-02-15,"65,600","65,600","62,500","65,000","67,060.00","67,340.00","67,475.00","58,251.67","57,492.92",71,"2,240","2,898.00","6,947.75","5,488.08","4,931.24"
2019-02-18,"66,700","67,900","65,000","67,400","66,920.00","67,540.00","67,485.00","58,557.50","57,589.58",0,"2,550","3,033.00","6,654.00","5,511.68","4,930.74"
2019-02-19,"68,600","82,100","68,600","70,000","67,260.00","67,940.00","67,535.00","58,860.83","57,702.92",29,"36,986","10,245.80","8,019.00","6,065.25","5,219.95"
2019-02-20,"72,200","73,500","67,300","68,500","67,260.00","67,850.00","67,520.00","59,155.83","57,817.08",0,"10,650","12,057.40","8,262.55","6,222.03","5,296.84"
2019-02-21,"68,400","69,200","63,800","64,800","67,140.00","67,500.00","67,400.00","59,375.83","57,842.08",0,"10,222","12,529.60","8,625.35","6,360.63","5,133.09"
2019-02-22,"64,300","66,500","63,900","65,600","67,260.00","67,160.00","67,305.00","59,629.17","57,898.75",0,"2,380","12,557.60","7,682.05","6,389.50","5,072.47"
2019-02-25,"66,100","66,100","62,300","63,400","66,460.00","66,690.00","67,240.00","59,830.83","57,931.25",0,"3,500","12,747.60","7,618.70","6,430.13","5,050.41"
2019-02-26,"64,000","69,000","63,100","64,400","65,340.00","66,300.00","66,870.00","60,037.50","58,014.58",0,"9,120","7,174.40","5,735.55","6,568.20","5,064.07"
2019-02-27,"64,200","66,300","62,500","65,400","64,720.00","65,990.00","66,670.00","60,264.17","58,117.92",0,"3,972","5,838.80","5,706.35","6,612.13","5,082.91"
2019-02-28,"66,300","66,300","51,900","55,000","62,760.00","64,950.00","66,105.00","60,330.83","58,137.08",0,"10,701","5,934.60","6,076.05","6,780.90","5,164.94"
2019-03-04,"50,500","55,100","49,500","52,200","60,080.00","63,670.00","65,505.00","60,347.50","58,127.08",0,"6,939","6,846.40","6,280.75","6,862.03","5,209.97"
2019-03-05,"51,800","54,000","51,600","52,900","57,980.00","62,220.00","64,880.00","60,395.83","58,122.92",0,"2,609","6,668.20","6,302.60","6,884.67","5,223.13"
2019-03-06,"52,800","53,100","51,000","52,000","55,500.00","60,420.00","64,180.00","60,417.50","58,101.25",0,"2,260","5,296.20","6,243.45","6,913.65","5,226.21"
2019-03-07,"51,600","52,800","49,500","50,200","52,460.00","58,590.00","63,220.00","60,399.17","58,062.08",0,"1,687","4,839.20","6,166.75","6,925.63","5,221.49"
2019-03-08,"49,400","49,850","48,700","49,050","51,270.00","57,015.00","62,257.50","60,358.33","58,012.50",0,"2,446","3,188.20","6,140.45","6,951.60","5,226.43"
2019-03-11,"49,000","49,650","48,150","48,300","50,490.00","55,285.00","61,222.50","60,323.33","57,963.33",0,"2,211","2,242.60","6,136.15","6,977.78","5,177.17"
2019-03-12,"48,100","50,800","48,000","49,600","49,830.00","53,905.00","60,297.50","60,058.33","57,893.33",0,"3,266","2,374.00","6,205.70","6,371.75","5,096.89"
2019-03-13,"48,850","49,350","47,800","48,100","49,050.00","52,275.00","59,287.50","59,888.33","57,763.33",0,"2,797","2,481.40","6,299.45","5,996.00","5,077.06"
2019-03-14,"49,000","49,900","48,550","49,000","48,810.00","50,635.00","58,312.50","59,810.00","57,648.33",0,"1,920","2,528.00","6,315.85","5,840.32","5,079.32"
2019-03-15,"49,600","49,850","45,800","46,000","48,200.00","49,735.00","57,342.50","59,705.00","57,512.50",2,"4,581","2,955.00","6,151.85","5,804.62","5,110.70"
2019-03-18,"47,100","48,350","46,950","47,300","48,000.00","49,245.00","56,457.50","59,593.33","57,391.67",58,"1,178","2,748.40","6,098.75","5,765.08","5,118.71"
2019-03-19,"49,800","49,800","47,100","48,500","47,780.00","48,805.00","55,512.50","59,535.00","57,291.67",0,"2,233","2,541.80","6,082.90","5,736.27","5,130.02"
2019-03-20,"48,100","48,500","47,150","47,850","47,730.00","48,390.00","54,405.00","59,490.83","57,198.75",0,"1,254","2,233.20","4,296.30","5,687.25","5,122.02"
2019-03-21,"47,300","48,700","47,000","47,950","47,520.00","48,165.00","53,377.50","59,450.00","57,097.50",0,"1,677","2,184.60","3,847.65","5,691.07","5,120.48"
2019-03-22,"48,950","48,950","46,850","48,150","47,950.00","48,075.00","52,545.00","59,422.50","57,024.58",0,415,"1,351.40","3,357.30","5,665.82","5,099.31"
2019-03-25,"48,150","48,150","46,600","47,500","47,990.00","47,995.00","51,640.00","59,372.50","56,934.58",0,"1,057","1,327.20","3,291.15","5,657.40","5,086.73"
2019-03-26,"48,000","48,900","47,300","48,050","47,900.00","47,840.00","50,872.50","59,323.33","56,820.00",0,"1,183","1,117.20","3,175.30","5,660.57","5,063.38"
2019-03-27,"47,300","48,300","46,800","48,250","47,980.00","47,855.00","50,065.00","59,262.50","56,630.42",0,"1,638","1,194.00","2,801.20","5,647.70","4,973.49"
2019-03-28,"48,200","48,200","46,750","46,800","47,750.00","47,635.00","49,135.00","59,215.00","56,487.92",0,942,"1,047.00","2,649.70","5,634.92","4,901.77"
2019-03-29,"46,800","50,000","46,800","49,800","48,080.00","48,015.00","48,875.00","59,195.00","56,332.92",18,"6,193","2,202.60","2,424.30","5,711.07","4,845.63"
2019-04-01,"49,850","51,600","49,800","50,600","48,700.00","48,345.00","48,795.00","59,133.33","56,187.08",0,"1,767","2,344.60","2,165.70","5,555.77","4,817.80"
2019-04-02,"50,700","51,000","49,400","50,000","49,090.00","48,495.00","48,650.00","59,026.67","55,970.42",0,"1,239","2,355.80","2,097.20","5,365.33","4,547.02"
2019-04-03,"49,600","51,600","49,600","50,200","49,480.00","48,730.00","48,560.00","58,796.67","55,726.25",29,"1,320","2,292.20","2,050.20","5,123.63","4,511.99"
2019-04-04,"50,000","50,800","49,500","49,750","50,070.00","48,910.00","48,537.50","58,665.83","55,491.67",0,772,"2,258.20","2,004.45","5,023.57","4,486.19"
2019-04-05,"49,650","52,600","49,650","51,200","50,350.00","49,215.00","48,645.00","58,555.83","55,403.33",0,"1,501","1,319.80","1,957.20","4,966.45","4,431.58"
2019-04-08,"50,900","51,100","50,100","50,400","50,310.00","49,505.00","48,750.00","58,435.83","55,372.50",0,634,"1,093.20","1,878.35","4,915.53","4,392.09"
2019-04-09,"50,400","51,300","49,100","50,000","50,310.00","49,700.00","48,770.00","58,310.83","55,305.83",0,"1,002","1,045.80","1,765.15","4,889.15","4,377.41"
2019-04-10,"50,800","51,600","50,200","50,500","50,370.00","49,925.00","48,890.00","58,217.50","55,276.67",0,"1,253","1,032.40","1,687.95","4,888.07","4,372.26"
2019-04-11,"51,300","57,800","51,100","53,300","51,080.00","50,575.00","49,105.00","58,134.17","55,269.17",29,"10,430","2,964.00","2,113.45","5,032.03","4,443.69"
2019-04-12,"51,300","52,000","50,400","51,200","51,080.00","50,715.00","49,365.00","57,992.50","55,226.67",0,"3,153","3,294.40","2,042.05","5,054.98","4,455.88"
2019-04-15,"51,200","52,100","50,500","51,300","51,260.00","50,785.00","49,565.00","57,832.50","55,187.50",0,"1,263","3,420.20","2,046.30","5,030.93","4,458.79"
2019-04-16,"50,600","53,900","48,800","53,300","51,920.00","51,115.00","49,805.00","57,600.83","55,150.00",0,"6,404","4,500.60","2,254.85","4,997.25","4,499.52"
2019-04-17,"52,700","55,300","52,600","53,600","52,540.00","51,455.00","50,092.50","57,344.17","55,144.17",0,"3,706","4,991.20","2,377.45","4,897.58","4,499.26"
2019-04-18,"54,000","54,800","51,800","53,700","52,620.00","51,850.00","50,380.00","57,092.50","55,149.17",0,"1,596","3,224.40","2,373.40","4,827.87","4,485.53"
2019-04-19,"53,700","54,100","52,500","53,600","53,100.00","52,090.00","50,652.50","56,865.83","55,155.00",0,906,"2,775.00","2,397.95","4,793.53","4,471.28"
2019-04-22,"53,600","54,700","52,900","54,200","53,680.00","52,470.00","50,987.50","56,644.17","55,162.50",0,"2,274","2,977.20","2,458.80","4,477.33","4,476.98"
2019-04-23,"54,000","56,000","53,500","55,800","54,180.00","53,050.00","51,375.00","56,495.83","55,197.50",0,"3,426","2,381.60","2,570.95","4,454.98","4,489.33"
2019-04-24,"56,600","56,700","54,100","55,500","54,560.00","53,550.00","51,737.50","56,224.17","55,280.42",0,"2,205","2,081.40","2,599.30","3,712.02","4,479.79"
2019-04-25,"55,400","55,600","51,500","54,200","54,660.00","53,640.00","52,107.50","55,970.83","55,334.58",20,"2,892","2,340.60","2,696.80","3,684.28","4,482.61"
2019-04-26,"52,800","54,000","52,400","53,900","54,720.00","53,910.00","52,312.50","55,764.17","55,392.92",0,"1,278","2,415.00","2,451.05","3,650.47","4,481.36"
2019-04-29,"52,500","52,600","51,500","52,500","54,380.00","54,030.00","52,407.50","55,569.17","55,430.42",0,"1,249","2,210.00","2,425.15","3,623.87","4,475.98"
2019-04-30,"52,500","53,000","51,400","53,000","53,820.00","54,000.00","52,557.50","55,362.50","55,447.08",0,861,"1,697.00","2,406.25","3,602.02","4,469.07"
2019-05-02,"53,500","53,600","51,700","52,800","53,280.00","53,920.00","52,687.50","55,142.50","55,469.58",0,276,"1,311.20","2,354.05","3,549.23","4,459.01"
2019-05-03,"52,800","52,800","51,500","52,500","52,940.00","53,800.00","52,825.00","54,860.83","55,499.17",0,584,849.60,"2,344.65","3,505.28","4,445.79"
2019-05-07,"50,800","51,700","50,000","50,300","52,220.00","53,470.00","52,780.00","54,560.83","55,503.33",0,"1,384",870.80,"2,338.80","3,478.82","4,415.48"
2019-05-08,"50,300","52,900","50,000","51,000","51,920.00","53,150.00","52,810.00","54,260.83","55,509.17",70,716,764.20,"2,342.90","3,452.47","4,408.52"
2019-05-09,"51,000","51,800","49,450","51,400","51,600.00","52,710.00","52,880.00","53,982.50","55,535.00",0,"1,067",805.40,"2,346.15","3,439.00","4,405.27"
2019-05-10,"51,100","51,100","49,850","50,400","51,120.00","52,200.00","52,875.00","53,684.17","55,550.00",0,526,855.40,"2,309.80","3,432.40","4,404.93"
2019-05-13,"50,400","51,100","49,850","50,200","50,660.00","51,800.00","52,720.00","53,379.17","55,562.08",70,594,857.40,"1,818.00","3,415.77","4,401.07"
2019-05-14,"50,200","50,300","48,600","49,550","50,510.00","51,365.00","52,637.50","53,115.00","55,558.33",0,"1,313",843.20,"1,726.00","3,306.63","4,391.74"
2019-05-15,"49,500","49,800","48,650","49,550","50,220.00","51,070.00","52,550.00","52,857.50","55,554.58",0,934,886.80,"1,709.55","3,284.87","4,386.48"
2019-05-16,"49,650","50,600","48,900","49,600","49,860.00","50,730.00","52,365.00","52,560.83","55,559.17",0,"1,275",928.40,"1,453.10","3,263.62","4,387.65"
2019-05-17,"50,900","63,700","49,900","58,500","51,480.00","51,300.00","52,610.00","52,369.17","55,615.00",0,"98,265","20,476.20","6,181.05","4,284.93","5,175.09"
2019-05-20,"69,400","73,500","63,000","68,900","55,220.00","52,940.00","53,370.00","52,375.83","55,765.83",0,"98,671","40,091.60","11,034.80","5,751.95","5,986.99"
2019-05-21,"61,200","63,700","59,300","60,000","57,310.00","53,910.00","53,690.00","52,295.83","55,835.83",0,"17,009","43,230.80","11,839.95","5,865.07","6,112.85"
2019-05-22,"56,900","63,600","55,600","58,800","59,160.00","54,690.00","53,920.00","52,182.50","55,905.83",0,"15,273","46,098.60","12,489.90","6,079.95","6,234.73"
2019-05-23,"55,900","55,900","53,400","53,400","59,920.00","54,890.00","53,800.00","52,015.83","55,923.33",0,"12,723","48,388.20","12,954.75","6,233.67","6,331.90"
2019-05-24,"53,500","53,500","50,000","53,000","58,820.00","55,150.00","53,675.00","51,825.83","55,931.67",0,"8,846","30,504.40","13,286.80","6,229.10","6,398.65"
2019-05-27,"50,700","52,400","50,700","51,000","55,240.00","55,230.00","53,515.00","51,585.83","55,925.00",0,"3,816","11,533.40","13,333.00","6,226.50","6,419.32"
2019-05-28,"50,200","54,300","50,200","51,100","53,460.00","55,385.00","53,375.00","51,520.83","55,925.83",0,"6,063","9,344.20","13,572.25","6,149.20","6,465.05"
2019-05-29,"51,000","51,700","50,400","51,500","52,000.00","55,580.00","53,325.00","51,509.17","55,928.33",0,"2,167","6,723.00","13,618.15","6,069.67","6,465.85"
2019-05-30,"51,000","51,700","50,900","51,500","51,620.00","55,770.00","53,250.00","51,485.83","55,940.83",68,"1,697","4,517.80","13,659.95","6,054.47","6,469.57"
2019-05-31,"51,500","53,000","51,100","53,000","51,620.00","55,220.00","53,260.00","51,502.50","55,960.00",68,"2,551","3,258.80","13,773.70","6,059.32","6,486.48"
2019-06-03,"52,700","53,800","52,000","53,800","52,180.00","53,710.00","53,325.00","51,562.50","55,980.83",68,"1,571","2,809.80","13,823.05","6,057.38","6,491.51"
2019-06-04,"53,700","54,900","52,600","52,800","52,520.00","52,990.00","53,450.00","51,625.00","55,991.67",0,"4,999","2,597.00","14,003.80","6,099.93","6,525.77"
2019-06-05,"52,400","53,700","52,400","53,400","52,900.00","52,450.00","53,570.00","51,710.00","56,016.67",0,"1,794","2,522.40","14,057.70","6,092.98","6,535.38"
2019-06-07,"53,100","55,200","52,900","55,000","53,600.00","52,610.00","53,750.00","51,800.00","55,929.17",18,"4,454","3,073.80","14,227.05","6,112.78","6,242.27"
2019-06-10,"56,100","56,500","53,900","54,800","53,960.00","52,790.00","53,970.00","51,911.67","55,900.00",33,"3,550","3,273.60","14,378.25","6,125.33","6,060.67"
2019-06-11,"55,500","58,700","54,200","58,000","54,800.00","53,490.00","54,360.00","52,061.67","55,935.83",0,"10,028","4,965.00","14,849.95","6,260.47","6,050.39"
2019-06-12,"61,900","61,900","56,800","57,500","55,740.00","54,130.00","54,757.50","52,253.33","55,979.17",0,"12,055","6,376.20","15,387.05","6,385.03","6,094.82"
2019-06-13,"56,800","58,500","56,200","57,900","56,640.00","54,770.00","55,175.00","52,430.00","56,011.67",0,"3,410","6,699.40","15,510.85","6,422.23","6,093.66"
2019-06-14,"59,200","59,700","57,600","59,300","57,500.00","55,550.00","55,660.00","52,610.00","56,072.50",0,"6,713","7,151.20","15,782.75","6,496.90","6,116.58"
2019-06-17,"58,100","58,300","56,300","57,500","58,040.00","56,000.00","55,610.00","52,770.83","56,130.83",0,"3,251","7,091.40","11,032.05","6,530.18","6,108.72"
2019-06-18,"57,600","58,200","55,500","55,800","57,600.00","56,200.00","54,955.00","52,901.67","56,175.83",0,"2,346","5,555.00","6,215.80","6,541.33","6,116.20"
2019-06-19,"56,300","60,900","56,000","58,000","57,700.00","56,720.00","54,855.00","53,065.83","56,244.17",0,"13,990","5,942.00","6,064.85","6,767.58","6,216.70"
2019-06-20,"57,600","57,900","56,300","57,800","57,680.00","57,160.00","54,805.00","53,237.50","56,305.00",0,"3,510","5,962.00","5,476.70","6,808.47","6,232.93"
2019-06-21,"57,200","57,700","56,200","57,500","57,320.00","57,410.00","55,010.00","53,395.00","56,359.17",0,"3,270","5,273.40","5,004.05","6,843.25","6,251.91"
2019-06-24,"58,500","60,500","57,700","59,100","57,640.00","57,840.00","55,315.00","53,575.83","56,419.17",0,"7,283","6,079.80","4,925.90","6,937.33","6,292.52"
2019-06-25,"58,500","59,400","56,800","57,800","58,040.00","57,820.00","55,655.00","53,759.17","56,487.08",17,"3,208","6,252.20","4,895.50","6,975.10","6,305.01"
2019-06-26,"56,600","57,700","55,500","57,000","57,840.00","57,770.00","55,950.00","53,879.17","56,537.08",0,"3,282","4,110.60","4,756.45","6,926.58","6,318.82"
2019-06-27,"57,800","58,600","55,500","57,100","57,700.00","57,690.00","56,230.00","53,987.50","56,560.42",0,"3,333","4,075.20","4,814.75","6,952.68","6,254.23"
2019-06-28,"56,000","57,700","54,700","57,000","57,600.00","57,460.00","56,505.00","54,104.17","56,565.42",0,"2,555","3,932.20","4,857.65","6,974.62","6,169.98"
2019-07-01,"60,600","69,000","58,200","61,200","58,020.00","57,830.00","56,915.00","54,287.50","56,542.08",0,"40,978","10,671.20","6,779.00","7,635.58","6,379.61"
2019-07-02,"59,300","62,400","58,000","58,000","58,060.00","58,050.00","57,125.00","54,425.00","56,545.42",29,"25,268","15,083.20","7,963.85","8,043.85","6,533.71"
2019-07-03,"56,700","58,500","56,400","57,100","58,080.00","57,960.00","57,340.00","54,523.33","56,539.58",0,"3,116","15,050.00","7,869.70","8,070.77","6,518.61"
2019-07-04,"56,800","58,200","56,300","57,100","58,080.00","57,890.00","57,525.00","54,635.00","56,535.42",0,"2,301","14,843.60","7,895.05","8,098.55","6,507.04"
2019-07-05,"57,500","59,600","57,100","58,600","58,400.00","58,000.00","57,705.00","54,778.33","56,544.58",0,"9,506","16,233.80","8,147.65","8,240.28","6,564.72"
2019-07-08,"58,100","58,100","55,500","55,500","57,260.00","57,640.00","57,740.00","54,861.67","56,539.58",2,"3,100","8,658.20","8,125.15","8,271.07","6,579.57"
2019-07-09,"56,400","56,400","53,100","54,200","56,500.00","57,280.00","57,550.00","54,876.67","56,505.42",0,"3,578","4,320.20","7,802.65","8,156.87","6,594.45"
2019-07-10,"53,100","55,200","53,100","54,800","56,040.00","57,060.00","57,415.00","54,936.67","56,464.58",70,"1,014","3,899.80","7,250.60","8,121.22","6,588.10"
2019-07-11,"53,500","60,800","53,500","60,000","56,620.00","57,350.00","57,520.00","55,081.67","56,457.08",0,"18,604","7,160.40","8,010.30","8,410.23","6,720.58"
2019-07-12,"57,900","59,500","56,100","57,100","56,320.00","57,360.00","57,410.00","55,145.00","56,372.92",37,"11,948","7,648.80","8,272.05","8,502.63","6,749.94"
2019-07-15,"56,600","58,000","56,500","57,200","56,660.00","56,960.00","57,395.00","55,205.00","56,274.58",0,"2,881","7,605.00","8,253.55","8,488.88","6,693.23"
2019-07-16,"56,800","57,800","55,700","57,500","57,320.00","56,910.00","57,480.00","55,268.33","56,180.42",0,"2,015","7,292.40","8,237.00","8,495.87","6,661.87"
2019-07-17,"56,100","56,500","54,600","55,700","57,500.00","56,770.00","57,365.00","55,303.33","56,084.58",0,"3,925","7,874.60","7,733.75","8,546.18","6,669.86"
2019-07-18,"54,700","56,300","54,300","55,600","56,620.00","56,620.00","57,255.00","55,326.67","55,985.42",0,"1,464","4,446.60","7,631.45","8,532.68","6,505.01"
2019-07-19,"55,600","56,700","55,500","56,400","56,480.00","56,400.00","57,200.00","55,336.67","55,916.25",0,"3,552","2,767.40","7,645.55","8,534.78","6,494.88"
2019-07-22,"56,700","56,700","55,300","56,200","56,280.00","56,470.00","57,055.00","55,348.33","55,786.25",0,391,"2,269.40","7,300.95","8,504.55","6,108.28"
2019-07-23,"56,700","56,900","55,300","55,700","55,920.00","56,620.00","56,950.00","55,373.33","55,672.08",70,779,"2,022.20","7,179.50","8,469.33","6,076.81"
2019-07-24,"55,100","55,500","53,700","54,200","55,620.00","56,560.00","56,810.00","55,378.33","55,571.25",0,"1,287","1,494.60","7,079.75","8,469.48","6,059.98"
2019-07-25,"53,700","54,200","52,400","53,600","55,220.00","55,920.00","56,635.00","55,396.67","55,482.92",0,811,"1,364.00","6,953.65","8,462.18","6,043.02"
2019-07-26,"53,600","54,800","51,700","53,700","54,680.00","55,580.00","56,470.00","55,408.33","55,385.42",8,"1,753","1,004.20","6,913.55","8,477.05","6,039.53"
2019-07-29,"53,700","55,000","50,400","50,800","53,600.00","54,940.00","55,950.00","55,375.00","55,258.75",0,"1,508","1,227.60","4,940.05","8,497.58","6,023.41"
2019-07-30,"50,000","53,700","49,200","52,400","52,940.00","54,430.00","55,670.00","55,373.33","55,117.08",47,"3,056","1,683.00","3,829.45","8,538.78","6,022.03"
2019-07-31,"52,700","52,700","50,500","52,100","52,520.00","54,070.00","55,420.00","55,403.33","54,982.08",0,"3,282","2,082.00","3,837.75","8,570.42","6,024.62"
2019-08-01,"50,900","51,800","50,500","51,800","52,160.00","53,690.00","55,155.00","55,416.67","54,838.75",70,"1,968","2,313.40","3,821.10","8,591.28","6,021.88"
2019-08-02,"50,700","52,700","50,000","52,300","51,880.00","53,280.00","54,840.00","55,431.67","54,707.08",0,"1,150","2,192.80","3,403.30","8,592.67","6,015.83"
2019-08-05,"50,600","52,600","50,000","50,900","51,900.00","52,750.00","54,610.00","55,440.00","54,562.08",70,"1,073","2,105.80","3,301.95","8,601.78","6,017.09"
2019-08-06,"48,300","51,800","48,300","50,800","51,580.00","52,260.00","54,440.00","55,450.00","54,414.58",0,"2,008","1,896.20","3,223.45","8,625.35","6,020.56"
2019-08-07,"50,800","51,800","50,100","51,700","51,500.00","52,010.00","54,285.00","55,485.83","54,300.42",0,"1,040","1,447.80","3,224.75","8,620.80","5,963.72"
2019-08-08,"52,500","53,600","51,700","52,700","51,680.00","51,920.00","53,920.00","55,538.33","54,197.92",0,"1,735","1,401.20","2,381.30","8,634.15","5,959.51"
2019-08-09,"52,700","53,800","51,900","52,400","51,700.00","51,790.00","53,685.00","55,585.00","54,072.92",0,"1,276","1,426.40","1,847.70","8,634.17","5,948.89"
2019-08-12,"52,500","54,500","52,500","53,900","52,300.00","52,100.00","53,520.00","55,508.33","53,938.75",0,"1,025","1,416.80","1,754.90","7,013.50","5,649.22"
2019-08-13,"53,900","54,200","53,400","54,000","52,940.00","52,260.00","53,345.00","55,260.00","53,817.92",0,514,"1,118.00","1,679.85","5,377.55","5,564.75"
2019-08-14,"54,000","54,500","53,000","54,000","53,400.00","52,450.00","53,260.00","55,160.00","53,727.92",0,553,"1,020.60","1,511.25","5,103.28","5,484.18"
2019-08-16,"52,500","53,400","52,300","52,400","53,340.00","52,510.00","53,100.00","55,053.33","53,617.92",0,701,813.80,"1,473.10","4,860.42","5,470.18"
2019-08-19,"52,500","54,800","52,500","54,300","53,720.00","52,710.00","52,995.00","55,068.33","53,542.08",0,"1,816",921.80,"1,386.30","4,678.63","5,456.15"
2019-08-20,"54,300","55,900","52,900","55,400","54,020.00","53,160.00","52,955.00","55,108.33","53,467.08",0,"2,742","1,265.20","1,503.85","4,576.90","5,403.00"
2019-08-21,"55,400","55,500","54,000","55,300","54,280.00","53,610.00","52,935.00","55,180.00","53,382.92",0,642,"1,290.80","1,497.00","4,524.00","5,375.25"
2019-08-22,"54,100","55,800","54,000","54,700","54,420.00","53,910.00","52,960.00","55,240.00","53,380.42",0,912,"1,362.60","1,478.25","4,438.15","5,293.68"
2019-08-23,"53,700","55,400","53,700","54,400","54,820.00","54,080.00","53,000.00","55,288.33","53,398.75",0,371,"1,296.60","1,456.25","4,408.22","5,238.94"
2019-08-26,"53,000","53,100","52,000","53,100","54,580.00","54,150.00","52,970.00","55,315.00","53,400.42",0,821,"1,097.60","1,409.65","4,393.62","5,224.04"
2019-08-27,"55,200","55,200","52,400","53,300","54,160.00","54,090.00","53,095.00","55,320.00","53,411.25",0,"1,358",820.80,"1,402.15","4,373.73","5,216.52"
2019-08-28,"52,300","53,200","52,200","52,800","53,660.00","53,970.00","53,115.00","55,303.33","53,432.92",0,612,814.80,"1,279.95","4,357.75","5,207.57"
2019-08-29,"52,800","53,300","52,400","53,000","53,320.00","53,870.00","53,160.00","55,306.67","53,465.83",0,369,706.20,"1,134.30","4,280.58","5,190.26"
2019-08-30,"54,100","54,100","52,900","53,100","53,060.00","53,940.00","53,225.00","55,301.67","53,505.83",0,509,733.80,"1,061.35","4,259.17","5,176.07"
2019-09-02,"53,100","53,100","52,500","53,000","53,040.00","53,810.00","53,260.00","55,268.33","53,534.17",0,76,584.80,"1,007.65","4,186.20","5,149.49"
2019-09-03,"52,600","53,500","51,600","52,800","52,940.00","53,550.00","53,355.00","55,235.00","53,573.33",0,906,494.40,999.30,"4,142.13","5,133.73"
2019-09-04,"52,800","53,200","52,000","52,800","52,940.00","53,300.00","53,455.00","55,148.33","53,605.00",0,279,427.80,912.85,"3,979.65","5,120.06"
2019-09-05,"52,500","53,400","52,500","52,800","52,900.00","53,110.00","53,510.00","55,070.00","53,661.67",0,99,373.80,865.80,"3,780.38","5,082.71"
2019-09-06,"53,800","53,800","51,700","52,700","52,820.00","52,940.00","53,510.00","54,983.33","53,706.67",0,208,313.60,789.45,"3,727.02","5,074.63"
2019-09-09,"52,600","52,700","51,700","52,000","52,620.00","52,830.00","53,490.00","54,861.67","53,735.83",70,241,346.60,737.70,"3,619.15","5,058.02"
2019-09-10,"53,300","55,900","52,800","55,200","53,100.00","53,020.00","53,555.00","54,823.33","53,797.08",0,"4,380","1,041.40",905.45,"3,637.97","5,084.07"
2019-09-11,"55,700","56,400","53,700","56,100","53,760.00","53,350.00","53,660.00","54,828.33","53,865.00",0,"2,815","1,548.60","1,020.50","3,645.78","5,093.56"
2019-09-16,"57,200","59,700","56,300","57,500","54,700.00","53,800.00","53,835.00","54,820.00","53,942.92",0,"6,711","2,871.00","1,328.40","3,524.47","5,146.02"
2019-09-17,"56,300","56,900","55,500","56,200","55,400.00","54,110.00","54,025.00","54,793.33","54,015.42",0,"2,003","3,230.00","1,393.50","3,499.35","5,153.91"
2019-09-18,"55,300","57,800","54,000","56,700","56,340.00","54,480.00","54,145.00","54,780.00","54,087.50",0,"5,210","4,223.80","1,563.20","3,531.68","5,187.47"
2019-09-19,"56,200","57,000","55,300","56,600","56,620.00","54,860.00","54,205.00","54,738.33","54,157.08",0,"1,812","3,710.20","1,516.70","3,440.50","5,188.92"
2019-09-20,"57,500","57,500","55,800","57,500","56,900.00","55,330.00","54,315.00","54,733.33","54,246.25",0,"1,749","3,497.00","1,572.05","3,416.18","5,195.64"
2019-09-23,"58,400","59,500","56,200","58,600","57,120.00","55,910.00","54,510.00","54,760.00","54,319.58",0,"3,640","2,882.80","1,708.45","3,422.15","5,174.37"
2019-09-24,"57,500","57,800","56,700","57,600","57,400.00","56,400.00","54,670.00","54,768.33","54,377.92",0,"1,612","2,804.60","1,770.50","3,393.47","5,173.07"
2019-09-25,"56,600","57,200","54,200","55,700","57,200.00","56,770.00","54,800.00","54,746.67","54,425.42",0,"2,904","2,343.40","1,874.65","3,399.28","5,186.95"
2019-09-26,"55,900","56,400","54,100","55,200","56,920.00","56,770.00","54,895.00","54,646.67","54,467.08",0,"2,221","2,425.20","1,917.80","2,753.33","5,194.46"
2019-09-27,"54,900","55,700","54,300","55,300","56,480.00","56,690.00","55,020.00","54,601.67","54,513.33",0,"1,108","2,297.00","1,942.60","2,350.67","5,197.26"
2019-09-30,"54,400","55,300","53,700","55,200","55,800.00","56,460.00","55,130.00","54,570.00","54,546.67",0,"1,064","1,781.80","1,977.35","2,316.47","5,193.62"
2019-10-01,"54,000","55,200","54,000","54,300","55,140.00","56,270.00","55,190.00","54,523.33","54,579.17",0,617,"1,582.80","1,982.75","2,288.40","5,193.48"
2019-10-02,"56,300","57,800","54,600","55,700","55,140.00","56,170.00","55,325.00","54,475.00","54,626.67",0,"4,975","1,997.00","2,227.70","2,212.88","5,226.58"
2019-10-04,"55,700","55,700","54,000","54,000","54,900.00","55,910.00","55,385.00","54,450.00","54,655.83",2,"2,314","2,015.60","2,298.10","2,199.78","5,235.43"
2019-10-07,"50,300","52,800","50,100","51,700","54,180.00","55,330.00","55,330.00","54,408.33","54,642.50",0,"3,341","2,462.20","2,451.20","2,195.83","5,176.35"
2019-10-08,"50,400","51,600","50,400","51,600","53,460.00","54,630.00","55,270.00","54,355.00","54,645.83",6,"1,231","2,495.60","2,507.80","2,199.45","5,160.33"
2019-10-10,"51,500","51,600","50,200","51,600","52,920.00","54,030.00","55,215.00","54,215.00","54,648.33",0,542,"2,480.60","2,524.50","1,898.42","5,154.32"
2019-10-11,"51,400","51,700","50,500","51,300","52,040.00","53,590.00","55,180.00","54,118.33","54,631.67",0,464,"1,578.40","2,535.65","1,707.02","5,104.82"
2019-10-14,"51,700","51,900","51,300","51,900","51,620.00","53,260.00","55,015.00","54,030.00","54,617.50",0,"1,830","1,481.60","2,408.15","1,689.50","5,089.19"
2019-10-15,"51,800","51,800","50,900","51,800","51,640.00","52,910.00","54,800.00","53,935.00","54,601.67",0,509,915.20,"2,292.85","1,664.40","5,080.13"
2019-10-16,"51,800","51,800","51,000","51,500","51,620.00","52,540.00","54,500.00","53,865.00","54,584.17",0,354,739.80,"1,975.00","1,604.88","5,075.53"
2019-10-17,"50,800","51,400","50,400","51,000","51,500.00","52,210.00","54,240.00","53,788.33","54,557.50",0,618,755.00,"1,905.75","1,590.78","5,061.73"
2019-10-18,"51,300","51,500","50,700","51,300","51,500.00","51,770.00","53,970.00","53,703.33","54,520.00",0,283,718.80,"1,659.40","1,536.30","5,035.54"
2019-10-21,"50,600","50,900","50,200","50,600","51,240.00","51,430.00","53,670.00","53,610.00","54,479.17",0,368,426.40,"1,587.20","1,535.92","5,020.23"
2019-10-22,"51,300","51,300","50,200","51,000","51,080.00","51,360.00","53,345.00","53,531.67","54,452.50",71,444,413.40,"1,521.95","1,530.33","4,999.83"
2019-10-23,"50,200","50,800","49,100","50,800","50,940.00","51,280.00","52,955.00","53,475.00","54,426.67",0,"1,124",567.40,"1,396.15","1,527.62","4,998.55"
2019-10-24,"50,700","51,500","49,500","51,400","51,020.00","51,260.00","52,645.00","53,438.33","54,417.50",0,927,629.20,"1,361.90","1,529.55","4,995.87"
2019-10-25,"51,400","52,100","50,500","51,100","50,980.00","51,240.00","52,415.00","53,395.00","54,401.67",0,258,624.20,"1,229.60","1,504.63","4,990.84"
2019-10-28,"50,400","51,400","50,400","50,800","51,020.00","51,130.00","52,195.00","53,395.00","54,385.00",0,320,614.60,"1,134.55","1,484.83","4,991.21"
2019-10-29,"51,500","51,500","50,000","50,600","50,940.00","51,010.00","51,960.00","53,365.00","54,369.17",0,413,608.40,"1,099.80","1,440.78","4,989.78"
2019-10-30,"50,000","51,200","49,850","51,200","51,020.00","50,980.00","51,760.00","53,350.00","54,376.67",0,632,510.00,"1,078.20","1,396.62","4,983.52"
2019-10-31,"50,300","51,200","50,300","51,200","50,980.00","51,000.00","51,605.00","53,340.00","54,378.33",0,193,363.20,"1,057.00","1,367.03","4,979.16"
2019-11-01,"50,400","50,900","49,500","50,600","50,880.00","50,930.00","51,350.00","53,311.67","54,371.67",0,371,385.80,826.80,"1,354.05","4,973.36"
2019-11-04,"50,000","50,500","50,000","50,500","50,820.00","50,920.00","51,175.00","53,305.00","54,372.50",0,331,388.00,727.65,"1,341.68","4,971.73"
2019-11-05,"50,500","50,900","50,400","50,800","50,860.00","50,900.00","51,130.00","53,305.00","54,377.50",0,111,327.60,566.15,"1,310.07","4,967.71"
2019-11-06,"50,800","51,500","50,500","51,500","50,920.00","50,970.00","51,125.00","53,301.67","54,393.75",67,717,344.60,540.45,"1,304.68","4,962.74"
2019-11-07,"51,500","51,500","50,600","51,400","50,960.00","50,970.00","51,115.00","53,280.00","54,409.17",30,69,319.80,516.80,"1,276.92","4,955.53"
2019-11-08,"51,400","51,400","50,500","51,100","51,060.00","50,970.00","51,105.00","53,258.33","54,421.67",0,95,264.60,498.35,"1,257.23","4,945.70"
2019-11-11,"51,000","51,800","50,500","50,900","51,140.00","50,980.00","51,055.00","53,208.33","54,358.33",70,236,245.60,418.65,"1,244.08","4,128.79"
2019-11-12,"51,000","51,000","50,100","50,800","51,140.00","51,000.00","51,005.00","53,155.00","54,207.50",0,389,301.20,412.65,"1,242.00","3,309.78"
2019-11-13,"50,700","50,800","50,300","50,800","51,000.00","50,960.00","50,970.00","53,101.67","54,130.83",0,165,190.80,403.20,"1,235.53","3,169.41"
2019-11-14,"50,800","51,500","50,000","51,000","50,920.00","50,940.00","50,970.00","53,078.33","54,065.83",0,301,237.20,387.35,"1,228.87","3,044.64"
2019-11-15,"50,900","50,900","50,100","50,600","50,820.00","50,940.00","50,935.00","53,016.67","54,042.50",0,406,299.40,393.50,"1,205.37","2,942.00"
2019-11-18,"50,600","51,800","50,100","51,000","50,840.00","50,990.00","50,955.00","52,943.33","54,025.83",70,922,436.60,421.20,"1,175.03","2,875.97"
2019-11-19,"51,300","51,300","50,100","50,100","50,700.00","50,920.00","50,910.00","52,856.67","54,018.33",39,543,467.40,426.15,"1,173.38","2,848.69"
2019-11-20,"50,100","50,600","48,500","49,400","50,420.00","50,710.00","50,840.00","52,768.33","54,004.17",40,587,551.80,399.30,"1,167.97","2,803.06"
2019-11-21,"49,250","50,400","48,300","49,350","50,090.00","50,505.00","50,737.50","52,684.17","53,986.25",0,623,616.20,384.10,"1,172.17","2,790.19"
2019-11-22,"49,200","49,200","47,000","48,850","49,740.00","50,280.00","50,625.00","52,613.33","53,964.17",71,"1,167",768.40,429.55,"1,177.93","2,785.78"
2019-11-25,"48,800","49,450","48,250","49,300","49,400.00","50,120.00","50,550.00","52,546.67","53,933.33",0,371,658.20,432.10,"1,161.48","2,767.61"
2019-11-26,"49,200","49,450","48,200","49,250","49,230.00","49,965.00","50,482.50","52,487.50","53,895.42",0,336,616.80,428.25,"1,156.88","2,757.32"
2019-11-27,"50,000","50,000","48,750","49,450","49,240.00","49,830.00","50,395.00","52,428.33","53,867.50",0,132,525.80,403.25,"1,152.93","2,716.76"
2019-11-28,"48,850","49,300","48,850","49,150","49,200.00","49,645.00","50,292.50","52,362.50","53,832.08",0,61,413.40,396.65,"1,145.47","2,702.32"
2019-11-29,"48,500","49,050","47,900","49,000","49,230.00","49,485.00","50,212.50","52,295.83","53,782.08",0,233,226.60,389.75,"1,148.08","2,667.14"
2019-12-02,"48,100","48,800","47,900","48,050","48,980.00","49,190.00","50,090.00","52,216.67","53,725.83",70,224,197.20,384.40,"1,136.72","2,639.43"
2019-12-03,"48,000","48,450","47,950","48,250","48,780.00","49,005.00","49,962.50","52,140.83","53,644.58",0,378,205.60,397.75,"1,138.37","2,559.01"
2019-12-04,"47,450","48,450","47,400","48,450","48,580.00","48,910.00","49,810.00","52,068.33","53,569.17",0,543,287.80,389.05,"1,145.77","2,463.07"
2019-12-05,"48,850","48,850","47,800","48,400","48,430.00","48,815.00","49,660.00","51,996.67","53,490.00",0,151,305.80,393.15,"1,144.82","2,435.92"
2019-12-06,"48,400","49,600","47,850","48,600","48,350.00","48,790.00","49,535.00","51,940.00","53,400.83",0,376,334.40,407.20,"1,147.07","2,383.11"
2019-12-09,"48,550","48,550","47,350","47,950","48,330.00","48,655.00","49,387.50","51,819.17","53,321.25",0,267,343.00,408.75,"1,078.52","2,358.24"
2019-12-10,"49,200","49,200","47,050","47,200","48,120.00","48,450.00","49,207.50","51,670.83","53,249.58",2,691,405.60,423.85,"1,043.12","2,344.45"
2019-12-11,"47,500","47,550","46,500","47,300","47,890.00","48,235.00","49,032.50","51,500.83","53,160.42",69,371,371.20,434.15,937.45,"2,230.96"
2019-12-12,"47,250","48,250","47,250","47,800","47,770.00","48,100.00","48,872.50","51,360.83","53,077.08",0,384,417.80,438.30,910.47,"2,204.91"
2019-12-13,"48,300","48,400","47,300","47,700","47,590.00","47,970.00","48,727.50","51,210.83","52,995.42",0,860,514.60,461.00,837.97,"2,184.82"
2019-12-16,"47,600","48,000","47,250","47,400","47,480.00","47,905.00","48,547.50","51,057.50","52,897.92",0,594,580.00,444.60,817.67,"2,129.08"
2019-12-17,"47,100","47,950","46,900","47,200","47,480.00","47,800.00","48,402.50","50,885.83","52,809.58",0,794,600.60,457.15,801.75,"2,108.97"
2019-12-18,"47,200","47,800","47,150","47,800","47,580.00","47,735.00","48,322.50","50,705.83","52,732.92",0,309,588.20,443.25,746.23,"2,084.19"
2019-12-19,"47,500","47,700","46,900","47,050","47,430.00","47,600.00","48,207.50","50,530.00","52,649.17",0,265,564.40,425.35,723.78,"2,058.63"
2019-12-20,"47,200","47,950","46,650","47,950","47,480.00","47,535.00","48,162.50","50,400.83","52,573.75",0,207,433.80,377.35,678.83,"2,039.06"
2019-12-23,"47,000","47,350","46,250","46,250","47,250.00","47,365.00","48,010.00","50,251.67","52,449.17",0,325,380.00,375.05,647.23,"1,700.28"
2019-12-24,"46,250","47,950","46,250","46,300","47,070.00","47,275.00","47,862.50","50,101.67","52,351.67",70,488,318.80,382.65,636.90,"1,493.78"
2019-12-26,"47,250","47,650","46,900","47,650","47,040.00","47,310.00","47,772.50","49,975.83","52,272.92",0,57,268.40,378.90,620.12,"1,468.29"
2019-12-27,"46,850","47,400","46,850","47,400","47,110.00","47,270.00","47,685.00","49,860.83","52,192.08",0,55,226.40,378.60,610.75,"1,449.58"
2019-12-30,"47,600","47,600","47,250","47,500","47,020.00","47,250.00","47,610.00","49,724.17","52,099.58",0,70,199.00,370.45,529.00,"1,370.94"
2020-01-02,"47,450","47,450","46,000","46,000","46,970.00","47,110.00","47,507.50","49,590.83","52,020.42",2,"1,877",509.40,453.10,521.72,"1,360.75"
2020-01-03,"46,000","46,300","45,250","45,700","46,850.00","46,960.00","47,380.00","49,490.83","51,949.58",0,"1,366",685.00,502.50,488.80,"1,342.32"
2020-01-06,"45,300","46,000","43,450","43,450","46,010.00","46,525.00","47,130.00","49,355.00","51,855.00",0,"2,187","1,111.00",584.70,504.73,"1,352.09"
2020-01-07,"44,000","44,950","43,750","44,300","45,390.00","46,250.00","46,925.00","49,233.33","51,724.17",58,757,"1,251.40",615.00,508.32,"1,203.37"
2020-01-08,"44,300","44,300","41,000","41,900","44,270.00","45,645.00","46,590.00","49,076.67","51,597.50",0,"1,512","1,539.80",671.80,525.78,"1,116.40"
2020-01-09,"42,000","46,000","42,000","43,400","43,750.00","45,360.00","46,362.50","48,935.00","51,482.50",58,"5,257","2,215.80",921.30,582.90,"1,136.20"
2020-01-10,"43,400","44,150","43,050","43,450","43,300.00","45,075.00","46,175.00","48,795.83","51,365.42",59,"1,272","2,197.00",950.35,595.62,"1,130.01"
2020-01-13,"43,450","44,750","43,150","44,500","43,510.00","44,760.00","46,035.00","48,679.17","51,272.08",67,"1,462","2,052.00","1,004.90",614.08,"1,109.48"
2020-01-14,"44,500","45,000","43,850","44,100","43,470.00","44,430.00","45,850.00","48,564.17","51,176.25",0,517,"2,004.00","1,011.55",612.40,"1,101.59"
2020-01-15,"44,100","47,800","44,100","45,700","44,230.00","44,250.00","45,750.00","48,470.83","51,087.08",0,"1,158","1,933.20","1,026.45",626.98,"1,081.64"
2020-01-16,"44,900","45,000","44,600","44,800","44,510.00","44,130.00","45,620.00","48,374.17","50,992.08",0,90,899.80,"1,001.25",622.35,"1,079.13"
2020-01-17,"45,600","45,600","44,550","45,250","44,870.00","44,085.00","45,522.50","48,278.33","50,905.00",0,81,661.60,965.60,616.30,"1,073.32"
2020-01-20,"44,000","44,700","44,000","44,200","44,810.00","44,160.00","45,342.50","48,168.33","50,821.67",0,101,389.40,955.20,599.25,"1,063.43"
2020-01-21,"44,200","44,900","43,650","44,900","44,970.00","44,220.00","45,235.00","48,060.00","50,749.17",0,200,326.00,951.95,587.13,"1,058.34"
2020-01-22,"44,000","45,000","43,550","45,000","44,830.00","44,530.00","45,087.50","47,958.33","50,676.67",0,156,125.60,949.40,585.43,"1,045.03"
2020-01-23,"45,450","45,450","45,250","45,250","44,920.00","44,715.00","45,037.50","47,865.83","50,630.42",0,12,110.00,933.75,580.30,"1,032.57"
2020-01-28,"43,000","43,800","42,000","42,000","44,270.00","44,570.00","44,822.50","47,722.50","50,543.75",0,982,290.20,958.45,589.78,"1,015.28"
2020-01-29,"41,000","42,400","41,000","41,700","43,770.00","44,290.00","44,525.00","47,564.17","50,457.08",0,730,416.00,992.10,591.42,994.02
2020-01-30,"42,450","42,450","41,450","41,900","43,170.00","44,070.00","44,250.00","47,409.17","50,374.58",0,60,388.00,992.35,589.20,978.12
2020-01-31,"42,000","42,000","40,900","41,700","42,510.00","43,670.00","43,960.00","47,260.83","50,286.25",71,146,386.00,996.15,585.45,969.75
2020-02-03,"39,500","42,500","39,250","42,000","41,860.00","43,390.00","43,760.00","47,119.17","50,212.08",0,533,490.20,928.95,588.82,965.25
2020-02-04,"40,750","42,950","40,750","41,900","41,840.00","43,055.00","43,570.00","46,970.83","50,137.92",0,794,452.60,900.35,600.20,955.13
2020-02-05,"42,600","43,700","41,200","42,300","41,960.00","42,865.00","43,512.50","46,817.50","50,059.58",0,"2,309",768.40,906.45,626.73,965.71
2020-02-06,"42,300","42,850","41,900","42,650","42,110.00","42,640.00","43,430.00","46,671.67","49,975.83",0,219,800.20,879.55,629.23,953.08
2020-02-07,"42,650","43,500","42,300","43,200","42,410.00","42,460.00","43,495.00","46,540.00","49,899.17",0,801,931.20,844.00,641.00,949.12
2020-02-10,"44,000","44,000","42,100","42,500","42,510.00","42,185.00","43,450.00","46,400.00","49,804.17",0,348,894.20,598.55,642.87,943.48
2020-02-11,"42,800","42,950","42,450","42,450","42,620.00","42,230.00","43,400.00","46,260.83","49,707.92",0,18,739.00,535.85,636.68,939.34
2020-02-12,"42,800","42,800","42,250","42,450","42,650.00","42,305.00","43,297.50","46,121.67","49,611.67",0,17,280.60,463.60,634.22,934.88
2020-02-13,"42,400","42,400","42,150","42,150","42,550.00","42,330.00","43,200.00","45,974.17","49,526.25",0,41,245.00,439.80,629.88,929.38
2020-02-14,"42,600","42,600","42,250","42,300","42,370.00","42,390.00","43,030.00","45,835.83","49,426.25",0,42,93.20,384.00,623.82,914.59
2020-02-17,"42,850","42,850","42,000","42,700","42,410.00","42,460.00","42,925.00","45,697.50","49,320.42",0,18,27.20,380.40,608.75,891.89
2020-02-18,"40,600","41,550","40,600","41,350","42,190.00","42,405.00","42,730.00","45,551.67","49,204.17",0,226,68.80,387.65,603.47,888.42
2020-02-19,"41,350","41,900","40,600","41,400","41,980.00","42,315.00","42,590.00","45,418.33","49,093.33",70,146,94.60,389.90,596.12,882.04
2020-02-20,"41,500","42,400","40,850","41,350","41,820.00","42,185.00","42,412.50","45,285.00","48,984.58",0,634,213.20,411.60,596.30,884.23
2020-02-21,"42,500","42,500","39,700","41,450","41,650.00","42,010.00","42,235.00","45,161.67","48,887.50",0,"1,082",421.20,457.90,594.88,886.41
2020-02-24,"39,700","41,450","38,100","41,100","41,330.00","41,870.00","42,027.50","45,025.00","48,785.83",0,"1,302",678.00,522.40,610.40,885.94
2020-02-25,"41,100","41,950","39,300","40,600","41,180.00","41,685.00","41,957.50","44,880.83","48,684.17",0,"1,340",900.80,540.30,627.13,892.01
2020-02-26,"41,450","41,450","38,000","39,950","40,890.00","41,435.00","41,870.00","44,722.50","48,575.42",0,"1,876","1,246.80",597.60,656.20,904.57
2020-02-27,"39,100","40,000","38,000","39,950","40,610.00","41,215.00","41,772.50","44,569.17","48,465.83",70,"2,121","1,544.20",700.65,690.53,918.00
2020-02-28,"39,950","39,950","37,850","39,400","40,200.00","40,925.00","41,657.50","44,409.17","48,352.50",0,593,"1,446.40",723.00,696.53,922.31
2020-03-02,"39,400","39,400","37,100","39,100","39,800.00","40,565.00","41,512.50","44,260.00","48,238.33",71,744,"1,334.80",733.55,705.20,920.96
2020-03-03,"39,250","40,400","37,750","39,200","39,520.00","40,350.00","41,377.50","44,109.17","48,125.00",0,820,"1,230.80",734.85,712.57,925.47
2020-03-04,"39,200","39,200","38,600","39,200","39,370.00","40,130.00","41,222.50","43,955.00","48,011.67",0,401,935.80,639.45,710.20,927.98
2020-03-05,"39,200","39,200","38,650","39,000","39,180.00","39,895.00","41,040.00","43,798.33","47,897.50",0,383,588.20,647.65,714.07,929.44
2020-03-06,"40,050","40,050","38,350","39,950","39,290.00","39,745.00","40,877.50","43,654.17","47,797.08",0,184,506.40,616.80,710.87,928.97
2020-03-09,"38,500","39,450","37,000","37,950","39,060.00","39,430.00","40,650.00","43,487.50","47,653.33",0,969,551.40,647.85,722.57,900.54
2020-03-10,"37,900","37,900","37,150","37,900","38,800.00","39,160.00","40,422.50","43,332.50","47,501.67",0,217,430.80,657.80,714.67,878.89
2020-03-11,"37,900","38,050","37,000","37,800","38,520.00","38,945.00","40,190.00","43,174.17","47,337.50",0,958,542.20,704.85,724.45,830.95
2020-03-12,"37,000","38,200","34,550","37,700","38,260.00","38,720.00","39,967.50","43,005.83","47,183.33",0,995,664.60,752.55,734.63,822.55
2020-03-13,"29,000","36,400","29,000","34,750","37,220.00","38,255.00","39,590.00","42,790.00","47,000.42",0,604,748.60,780.65,730.37,784.17
2020-03-16,"35,950","35,950","32,150","34,850","36,600.00","37,830.00","39,197.50","42,580.83","46,819.17",71,"1,694",893.60,864.45,748.70,783.18
2020-03-17,"31,200","35,750","31,200","34,350","35,890.00","37,345.00","38,847.50","42,366.67","46,626.25",0,328,915.80,869.55,740.93,771.34
2020-03-18,"35,600","39,500","33,500","34,250","35,180.00","36,850.00","38,490.00","42,140.83","46,423.33",0,"17,986","4,321.40","1,761.55","1,035.55",890.89
2020-03-19,"33,000","33,950","26,500","27,000","33,040.00","35,650.00","37,772.50","41,806.67","46,168.33",0,"1,415","4,405.40","1,800.60","1,054.72",889.25
2020-03-20,"25,000","28,250","24,900","27,100","31,510.00","34,365.00","37,055.00","41,459.17","45,930.00",54,"2,343","4,753.20","1,863.65","1,090.32",884.58
2020-03-23,"26,350","26,800","24,050","25,650","29,670.00","33,135.00","36,282.50","41,115.83","45,683.75",0,"4,834","5,381.20","2,040.25","1,165.47",906.35
2020-03-24,"26,000","27,500","24,800","26,800","28,160.00","32,025.00","35,592.50","40,790.83","45,446.25",0,"3,771","6,069.80","2,161.80","1,220.18",928.54
2020-03-25,"28,200","28,300","26,800","28,150","26,940.00","31,060.00","35,002.50","40,465.83","45,220.83",0,"2,634","2,999.40","2,199.70","1,263.13",941.63
2020-03-26,"28,150","31,000","27,200","30,400","27,620.00","30,330.00","34,525.00","40,182.50","45,021.67",0,"1,182","2,952.80","2,152.75","1,281.92",946.33
2020-03-27,"30,400","33,800","29,500","30,000","28,200.00","29,855.00","34,055.00","39,890.83","44,807.50",0,"1,050","2,694.20","2,175.60","1,298.25",913.63
2020-03-30,"29,950","30,650","29,200","30,250","29,120.00","29,395.00","33,612.50","39,628.33","44,609.58",0,725,"1,872.40","2,174.65","1,279.05",900.38
2020-03-31,"30,900","36,500","30,900","33,750","30,510.00","29,335.00","33,340.00","39,429.17","44,460.00",0,"6,060","2,330.20","2,436.65","1,357.28",923.04
2020-04-01,"33,000","34,000","32,100","33,000","31,480.00","29,210.00","33,030.00","39,255.00","44,305.00",0,"1,462","2,095.80","2,489.70","1,345.20",924.97
2020-04-02,"33,000","34,600","31,500","33,400","32,080.00","29,850.00","32,750.00","39,073.33","44,153.33",0,"1,206","2,100.60","2,530.85","1,352.68",930.50
2020-04-03,"33,900","33,900","32,150","33,000","32,680.00","30,440.00","32,402.50","38,925.00","44,000.83",0,"1,014","2,093.40","2,572.35","1,344.38",935.08
2020-04-06,"32,850","33,100","31,800","33,100","33,250.00","31,185.00","32,160.00","38,753.33","43,844.17",0,683,"2,085.00","2,558.05","1,268.15",925.52
2020-04-07,"33,500","33,650","32,700","33,050","33,110.00","31,810.00","31,917.50","38,580.00","43,687.92",0,"1,362","1,145.40","2,615.30","1,269.65",932.63
2020-04-08,"33,050","33,050","32,400","33,000","33,110.00","32,295.00","31,677.50","38,388.33","43,533.75",0,201,893.20,"2,577.45","1,248.63",931.36
2020-04-09,"33,300","33,400","33,000","33,150","33,060.00","32,570.00","31,450.00","38,205.83","43,385.00",0,190,690.00,"2,537.20","1,243.18",927.79
2020-04-10,"34,000","34,500","32,400","33,100","33,080.00","32,880.00","31,367.50","37,995.83","43,233.33",0,257,538.60,"2,519.85","1,228.17",927.58
2020-04-13,"32,100","33,850","32,100","33,050","33,070.00","33,160.00","31,277.50","37,800.00","43,087.08",0,213,444.60,"2,445.80","1,230.22",926.28
2020-04-14,"32,500","36,400","32,500","33,300","33,120.00","33,115.00","31,225.00","37,600.83","42,939.58",29,"6,252","1,422.60","2,742.00","1,333.07",974.68
2020-04-16,"33,300","37,000","33,300","36,300","33,780.00","33,445.00","31,327.50","37,469.17","42,818.75",0,"6,821","2,746.60","2,183.75","1,445.07","1,022.16"
2020-04-17,"35,300","37,350","35,000","35,950","34,340.00","33,700.00","31,775.00","37,320.00","42,690.00",0,"1,924","3,093.40","2,209.20","1,473.80","1,030.47"
2020-04-20,"35,950","46,700","35,950","39,950","35,710.00","34,395.00","32,417.50","37,235.83","42,597.08",0,"63,627","15,767.40","5,273.40","2,531.65","1,558.54"
2020-04-21,"39,500","43,400","35,000","38,000","36,700.00","34,885.00","33,035.00","37,115.00","42,490.42",37,"15,099","18,744.60","5,786.65","2,783.10","1,681.70"
2020-04-22,"38,750","38,750","35,300","37,200","37,480.00","35,300.00","33,555.00","37,035.00","42,378.75",38,"3,781","18,250.40","5,787.15","2,829.75","1,709.77"
2020-04-23,"38,250","38,250","36,200","37,950","37,810.00","35,795.00","34,045.00","36,972.50","42,268.33",0,"1,540","17,194.20","5,732.45","2,843.25","1,717.33"
2020-04-24,"36,950","44,450","36,200","38,300","38,280.00","36,310.00","34,440.00","36,912.50","42,160.83",29,"27,393","22,288.00","7,043.00","3,298.80","1,944.00"
2020-04-27,"38,300","39,750","37,000","37,550","37,800.00","36,755.00","34,817.50","36,843.33","42,052.08",0,"6,099","10,782.40","7,295.45","3,398.02","1,991.73"
2020-04-28,"37,700","39,100","37,700","38,050","37,810.00","37,255.00","35,207.50","36,777.50","41,948.33",0,"4,141","8,590.80","7,466.25","3,458.15","2,023.48"
2020-04-29,"38,050","39,600","38,050","38,800","38,130.00","37,805.00","35,460.00","36,725.83","41,848.33",0,900,"8,014.60","7,208.25","3,459.92","2,030.06"
2020-05-04,"39,900","40,500","38,100","38,800","38,300.00","38,055.00","35,750.00","36,667.50","41,742.50",0,"1,493","8,005.20","7,209.80","3,446.32","2,036.53"
2020-05-06,"38,600","39,850","38,200","39,600","38,560.00","38,420.00","36,060.00","36,616.67","41,644.17",0,"2,023","2,931.20","7,250.65","3,476.38","2,052.81"
2020-05-07,"39,300","40,050","39,000","39,850","39,020.00","38,410.00","36,402.50","36,560.83","41,550.42",0,"1,467","2,004.80","7,273.30","3,487.48","2,064.24"
2020-05-08,"39,950","40,750","39,500","40,400","39,490.00","38,650.00","36,767.50","36,525.83","41,462.92",0,"3,137","1,804.00","7,396.00","3,533.97","2,088.42"
2020-05-11,"40,000","40,000","38,250","38,650","39,460.00","38,795.00","37,047.50","36,462.50","41,361.67",0,"2,433","2,110.60","7,449.55","3,574.22","2,105.45"
2020-05-12,"38,650","38,650","37,300","38,650","39,430.00","38,865.00","37,330.00","36,399.17","41,260.42",0,"2,385","2,289.00","7,558.75","3,613.68","2,123.95"
2020-05-13,"38,450","38,450","37,950","38,350","39,180.00","38,870.00","37,590.00","36,335.83","41,155.00",0,306,"1,945.60","7,564.55","3,618.10","2,123.99"
2020-05-14,"37,650","39,450","37,650","38,050","38,820.00","38,920.00","37,837.50","36,265.00","41,050.42",29,579,"1,768.00","7,580.65","3,627.05","2,125.43"
2020-05-15,"38,700","38,750","37,650","37,650","38,270.00","38,880.00","38,067.50","36,180.83","40,939.17",0,372,"1,215.00","7,588.60","3,632.95","2,120.85"
2020-05-18,"38,450","38,500","37,000","38,200","38,180.00","38,820.00","38,312.50","36,128.33","40,840.00",71,437,815.80,"7,297.85","3,636.47","2,119.97"
2020-05-19,"38,250","38,700","37,500","37,950","38,040.00","38,735.00","38,395.00","36,070.83","40,744.58",0,443,427.40,"6,978.95","3,641.42","2,118.77"
2020-05-20,"37,950","39,000","37,850","38,850","38,140.00","38,660.00","38,540.00","36,029.17","40,657.08",0,"1,537",673.60,"6,959.60","3,656.47","2,126.38"
2020-05-21,"39,300","39,300","37,700","38,650","38,260.00","38,540.00","38,475.00","35,982.50","40,572.08",0,833,724.40,"3,819.90","3,652.32","2,123.60"
2020-05-22,"38,550","38,900","37,150","37,800","38,290.00","38,280.00","38,465.00","35,927.50","40,476.25",0,744,798.80,"3,102.15","3,643.02","2,126.71"
2020-05-25,"37,800","37,800","35,500","36,800","38,010.00","38,095.00","38,445.00","35,864.17","40,372.50",23,824,876.20,"2,954.30","3,634.42","2,130.78"
2020-05-26,"36,800","45,000","36,800","39,350","38,290.00","38,165.00","38,515.00","35,854.17","40,288.33",29,"27,276","6,242.80","4,241.10","4,057.75","2,356.97"
2020-05-27,"39,300","39,950","38,200","39,500","38,420.00","38,280.00","38,575.00","35,846.67","40,207.92",0,"4,450","6,825.40","3,093.95","4,096.57","2,393.55"
2020-05-28,"39,150","39,150","38,200","38,200","38,330.00","38,295.00","38,607.50","35,826.67","40,117.92",0,"2,407","7,140.20","2,909.35","4,126.80","2,411.67"
2020-05-29,"38,900","38,900","37,600","38,000","38,370.00","38,330.00","38,605.00","35,808.33","40,034.17",0,431,"7,077.60","2,723.85","4,121.58","2,413.39"
2020-06-01,"37,500","38,250","37,500","37,800","38,570.00","38,290.00","38,555.00","35,785.00","39,947.08",0,556,"7,024.00","2,706.65","4,117.18","2,414.88"
2020-06-02,"37,800","38,450","37,800","38,400","38,380.00","38,335.00","38,535.00","35,771.67","39,863.33",0,255,"1,619.80","2,644.75","4,114.75","2,412.47"
2020-06-03,"38,200","38,500","37,750","37,750","38,030.00","38,225.00","38,442.50","35,750.83","39,774.58",0,"1,011",932.00,"2,594.15","4,125.22","2,419.64"
2020-06-04,"38,000","39,550","38,000","38,850","38,160.00","38,245.00","38,392.50","35,732.50","39,693.33",0,"1,104",671.40,"2,576.00","4,140.55","2,425.71"
2020-06-05,"39,250","39,250","38,550","38,850","38,330.00","38,350.00","38,315.00","35,747.50","39,617.50",0,738,732.80,"2,456.05","4,136.70","2,429.63"
2020-06-08,"38,750","39,200","37,750","39,200","38,610.00","38,590.00","38,342.50","35,769.17","39,550.83",0,"1,199",861.40,"2,394.35","4,153.07","2,433.87"
2020-06-09,"39,200","41,350","39,200","40,000","38,930.00","38,655.00","38,410.00","35,805.83","39,490.00",0,"6,388","2,088.00","2,594.50","4,243.57","2,484.01"
2020-06-10,"40,250","41,550","40,250","41,550","39,690.00","38,860.00","38,570.00","35,870.00","39,437.92",0,"2,220","2,329.80","2,690.20","4,263.98","2,499.31"
2020-06-11,"44,200","51,900","41,550","45,850","41,090.00","39,625.00","38,960.00","36,055.00","39,422.50",0,"40,039","10,116.80","4,663.20","4,921.23","2,825.80"
2020-06-12,"41,900","49,650","41,650","46,700","42,660.00","40,495.00","39,412.50","36,252.50","39,416.67",0,"15,641","13,097.40","5,426.65","5,153.68","2,951.19"
2020-06-15,"43,800","44,100","40,300","40,300","42,880.00","40,745.00","39,517.50","36,351.67","39,359.17",0,"5,735","14,004.60","5,691.55","5,243.80","2,992.37"
2020-06-16,"40,450","41,900","40,100","41,900","43,260.00","41,095.00","39,715.00","36,479.17","39,310.00",0,"3,954","13,517.80","5,867.10","5,009.93","3,022.74"
2020-06-17,"39,600","41,900","39,350","41,800","43,310.00","41,500.00","39,862.50","36,725.83","39,266.25",30,"7,675","14,608.80","6,174.00","5,114.27","3,084.49"
2020-06-18,"42,500","47,000","42,500","46,000","43,340.00","42,215.00","40,230.00","37,040.83","39,250.00",0,"9,356","8,472.20","6,600.15","5,231.15","3,160.73"
2020-06-19,"48,500","51,300","42,500","42,500","42,500.00","42,580.00","40,465.00","37,321.67","39,218.75",0,"19,654","9,274.80","7,545.65","5,478.15","3,321.81"
2020-06-22,"41,700","43,450","40,600","43,300","43,100.00","42,990.00","40,790.00","37,596.67","39,193.75",0,"4,225","8,972.80","7,715.70","5,485.72","3,352.95"
2020-06-23,"43,550","43,600","41,550","41,700","43,060.00","43,160.00","40,907.50","37,822.50","39,144.17",0,"2,694","8,720.80","6,486.60","5,486.72","3,374.93"
2020-06-24,"46,400","54,200","46,400","54,200","45,540.00","44,425.00","41,642.50","38,219.17","39,200.83",18,"14,364","10,058.60","6,982.30","5,706.42","3,494.17"
2020-06-25,"70,400","70,400","70,400","70,400","50,420.00","46,880.00","43,252.50","38,892.50","39,391.67",0,"10,679","10,323.20","7,395.90","5,866.90","3,582.57"
2020-06-26,"70,400","70,400","49,300","49,300","51,780.00","47,140.00","43,817.50","39,210.00","39,419.17",30,"41,568","14,706.00","9,452.75","6,547.62","3,913.33"
2020-06-29,"49,250","64,000","47,550","64,000","55,920.00","49,510.00","45,127.50","39,714.17","39,571.67",0,"96,870","33,235.00","14,268.45","8,061.12","4,709.20"
2020-06-30,"68,100","81,600","56,300","61,400","59,860.00","51,460.00","46,277.50","40,187.50","39,721.25",0,"269,593","86,614.80","27,735.35","12,529.97","6,937.58"
2020-07-01,"63,100","72,000","57,500","61,000","61,220.00","53,380.00","47,440.00","40,647.50","39,860.42",0,"75,915","98,925.00","31,480.55","13,775.12","7,563.90"
2020-07-02,"63,900","63,900","58,800","59,500","59,040.00","54,730.00","48,472.50","41,089.17","40,007.08",0,"29,071","102,603.40","32,878.90","14,242.73","7,793.56"
2020-07-03,"59,500","59,500","54,200","57,500","60,680.00","56,230.00","49,405.00","41,495.83","40,124.58",0,"32,106","100,711.00","34,447.30","14,766.45","8,017.30"
2020-07-06,"58,100","59,400","55,800","59,000","59,680.00","57,800.00","50,395.00","41,928.33","40,254.17",0,"24,687","86,274.40","35,621.70","15,155.20","8,212.42"
2020-07-07,"57,000","58,000","55,300","56,200","58,640.00","59,250.00","51,205.00","42,315.00","40,351.67",0,"15,581","35,472.00","36,081.35","15,411.53","8,330.08"
2020-07-08,"56,200","73,000","55,000","69,100","60,260.00","60,740.00","52,582.50","42,914.17","40,560.00",0,"194,771","59,243.20","45,708.90","18,654.55","9,948.87"
2020-07-09,"65,900","65,900","59,000","61,100","60,580.00","59,810.00","53,345.00","43,380.83","40,688.33",0,"31,619","59,752.80","45,287.90","19,177.25","10,202.71"
2020-07-10,"58,500","59,200","55,900","56,100","60,300.00","60,490.00","53,815.00","43,765.00","40,782.50",0,"13,895","56,110.60","45,200.60","19,405.28","10,317.75"
2020-07-13,"54,200","54,200","51,900","54,000","59,300.00","59,490.00","54,500.00","44,110.00","40,855.42",0,"8,497","52,872.60","45,338.70","19,442.70","10,387.88"
2020-07-14,"54,400","54,400","52,000","52,300","58,520.00","58,580.00","55,020.00","44,376.67","40,922.92",0,"4,565","50,669.40","45,369.25","19,405.10","10,425.08"
2020-07-15,"52,900","54,500","52,500","53,900","55,480.00","57,870.00","55,625.00","44,675.83","40,997.92",0,"4,049","12,525.00","45,187.95","19,440.52","10,457.16"
2020-07-16,"53,100","53,100","52,500","52,600","53,780.00","57,180.00","55,955.00","44,886.67","41,061.25",70,"2,767","6,754.60","44,858.50","18,426.18","10,478.92"
2020-07-17,"53,200","54,600","53,000","53,800","53,320.00","56,810.00","56,520.00","45,150.00","41,132.50",0,"2,127","4,401.00","43,982.15","18,209.98","10,496.54"
2020-07-20,"53,100","53,800","52,300","53,200","53,160.00","56,230.00","57,015.00","45,416.67","41,225.83",0,"2,481","3,197.80","43,894.95","18,188.32","10,509.03"
2020-07-21,"53,100","53,100","52,800","53,000","53,300.00","55,910.00","57,580.00","45,667.50","41,320.00",0,"1,865","2,657.80","43,853.50","18,193.73","10,518.49"
2020-07-22,"53,900","53,900","52,600","52,900","53,100.00","54,290.00","57,515.00","45,910.83","41,411.67",0,"1,386","2,125.20","43,204.60","17,760.28","10,529.54"
2020-07-23,"51,400","53,500","50,900","52,200","53,020.00","53,400.00","56,605.00","46,155.00","41,499.17",0,"5,876","2,747.00","42,964.45","17,756.57","10,577.29"
2020-07-24,"52,200","58,000","51,200","54,100","53,080.00","53,200.00","56,845.00","46,422.50","41,600.00",0,"16,225","5,566.60","41,697.30","17,957.97","10,708.06"
2020-07-27,"53,500","56,900","52,200","55,200","53,480.00","53,320.00","56,405.00","46,695.83","41,710.83",68,"10,205","7,111.40","37,364.05","18,113.05","10,786.48"
2020-07-28,"57,100","57,100","53,500","54,000","53,680.00","53,490.00","56,035.00","46,949.17","41,808.33",0,"5,627","7,863.80","24,165.75","18,181.95","10,814.13"
2020-07-29,"53,900","55,000","53,000","54,000","53,900.00","53,500.00","55,685.00","47,189.17","41,902.92",54,"2,919","8,170.40","20,515.95","18,196.88","10,836.63"
2020-07-30,"53,300","54,900","53,300","53,300","54,120.00","53,570.00","55,375.00","47,413.33","41,987.08",0,"5,743","8,143.80","19,349.55","18,268.15","10,877.82"
2020-07-31,"54,100","56,900","53,000","55,100","54,320.00","53,700.00","55,255.00","47,658.33","42,092.08",0,"4,706","5,840.00","17,979.55","18,294.30","10,914.13"
2020-08-03,"55,000","56,500","53,600","54,200","54,120.00","53,800.00","55,015.00","47,917.50","42,190.00",0,"5,009","4,800.80","16,995.65","18,337.23","10,955.73"
2020-08-04,"54,100","56,000","53,500","54,600","54,240.00","53,960.00","54,935.00","48,183.33","42,291.25",0,"3,336","4,342.60","16,383.40","18,353.08","10,983.38"
2020-08-05,"54,600","54,900","53,500","54,600","54,360.00","54,130.00","54,210.00","48,454.17","42,395.00",70,"1,658","4,090.40","6,727.75","18,375.62","10,996.86"
2020-08-06,"54,100","56,100","54,000","55,000","54,700.00","54,410.00","53,905.00","48,736.67","42,500.83",0,"5,984","4,138.60","5,446.00","18,465.70","11,046.38"
2020-08-07,"54,800","55,200","53,300","54,400","54,560.00","54,440.00","53,820.00","49,015.83","42,598.33",0,"4,628","4,123.00","4,982.65","18,536.63","11,084.79"
2020-08-10,"54,400","55,300","53,800","54,200","54,560.00","54,340.00","53,830.00","49,282.50","42,705.42",0,"2,986","3,718.40","4,707.10","18,579.12","11,107.79"
2020-08-11,"53,600","54,200","52,900","53,400","54,320.00","54,280.00","53,885.00","49,540.00","42,805.42",0,"2,526","3,556.40","4,605.15","18,613.83","11,127.63"
2020-08-12,"53,700","53,800","51,300","51,400","53,680.00","54,020.00","53,760.00","49,749.17","42,889.17",2,"2,884","3,801.60","4,546.90","18,636.28","11,146.38"
2020-08-13,"52,400","54,300","51,100","53,200","53,320.00","54,010.00","53,790.00","49,991.67","42,987.08",58,"2,550","3,114.80","4,536.05","18,664.90","11,158.61"
2020-08-14,"52,300","53,600","51,100","51,300","52,700.00","53,630.00","53,665.00","50,216.67","43,072.08",70,"2,201","2,629.40","4,539.75","18,689.18","11,166.10"
2020-08-18,"50,000","50,600","45,700","45,700","51,000.00","52,780.00","53,290.00","50,365.00","43,114.58",0,"4,553","2,942.80","4,643.35","18,751.33","11,192.88"
2020-08-19,"46,000","48,250","45,650","46,750","49,670.00","51,995.00","52,977.50","50,488.33","43,171.25",58,"2,695","2,976.60","4,684.85","18,341.65","11,199.70"
2020-08-20,"46,750","46,750","43,500","43,600","48,110.00","50,895.00","52,512.50","50,556.67","43,201.67",2,"4,753","3,350.40","4,853.20","18,346.70","11,221.63"
2020-08-21,"43,600","48,750","43,600","44,700","46,410.00","49,865.00","52,137.50","50,665.00","43,245.83",66,"3,191","3,478.60","4,718.95","18,359.77","11,243.28"
2020-08-24,"44,700","44,950","43,050","44,200","44,990.00","48,845.00","51,642.50","50,768.33","43,288.33",0,"1,737","3,385.80","3,994.55","18,381.53","11,251.56"
2020-08-25,"44,000","45,500","44,000","45,300","44,910.00","47,955.00","51,147.50","50,893.33","43,339.17",0,"1,970","2,869.20","3,582.80","18,405.10","11,261.14"
2020-08-26,"45,100","47,000","44,350","44,400","44,440.00","47,055.00","50,667.50","50,993.33","43,382.50",0,"1,429","2,616.00","3,372.90","18,424.67","11,269.71"
2020-08-27,"45,400","45,400","43,450","43,950","44,510.00","46,310.00","50,165.00","51,096.67","43,423.75",0,"1,420","1,949.40","3,297.95","18,431.48","11,278.35"
2020-08-28,"44,400","45,000","43,600","44,100","44,390.00","45,400.00","49,705.00","51,184.17","43,458.33",0,541,"1,419.40","3,037.85","18,422.10","11,281.33"
2020-08-31,"43,900","46,850","43,900","44,850","44,520.00","44,755.00","49,192.50","51,284.17","43,515.83",66,"2,037","1,479.40","2,904.40","18,443.75","11,290.23"
2020-09-01,"44,900","45,800","43,900","44,300","44,320.00","44,615.00","48,697.50","51,369.17","43,569.17",70,800,"1,245.40","2,693.95","18,437.10","11,295.08"
2020-09-02,"44,300","44,650","43,300","44,600","44,360.00","44,400.00","48,197.50","51,445.83","43,625.83",0,688,"1,097.20","2,561.55","18,342.10","11,292.83"
2020-09-03,"44,200","44,700","42,700","44,450","44,460.00","44,485.00","47,690.00","51,494.17","43,682.08",0,997,"1,012.60","2,528.50","18,321.72","11,292.85"
2020-09-04,"44,000","44,500","42,700","43,250","44,290.00","44,340.00","47,102.50","51,450.83","43,752.92",70,"1,286","1,161.60","2,293.60","17,675.83","11,298.53"
2020-09-07,"44,000","44,000","42,950","43,900","44,100.00","44,310.00","46,577.50","51,404.17","43,828.33",0,"1,365","1,027.20","2,130.45","17,437.90","11,295.79"
2020-09-08,"43,900","44,850","43,850","44,100","44,060.00","44,190.00","46,072.50","51,467.50","43,909.58",0,"2,121","1,291.40","2,087.20","17,377.67","11,310.73"
2020-09-09,"43,700","45,800","43,200","43,600","43,860.00","44,110.00","45,582.50","51,495.83","43,987.50",0,"2,208","1,595.40","2,071.30","17,348.57","11,179.25"
2020-09-10,"43,800","45,550","43,350","44,050","43,780.00","44,120.00","45,215.00","51,533.33","44,129.58",0,"1,169","1,629.80","1,985.55","17,240.13","11,177.20"
2020-09-11,"45,000","57,200","44,450","57,200","46,570.00","45,430.00","45,415.00","51,720.00","44,380.42",18,"114,579","24,288.40","7,587.00","18,993.85","12,112.50"
2020-09-14,"64,000","74,300","55,200","74,300","52,650.00","48,375.00","46,565.00","52,250.00","44,785.83",0,"331,808","90,377.00","24,067.35","24,196.42","14,837.28"
2020-09-15,"79,900","79,900","65,700","66,000","57,030.00","50,545.00","47,580.00","52,628.33","45,112.50",44,"50,154","99,983.60","26,347.40","24,961.90","15,223.81"
2020-09-16,"64,800","64,800","60,200","63,900","61,090.00","52,475.00","48,437.50","52,998.33","45,410.42",0,"33,204","106,182.80","27,872.85","25,470.40","15,478.56"
2020-09-17,"63,000","63,000","57,300","59,000","64,080.00","53,930.00","49,207.50","53,078.33","45,648.75",0,"22,434","110,435.80","28,756.90","25,604.90","15,655.66"
2020-09-18,"57,300","57,400","55,000","55,000","63,640.00","55,105.00","49,722.50","52,821.67","45,857.08",0,"17,304","90,980.80","29,462.55","25,715.32","15,791.11"
2020-09-21,"56,500","56,500","51,000","51,000","58,980.00","55,815.00","50,062.50","52,850.00","46,030.00",0,"8,296","26,278.40","29,790.50","25,160.78","15,854.20"
2020-09-22,"50,900","50,900","47,300","48,050","55,390.00","56,210.00","50,200.00","52,584.17","46,149.17",0,"7,372","17,722.00","30,060.60","23,669.15","15,865.13"
2020-09-23,"49,300","49,300","46,800","47,350","52,080.00","56,585.00","50,347.50","52,350.00","46,268.75",0,"4,806","12,042.40","30,229.45","19,256.03","15,893.00"
2020-09-24,"46,050","46,050","44,950","46,000","49,480.00","56,780.00","50,450.00","52,100.00","46,373.75",0,"5,745","8,704.60","30,445.70","18,086.53","15,930.83"
2020-09-25,"46,000","51,300","45,400","50,100","48,500.00","56,070.00","50,750.00","51,943.33","46,516.25",0,"8,079","6,859.60","30,822.60","17,736.67","15,989.70"
2020-09-28,"49,050","49,050","47,500","48,000","47,900.00","53,440.00","50,907.50","51,785.00","46,640.42",0,"4,952","6,190.80","30,968.35","17,284.10","16,025.28"
2020-09-29,"48,100","48,500","47,000","48,500","47,990.00","51,690.00","51,117.50","51,610.00","46,769.17",0,"2,722","5,260.80","31,064.45","16,918.02","16,036.61"
2020-10-05,"46,100","46,800","46,100","46,500","47,820.00","49,950.00","51,212.50","51,448.33","46,881.67",0,"3,789","5,057.40","31,219.50","16,721.48","16,066.51"
2020-10-06,"46,500","46,500","45,500","45,500","47,720.00","48,600.00","51,265.00","51,055.00","46,984.58",0,"3,001","4,508.60","31,319.70","13,525.32","16,089.93"
2020-10-07,"44,800","45,350","44,600","45,150","46,730.00","47,615.00","51,360.00","50,789.17","47,085.00",0,"1,751","3,243.00","31,342.95","13,027.52","16,102.38"
2020-10-08,"45,450","46,600","45,450","46,300","46,390.00","47,145.00","51,480.00","50,625.83","47,195.42",0,"1,244","2,501.40","31,336.90","12,816.67","16,110.98"
2020-10-12,"47,500","47,500","47,200","47,350","46,160.00","47,075.00","51,642.50","50,515.00","47,312.50",0,"2,783","2,513.60","31,370.00","12,721.43","16,082.07"
2020-10-13,"47,850","47,850","46,050","47,350","46,330.00","47,075.00","51,830.00","50,432.50","47,404.58",71,"1,298","2,015.40","31,324.50","12,666.98","16,036.04"
2020-10-14,"47,350","48,500","47,350","48,250","46,880.00","47,300.00","52,040.00","50,338.33","47,507.08",0,"2,158","1,846.80","31,373.95","12,635.47","16,037.99"
2020-10-15,"48,300","52,100","48,300","49,600","47,770.00","47,250.00","51,660.00","50,288.33","47,587.50",0,"6,700","2,836.60","25,980.00","12,701.02","15,563.60"
2020-10-16,"51,200","52,100","48,000","48,000","48,110.00","47,250.00","50,345.00","50,191.67","47,670.83",0,"4,028","3,393.40","9,591.00","12,732.70","15,471.34"
2020-10-19,"48,000","48,000","46,600","46,750","47,990.00","47,075.00","49,382.50","50,084.17","47,750.42",0,"1,787","3,194.20","7,172.65","12,721.13","15,454.73"
2020-10-20,"45,600","46,100","44,500","44,850","47,490.00","46,910.00","48,430.00","49,948.33","47,807.92",0,"2,326","3,399.80","5,628.75","12,728.82","15,461.28"
2020-10-21,"44,850","46,000","44,850","45,550","46,950.00","46,915.00","47,757.50","49,825.83","47,868.33",8,"2,021","3,372.40","4,608.10","12,739.40","15,249.84"
2020-10-22,"44,900","45,600","44,900","45,600","46,150.00","46,960.00","47,287.50","49,715.83","47,935.42",0,"1,377","2,307.80","3,811.75","12,664.42","15,210.49"
2020-10-23,"46,250","46,350","45,550","45,550","45,660.00","46,885.00","47,015.00","49,573.33","47,997.92",0,756,"1,653.40","3,434.75","12,406.60","15,182.28"
2020-10-26,"45,800","46,400","45,700","45,800","45,470.00","46,730.00","46,902.50","49,416.67","48,056.25",0,"1,855","1,667.00","3,158.90","12,267.43","15,190.24"
2020-10-27,"45,800","45,800","45,300","45,300","45,560.00","46,525.00","46,800.00","49,271.67","48,110.42",0,889,"1,379.60","2,963.05","12,188.47","15,185.21"
2020-10-28,"44,150","44,950","44,150","44,700","45,390.00","46,170.00","46,735.00","49,116.67","48,152.92",0,636,"1,102.60","2,707.60","12,150.42","15,173.65"
2020-10-29,"44,050","44,600","44,050","44,550","45,180.00","45,665.00","46,457.50","48,970.83","48,192.08",0,"1,354","1,098.00","2,371.35","12,077.27","15,172.71"
2020-10-30,"44,750","46,200","44,650","44,850","45,040.00","45,350.00","46,300.00","48,800.00","48,229.17",66,"1,726","1,292.00","2,210.05","12,027.60","15,160.95"
2020-11-02,"44,050","44,750","44,050","44,650","44,810.00","45,140.00","46,107.50","48,640.83","48,279.17",0,630,"1,047.00","2,105.45","11,954.62","15,145.92"
2020-11-03,"44,850","45,000","44,500","45,000","44,750.00","45,155.00","46,032.50","48,480.83","48,332.08",0,478,964.80,"1,939.90","11,906.98","15,130.03"
2020-11-04,"46,000","48,650","44,550","48,500","45,510.00","45,450.00","46,182.50","48,379.17","48,416.67",0,"8,292","2,496.00","2,204.45","12,017.55","15,196.58"
2020-11-05,"44,500","45,400","44,250","44,850","45,570.00","45,375.00","46,167.50","48,210.00","48,473.33",0,"4,730","3,171.20","2,353.40","11,996.65","15,231.17"
2020-11-06,"44,900","45,500","44,550","44,700","45,540.00","45,290.00","46,087.50","48,048.33","48,532.08",0,"1,015","3,029.00","2,341.95","11,936.43","15,236.53"
2020-11-09,"44,700","44,700","44,450","44,700","45,550.00","45,180.00","45,955.00","47,890.00","48,586.25",0,"1,855","3,274.00","2,295.55","11,917.58","15,248.35"
2020-11-10,"44,700","44,700","44,300","44,650","45,480.00","45,115.00","45,820.00","47,744.17","48,642.08",0,788,"3,336.00","2,270.05","11,888.62","15,251.23"
2020-11-11,"44,500","44,800","44,150","44,450","44,670.00","45,090.00","45,630.00","47,628.33","48,688.75",0,"1,461","1,969.80","2,235.20","11,864.90","15,250.59"
2020-11-12,"45,000","45,000","44,050","44,450","44,590.00","45,080.00","45,372.50","47,482.50","48,737.08",0,"1,053","1,234.40","1,952.85","11,839.95","15,252.42"
2020-11-13,"44,050","44,400","44,000","44,000","44,450.00","44,995.00","45,172.50","47,360.83","48,788.75",0,"1,059","1,243.20","1,804.40","11,820.92","15,255.05"
2020-11-16,"43,900","43,950","43,900","43,900","44,290.00","44,920.00","45,030.00","47,330.83","48,847.92",0,"1,116","1,095.40","1,770.85","11,763.63","15,257.48"
2020-11-17,"43,800","43,800","43,200","43,200","44,000.00","44,740.00","44,947.50","47,271.67","48,880.00",0,"1,652","1,268.20","1,737.15","11,746.25","15,043.95"
2020-11-18,"42,600","43,900","42,600","43,800","43,870.00","44,270.00","44,860.00","47,275.00","48,915.83",55,582,"1,092.40","1,665.20","11,676.73","15,011.72"
2020-11-19,"43,800","43,850","43,700","43,700","43,720.00","44,155.00","44,765.00","47,258.33","48,961.67",0,356,953.00,"1,614.15","11,629.48","14,994.63"
2020-11-20,"45,450","45,450","43,500","43,800","43,680.00","44,065.00","44,677.50","47,251.67","49,010.00",0,867,914.60,"1,619.70","11,614.98","14,998.26"
2020-11-23,"43,800","44,150","43,800","44,150","43,730.00","44,010.00","44,595.00","47,232.50","49,062.92",0,351,761.60,"1,544.50","11,588.00","14,996.55"
2020-11-24,"44,400","44,900","44,400","44,800","44,050.00","44,025.00","44,570.00","47,239.17","49,116.25",0,908,612.80,"1,545.45","11,579.32","15,001.99"
2020-11-25,"44,850","44,900","44,200","44,350","44,160.00","44,015.00","44,552.50","47,245.83","49,171.25",30,230,542.40,"1,525.15","11,559.48","14,995.48"
2020-11-26,"44,250","44,250","43,800","43,800","44,180.00","43,950.00","44,515.00","47,240.83","49,212.50",0,596,590.40,"1,487.25","11,560.40","14,991.25"
2020-11-27,"43,950","44,950","43,800","44,950","44,410.00","44,045.00","44,520.00","47,242.50","49,263.33",70,897,596.40,"1,445.80","11,541.40","14,992.58"
2020-11-30,"44,500","44,500","44,150","44,350","44,450.00","44,090.00","44,505.00","47,243.33","49,306.25",0,378,601.80,"1,433.20","11,534.37","14,985.73"
2020-12-01,"44,400","44,900","43,950","44,400","44,370.00","44,210.00","44,475.00","47,240.00","49,342.92",0,727,565.60,"1,445.65","11,535.02","14,938.56"
2020-12-02,"44,400","44,600","43,950","43,950","44,290.00","44,225.00","44,247.50","47,231.67","49,362.92",70,559,631.40,"1,059.00","11,527.72","14,924.72"
2020-12-03,"44,350","44,350","40,550","43,750","44,280.00","44,230.00","44,192.50","47,240.00","49,345.42",71,963,704.80,870.65,"11,522.33","14,599.08"
2020-12-04,"43,800","43,800","43,250","43,250","43,940.00","44,175.00","44,120.00","47,229.17","49,316.67",0,389,603.20,839.35,"11,506.07","14,471.98"
