2018-06-26,"68,900","70,900","67,000","67,900", , , , , ,0,"28,952", , , , 
2018-06-27,"70,100","83,400","70,100","78,900", , , , , ,0,"215,172", , , , 
2018-06-28,"79,700","83,000","76,900","77,600", , , , , ,0,"63,145", , , , 
2018-06-29,"77,600","81,500","76,400","81,500", , , , , ,0,"194,153", , , , 
2018-07-02,"80,700","80,700","75,000","75,900","76,360.00", , , , ,0,"113,428","122,970.00", , , 
2018-07-03,"75,300","75,700","70,600","71,200","77,020.00", , , , ,0,"81,908","133,561.20", , , 
2018-07-04,"71,400","71,800","67,600","69,400","75,120.00", , , , ,0,"68,342","104,195.20", , , 
2018-07-05,"69,300","69,800","66,900","69,500","73,500.00", , , , ,0,"65,355","104,637.20", , , 
2018-07-06,"70,100","71,600","68,500","70,700","71,340.00", , , , ,0,"41,298","74,066.20", , , 
2018-07-09,"70,900","72,900","70,000","70,200","70,200.00","73,280.00", , , ,0,"29,573","57,295.20", , , 
2018-07-10,"70,700","71,500","69,800","70,100","69,980.00","73,500.00", , , ,0,"27,187","46,351.00", , , 
2018-07-11,"70,000","70,300","67,700","69,200","69,940.00","72,530.00", , , ,0,"35,775","39,837.60", , , 
2018-07-12,"69,700","73,200","68,500","71,600","70,360.00","71,930.00", , , ,0,"53,903","37,547.20", , , 
2018-07-13,"71,600","73,300","70,700","72,900","70,800.00","71,070.00", , , ,0,"28,491","34,985.80", , , 
2018-07-16,"73,100","74,000","71,100","71,600","71,080.00","70,640.00", , , ,0,"30,837","35,238.60", , , 
2018-07-17,"72,200","72,200","69,700","69,900","71,040.00","70,510.00", , , ,0,"23,182","34,437.60", , , 
2018-07-18,"70,600","71,000","68,600","68,700","70,940.00","70,440.00", , , ,0,"28,359","32,954.40", , , 
2018-07-19,"72,500","73,800","69,400","73,100","71,240.00","70,800.00", , , ,0,"92,053","40,584.40", , , 
2018-07-20,"72,500","75,900","71,100","72,900","71,240.00","71,020.00", , , ,0,"48,258","44,537.80", , , 
2018-07-23,"73,700","73,700","70,000","70,100","70,940.00","71,010.00","72,145.00", , ,2,"33,481","45,066.60","65,142.60", , 
2018-07-24,"70,200","72,300","69,600","71,500","71,260.00","71,150.00","72,325.00", , ,58,"28,011","46,032.40","65,095.55", , 
2018-07-25,"71,500","73,300","69,900","70,700","71,660.00","71,300.00","71,915.00", , ,0,"30,654","46,491.40","55,869.65", , 
2018-07-26,"70,800","71,700","69,600","71,100","71,260.00","71,250.00","71,590.00", , ,0,"24,178","32,916.40","53,921.30", , 
2018-07-27,"71,100","74,000","70,900","73,600","71,400.00","71,320.00","71,195.00", , ,0,"36,921","30,649.00","46,059.70", , 
2018-07-30,"73,600","73,600","71,400","72,200","71,820.00","71,380.00","71,010.00", , ,0,"15,663","27,085.40","41,171.45", , 
2018-07-31,"72,800","73,400","70,900","73,100","72,140.00","71,700.00","71,105.00", , ,0,"28,928","27,268.80","38,522.45", , 
2018-08-01,"73,100","76,400","72,100","75,700","73,140.00","72,400.00","71,420.00", , ,0,"55,193","32,176.60","37,865.00", , 
2018-08-02,"76,300","80,700","75,800","79,100","74,740.00","73,000.00","71,900.00", , ,0,"114,189","50,178.80","40,306.70", , 
2018-08-03,"78,500","84,000","78,200","82,200","76,460.00","73,930.00","72,475.00", , ,0,"94,841","61,762.80","42,983.85", , 
2018-08-06,"82,800","82,800","80,300","81,900","78,400.00","75,110.00","73,060.00", , ,0,"33,687","65,367.60","43,189.55", , 
2018-08-07,"81,400","82,000","78,700","79,300","79,640.00","75,890.00","73,520.00", , ,0,"42,891","68,160.20","43,974.75", , 
2018-08-08,"81,800","84,000","80,700","82,500","81,000.00","77,070.00","74,185.00", , ,0,"77,122","72,546.00","46,042.10", , 
2018-08-09,"83,300","83,300","79,700","82,500","81,680.00","78,210.00","74,730.00", , ,20,"53,916","60,491.40","46,042.75", , 
2018-08-10,"82,000","82,700","79,300","80,300","81,300.00","78,880.00","75,100.00", , ,0,"42,253","49,973.80","46,730.85", , 
2018-08-13,"79,600","79,600","76,000","77,000","80,320.00","79,360.00","75,370.00", , ,0,"53,446","53,925.60","47,861.30", , 
2018-08-14,"77,100","84,800","76,400","83,400","81,140.00","80,390.00","76,045.00", , ,0,"123,310","70,009.40","52,867.70", , 
2018-08-16,"84,500","89,800","82,500","88,900","82,420.00","81,710.00","77,055.00", , ,0,"140,023","82,589.60","58,450.90", , 
2018-08-17,"89,800","92,700","86,900","89,000","83,720.00","82,700.00","77,850.00", , ,0,"95,771","90,960.60","58,636.80", , 
2018-08-20,"88,900","89,100","86,000","86,800","85,020.00","83,160.00","78,545.00", , ,0,"56,717","93,853.40","59,059.75", , 
2018-08-21,"87,600","90,700","87,000","89,700","87,560.00","83,940.00","79,525.00", , ,0,"66,676","96,499.40","60,719.50", , 
2018-08-22,"89,700","90,500","87,900","89,600","88,800.00","84,970.00","80,430.00", , ,0,"32,326","78,302.60","60,935.25", , 
2018-08-23,"89,600","90,400","86,200","89,300","88,880.00","85,650.00","81,360.00", , ,0,"52,726","60,843.20","62,038.85", , 
2018-08-24,"89,500","91,000","89,300","89,800","89,040.00","86,380.00","82,295.00", , ,0,"38,609","49,410.80","62,760.40", , 
2018-08-27,"90,400","90,900","88,100","89,800","89,640.00","87,330.00","83,105.00", , ,0,"27,835","43,634.40","62,306.10", , 
2018-08-28,"89,900","92,600","89,500","90,300","89,760.00","88,660.00","84,010.00", , ,0,"43,243","38,947.80","63,685.10", , 
2018-08-29,"90,600","95,300","89,700","93,600","90,560.00","89,680.00","85,035.00", , ,0,"78,296","48,141.80","66,153.50", , 
2018-08-30,"94,600","94,700","90,500","91,800","91,060.00","89,970.00","85,840.00", , ,0,"50,927","47,782.00","65,940.20", , 
2018-08-31,"91,200","98,500","91,200","96,000","92,300.00","90,670.00","86,685.00", , ,0,"126,728","65,405.80","66,567.15", , 
2018-09-03,"96,500","99,400","94,100","95,900","93,520.00","91,580.00","87,370.00", , ,33,"64,080","72,654.80","65,029.10", , 
2018-09-04,"96,900","101,500","95,800","100,000","95,460.00","92,610.00","88,275.00", , ,0,"80,980","80,202.20","67,393.75", , 
2018-09-05,"100,000","101,500","98,600","100,000","96,740.00","93,650.00","89,310.00", , ,30,"35,710","71,685.00","67,034.70", , 
2018-09-06,"100,000","102,000","98,400","98,500","98,080.00","94,570.00","90,110.00", , ,0,"50,752","71,650.00","65,716.20", , 
2018-09-07,"98,400","99,200","94,900","96,400","98,160.00","95,230.00","90,805.00", , ,0,"42,824","54,869.20","65,161.60", , 
2018-09-10,"95,500","99,800","95,500","99,700","98,920.00","96,220.00","91,775.00", , ,0,"39,819","50,017.00","65,039.90", , 
2018-09-11,"100,000","101,500","97,400","97,900","98,500.00","96,980.00","92,820.00", , ,0,"33,267","40,474.40","64,030.95", , 
2018-09-12,"99,200","101,500","97,800","100,500","98,600.00","97,670.00","93,675.00", , ,30,"46,033","42,539.00","60,167.10", , 
2018-09-13,"100,500","107,500","100,000","103,500","99,600.00","98,840.00","94,405.00", , ,0,"74,005","47,189.60","56,866.20", , 
2018-09-14,"104,500","107,500","103,500","104,000","101,120.00","99,640.00","95,155.00", , ,30,"37,777","46,180.20","53,966.50", , 
2018-09-17,"104,000","104,000","91,500","93,000","99,780.00","99,350.00","95,465.00", , ,0,"165,503","71,317.00","59,405.80", , 
2018-09-18,"94,100","98,500","92,600","93,800","98,960.00","98,730.00","95,670.00","82,446.67", ,69,"137,113","92,086.20","62,927.65","62,929.92", 
2018-09-19,"94,300","95,300","88,900","90,700","97,000.00","97,800.00","95,725.00","82,826.67", ,0,"75,828","98,045.20","65,102.75","63,711.18", 
2018-09-20,"91,000","91,400","87,500","88,500","94,000.00","96,800.00","95,685.00","82,986.67", ,0,"67,670","96,778.20","65,849.95","61,252.82", 
2018-09-21,"88,700","90,100","88,000","89,400","91,080.00","96,100.00","95,665.00","83,183.33", ,0,"30,665","95,355.80","65,452.75","60,711.48", 
2018-09-27,"89,800","91,800","87,500","91,000","90,680.00","95,230.00","95,725.00","83,341.67", ,0,"50,613","72,377.80","66,591.65","58,319.15", 
2018-09-28,"91,100","91,600","89,200","90,400","90,000.00","94,480.00","95,730.00","83,583.33", ,0,"29,893","50,933.80","65,924.15","56,926.90", 
2018-10-01,"89,700","90,300","84,100","85,200","88,900.00","92,950.00","95,310.00","83,816.67", ,0,"72,012","50,170.60","65,609.95","56,761.97", 
2018-10-02,"85,000","88,700","85,000","87,200","88,640.00","91,320.00","95,080.00","84,113.33", ,0,"50,413","46,719.20","65,584.25","56,463.15", 
2018-10-04,"87,700","88,500","85,000","85,800","87,920.00","89,500.00","94,570.00","84,385.00", ,70,"36,336","47,853.40","61,064.65","55,979.50", 
2018-10-05,"85,100","86,500","83,500","85,500","86,820.00","88,750.00","94,050.00","84,631.67", ,0,"28,290","43,388.80","59,275.15","55,762.70", 
2018-10-08,"85,700","88,700","85,100","85,100","85,760.00","87,880.00","93,305.00","84,880.00", ,0,"24,071","42,224.40","56,429.70","55,671.00", 
2018-10-10,"84,100","85,600","78,900","79,200","84,560.00","86,730.00","92,265.00","85,031.67", ,0,"72,881","42,398.20","58,288.25","56,432.57", 
2018-10-11,"75,000","77,800","73,700","74,000","81,920.00","85,280.00","91,040.00","85,111.67", ,66,"79,307","48,177.00","59,716.00","57,158.10", 
2018-10-12,"72,700","78,300","72,700","77,500","80,260.00","84,090.00","90,095.00","85,210.00", ,60,"54,100","51,729.80","60,279.80","57,161.38", 
2018-10-15,"77,300","79,800","76,600","78,100","78,780.00","82,800.00","89,015.00","85,296.67", ,61,"33,347","52,741.20","59,956.20","57,242.32", 
2018-10-16,"78,100","78,900","75,900","78,000","77,360.00","81,560.00","88,020.00","85,403.33", ,0,"26,494","53,225.80","59,617.55","57,169.93", 
2018-10-17,"79,700","80,000","78,200","79,000","77,320.00","80,940.00","86,945.00","85,555.00", ,0,"24,283","43,506.20","58,530.05","57,188.28", 
2018-10-18,"79,000","79,400","76,900","77,200","77,960.00","79,940.00","85,630.00","85,696.67", ,0,"12,634","30,171.60","55,461.50","56,926.20", 
2018-10-19,"76,300","77,000","73,800","76,600","77,780.00","79,020.00","84,260.00","85,755.00", ,0,"34,735","26,298.60","55,309.40","55,970.90", 
2018-10-22,"76,600","78,400","74,700","77,800","77,720.00","78,250.00","83,500.00","85,836.67", ,0,"20,740","23,777.20","48,071.25","55,512.27", 
2018-10-23,"77,800","77,800","73,400","73,400","76,800.00","77,080.00","82,480.00","85,891.67", ,2,"29,011","24,280.60","42,666.15","55,437.77", 
2018-10-24,"73,700","74,900","69,500","70,100","75,020.00","76,170.00","81,450.00","85,868.33", ,0,"42,335","27,891.00","40,991.50","55,676.50", 
2018-10-25,"66,800","69,800","64,900","68,400","73,260.00","75,610.00","80,445.00","85,830.00", ,0,"89,225","43,209.20","42,069.25","56,652.68", 
2018-10-26,"69,200","69,800","64,800","66,000","71,140.00","74,460.00","79,275.00","85,745.00", ,0,"55,003","47,262.80","43,286.15","57,166.43", 
2018-10-29,"65,900","67,400","61,800","61,800","67,940.00","72,830.00","77,815.00","85,548.33", ,0,"56,548","54,424.40","43,582.90","57,493.55", 
2018-10-30,"61,300","67,500","61,300","67,000","66,660.00","71,730.00","76,645.00","85,461.67", ,60,"53,615","59,345.20","44,769.00","58,126.08", 
2018-10-31,"67,300","69,100","66,500","68,100","66,260.00","70,640.00","75,790.00","85,378.33", ,61,"38,067","58,491.60","43,071.75","58,278.40", 
2018-11-01,"69,100","72,400","68,600","69,700","66,520.00","69,890.00","74,915.00","85,278.33", ,0,"53,669","51,380.40","43,234.55","58,253.00", 
2018-11-02,"70,400","75,800","70,400","73,300","67,980.00","69,560.00","74,290.00","85,181.67", ,0,"38,723","48,124.40","43,353.90","56,995.23", 
2018-11-05,"74,400","74,400","68,600","69,300","69,480.00","68,710.00","73,480.00","84,966.67", ,0,"58,207","48,456.20","44,849.75","56,384.67", 
2018-11-06,"70,600","71,300","69,000","70,000","70,080.00","68,370.00","72,725.00","84,768.33", ,0,"39,382","45,609.60","45,615.30","56,479.58", 
2018-11-07,"71,000","71,000","66,300","68,200","70,100.00","68,180.00","72,175.00","84,583.33", ,0,"41,454","46,287.00","44,043.95","56,455.63", 
2018-11-08,"69,000","70,000","67,700","68,700","69,900.00","68,210.00","71,910.00","84,353.33", ,0,"41,279","43,809.00","42,142.55","55,858.25", 
2018-11-09,"68,800","68,900","65,000","65,800","68,400.00","68,190.00","71,325.00","84,075.00", ,0,"41,576","44,379.60","41,516.35","55,652.58", 
2018-11-12,"65,400","69,500","65,100","69,400","68,420.00","68,950.00","70,890.00","83,893.33", ,0,"50,122","42,762.60","42,355.10","55,783.73", 
2018-11-13,"68,500","68,500","65,900","67,700","67,960.00","69,020.00","70,375.00","83,738.33", ,0,"52,108","45,307.80","43,635.80","55,761.43", 
2018-11-14,"67,700","69,500","66,800","67,700","67,860.00","68,980.00","69,810.00","83,476.67", ,0,"47,278","46,472.60","44,785.55","54,494.23", 
2018-11-15,"66,700","66,900","61,400","63,200","66,760.00","68,330.00","69,110.00","83,048.33", ,0,"164,346","71,086.00","52,371.15","54,899.62", 
2018-11-16,"62,900","63,500","61,800","61,800","65,960.00","67,180.00","68,370.00","82,595.00", ,0,"70,545","76,879.80","54,161.65","54,479.18", 
2018-11-19,"62,200","63,200","60,900","62,300","64,540.00","66,480.00","67,595.00","82,186.67", ,8,"58,283","78,512.00","56,038.80","54,505.28", 
2018-11-20,"61,800","65,300","61,400","65,000","64,000.00","65,980.00","67,175.00","81,775.00", ,0,"82,126","84,515.60","58,694.55","54,762.78", 
2018-11-21,"64,300","66,500","63,300","64,500","63,360.00","65,610.00","66,895.00","81,356.67", ,0,"49,617","84,983.40","59,058.65","55,050.97", 
2018-11-22,"65,200","66,300","64,500","65,200","63,760.00","65,260.00","66,735.00","80,955.00", ,0,"30,906","58,295.40","56,142.70","54,687.30", 
2018-11-23,"65,200","65,700","62,700","63,100","64,020.00","64,990.00","66,590.00","80,510.00", ,0,"30,932","50,372.80","54,939.15","54,559.35", 
2018-11-26,"63,000","64,800","62,700","63,600","64,280.00","64,410.00","66,680.00","80,073.33", ,70,"27,277","44,171.60","53,475.60","54,550.05", 
2018-11-27,"63,600","64,100","62,400","63,800","64,040.00","64,020.00","66,520.00","79,631.67", ,0,"29,025","33,551.40","52,246.10","54,313.08", 
2018-11-28,"63,500","64,000","58,600","58,900","62,920.00","63,140.00","66,060.00","79,053.33", ,2,"178,849","59,397.80","59,285.20","55,988.97", 
2018-11-29,"59,700","60,200","57,400","57,800","61,440.00","62,600.00","65,465.00","78,486.67", ,0,"71,825","67,581.60","60,193.00","56,337.27", 
2018-11-30,"57,900","59,400","57,700","58,000","60,420.00","62,220.00","64,700.00","77,853.33", ,0,"50,634","71,522.00","60,788.55","55,069.03", 
2018-12-03,"58,700","61,600","58,700","61,500","60,000.00","62,140.00","64,310.00","77,280.00", ,0,"72,319","80,530.40","61,494.15","55,206.35", 
2018-12-04,"61,500","62,400","60,500","61,200","59,480.00","61,760.00","63,870.00","76,633.33", ,0,"42,553","83,236.00","61,652.70","54,565.90", 
2018-12-05,"61,000","64,300","60,300","63,900","60,480.00","61,700.00","63,655.00","76,031.67", ,0,"84,624","64,391.00","63,811.20","55,381.13", 
2018-12-06,"64,400","64,600","61,300","61,400","61,200.00","61,320.00","63,290.00","75,413.33", ,0,"59,380","61,902.00","64,716.25","55,524.93", 
2018-12-07,"62,200","62,800","59,600","60,400","61,680.00","61,050.00","63,020.00","74,813.33", ,0,"36,846","59,144.40","64,479.75","55,425.30", 
2018-12-10,"59,400","59,600","57,800","58,700","61,120.00","60,560.00","62,485.00","74,130.00", ,0,"40,622","52,805.00","64,004.75","55,438.68", 
2018-12-11,"59,100","59,800","57,800","58,000","60,480.00","59,980.00","62,000.00","73,465.00", ,70,"23,257","48,945.80","62,562.20","55,271.85", 
2018-12-12,"58,100","58,900","58,000","58,600","59,420.00","59,950.00","61,545.00","72,766.67", ,0,"21,217","36,264.40","61,259.15","54,858.25", 
2018-12-13,"58,700","60,600","58,500","59,800","59,100.00","60,150.00","61,375.00","72,038.33", ,0,"23,716","29,131.60","54,227.65","54,020.10", 
2018-12-14,"60,600","60,700","58,400","58,600","58,740.00","60,210.00","61,215.00","71,281.67", ,0,"19,797","25,721.80","51,690.25","53,720.43", 
2018-12-17,"58,700","59,000","57,800","58,000","58,600.00","59,860.00","61,000.00","70,698.33", ,0,"17,264","21,050.20","49,639.30","51,249.78", 
2018-12-18,"57,200","61,200","57,200","60,800","59,160.00","59,820.00","60,790.00","70,148.33","76,297.50",60,"39,839","24,366.60","47,524.95","49,628.55","56,279.23"
2018-12-19,"61,800","61,800","59,300","60,500","59,540.00","59,480.00","60,590.00","69,645.00","76,235.83",0,"24,717","25,066.60","46,279.95","48,776.70","56,243.94"
2018-12-20,"59,500","60,500","58,700","58,700","59,320.00","59,210.00","60,265.00","69,148.33","76,067.50",0,"29,330","26,189.40","46,201.15","48,137.70","54,695.26"
2018-12-21,"58,300","60,300","58,000","59,800","59,560.00","59,150.00","60,100.00","68,655.00","75,919.17",0,"19,998","26,229.60","45,654.45","47,959.92","54,335.70"
2018-12-24,"59,600","60,100","58,500","59,300","59,820.00","59,210.00","59,885.00","68,126.67","75,734.17",0,"18,789","26,534.60","45,230.05","47,429.52","52,874.33"
2018-12-26,"58,000","58,500","56,800","58,400","59,340.00","59,250.00","59,615.00","67,593.33","75,588.33",0,"40,306","26,628.00","45,794.10","47,603.07","52,264.98"
2018-12-27,"59,500","61,200","58,300","58,700","58,980.00","59,260.00","59,605.00","67,151.67","75,484.17",0,"34,626","28,609.80","38,582.95","46,979.97","51,870.97"
2018-12-28,"59,600","59,700","57,900","59,300","59,100.00","59,210.00","59,680.00","66,686.67","75,400.00",0,"22,656","27,275.00","36,124.50","46,517.35","51,490.25"
2019-01-02,"59,500","60,300","57,200","57,500","58,640.00","59,100.00","59,655.00","66,215.00","75,300.00",0,"28,474","28,970.20","35,016.50","46,386.32","51,182.91"
2019-01-03,"57,500","58,300","53,000","53,300","57,440.00","58,630.00","59,245.00","65,678.33","75,155.00",0,"79,789","41,170.20","35,390.00","47,244.63","51,503.67"
2019-01-04,"52,900","53,600","51,400","53,000","56,360.00","57,850.00","58,835.00","65,143.33","75,011.67",0,"48,637","42,836.40","35,694.20","47,654.07","51,662.53"
2019-01-07,"53,600","57,600","53,300","57,300","56,080.00","57,530.00","58,505.00","64,778.33","74,905.00",64,"52,576","46,426.40","34,091.80","47,315.65","51,874.11"
2019-01-08,"57,800","59,900","56,600","59,400","56,100.00","57,600.00","58,405.00","64,535.00","74,823.33",0,"55,895","53,074.20","33,917.55","46,925.45","52,041.78"
2019-01-09,"59,800","62,400","59,800","60,900","56,780.00","57,710.00","58,430.00","64,258.33","74,734.17",0,"42,352","55,849.80","34,192.85","46,729.65","51,945.52"
2019-01-10,"61,900","62,900","60,900","61,500","58,420.00","57,930.00","58,570.00","63,981.67","74,639.17",0,"34,789","46,849.80","33,901.20","46,753.68","51,998.00"
2019-01-11,"62,500","63,500","61,900","62,200","60,260.00","58,310.00","58,780.00","63,718.33","74,560.83",0,"21,039","41,330.20","33,790.30","46,662.77","51,916.35"
2019-01-14,"62,200","63,200","61,400","62,300","61,260.00","58,670.00","58,965.00","63,440.00","74,497.50",0,"16,474","34,109.80","33,553.15","46,532.62","51,860.45"
2019-01-15,"61,700","62,600","61,600","62,400","61,860.00","58,980.00","59,095.00","63,193.33","74,445.00",0,"12,641","25,459.00","32,999.40","46,532.73","51,729.47"
2019-01-16,"62,200","64,100","62,100","63,700","62,420.00","59,600.00","59,350.00","62,978.33","74,366.67",0,"26,518","22,292.20","33,335.45","46,395.78","51,183.34"
2019-01-17,"63,700","63,700","61,800","62,100","62,540.00","60,480.00","59,555.00","62,716.67","74,276.67",0,"19,350","19,204.40","33,439.75","46,372.62","50,942.44"
2019-01-18,"62,100","63,000","60,700","62,300","62,560.00","61,410.00","59,630.00","62,531.67","74,211.67",0,"16,711","18,338.80","32,283.35","46,167.62","50,802.69"
2019-01-21,"62,300","63,100","61,100","62,400","62,580.00","61,920.00","59,725.00","62,403.33","74,135.83",0,"10,652","17,174.40","31,580.10","45,639.57","50,658.03"
2019-01-22,"62,500","64,600","62,500","63,000","62,700.00","62,280.00","59,940.00","62,313.33","74,071.67",29,"22,347","19,115.60","31,230.95","44,524.93","50,588.81"
2019-01-23,"62,700","63,600","61,800","63,600","62,680.00","62,550.00","60,130.00","62,273.33","74,009.17",0,"19,974","17,806.80","31,229.75","43,941.12","50,553.78"
2019-01-24,"63,500","66,500","63,500","66,400","63,540.00","63,040.00","60,485.00","62,350.00","73,949.17",18,"31,818","20,300.40","31,881.20","43,528.95","50,511.25"
2019-01-25,"65,700","67,900","65,400","66,100","64,300.00","63,430.00","60,870.00","62,335.00","73,898.33",0,"30,522","23,062.60","31,392.00","43,144.07","50,635.07"
2019-01-28,"66,200","68,200","66,200","67,000","65,220.00","63,900.00","61,285.00","62,316.67","73,847.50",0,"33,631","27,658.40","31,342.25","43,070.13","50,674.27"
2019-01-29,"65,800","67,400","65,800","67,300","66,080.00","64,390.00","61,685.00","62,276.67","73,777.50",0,"21,669","27,522.80","31,292.90","42,536.80","50,394.90"
2019-01-30,"67,100","68,300","66,300","67,100","66,780.00","64,730.00","62,165.00","62,173.33","73,677.50",0,"16,437","26,815.40","30,691.05","42,165.37","49,580.30"
2019-01-31,"68,000","68,200","65,800","67,400","66,980.00","65,260.00","62,870.00","62,141.67","73,554.17",20,"25,252","25,502.20","27,964.20","41,616.12","49,000.39"
2019-02-01,"67,000","67,800","66,100","66,800","67,120.00","65,710.00","63,560.00","62,088.33","73,428.33",0,"18,955","23,188.80","26,480.10","41,275.67","48,877.63"
2019-02-07,"69,300","69,500","66,000","67,000","67,120.00","66,170.00","64,045.00","62,068.33","73,325.83",0,"20,092","20,481.00","24,855.90","40,919.63","48,687.63"
2019-02-08,"66,800","66,800","65,100","66,100","66,880.00","66,480.00","64,380.00","62,025.00","73,189.17",0,"14,223","18,991.80","22,772.30","40,468.70","48,163.47"
2019-02-11,"66,000","67,000","65,200","66,400","66,740.00","66,760.00","64,655.00","62,035.00","73,055.00",0,"15,543","18,813.00","21,431.85","40,034.82","47,843.70"
2019-02-12,"65,900","66,500","65,400","66,200","66,500.00","66,740.00","64,890.00","61,981.67","72,937.50",0,"25,301","18,822.80","20,957.45","39,621.13","47,702.43"
2019-02-13,"65,800","70,700","65,800","68,300","66,800.00","66,960.00","65,195.00","61,991.67","72,865.00",0,"81,827","31,397.20","23,996.85","40,116.45","47,938.94"
2019-02-14,"68,800","69,200","65,700","66,500","66,700.00","66,910.00","65,405.00","61,971.67","72,724.17",0,"49,408","37,260.40","25,643.55","40,151.95","47,323.09"
2019-02-15,"67,300","67,300","66,200","66,900","66,860.00","66,870.00","65,630.00","62,033.33","72,540.83",0,"20,565","38,528.80","26,039.75","37,755.60","46,327.61"
2019-02-18,"67,000","67,300","65,300","66,200","66,820.00","66,780.00","65,755.00","62,106.67","72,350.83",30,"29,407","41,301.60","26,184.20","37,069.97","45,774.57"
2019-02-19,"66,700","69,200","66,500","67,900","67,160.00","66,830.00","66,045.00","62,200.00","72,193.33",0,"47,641","45,769.60","27,598.75","36,892.60","45,698.94"
2019-02-20,"68,000","73,100","68,000","72,400","67,980.00","67,390.00","66,550.00","62,323.33","72,049.17",0,"95,519","48,508.00","31,539.15","37,115.82","45,939.30"
2019-02-21,"72,700","73,100","71,100","71,700","69,020.00","67,860.00","67,015.00","62,443.33","71,900.00",30,"34,394","45,505.20","32,726.25","36,862.10","45,956.53"
2019-02-22,"71,700","72,100","70,000","71,200","69,880.00","68,370.00","67,425.00","62,543.33","71,749.17",0,"24,960","46,384.20","32,856.90","36,763.00","45,725.15"
2019-02-25,"72,500","77,800","72,400","76,900","72,020.00","69,420.00","68,090.00","62,773.33","71,641.67",0,"83,440","57,190.80","36,030.20","37,638.13","46,098.74"
2019-02-26,"77,900","79,000","75,800","76,600","73,760.00","70,460.00","68,600.00","62,990.00","71,531.67",33,"52,239","58,110.40","37,051.25","38,054.17","46,302.11"
2019-02-27,"76,800","79,500","76,600","77,900","74,860.00","71,420.00","69,190.00","63,225.00","71,428.33",0,"47,252","48,457.00","37,887.75","38,357.95","46,335.52"
2019-02-28,"78,100","78,200","71,500","73,400","75,200.00","72,110.00","69,510.00","63,466.67","71,260.00",39,"79,643","57,506.80","40,188.35","36,704.52","46,346.74"
2019-03-04,"75,100","78,200","75,100","75,300","76,020.00","72,950.00","69,910.00","63,758.33","71,122.50",30,"66,129","65,740.60","42,411.35","36,609.58","46,473.43"
2019-03-05,"75,400","76,300","73,200","74,800","75,600.00","73,810.00","70,295.00","64,038.33","70,945.83",0,"30,974","55,247.40","43,138.20","36,281.92","45,675.47"
2019-03-06,"74,800","76,000","73,800","74,900","75,260.00","74,510.00","70,670.00","64,261.67","70,770.83",0,"16,361","48,071.80","42,693.65","35,349.28","45,277.82"
2019-03-07,"74,900","75,200","73,400","74,200","74,520.00","74,690.00","71,040.00","64,478.33","70,555.83",0,"14,943","41,610.00","42,493.05","34,889.12","44,727.51"
2019-03-08,"74,000","76,800","74,000","75,400","74,920.00","75,060.00","71,460.00","64,670.00","70,350.83",0,"29,485","31,578.40","42,962.70","33,970.13","44,675.63"
2019-03-11,"75,400","77,800","74,400","77,400","75,340.00","75,680.00","72,025.00","64,936.67","70,175.00",0,"31,240","24,600.60","43,813.55","33,501.13","44,513.03"
2019-03-12,"77,000","78,000","76,800","77,700","75,920.00","75,760.00","72,590.00","65,225.00","70,019.17",0,"26,358","23,677.40","44,354.30","33,326.33","44,375.82"
2019-03-13,"77,700","81,000","76,900","79,800","76,900.00","76,080.00","73,270.00","65,576.67","69,853.33",0,"43,315","29,068.20","45,255.00","33,371.22","44,404.95"
2019-03-14,"79,800","82,400","79,800","82,200","78,500.00","76,510.00","73,965.00","65,980.00","69,722.50",0,"39,533","33,986.20","43,140.30","33,642.48","44,457.17"
2019-03-15,"83,100","86,400","82,400","83,700","80,160.00","77,540.00","74,825.00","66,398.33","69,582.50",0,"61,666","40,422.40","43,753.20","34,316.63","44,587.44"
2019-03-18,"85,900","86,700","84,100","85,900","81,860.00","78,600.00","75,775.00","66,833.33","69,435.83",0,"32,288","40,632.00","44,339.35","34,459.50","44,239.80"
2019-03-19,"85,500","88,300","84,900","86,900","83,700.00","79,810.00","76,810.00","67,305.00","69,293.33",0,"38,254","43,011.20","44,781.70","34,767.12","44,243.78"
2019-03-20,"87,500","88,200","85,500","87,600","85,260.00","81,080.00","77,795.00","67,798.33","69,248.33",0,"21,253","38,598.80","43,462.30","34,833.60","43,041.69"
2019-03-21,"88,200","88,200","85,100","86,200","86,060.00","82,280.00","78,485.00","68,221.67","69,185.00",30,"16,450","33,982.20","39,508.85","34,443.78","42,036.17"
2019-03-22,"87,100","87,100","83,400","85,100","86,340.00","83,250.00","79,155.00","68,631.67","69,138.33",0,"23,809","26,410.80","38,979.60","34,428.65","41,602.68"
2019-03-25,"82,800","84,500","79,400","81,600","85,480.00","83,670.00","79,675.00","69,013.33","69,080.83",0,"79,403","35,833.80","41,701.75","35,263.20","41,700.45"
2019-03-26,"81,700","84,200","80,300","83,900","84,880.00","84,290.00","80,025.00","69,415.00","69,035.00",0,"28,458","33,874.60","38,952.65","35,404.20","41,682.06"
2019-03-27,"85,700","87,700","83,200","84,900","84,340.00","84,800.00","80,440.00","69,841.67","68,984.17",0,"29,216","35,467.20","37,801.50","35,577.98","41,503.75"
2019-03-28,"84,200","87,000","84,200","86,500","84,400.00","85,230.00","80,870.00","70,310.00","68,951.67",0,"44,702","41,117.60","37,674.00","35,651.25","41,627.16"
2019-03-29,"87,100","88,600","85,200","86,900","84,760.00","85,550.00","81,545.00","70,780.00","68,965.83",0,"42,155","44,786.80","35,799.60","35,776.73","41,378.35"
2019-04-01,"88,200","90,600","87,200","88,700","86,180.00","85,830.00","82,215.00","71,270.00","68,978.33",0,"45,855","38,077.20","34,785.90","36,163.38","41,340.37"
2019-04-02,"89,600","89,700","87,300","87,600","86,920.00","85,900.00","82,855.00","71,771.67","68,993.33",0,"23,929","37,171.40","34,433.65","36,087.63","41,236.97"
2019-04-03,"87,300","87,300","83,800","84,300","86,800.00","85,570.00","83,325.00","72,288.33","68,983.33",0,"51,031","41,534.40","36,167.15","35,608.33","41,426.48"
2019-04-04,"84,900","86,800","84,300","86,300","86,760.00","85,580.00","83,930.00","72,843.33","68,993.33",0,"24,550","37,504.00","36,647.50","35,206.88","41,430.47"
2019-04-05,"85,800","87,200","85,400","86,200","86,620.00","85,690.00","84,470.00","73,325.00","69,051.67",0,"15,796","32,232.20","35,963.05","34,593.88","40,954.77"
2019-04-08,"85,600","89,000","85,600","89,000","86,680.00","86,430.00","85,050.00","73,818.33","69,176.67",18,"37,811","30,623.40","36,291.60","34,292.48","40,608.97"
2019-04-09,"89,100","90,200","88,200","88,600","86,880.00","86,900.00","85,595.00","74,280.00","69,269.17",0,"28,428","31,523.20","36,395.10","34,060.42","40,395.03"
2019-04-10,"88,200","88,300","86,100","86,700","87,360.00","87,080.00","85,940.00","74,700.00","69,340.83",0,"31,829","27,682.80","35,820.80","34,011.08","40,382.38"
2019-04-11,"84,300","85,300","81,800","83,700","86,840.00","86,800.00","86,015.00","75,058.33","69,388.33",0,"150,350","52,842.80","41,361.65","36,166.27","41,414.52"
2019-04-12,"85,100","85,800","84,200","85,800","86,760.00","86,690.00","86,120.00","75,450.00","69,445.00",0,"30,828","55,849.20","39,819.75","36,405.50","41,469.06"
2019-04-15,"86,200","93,900","85,100","91,900","87,340.00","87,010.00","86,420.00","75,941.67","69,567.50",0,"104,207","69,128.40","43,415.70","37,931.60","42,232.17"
2019-04-16,"92,800","94,600","89,400","90,700","87,760.00","87,320.00","86,610.00","76,391.67","69,685.00",0,"60,049","75,452.60","44,505.45","38,490.45","42,443.12"
2019-04-17,"90,900","91,600","89,000","90,900","88,600.00","87,980.00","86,775.00","76,871.67","69,794.17",0,"30,304","75,147.60","44,958.00","38,673.02","42,522.82"
2019-04-18,"90,900","91,100","86,000","88,000","89,460.00","88,150.00","86,865.00","77,300.00","69,915.83",0,"65,125","58,102.60","47,391.75","39,479.92","42,823.77"
2019-04-19,"88,000","89,400","85,100","86,300","89,560.00","88,160.00","86,925.00","77,698.33","70,050.83",0,"52,917","62,520.40","48,847.15","40,184.33","42,911.95"
2019-04-22,"86,300","88,000","85,100","86,400","88,460.00","87,900.00","87,165.00","78,088.33","70,200.83",70,"20,414","45,761.80","45,897.70","40,152.12","42,338.53"
2019-04-23,"85,600","86,700","83,600","84,000","87,120.00","87,440.00","87,170.00","78,428.33","70,350.83",0,"36,801","41,112.20","46,314.85","40,432.57","42,186.84"
2019-04-24,"84,000","86,400","83,900","85,100","85,960.00","87,280.00","87,180.00","78,740.00","70,545.00",0,"29,819","41,015.20","46,345.00","40,399.25","41,964.10"
2019-04-25,"85,200","85,200","82,700","82,700","84,900.00","87,180.00","86,990.00","79,016.67","70,675.83",0,"31,400","34,270.20","45,679.90","40,413.88","41,778.97"
2019-04-26,"82,000","83,700","81,400","82,600","84,160.00","86,860.00","86,775.00","79,276.67","70,796.67",0,"25,311","28,749.00","44,837.70","40,275.22","41,672.68"
2019-04-29,"83,400","84,900","82,700","84,900","83,860.00","86,160.00","86,585.00","79,570.00","70,923.33",0,"17,940","28,254.20","43,441.95","40,213.07","41,374.93"
2019-04-30,"84,900","85,000","82,200","82,800","83,620.00","85,370.00","86,345.00","79,831.67","71,002.50",0,"26,099","26,113.80","43,550.45","40,374.10","41,269.73"
2019-05-02,"82,800","83,400","82,300","83,000","83,200.00","84,580.00","86,280.00","80,091.67","71,116.67",0,"10,352","22,220.40","41,516.50","40,125.77","40,870.94"
2019-05-03,"82,900","82,900","81,400","81,800","83,020.00","83,960.00","86,055.00","80,341.67","71,215.00",0,"17,664","19,473.20","41,172.20","40,104.25","40,689.96"
2019-05-07,"80,100","85,300","80,100","83,900","83,280.00","83,720.00","85,940.00","80,623.33","71,345.83",60,"41,773","22,765.60","42,471.05","40,465.60","40,692.62"
2019-05-08,"83,900","84,300","82,700","82,900","82,880.00","83,370.00","85,635.00","80,903.33","71,464.17",0,"16,895","22,556.60","41,425.25","40,510.13","40,489.42"
2019-05-09,"83,500","83,500","80,600","80,700","82,460.00","83,040.00","85,240.00","81,141.67","71,588.33",0,"28,135","22,963.80","41,410.60","40,720.00","40,377.41"
2019-05-10,"79,800","81,400","78,500","79,500","81,760.00","82,480.00","84,880.00","81,363.33","71,672.50",0,"30,504","26,994.20","41,344.35","40,806.72","40,213.93"
2019-05-13,"78,700","79,400","77,700","78,100","81,020.00","82,020.00","84,600.00","81,526.67","71,759.17",0,"27,714","29,004.20","35,212.55","39,904.83","40,010.64"
2019-05-14,"76,200","83,800","75,500","82,900","80,820.00","82,050.00","84,455.00","81,800.00","71,885.83",60,"41,986","29,046.80","35,770.45","39,781.13","39,966.54"
2019-05-15,"84,500","87,400","82,600","85,900","81,420.00","82,150.00","84,155.00","82,116.67","72,075.00",61,"40,382","33,744.20","32,579.20","40,111.42","38,933.51"
2019-05-16,"86,500","87,300","84,600","85,100","82,300.00","82,380.00","83,875.00","82,431.67","72,269.17",0,"32,632","34,643.60","31,208.35","40,165.17","38,617.57"
2019-05-17,"85,100","86,100","80,500","80,800","82,560.00","82,160.00","83,370.00","82,646.67","72,423.33",0,"33,952","35,333.20","31,390.75","39,937.02","38,414.81"
2019-05-20,"81,200","87,500","81,200","86,100","84,160.00","82,590.00","83,275.00","82,875.00","72,599.17",0,"61,438","42,078.00","31,206.40","39,369.00","38,242.41"
2019-05-21,"87,000","87,000","82,200","82,200","84,020.00","82,420.00","83,070.00","83,050.00","72,746.67",0,"38,731","41,427.00","30,497.10","39,441.28","38,151.69"
2019-05-22,"82,800","83,700","80,000","81,500","83,140.00","82,280.00","82,825.00","83,221.67","72,882.50",0,"42,465","41,843.60","31,599.65","39,733.03","38,248.02"
2019-05-23,"80,600","82,000","80,200","80,400","82,200.00","82,250.00","82,645.00","83,280.00","73,026.67",0,"19,685","39,254.20","30,743.85","38,670.45","38,154.29"
2019-05-24,"79,800","81,100","79,000","80,200","82,080.00","82,320.00","82,400.00","83,340.00","73,165.00",0,"24,096","37,283.00","30,457.70","38,201.40","38,127.78"
2019-05-27,"79,500","80,300","77,500","78,500","80,560.00","82,360.00","82,190.00","83,350.00","73,287.50",0,"27,391","30,473.60","30,257.25","37,870.38","38,114.17"
2019-05-28,"78,200","81,000","78,200","80,000","80,120.00","82,070.00","82,060.00","83,460.00","73,463.33",0,"25,690","27,865.40","30,276.20","36,971.17","36,837.84"
2019-05-29,"80,700","80,700","78,600","79,100","79,640.00","81,390.00","81,770.00","83,523.33","73,640.83",0,"20,950","23,562.40","30,426.70","36,218.18","36,413.88"
2019-05-30,"78,500","79,100","77,600","78,300","79,220.00","80,710.00","81,545.00","83,581.67","73,810.00",0,"28,539","25,333.20","30,548.70","36,177.60","36,229.76"
2019-05-31,"78,500","79,900","77,300","78,500","78,880.00","80,480.00","81,320.00","83,641.67","73,951.67",0,"41,084","28,730.80","32,085.30","36,589.65","35,969.47"
2019-06-03,"78,000","80,300","77,600","78,500","78,880.00","79,720.00","81,155.00","83,713.33","74,095.83",0,"17,270","26,706.60","32,065.60","36,628.43","35,758.78"
2019-06-04,"78,500","79,900","77,800","79,000","78,680.00","79,400.00","80,910.00","83,773.33","74,221.67",0,"12,899","24,148.40","30,621.90","36,352.00","35,161.07"
2019-06-05,"79,500","80,800","79,500","80,200","78,900.00","79,270.00","80,775.00","83,820.00","74,378.33",0,"13,233","22,605.00","30,438.80","36,051.88","34,776.51"
2019-06-07,"80,300","81,000","79,400","80,000","79,240.00","79,230.00","80,740.00","83,858.33","74,541.67",0,"13,655","19,628.20","29,714.80","35,840.17","34,583.25"
2019-06-10,"79,500","82,800","79,500","81,900","79,920.00","79,400.00","80,860.00","83,893.33","74,735.00",60,"26,094","16,630.20","29,494.30","35,553.15","34,462.18"
2019-06-11,"81,900","85,300","81,600","85,000","81,220.00","80,050.00","81,205.00","83,940.00","74,960.00",61,"31,099","19,396.00","29,663.55","35,412.58","34,527.53"
2019-06-12,"85,000","85,400","82,100","83,600","82,140.00","80,410.00","81,240.00","83,938.33","75,168.33",0,"24,403","21,696.80","28,784.40","34,791.53","34,554.08"
2019-06-13,"84,400","84,400","82,300","83,200","82,740.00","80,820.00","81,105.00","83,893.33","75,363.33",0,"17,329","22,516.00","27,631.75","34,542.22","34,500.86"
2019-06-14,"83,900","84,200","82,700","83,200","83,380.00","81,310.00","81,010.00","83,831.67","75,568.33",0,"11,254","22,035.80","26,562.85","34,092.22","34,429.67"
2019-06-17,"83,200","84,700","81,700","82,100","83,420.00","81,670.00","81,075.00","83,740.00","75,769.17",0,"18,061","20,429.20","25,768.30","34,039.02","34,436.31"
2019-06-18,"83,300","83,400","81,700","82,700","82,960.00","82,090.00","80,905.00","83,681.67","75,951.67",0,"16,476","17,504.60","23,520.20","34,039.45","34,241.62"
2019-06-19,"83,900","83,900","82,500","82,800","82,800.00","82,470.00","80,935.00","83,643.33","76,137.50",0,"8,660","14,356.00","22,016.65","33,786.97","34,107.81"
2019-06-20,"83,900","84,500","82,500","83,100","82,780.00","82,760.00","81,015.00","83,668.33","76,340.83",0,"16,119","14,114.00","20,699.35","32,732.23","33,997.72"
2019-06-21,"83,300","84,000","81,600","81,800","82,500.00","82,940.00","81,085.00","83,633.33","76,524.17",0,"12,958","14,454.80","20,363.00","32,473.90","33,939.05"
2019-06-24,"82,700","82,700","79,700","80,900","82,260.00","82,840.00","81,120.00","83,566.67","76,704.17",42,"14,165","13,675.60","19,866.45","32,223.05","33,900.52"
2019-06-25,"81,100","84,700","81,100","81,800","82,080.00","82,520.00","81,285.00","83,488.33","76,899.17",29,"20,360","14,452.40","19,514.90","31,817.35","33,734.30"
2019-06-26,"80,700","82,600","80,700","82,400","82,000.00","82,400.00","81,405.00","83,413.33","77,096.67",0,"9,519","14,624.20","18,706.35","31,273.42","33,525.07"
2019-06-27,"82,400","82,800","81,500","81,900","81,760.00","82,270.00","81,545.00","83,300.00","77,285.00",0,"10,224","13,445.20","18,170.05","30,679.57","33,421.47"
2019-06-28,"81,400","83,200","81,200","82,400","81,880.00","82,190.00","81,750.00","83,213.33","77,492.50",0,"10,462","12,946.00","17,266.20","30,455.12","33,271.38"
2019-07-01,"82,300","82,300","80,700","81,000","81,900.00","82,080.00","81,875.00","83,158.33","77,723.33",0,"11,995","12,512.00","15,811.75","29,804.52","32,706.42"
2019-07-02,"81,400","81,400","79,200","79,800","81,500.00","81,790.00","81,940.00","83,050.00","77,946.67",0,"15,107","11,461.40","15,703.60","29,647.13","32,427.01"
2019-07-03,"79,800","79,800","78,500","78,500","80,720.00","81,360.00","81,915.00","82,921.67","78,123.33",0,"15,950","12,747.60","15,856.15","29,649.70","32,121.79"
2019-07-04,"79,400","79,900","78,400","79,500","80,240.00","81,000.00","81,880.00","82,763.33","78,290.83",0,"10,549","12,812.60","15,721.95","29,195.33","31,743.91"
2019-07-05,"78,700","80,000","78,500","79,200","79,600.00","80,740.00","81,840.00","82,606.67","78,443.33",0,"10,212","12,762.60","15,549.80","28,891.73","31,476.08"
2019-07-08,"79,200","79,600","75,800","76,300","78,660.00","80,280.00","81,560.00","82,433.33","78,566.67",0,"18,224","14,008.40","15,156.30","28,664.98","31,338.03"
2019-07-09,"76,000","78,500","76,000","77,600","78,220.00","79,860.00","81,190.00","82,331.67","78,695.00",0,"17,733","14,533.60","14,488.00","26,454.70","31,310.48"
2019-07-10,"76,900","78,300","76,700","78,000","78,120.00","79,420.00","80,910.00","82,201.67","78,825.83",0,"11,535","13,650.60","13,844.60","26,133.15","31,269.33"
2019-07-11,"78,700","78,900","77,000","77,800","77,780.00","79,010.00","80,640.00","81,966.67","78,954.17",0,"10,045","13,549.80","13,480.40","24,563.78","31,247.69"
2019-07-12,"77,100","78,300","76,600","77,400","77,420.00","78,510.00","80,350.00","81,745.00","79,068.33",0,"14,410","14,389.40","13,638.20","23,803.13","31,146.79"
2019-07-15,"77,300","78,500","76,700","76,900","77,540.00","78,100.00","80,090.00","81,511.67","79,191.67",0,"11,933","13,131.20","13,331.80","23,496.95","31,084.98"
2019-07-16,"76,100","77,200","75,500","76,800","77,380.00","77,800.00","79,795.00","81,325.00","79,312.50",0,"19,285","13,441.60","13,472.25","22,732.95","31,106.43"
2019-07-17,"76,400","77,300","75,600","76,200","77,020.00","77,570.00","79,465.00","81,156.67","79,427.50",0,"12,281","13,590.80","13,653.30","22,055.68","31,120.01"
2019-07-18,"76,200","76,400","74,500","75,700","76,600.00","77,190.00","79,095.00","80,978.33","79,533.33",0,"11,058","13,793.40","13,400.25","21,899.75","31,025.93"
2019-07-19,"75,100","77,300","75,100","76,600","76,440.00","76,930.00","78,835.00","80,855.00","79,641.67",0,"6,739","12,259.20","13,089.30","21,398.72","30,915.64"
2019-07-22,"76,000","76,900","74,900","75,100","76,080.00","76,810.00","78,545.00","80,688.33","79,714.17",0,"10,246","11,921.80","12,893.35","21,072.50","30,735.88"
2019-07-23,"75,000","75,900","73,900","75,300","75,780.00","76,580.00","78,220.00","80,565.00","79,790.83",0,"16,209","11,306.60","12,685.80","20,819.32","30,616.60"
2019-07-24,"74,500","75,700","73,600","75,000","75,540.00","76,280.00","77,850.00","80,438.33","79,857.50",0,"11,651","11,180.60","12,792.40","20,591.65","30,433.43"
2019-07-25,"73,800","74,900","71,000","71,500","74,700.00","75,650.00","77,330.00","80,215.00","79,892.50",0,"33,864","15,741.80","13,974.40","20,857.05","30,535.06"
2019-07-26,"70,900","72,100","69,400","70,300","73,440.00","74,940.00","76,725.00","80,006.67","79,919.17",0,"20,189","18,431.80","14,460.75","20,758.55","30,566.33"
2019-07-29,"70,300","71,000","67,900","68,700","72,160.00","74,120.00","76,110.00","79,768.33","79,930.00",0,"18,201","20,022.80","14,771.05","20,889.37","30,507.57"
2019-07-30,"68,700","70,100","68,000","69,400","70,980.00","73,380.00","75,590.00","79,561.67","79,951.67",0,"12,169","19,214.80","14,624.15","20,797.78","30,451.02"
2019-07-31,"69,400","69,600","67,300","69,100","69,800.00","72,670.00","75,120.00","79,315.00","79,969.17",0,"11,696","19,223.80","14,411.45","20,296.50","30,381.05"
2019-08-01,"68,900","68,900","67,200","67,500","69,000.00","71,850.00","74,520.00","79,058.33","79,980.83",0,"13,901","15,231.20","14,579.05","20,246.60","30,378.37"
2019-08-02,"67,000","68,700","66,300","67,500","68,440.00","70,940.00","73,935.00","78,838.33","79,990.00",0,"16,364","14,466.20","14,886.65","20,050.42","30,385.21"
2019-08-05,"67,100","67,100","63,100","64,000","67,500.00","69,830.00","73,320.00","78,580.00","79,971.67",0,"27,681","16,362.20","15,359.50","20,003.37","30,405.04"
2019-08-06,"62,000","65,400","60,200","62,700","66,160.00","68,570.00","72,575.00","78,323.33","79,925.00",0,"24,651","18,858.60","15,705.40","19,952.32","29,928.58"
2019-08-07,"62,700","65,800","62,700","64,000","65,140.00","67,470.00","71,875.00","78,008.33","79,904.17",0,"15,233","19,566.00","15,890.30","19,506.43","29,643.78"
2019-08-08,"64,200","67,500","64,200","67,000","65,040.00","67,020.00","71,335.00","77,693.33","79,905.00",0,"20,355","20,856.80","16,405.80","19,172.65","29,642.03"
2019-08-09,"68,500","68,500","67,500","67,700","65,080.00","66,760.00","70,850.00","77,403.33","79,917.50",0,"14,753","20,534.60","16,422.95","18,874.67","29,519.92"
2019-08-12,"68,500","71,700","67,800","70,200","66,320.00","66,910.00","70,515.00","77,226.67","79,936.67",0,"24,943","19,987.00","17,073.45","18,724.52","29,330.77"
2019-08-13,"70,200","72,700","69,800","72,400","68,260.00","67,210.00","70,295.00","76,998.33","79,936.67",0,"21,389","19,334.60","17,178.65","18,057.03","28,713.02"
2019-08-14,"73,500","75,600","73,100","73,600","70,180.00","67,660.00","70,165.00","76,855.00","79,952.50",0,"15,577","19,403.40","17,343.45","17,671.13","28,556.21"
2019-08-16,"71,800","71,800","67,000","69,800","70,740.00","67,890.00","69,870.00","76,660.00","79,940.83",0,"33,124","21,957.20","18,446.75","17,515.45","28,624.24"
2019-08-19,"69,900","70,200","67,600","69,100","71,020.00","68,050.00","69,495.00","76,471.67","79,875.83",0,"20,666","23,139.80","19,143.10","17,531.80","28,101.13"
2019-08-20,"69,100","70,400","68,200","70,000","70,980.00","68,650.00","69,240.00","76,301.67","79,820.83",0,"10,163","20,183.80","19,138.95","17,299.58","27,750.49"
2019-08-21,"69,200","71,000","69,200","70,300","70,560.00","69,410.00","68,990.00","76,165.00","79,757.50",0,"7,980","17,502.00","18,727.50","16,976.07","27,423.22"
2019-08-22,"70,900","70,900","67,900","68,300","69,500.00","69,840.00","68,655.00","75,970.00","79,715.00",0,"10,693","16,525.20","18,679.60","16,726.12","26,848.64"
2019-08-23,"67,700","69,200","67,300","68,400","69,220.00","69,980.00","68,500.00","75,791.67","79,657.50",0,"13,002","12,500.80","17,636.50","16,593.65","26,405.92"
2019-08-26,"67,700","67,700","65,200","65,800","68,560.00","69,790.00","68,275.00","75,583.33","79,582.50",0,"14,628","11,293.20","17,358.45","16,361.80","26,269.70"
2019-08-27,"66,800","67,400","65,500","66,000","67,760.00","69,370.00","68,140.00","75,375.00","79,508.33",0,"10,585","11,377.60","16,977.65","15,853.48","26,221.57"
2019-08-28,"66,600","73,400","66,600","70,500","67,800.00","69,180.00","68,195.00","75,241.67","79,477.50",0,"43,035","18,388.60","18,520.95","16,282.90","26,455.67"
2019-08-29,"71,500","74,100","70,600","73,000","68,740.00","69,120.00","68,390.00","75,141.67","79,457.50",0,"19,099","20,069.80","18,891.10","16,386.23","26,369.12"
2019-08-30,"74,100","75,400","72,700","73,000","69,660.00","69,440.00","68,665.00","75,021.67","79,420.83",0,"14,874","20,444.20","18,939.75","16,413.58","26,232.73"
2019-09-02,"73,000","74,800","72,900","74,400","71,380.00","69,970.00","69,010.00","74,928.33","79,393.33",0,"14,997","20,518.00","18,871.40","16,435.95","26,138.06"
2019-09-03,"74,400","74,900","72,500","73,000","72,780.00","70,270.00","69,460.00","74,780.00","79,336.67",0,"7,241","19,849.20","17,849.40","16,121.73","25,837.44"
2019-09-04,"72,000","73,100","70,000","70,900","72,860.00","70,330.00","69,870.00","74,545.00","79,242.50",0,"27,458","16,733.80","17,989.75","16,061.05","25,736.82"
2019-09-05,"71,000","71,800","70,600","71,100","72,480.00","70,610.00","70,225.00","74,336.67","79,137.50",0,"9,368","14,787.60","17,696.50","15,810.47","25,301.00"
2019-09-06,"71,300","72,200","70,800","71,000","72,080.00","70,870.00","70,425.00","74,133.33","79,013.33",0,"10,446","13,902.00","17,201.05","15,695.75","25,118.98"
2019-09-09,"70,700","71,400","68,900","69,300","71,060.00","71,220.00","70,505.00","73,901.67","78,866.67",0,"14,576","13,817.80","17,192.20","15,751.12","24,921.67"
2019-09-10,"68,500","69,700","68,500","68,600","70,180.00","71,480.00","70,425.00","73,676.67","78,708.33",0,"13,026","14,974.80","16,596.35","15,667.20","24,853.11"
2019-09-11,"69,700","69,700","68,600","68,700","69,740.00","71,300.00","70,240.00","73,443.33","78,562.50",0,"6,106","10,704.40","15,832.20","15,494.37","24,766.91"
2019-09-16,"69,900","70,200","69,300","69,900","69,500.00","70,990.00","70,055.00","73,228.33","78,435.83",0,"8,364","10,503.60","15,471.55","15,489.43","24,638.20"
2019-09-17,"70,100","71,800","69,300","70,500","69,400.00","70,740.00","70,090.00","73,018.33","78,343.33",70,"13,435","11,101.40","14,487.10","15,444.70","24,088.47"
2019-09-18,"71,900","72,100","70,900","71,300","69,800.00","70,430.00","70,200.00","72,843.33","78,238.33",0,"14,079","11,002.00","14,157.75","15,463.38","23,968.64"
2019-09-19,"71,600","71,600","69,900","70,000","70,080.00","70,130.00","70,200.00","72,661.67","78,114.17",2,"8,336","10,064.00","14,066.40","15,366.23","23,794.64"
2019-09-20,"69,400","70,700","69,200","69,300","70,200.00","69,970.00","70,150.00","72,453.33","77,970.83",0,"8,954","10,633.60","14,115.10","15,176.13","23,496.74"
2019-09-23,"69,300","69,700","68,400","68,800","69,980.00","69,740.00","70,175.00","72,226.67","77,820.00",0,"10,411","11,043.00","14,101.00","15,191.00","23,232.21"
2019-09-24,"68,400","68,500","67,400","67,800","69,440.00","69,420.00","70,145.00","71,991.67","77,645.83",0,"16,103","11,576.60","14,256.05","15,288.98","22,984.28"
2019-09-25,"68,400","68,400","66,000","66,300","68,440.00","69,120.00","70,170.00","71,723.33","77,468.33",0,"15,616","11,884.00","14,305.45","15,374.88","22,915.00"
2019-09-26,"66,400","67,400","66,400","66,700","67,780.00","68,930.00","70,205.00","71,485.00","77,321.67",58,"7,639","11,744.60","14,158.15","15,302.28","22,553.40"
2019-09-27,"66,300","66,500","65,300","65,500","67,020.00","68,610.00","69,955.00","71,246.67","77,148.33",0,"9,226","11,799.00","12,467.70","15,204.27","22,425.70"
2019-09-30,"64,500","66,100","64,300","64,800","66,220.00","68,100.00","69,545.00","71,018.33","76,970.00",0,"11,864","12,089.60","12,105.95","15,136.17","22,392.93"
2019-10-01,"64,800","67,000","64,800","66,500","65,960.00","67,700.00","69,220.00","70,801.67","76,782.50",0,"10,937","11,056.40","11,909.10","15,142.63","22,168.98"
2019-10-02,"66,000","66,000","65,100","65,100","65,720.00","67,080.00","68,755.00","70,566.67","76,586.67",0,"6,982","9,329.60","11,508.35","15,088.80","21,990.27"
2019-10-04,"64,400","65,000","63,000","63,500","65,080.00","66,430.00","68,280.00","70,353.33","76,393.33",0,"18,174","11,436.60","12,055.00","15,087.97","21,876.47"
2019-10-07,"63,500","64,200","62,200","62,700","64,520.00","65,770.00","67,870.00","70,105.00","76,218.33",0,"11,448","11,881.00","11,254.50","14,983.22","20,718.96"
2019-10-08,"62,200","64,500","62,200","63,500","64,260.00","65,240.00","67,490.00","69,863.33","76,032.50",70,"9,145","11,337.20","11,243.35","14,943.38","20,538.27"
2019-10-10,"63,500","64,200","62,000","62,500","63,460.00","64,710.00","67,065.00","69,608.33","75,787.50",0,"17,895","12,728.80","11,615.80","15,074.22","19,819.00"
2019-10-11,"62,300","64,400","62,300","64,300","63,300.00","64,510.00","66,815.00","69,390.00","75,567.50",0,"10,025","13,337.40","11,388.25","15,001.13","19,402.13"
2019-10-14,"65,500","67,100","64,700","66,500","63,900.00","64,490.00","66,710.00","69,216.67","75,364.17",0,"12,482","12,199.00","11,361.05","15,010.28","19,253.62"
2019-10-15,"65,500","66,500","65,500","66,300","64,620.00","64,570.00","66,590.00","69,041.67","75,183.33",0,"7,715","11,452.40","11,441.50","14,817.45","18,775.20"
2019-10-16,"66,400","66,900","66,000","66,100","65,140.00","64,700.00","66,400.00","68,873.33","75,015.00",0,"6,301","10,883.60","11,338.35","14,717.78","18,386.73"
2019-10-17,"66,200","66,200","64,700","66,000","65,840.00","64,650.00","66,175.00","68,711.67","74,845.00",0,"8,018","8,908.20","11,067.50","14,667.12","18,283.43"
2019-10-18,"66,000","66,800","65,300","65,500","66,080.00","64,690.00","65,885.00","68,526.67","74,690.83",0,"8,412","8,585.60","10,784.15","14,695.00","18,046.86"
2019-10-21,"65,500","66,200","64,200","64,800","65,740.00","64,820.00","65,625.00","68,355.00","74,521.67",0,"8,903","7,869.80","10,812.50","14,672.62","17,872.56"
2019-10-22,"64,800","66,100","64,800","66,000","65,680.00","65,150.00","65,460.00","68,200.00","74,382.50",0,"9,517","8,230.20","10,840.65","14,561.08","17,690.20"
2019-10-23,"66,400","66,400","64,100","64,200","65,300.00","65,220.00","65,230.00","68,020.00","74,229.17",39,"10,635","9,097.00","10,851.85","14,544.15","17,567.90"
2019-10-24,"64,100","64,500","63,300","64,300","64,960.00","65,400.00","65,055.00","67,900.00","74,057.50",54,"8,912","9,275.80","10,492.30","14,128.28","17,492.67"
2019-10-25,"64,300","65,000","63,500","63,900","64,640.00","65,360.00","64,935.00","67,793.33","73,900.00",0,"6,907","8,974.80","10,056.85","13,906.92","17,332.73"
2019-10-28,"64,300","64,700","63,700","63,900","64,460.00","65,100.00","64,795.00","67,713.33","73,740.83",0,"6,424","8,479.00","9,996.10","13,710.63","17,300.00"
2019-10-29,"64,400","64,400","63,200","63,200","63,900.00","64,790.00","64,680.00","67,610.00","73,585.83",0,"5,921","7,759.80","9,830.85","13,606.50","17,202.14"
2019-10-30,"64,100","64,100","62,600","62,900","63,640.00","64,470.00","64,585.00","67,506.67","73,410.83",0,"7,071","7,047.00","9,591.20","13,529.42","16,912.96"
2019-10-31,"63,500","63,500","62,800","62,800","63,340.00","64,150.00","64,400.00","67,428.33","73,243.33",0,"3,983","6,061.20","9,243.50","13,364.12","16,805.36"
2019-11-01,"62,600","63,000","62,000","62,800","63,120.00","63,880.00","64,285.00","67,350.00","73,094.17",0,"9,520","6,583.80","9,370.40","13,250.05","16,650.23"
2019-11-04,"62,500","63,800","62,500","63,200","62,980.00","63,720.00","64,270.00","67,336.67","72,958.33",0,"6,869","6,672.80","8,805.15","12,903.18","16,453.28"
2019-11-05,"62,600","63,600","62,600","63,200","62,980.00","63,440.00","64,295.00","67,345.00","72,834.17",0,"4,847","6,458.00","8,475.10","12,573.12","16,262.72"
2019-11-06,"63,200","63,200","62,500","62,700","62,940.00","63,290.00","64,255.00","67,323.33","72,665.83",0,"5,888","6,221.40","8,312.25","12,417.37","15,961.90"
2019-11-07,"62,600","63,400","62,500","62,800","62,940.00","63,140.00","64,270.00","67,253.33","72,473.33",70,"5,300","6,484.80","7,682.50","12,166.45","15,669.55"
2019-11-08,"63,000","66,700","62,900","66,200","63,620.00","63,370.00","64,365.00","67,228.33","72,315.83",0,"24,132","9,407.20","8,387.85","12,322.77","15,598.72"
2019-11-11,"66,500","67,200","65,900","65,900","64,160.00","63,570.00","64,335.00","67,156.67","72,191.67",0,"13,341","10,701.60","8,430.80","12,129.40","15,426.96"
2019-11-12,"65,700","66,100","64,700","65,700","64,660.00","63,820.00","64,305.00","67,045.00","72,021.67",0,"8,055","11,343.20","8,447.80","11,907.17","14,982.10"
2019-11-13,"65,700","66,300","64,600","66,200","65,360.00","64,150.00","64,310.00","66,921.67","71,888.33",20,"10,359","12,237.40","8,650.70","11,820.20","14,745.67"
2019-11-14,"66,000","66,000","64,000","64,100","65,620.00","64,280.00","64,215.00","66,826.67","71,743.33",2,"10,890","13,355.40","8,794.30","11,449.63","14,482.54"
2019-11-15,"63,800","63,800","61,400","61,700","64,720.00","64,170.00","64,025.00","66,703.33","71,587.50",0,"48,669","18,262.80","10,807.15","11,916.35","14,724.08"
2019-11-18,"61,700","62,100","60,200","60,700","63,680.00","63,920.00","63,820.00","66,548.33","71,425.00",0,"28,210","21,236.60","11,772.50","12,217.13","14,758.36"
2019-11-19,"60,600","61,000","59,400","59,600","62,460.00","63,560.00","63,500.00","66,370.00","71,267.50",0,"26,087","24,843.00","12,601.00","12,518.92","14,747.49"
2019-11-20,"59,300","59,800","57,600","57,600","60,740.00","63,050.00","63,170.00","66,191.67","71,080.83",0,"26,680","28,107.20","13,403.25","12,785.37","14,755.74"
2019-11-21,"58,200","59,700","55,700","58,500","59,620.00","62,620.00","62,880.00","66,026.67","70,909.17",8,"39,326","33,794.40","14,923.95","13,224.10","14,908.88"
2019-11-22,"58,600","60,400","58,600","60,100","59,300.00","62,010.00","62,690.00","65,931.67","70,757.50",0,"18,446","27,749.80","15,500.90","13,287.73","14,824.77"
2019-11-25,"60,500","60,500","59,400","59,800","59,120.00","61,400.00","62,485.00","65,828.33","70,601.67",0,"7,608","23,629.40","15,560.10","13,238.12","14,545.80"
2019-11-26,"59,300","60,000","59,300","59,600","59,120.00","60,790.00","62,305.00","65,646.67","70,444.17",0,"7,656","19,943.20","15,646.85","12,648.47","14,465.68"
2019-11-27,"59,900","59,900","58,500","59,200","59,440.00","60,090.00","62,120.00","65,416.67","70,279.17",0,"9,021","16,411.40","15,744.35","12,480.50","14,433.37"
2019-11-28,"58,600","59,700","58,500","58,500","59,440.00","59,530.00","61,905.00","65,175.00","70,098.33",70,"6,281","9,802.40","15,859.25","12,337.28","14,375.43"
2019-11-29,"59,300","59,300","57,700","58,000","59,020.00","59,160.00","61,665.00","64,901.67","69,915.00",0,"8,866","7,886.40","15,826.55","12,235.10","14,335.53"
2019-12-02,"58,000","59,000","57,400","58,000","58,660.00","58,890.00","61,405.00","64,651.67","69,715.83",0,"5,614","7,487.60","15,763.80","12,207.98","14,164.86"
2019-12-03,"58,000","58,200","56,900","57,600","58,260.00","58,690.00","61,125.00","64,430.00","69,487.50",0,"4,705","6,897.40","15,756.70","11,828.77","13,944.91"
2019-12-04,"57,300","57,900","56,000","56,200","57,660.00","58,550.00","60,800.00","64,181.67","69,259.17",0,"10,108","7,114.80","15,967.70","11,841.10","13,825.78"
2019-12-05,"56,900","57,100","55,800","56,200","57,200.00","58,320.00","60,470.00","63,935.00","69,034.17",0,"5,699","6,998.40","15,987.65","11,761.98","13,728.87"
2019-12-06,"56,200","58,000","56,200","57,300","57,060.00","58,040.00","60,025.00","63,735.00","68,818.33",0,"8,610","6,947.20","15,211.55","11,662.55","13,706.83"
2019-12-09,"57,300","59,000","56,900","58,700","57,200.00","57,930.00","59,665.00","63,570.00","68,623.33",0,"8,461","7,516.60","14,967.55","11,586.47","13,626.83"
2019-12-10,"58,100","59,300","58,100","58,800","57,440.00","57,850.00","59,320.00","63,405.00","68,424.17",67,"3,986","7,372.80","14,764.10","11,551.13","13,522.75"
2019-12-11,"58,800","59,100","57,600","57,700","57,740.00","57,700.00","58,895.00","63,201.67","68,215.00",0,"3,645","6,080.20","14,428.40","11,472.48","13,480.96"
2019-12-12,"57,700","58,600","57,600","57,800","58,060.00","57,630.00","58,580.00","62,990.00","68,004.17",70,"4,628","5,866.00","14,115.30","11,325.70","13,385.20"
2019-12-13,"57,900","59,500","57,900","58,200","58,240.00","57,650.00","58,405.00","62,771.67","67,807.50",66,"9,228","5,989.60","12,143.25","11,244.85","13,354.12"
2019-12-16,"58,200","59,200","58,100","58,600","58,220.00","57,710.00","58,300.00","62,581.67","67,621.67",0,"4,293","5,156.00","10,947.40","11,177.47","13,271.85"
2019-12-17,"59,100","59,400","58,700","59,400","58,340.00","57,890.00","58,290.00","62,416.67","67,435.00",0,"7,336","5,826.00","10,009.85","11,150.50","13,163.32"
2019-12-18,"59,500","60,900","59,400","60,100","58,820.00","58,280.00","58,415.00","62,271.67","67,249.17",0,"16,049","8,306.80","9,478.30","11,244.47","13,217.73"
2019-12-19,"60,900","61,000","59,400","59,400","59,140.00","58,600.00","58,460.00","62,131.67","67,061.67",0,"5,008","8,382.80","7,762.40","11,059.55","13,174.27"
2019-12-20,"60,100","61,000","59,100","60,500","59,600.00","58,920.00","58,480.00","62,035.00","66,879.17",30,"13,467","9,230.60","7,513.45","11,023.73","13,199.31"
2019-12-23,"60,500","61,100","59,600","59,900","59,860.00","59,040.00","58,485.00","61,921.67","66,703.33",0,"5,941","9,560.20","7,430.10","10,995.43","13,148.86"
2019-12-24,"59,500","60,000","59,000","59,000","59,780.00","59,060.00","58,455.00","61,813.33","66,530.00",0,"6,461","9,385.20","7,370.35","10,949.35","13,076.81"
2019-12-26,"59,000","60,400","59,000","60,100","59,780.00","59,300.00","58,500.00","61,735.00","66,376.67",0,"8,425","7,860.40","7,340.55","10,892.03","13,014.10"
2019-12-27,"59,600","60,800","59,300","59,900","59,880.00","59,510.00","58,570.00","61,625.00","66,213.33",0,"6,288","8,116.40","7,340.90","10,814.55","12,978.59"
2019-12-30,"60,300","60,300","59,300","59,500","59,680.00","59,640.00","58,645.00","61,531.67","66,049.17",0,"10,929","7,608.80","7,444.05","10,880.33","12,984.57"
2020-01-02,"59,500","63,400","59,100","63,100","60,320.00","60,090.00","58,900.00","61,525.00","65,939.17",18,"32,098","12,840.20","8,768.25","11,112.40","13,100.18"
2020-01-03,"63,600","63,800","62,000","62,200","60,960.00","60,370.00","59,130.00","61,516.67","65,810.83",0,"16,219","14,791.80","9,343.95","11,191.92","13,087.57"
2020-01-06,"61,500","61,700","60,000","60,200","60,980.00","60,380.00","59,330.00","61,461.67","65,662.50",0,"11,674","15,441.60","9,422.25","11,234.07","13,088.73"
2020-01-07,"60,500","61,300","59,300","59,600","60,920.00","60,400.00","59,500.00","61,413.33","65,510.83",0,"8,448","15,873.60","9,559.70","11,076.62","13,075.42"
2020-01-08,"59,600","60,000","57,800","59,600","60,940.00","60,310.00","59,615.00","61,335.00","65,362.50",0,"24,672","18,622.20","10,362.80","11,320.73","13,160.93"
2020-01-09,"59,700","60,900","59,100","59,700","60,260.00","60,290.00","59,665.00","61,221.67","65,219.17",0,"11,949","14,592.40","10,537.20","11,311.85","13,161.07"
2020-01-10,"59,300","63,000","59,300","62,500","60,320.00","60,640.00","59,850.00","61,158.33","65,100.00",0,"46,633","20,675.20","12,669.55","11,960.48","13,388.97"
2020-01-13,"62,700","62,700","60,600","60,600","60,400.00","60,690.00","59,995.00","61,066.67","64,970.00",0,"14,115","21,163.40","13,193.05","12,090.72","13,404.25"
2020-01-14,"60,400","61,500","60,100","60,600","60,600.00","60,760.00","60,135.00","60,976.67","64,844.17",0,"10,902","21,654.20","13,506.75","12,138.78","13,402.95"
2020-01-15,"60,600","61,500","60,600","61,200","60,920.00","60,930.00","60,285.00","60,905.00","64,715.83",30,"6,309","17,981.60","13,360.80","12,103.73","13,399.37"
2020-01-16,"61,200","61,400","60,300","60,600","61,100.00","60,680.00","60,385.00","60,835.00","64,595.00",0,"16,313","18,854.40","13,961.80","12,227.23","13,449.92"
2020-01-17,"61,400","61,400","60,000","60,000","60,600.00","60,460.00","60,415.00","60,735.00","64,467.50",30,"8,506","11,229.00","14,020.30","12,210.38","13,385.73"
2020-01-20,"60,300","61,200","59,900","60,100","60,500.00","60,450.00","60,415.00","60,666.67","64,343.33",0,"15,451","11,496.20","13,990.40","12,290.65","13,417.40"
2020-01-21,"60,100","63,900","60,000","63,800","61,140.00","60,870.00","60,635.00","60,658.33","64,279.17",18,"51,476","19,611.00","16,313.80","13,000.05","13,564.17"
2020-01-22,"63,500","69,900","63,100","69,900","62,880.00","61,900.00","61,105.00","60,758.33","64,275.83",18,"88,875","36,124.20","20,084.20","14,366.18","14,136.55"
2020-01-23,"70,700","71,800","67,600","68,500","64,460.00","62,780.00","61,535.00","60,835.00","64,274.17",0,"38,298","40,521.20","21,702.05","14,897.42","14,304.03"
2020-01-28,"67,000","70,600","65,300","67,000","65,860.00","63,230.00","61,935.00","60,898.33","64,254.17",0,"48,009","48,421.80","23,779.45","15,598.88","14,602.69"
2020-01-29,"67,000","68,300","65,800","67,300","67,300.00","63,900.00","62,295.00","60,971.67","64,239.17",0,"21,346","49,600.80","24,425.50","15,836.80","14,683.11"
2020-01-30,"68,000","68,000","65,300","65,900","67,720.00","64,430.00","62,595.00","61,023.33","64,225.83",0,"16,167","42,539.00","24,919.45","16,039.87","14,701.99"
2020-01-31,"65,600","68,700","63,100","64,200","66,580.00","64,730.00","62,830.00","61,046.67","64,198.33",0,"36,900","32,144.00","26,218.00","16,496.20","14,873.13"
2020-02-03,"66,200","68,400","64,400","65,400","65,960.00","65,210.00","62,945.00","61,083.33","64,210.00",0,"52,357","34,955.80","27,230.95","17,254.33","15,078.76"
2020-02-04,"65,900","67,000","64,100","64,500","65,460.00","65,660.00","63,060.00","61,105.00","64,225.00",0,"34,942","32,342.40","28,167.10","17,755.92","15,164.52"
2020-02-05,"64,700","66,100","64,600","64,600","64,920.00","66,110.00","63,280.00","61,136.67","64,230.00",0,"19,468","31,966.80","28,556.80","17,982.25","15,199.81"
2020-02-06,"64,700","66,000","64,700","65,900","64,920.00","66,320.00","63,595.00","61,188.33","64,220.83",0,"12,443","31,222.00","28,756.55","18,101.30","15,133.88"
2020-02-07,"66,400","66,400","64,300","64,300","64,940.00","65,760.00","63,830.00","61,156.67","64,192.50",0,"17,935","27,429.00","28,419.70","17,998.02","15,160.39"
2020-02-10,"64,500","64,700","62,900","62,900","64,440.00","65,200.00","63,990.00","61,106.67","64,131.67",0,"14,054","19,768.40","28,524.95","18,009.90","15,069.65"
2020-02-11,"63,100","63,600","62,100","62,900","64,120.00","64,790.00","64,010.00","61,060.00","64,052.50",0,"16,041","15,988.20","26,995.35","18,143.00","15,025.08"
2020-02-12,"62,600","63,400","61,500","61,700","63,540.00","64,230.00","64,065.00","60,985.00","63,953.33",0,"26,200","17,334.60","27,599.60","18,407.02","15,113.61"
2020-02-13,"61,800","62,500","60,600","60,800","62,520.00","63,720.00","64,075.00","60,930.00","63,878.33",0,"20,854","19,016.80","28,097.20","18,573.08","15,011.36"
2020-02-14,"61,300","61,300","60,100","60,300","61,720.00","63,330.00","64,030.00","60,906.67","63,805.00",0,"15,145","18,458.80","28,539.00","18,014.35","14,965.35"
2020-02-17,"60,300","60,400","59,000","59,400","61,020.00","62,730.00","63,970.00","60,885.00","63,716.67",0,"20,536","19,755.20","28,750.15","17,886.45","15,051.79"
2020-02-18,"59,600","60,200","58,900","59,200","60,280.00","62,200.00","63,930.00","60,878.33","63,624.17",0,"16,180","19,783.00","29,133.85","17,721.33","15,120.13"
2020-02-19,"59,700","62,200","59,700","62,200","60,380.00","61,960.00","64,035.00","60,955.00","63,573.33",51,"38,301","22,203.20","30,276.35","17,915.02","15,350.19"
2020-02-20,"62,900","63,600","60,900","61,800","60,580.00","61,550.00","63,935.00","61,010.00","63,518.33",0,"34,477","24,927.80","29,426.40","17,834.20","15,529.15"
2020-02-21,"62,900","63,100","61,400","62,200","60,960.00","61,340.00","63,550.00","61,045.00","63,488.33",0,"27,058","27,310.40","26,335.55","17,977.73","15,632.73"
2020-02-24,"64,300","66,900","61,400","61,900","61,460.00","61,240.00","63,220.00","61,080.00","63,454.17",70,"125,674","48,338.00","30,704.35","19,945.50","16,591.81"
2020-02-25,"62,300","63,500","59,700","61,000","61,820.00","61,050.00","62,920.00","61,103.33","63,375.00",0,"34,878","52,077.60","30,047.80","20,399.20","16,523.83"
2020-02-26,"61,000","61,100","59,400","59,900","61,360.00","60,870.00","62,550.00","61,115.00","63,265.83",0,"34,634","51,344.20","30,712.20","20,826.08","16,653.29"
2020-02-27,"59,800","60,300","57,600","57,800","60,560.00","60,570.00","62,145.00","61,103.33","63,139.17",0,"33,659","51,180.60","31,586.80","21,282.38","16,809.83"
2020-02-28,"57,000","57,700","53,100","54,000","58,920.00","59,940.00","61,635.00","61,036.67","62,969.17",0,"66,202","59,009.40","33,051.90","22,237.98","17,236.54"
2020-03-02,"53,500","54,500","52,000","54,000","57,340.00","59,400.00","61,065.00","60,970.00","62,810.83",0,"32,779","40,430.40","32,073.00","22,690.73","17,449.36"
2020-03-03,"54,700","55,400","54,200","54,400","56,020.00","58,920.00","60,560.00","60,916.67","62,673.33",0,"22,757","38,006.20","31,463.75","22,991.60","17,410.18"
2020-03-04,"54,400","55,600","54,000","55,400","55,120.00","58,240.00","60,100.00","60,903.33","62,542.50",0,"18,821","34,843.60","31,431.40","23,136.82","17,488.96"
2020-03-05,"55,700","57,200","55,400","56,700","54,900.00","57,730.00","59,640.00","60,911.67","62,423.33",0,"20,221","32,156.00","31,820.30","23,378.85","17,570.42"
2020-03-06,"55,800","56,400","54,900","56,000","55,300.00","57,110.00","59,225.00","60,890.00","62,312.50",0,"18,968","22,709.20","31,871.95","23,551.48","17,607.02"
2020-03-09,"54,500","56,100","53,600","54,400","55,380.00","56,360.00","58,800.00","60,818.33","62,194.17",0,"26,592","21,471.80","32,498.85","23,853.67","17,720.07"
2020-03-10,"53,900","53,900","51,900","52,400","54,980.00","55,500.00","58,275.00","60,711.67","62,058.33",0,"28,355","22,591.40","33,114.55","24,259.82","17,905.47"
2020-03-11,"53,200","53,200","49,900","50,400","53,980.00","54,550.00","57,710.00","60,590.00","61,895.83",0,"31,938","25,214.80","33,401.45","24,731.37","18,101.92"
2020-03-12,"50,400","50,400","45,900","46,950","52,030.00","53,465.00","57,017.50","60,409.17","61,699.58",0,"46,382","30,447.00","34,677.85","25,427.27","18,376.48"
2020-03-13,"42,300","45,400","40,750","44,000","49,630.00","52,465.00","56,202.50","60,172.50","61,472.08",0,"82,518","43,157.00","38,046.50","26,648.77","18,946.81"
2020-03-16,"44,300","45,800","42,700","42,700","47,290.00","51,335.00","55,367.50","59,907.50","61,244.58",0,"31,589","44,156.40","38,599.15","27,103.70","19,140.58"
2020-03-17,"40,100","46,650","40,100","45,800","45,970.00","50,475.00","54,697.50","59,680.83","61,048.75",60,"44,032","47,291.80","39,991.75","27,715.30","19,432.90"
2020-03-18,"46,050","47,800","44,800","45,000","44,890.00","49,435.00","53,837.50","59,429.17","60,850.42",0,"20,120","44,928.20","39,082.70","27,783.15","19,513.81"
2020-03-19,"45,000","45,500","39,950","40,550","43,610.00","47,820.00","52,775.00","59,115.00","60,623.33",0,"66,689","48,989.60","40,693.30","28,811.17","19,935.36"
2020-03-20,"40,600","45,350","40,600","45,350","43,880.00","46,755.00","51,932.50","58,862.50","60,448.75",0,"24,025","37,291.00","40,541.65","28,987.13","20,005.43"
2020-03-23,"41,500","45,000","41,000","43,850","44,110.00","45,700.00","51,030.00","58,595.00","60,258.33",0,"33,887","37,750.60","35,952.30","29,452.90","20,224.17"
2020-03-24,"44,350","46,700","44,350","46,000","44,150.00","45,060.00","50,280.00","58,378.33","60,095.83",0,"21,787","33,301.60","35,297.75","29,708.33","20,328.84"
2020-03-25,"48,200","48,200","46,500","47,900","44,730.00","44,810.00","49,680.00","58,175.00","59,955.00",0,"33,537","35,985.00","35,242.90","30,126.87","20,509.45"
2020-03-26,"48,800","51,000","47,400","50,900","46,800.00","45,205.00","49,335.00","58,025.00","59,825.00",0,"28,903","28,427.80","35,005.10","30,503.78","20,659.17"
2020-03-27,"51,800","52,900","48,700","50,000","47,730.00","45,805.00","49,135.00","57,866.67","59,699.17",0,"31,357","29,894.20","33,262.85","30,844.25","20,862.29"
2020-03-30,"47,350","50,000","47,350","50,000","48,960.00","46,535.00","48,935.00","57,648.33","59,586.67",0,"16,704","26,457.60","32,459.10","30,587.68","20,850.04"
2020-03-31,"50,900","52,700","50,400","51,900","50,140.00","47,145.00","48,810.00","57,476.67","59,496.67",0,"46,432","31,386.60","33,642.85","31,091.23","21,141.58"
2020-04-01,"51,700","54,600","51,000","52,500","51,060.00","47,895.00","48,665.00","57,348.33","59,405.00",0,"35,594","31,798.00","34,481.50","31,489.90","21,361.98"
2020-04-02,"52,400","53,300","50,500","52,700","51,420.00","49,110.00","48,465.00","57,233.33","59,323.33",12,"18,136","29,644.60","34,377.25","31,651.37","21,363.99"
2020-04-03,"52,900","53,000","51,000","51,000","51,620.00","49,675.00","48,215.00","57,090.00","59,212.50",0,"16,682","26,709.60","34,262.95","31,518.20","21,419.47"
2020-04-06,"51,400","53,000","51,400","53,000","52,220.00","50,590.00","48,145.00","56,978.33","59,100.00",30,"18,453","27,059.40","33,856.00","31,626.60","21,469.22"
2020-04-07,"54,300","54,300","52,000","53,500","52,540.00","51,340.00","48,200.00","56,828.33","58,993.33",0,"24,899","22,752.80","33,683.20","31,264.37","21,612.42"
2020-04-08,"53,800","56,300","53,300","54,800","53,000.00","52,030.00","48,420.00","56,731.67","58,899.17",0,"42,450","24,124.00","34,208.80","31,736.62","21,913.67"
2020-04-09,"55,700","56,100","54,200","55,100","53,480.00","52,450.00","48,827.50","56,640.00","58,808.33",0,"14,213","23,339.40","32,600.35","31,791.80","21,965.29"
2020-04-10,"55,600","55,600","51,000","55,500","54,380.00","53,000.00","49,402.50","56,545.00","58,725.00",20,"12,674","22,537.80","29,108.15","31,897.88","22,000.81"
2020-04-13,"55,500","55,900","54,100","54,800","54,740.00","53,480.00","50,007.50","56,448.33","58,641.67",0,"15,689","21,985.00","28,313.15","31,887.48","22,057.36"
2020-04-14,"54,500","56,100","54,000","55,300","55,100.00","53,820.00","50,482.50","56,370.00","58,552.50",0,"28,730","22,751.20","27,548.05","32,224.55","22,217.47"
2020-04-16,"54,200","56,900","53,000","56,400","55,420.00","54,210.00","51,052.50","56,308.33","58,487.50",0,"24,458","19,152.80","27,764.95","32,374.67","22,332.66"
2020-04-17,"56,000","57,200","55,200","55,900","55,580.00","54,530.00","51,820.00","56,176.67","58,417.50",37,"22,553","20,820.80","25,558.15","31,892.62","22,446.33"
2020-04-20,"56,000","56,500","54,600","55,000","55,480.00","54,930.00","52,302.50","55,928.33","58,343.33",38,"19,224","22,130.80","25,318.10","30,731.77","22,548.97"
2020-04-21,"54,300","55,000","52,600","54,700","55,460.00","55,100.00","52,845.00","55,698.33","58,266.67",0,"16,166","22,226.20","24,432.05","30,362.90","22,630.16"
2020-04-22,"54,000","54,700","52,100","54,700","55,340.00","55,220.00","53,280.00","55,493.33","58,195.83",0,"14,805","19,441.20","24,082.95","29,809.50","22,704.19"
2020-04-23,"55,000","56,800","54,000","56,700","55,400.00","55,410.00","53,720.00","55,316.67","58,144.17",0,"28,038","20,157.20","23,808.00","29,921.03","22,878.92"
2020-04-24,"57,100","59,000","55,900","56,900","55,600.00","55,590.00","54,020.00","55,166.67","58,095.00",33,"24,670","20,580.60","23,596.35","30,062.75","23,051.31"
2020-04-27,"56,900","58,900","56,900","58,000","56,200.00","55,840.00","54,420.00","55,063.33","58,055.00",0,"15,809","19,897.60","22,818.95","29,711.23","23,103.72"
2020-04-28,"58,100","59,900","57,600","58,300","56,920.00","56,190.00","54,835.00","54,945.00","58,014.17",0,"13,775","19,419.40","22,672.50","29,068.20","23,161.27"
2020-04-29,"58,900","62,100","58,300","61,000","58,180.00","56,760.00","55,290.00","54,886.67","57,995.83",0,"77,637","31,985.80","24,232.75","29,779.78","23,767.85"
2020-05-04,"61,000","62,700","59,900","61,900","59,220.00","57,310.00","55,760.00","54,841.67","57,989.17",0,"29,772","32,332.60","23,941.65","29,951.52","23,966.88"
2020-05-06,"62,100","63,100","61,500","62,300","60,300.00","57,950.00","56,240.00","54,781.67","57,985.00",0,"17,327","30,864.00","23,901.20","30,032.92","24,067.11"
2020-05-07,"62,200","63,000","61,100","62,700","61,240.00","58,720.00","56,825.00","54,755.00","57,955.83",0,"19,257","31,553.60","24,029.95","30,054.95","24,026.48"
2020-05-08,"63,200","63,400","62,300","63,200","62,220.00","59,570.00","57,335.00","54,760.00","57,933.33",0,"13,723","31,543.20","23,793.45","30,049.43","24,029.67"
2020-05-11,"63,500","63,600","62,100","63,000","62,620.00","60,400.00","57,810.00","54,761.67","57,910.83",0,"14,143","18,844.40","23,255.65","30,017.80","24,080.40"
2020-05-12,"63,000","63,000","60,000","62,300","62,700.00","60,960.00","58,185.00","54,771.67","57,878.33",20,"29,811","18,852.20","22,623.70","30,077.98","24,242.50"
2020-05-13,"61,300","62,200","60,500","61,500","62,540.00","61,420.00","58,505.00","54,783.33","57,856.67",0,"12,561","17,899.00","22,541.10","29,939.77","24,256.42"
2020-05-14,"60,600","62,200","60,600","61,900","62,380.00","61,810.00","58,825.00","54,810.00","57,858.33",30,"13,267","16,701.00","22,570.75","29,908.47","23,961.41"
2020-05-15,"61,600","64,500","61,600","64,000","62,540.00","62,380.00","59,285.00","54,886.67","57,885.83",0,"31,797","20,315.80","23,376.15","30,096.15","23,991.30"
2020-05-18,"61,900","62,400","59,200","59,400","61,820.00","62,220.00","59,490.00","54,890.00","57,884.17",0,"56,481","28,783.40","24,763.70","30,767.83","24,244.58"
2020-05-19,"60,100","60,100","57,400","57,900","60,940.00","61,820.00","59,565.00","54,818.33","57,886.67",0,"29,202","28,661.60","25,000.90","30,616.18","24,265.60"
2020-05-20,"57,900","58,800","57,400","58,200","60,280.00","61,410.00","59,680.00","54,758.33","57,884.17",70,"15,220","29,193.40","24,634.25","30,295.23","24,064.72"
2020-05-21,"58,900","58,900","57,400","57,700","59,440.00","60,910.00","59,815.00","54,683.33","57,864.17",70,"15,666","29,673.20","24,456.35","30,105.37","24,041.55"
2020-05-22,"57,700","59,900","55,400","57,800","58,200.00","60,370.00","59,970.00","54,615.00","57,847.50",0,"32,933","29,900.40","25,294.70","28,559.68","24,252.59"
2020-05-25,"59,000","59,000","57,500","57,600","57,840.00","59,830.00","60,115.00","54,558.33","57,830.83",0,"32,190","25,042.20","26,163.95","28,514.88","24,457.04"
2020-05-26,"57,600","58,400","57,100","57,900","57,840.00","59,390.00","60,175.00","54,525.00","57,820.00",0,"21,336","23,469.00","25,828.85","28,293.25","24,559.67"
2020-05-27,"58,000","58,900","57,900","58,300","57,860.00","59,070.00","60,245.00","54,533.33","57,818.33",0,"12,807","22,986.40","25,235.70","27,945.72","24,614.05"
2020-05-28,"59,300","59,500","57,100","58,200","57,960.00","58,700.00","60,255.00","54,603.33","57,820.00",0,"18,722","23,597.60","25,381.35","27,154.38","24,696.18"
2020-05-29,"58,200","58,200","56,700","57,900","57,980.00","58,090.00","60,235.00","54,668.33","57,819.17",0,"11,828","19,376.60","25,284.00","26,805.20","24,747.97"
2020-06-01,"58,500","59,200","58,400","58,900","58,240.00","58,040.00","60,130.00","54,743.33","57,830.00",0,"27,020","18,342.60","22,753.15","26,876.25","24,933.92"
2020-06-02,"58,600","59,800","58,600","59,300","58,520.00","58,180.00","60,000.00","54,808.33","57,855.83",0,"23,626","18,800.60","22,445.85","26,956.33","25,046.58"
2020-06-03,"60,300","60,600","58,600","59,300","58,720.00","58,290.00","59,850.00","54,851.67","57,881.67",70,"34,108","23,060.80","23,284.90","27,187.78","25,283.32"
2020-06-04,"59,300","59,600","57,900","58,600","58,800.00","58,380.00","59,645.00","54,895.00","57,892.50",0,"28,092","24,934.80","23,726.65","27,339.85","25,445.67"
2020-06-05,"58,600","59,000","58,300","58,800","58,980.00","58,480.00","59,425.00","54,968.33","57,893.33",0,"11,396","24,848.40","23,610.30","27,086.58","25,470.13"
2020-06-08,"58,800","59,600","57,900","58,800","58,960.00","58,600.00","59,215.00","55,075.00","57,893.33",0,"36,833","26,811.00","24,744.80","27,227.88","25,743.85"
2020-06-09,"58,800","59,000","58,000","58,200","58,740.00","58,630.00","59,010.00","55,205.00","57,897.50",0,"14,982","25,082.20","24,003.35","26,945.28","25,838.33"
2020-06-10,"58,200","58,700","57,800","58,000","58,480.00","58,600.00","58,835.00","55,389.17","57,899.17",0,"12,714","20,803.40","24,011.00","26,384.15","25,905.71"
2020-06-11,"58,000","58,300","56,800","56,900","58,140.00","58,470.00","58,585.00","55,604.17","57,888.33",0,"17,593","18,703.60","24,227.30","25,302.07","25,975.42"
2020-06-12,"54,100","55,800","53,800","55,500","57,480.00","58,230.00","58,160.00","55,817.50","57,862.50",0,"20,483","20,521.00","23,661.60","25,116.97","26,110.33"
2020-06-15,"55,500","57,800","53,800","54,100","56,540.00","57,750.00","57,895.00","55,955.83","57,818.33",70,"29,591","19,072.60","22,317.10","24,876.28","26,295.79"
2020-06-16,"54,700","56,400","54,700","55,300","55,960.00","57,350.00","57,765.00","56,127.50","57,778.33",0,"17,232","19,522.60","21,718.60","24,828.15","26,305.65"
2020-06-17,"55,300","56,300","54,900","55,600","55,480.00","56,980.00","57,635.00","56,378.33","57,746.67",0,"10,080","18,995.80","21,461.60","23,884.67","26,347.92"
2020-06-18,"55,600","56,900","55,500","56,400","55,380.00","56,760.00","57,570.00","56,562.50","57,712.50",68,"9,056","17,288.40","21,131.10","23,635.18","26,311.16"
2020-06-19,"56,500","57,500","55,600","56,500","55,580.00","56,530.00","57,505.00","56,773.33","57,684.17",0,"6,749","14,541.60","19,821.90","23,182.88","26,317.89"
2020-06-22,"56,600","57,400","55,800","56,900","56,140.00","56,340.00","57,470.00","56,955.00","57,666.67",0,"13,600","11,343.40","18,892.40","23,046.43","26,377.38"
2020-06-23,"56,900","57,300","56,000","56,200","56,320.00","56,140.00","57,385.00","57,093.33","57,634.17",0,"6,175","9,132.00","18,134.35","22,590.40","26,358.63"
2020-06-24,"55,700","56,400","55,300","55,500","56,300.00","55,890.00","57,245.00","57,170.00","57,597.50",0,"16,227","10,361.40","18,305.35","22,379.13","26,441.46"
2020-06-25,"55,000","55,600","54,200","54,500","55,920.00","55,650.00","57,060.00","57,245.00","57,555.83",0,"9,941","10,538.40","17,866.30","22,022.20","26,433.22"
2020-06-26,"54,500","55,000","54,100","54,500","55,520.00","55,550.00","56,890.00","57,320.00","57,484.17",0,"8,955","10,979.60","17,722.65","21,893.05","26,240.37"
2020-06-29,"54,500","54,700","53,200","53,500","54,840.00","55,490.00","56,620.00","57,346.67","57,411.67",0,"4,915","9,242.60","16,617.40","21,201.10","26,146.17"
2020-06-30,"53,500","54,500","53,100","53,800","54,360.00","55,340.00","56,345.00","57,368.33","57,358.33",0,"7,482","9,504.00","15,810.20","20,732.57","26,111.23"
2020-07-01,"54,100","54,100","53,200","53,700","54,000.00","55,150.00","56,065.00","57,385.00","57,309.17",0,"7,972","7,853.00","14,503.40","20,563.17","26,107.27"
2020-07-02,"53,700","54,200","53,000","53,500","53,800.00","54,860.00","55,810.00","57,426.67","57,258.33",0,"7,700","7,404.80","13,483.80","20,413.47","25,965.83"
2020-07-03,"54,000","54,100","52,700","53,000","53,500.00","54,510.00","55,520.00","57,426.67","57,202.50",0,"14,301","8,474.00","13,629.05","20,344.27","25,985.43"
2020-07-06,"53,000","53,200","52,300","52,600","53,320.00","54,080.00","55,210.00","57,411.67","57,120.00",0,"19,389","11,368.80","12,756.85","20,252.43","25,758.40"
2020-07-07,"52,600","53,000","51,800","52,100","52,980.00","53,670.00","54,905.00","57,366.67","57,049.17",0,"15,309","12,934.20","12,773.20","19,800.08","25,768.35"
2020-07-08,"52,300","52,300","51,000","51,100","52,460.00","53,230.00","54,560.00","57,300.00","56,970.00",2,"21,631","15,666.00","13,219.05","19,923.72","25,857.76"
2020-07-09,"51,400","52,700","51,100","51,400","52,040.00","52,920.00","54,285.00","57,231.67","56,888.33",57,"30,665","20,259.00","13,872.65","20,223.57","26,060.72"
2020-07-10,"51,600","52,300","50,900","52,200","51,880.00","52,690.00","54,120.00","57,188.33","56,818.33",0,"25,492","22,497.20","14,123.10","20,386.95","26,137.22"
2020-07-13,"52,200","53,300","51,800","52,600","51,880.00","52,600.00","54,045.00","57,143.33","56,756.67",0,"18,361","22,291.60","13,561.60","20,214.13","26,219.34"
2020-07-14,"52,100","53,400","52,000","53,400","52,140.00","52,560.00","53,950.00","57,093.33","56,700.83",0,"20,013","23,232.40","13,700.65","20,140.05","26,257.36"
2020-07-15,"58,200","58,300","55,400","56,000","53,120.00","52,790.00","53,970.00","57,095.00","56,635.83",0,"51,794","29,265.00","15,786.35","20,627.40","26,260.01"
2020-07-16,"56,500","56,500","54,700","54,800","53,800.00","52,920.00","53,890.00","57,091.67","56,510.00",0,"14,924","26,116.80","16,079.75","20,555.73","25,643.75"
2020-07-17,"54,900","56,900","54,400","56,800","54,720.00","53,300.00","53,905.00","57,126.67","56,412.50",0,"19,627","24,943.80","16,723.65","20,613.42","25,488.16"
2020-07-20,"57,400","57,400","55,400","56,100","55,420.00","53,650.00","53,865.00","57,150.00","56,321.67",0,"20,805","25,432.60","17,083.90","20,713.42","25,261.46"
2020-07-21,"56,200","56,400","54,900","55,000","55,740.00","53,940.00","53,805.00","57,121.67","56,219.17",0,"19,014","25,232.80","17,725.85","20,563.02","25,242.03"
2020-07-22,"55,000","55,800","54,800","55,600","55,660.00","54,390.00","53,810.00","57,100.00","56,133.33",0,"12,301","17,334.20","17,529.55","20,356.87","25,209.81"
2020-07-23,"55,400","56,000","54,900","55,700","55,840.00","54,820.00","53,870.00","57,061.67","56,062.50",0,"11,029","16,555.20","17,583.95","20,277.20","24,994.22"
2020-07-24,"55,100","56,700","54,900","55,700","55,620.00","55,170.00","53,930.00","57,018.33","55,981.67",0,"11,675","14,964.80","17,719.95","20,242.20","24,655.20"
2020-07-27,"55,700","57,000","55,700","56,400","55,680.00","55,550.00","54,075.00","56,941.67","55,914.17",0,"17,465","14,296.80","18,347.45","19,239.33","24,509.56"
2020-07-28,"56,700","56,800","56,100","56,600","56,000.00","55,870.00","54,215.00","56,853.33","55,847.50",0,"9,489","12,391.80","18,447.80","18,901.28","24,426.40"
2020-07-29,"56,900","56,900","56,000","56,300","56,140.00","55,900.00","54,345.00","56,753.33","55,767.50",0,"10,388","12,009.20","18,568.60","18,785.63","24,409.28"
2020-07-30,"56,400","56,500","55,800","56,000","56,200.00","56,020.00","54,470.00","56,641.67","55,698.33",0,"15,114","12,826.20","18,939.30","18,716.58","24,385.77"
2020-07-31,"56,200","56,300","55,400","55,500","56,160.00","55,890.00","54,595.00","56,513.33","55,636.67",42,"11,758","12,842.80","18,812.15","18,683.83","24,366.63"
2020-08-03,"55,700","56,000","55,400","55,500","55,980.00","55,830.00","54,740.00","56,388.33","55,575.00",0,"14,719","12,293.60","18,578.65","18,693.43","24,355.62"
2020-08-04,"55,500","57,600","55,300","57,400","56,140.00","56,070.00","55,005.00","56,306.67","55,539.17",18,"33,735","17,142.80","19,499.95","18,758.83","24,418.41"
2020-08-05,"57,800","57,900","56,300","57,200","56,320.00","56,230.00","55,310.00","56,235.00","55,509.17",0,"21,044","19,274.00","19,470.60","18,900.22","24,419.99"
2020-08-06,"57,300","57,400","56,800","57,200","56,560.00","56,380.00","55,600.00","56,156.67","55,483.33",0,"15,833","19,417.80","18,729.00","18,942.98","24,425.72"
2020-08-07,"57,600","57,600","56,800","57,300","56,920.00","56,540.00","55,855.00","56,045.00","55,465.83",0,"13,445","19,755.20","18,126.65","18,637.12","24,366.63"
2020-08-10,"57,500","58,300","57,100","58,000","57,420.00","56,700.00","56,125.00","56,021.67","55,455.83",0,"28,385","22,488.40","18,627.85","18,168.85","24,468.34"
2020-08-11,"58,100","58,100","57,400","57,800","57,500.00","56,820.00","56,345.00","56,020.00","55,419.17",0,"18,973","19,536.00","18,575.85","17,998.37","24,307.28"
2020-08-12,"57,800","58,700","56,900","58,400","57,740.00","57,030.00","56,465.00","56,023.33","55,390.83",0,"27,064","20,740.00","17,339.35","18,195.77","24,245.50"
2020-08-13,"58,800","60,300","58,200","59,800","58,260.00","57,410.00","56,715.00","56,058.33","55,370.83",0,"41,706","25,914.60","18,678.45","18,629.77","24,367.57"
2020-08-14,"60,200","60,300","56,800","56,800","58,160.00","57,540.00","56,715.00","56,041.67","55,328.33",39,"40,394","31,304.40","19,716.80","18,754.12","23,656.90"
2020-08-18,"56,500","56,600","53,200","53,600","57,280.00","57,350.00","56,590.00","55,975.00","55,266.67",40,"60,207","37,668.80","21,686.90","19,221.07","23,867.97"
2020-08-19,"53,600","54,900","53,600","54,100","56,540.00","57,020.00","56,545.00","55,911.67","55,218.33",0,"22,186","38,311.40","21,845.50","19,235.23","23,764.24"
2020-08-20,"53,600","54,100","51,300","51,900","55,240.00","56,490.00","56,360.00","55,805.00","55,169.17",0,"36,118","40,122.20","23,036.35","19,623.75","23,784.73"
2020-08-21,"52,400","53,600","52,300","53,500","53,980.00","56,120.00","56,250.00","55,726.67","55,165.00",0,"22,877","36,356.40","23,628.75","19,693.00","23,423.69"
2020-08-24,"53,500","54,600","53,200","54,000","53,420.00","55,790.00","56,165.00","55,661.67","55,165.00",0,"13,764","31,030.40","23,733.20","19,725.27","23,265.23"
2020-08-25,"54,000","54,600","53,900","54,100","53,520.00","55,400.00","56,050.00","55,581.67","55,162.50",68,"15,574","22,103.80","23,638.65","19,534.50","23,205.38"
2020-08-26,"54,000","54,100","53,200","53,600","53,420.00","54,980.00","55,900.00","55,486.67","55,147.50",0,"16,520","20,970.60","23,990.20","19,416.07","23,186.20"
2020-08-27,"54,100","54,100","52,500","52,800","53,600.00","54,420.00","55,725.00","55,378.33","55,115.00",0,"17,531","17,253.20","24,347.35","19,139.78","23,163.78"
2020-08-28,"53,400","55,100","53,400","54,800","53,860.00","53,920.00","55,665.00","55,315.00","55,105.00",0,"31,183","18,914.40","25,150.80","19,191.30","23,265.58"
2020-08-31,"55,400","55,500","52,900","53,200","53,700.00","53,560.00","55,550.00","55,221.67","55,095.00",0,"36,503","23,462.20","26,388.05","19,609.75","23,348.17"
2020-09-01,"53,500","54,400","53,300","53,900","53,660.00","53,590.00","55,470.00","55,140.00","55,107.50",0,"19,062","24,159.80","26,605.20","19,313.57","23,270.72"
2020-09-02,"54,000","55,000","53,500","54,400","53,820.00","53,620.00","55,320.00","55,076.67","55,140.83",0,"19,411","24,738.00","25,889.00","19,387.38","23,166.33"
2020-09-03,"54,800","54,800","54,000","54,300","54,120.00","53,860.00","55,175.00","55,015.00","55,202.08",0,"17,758","24,783.40","25,724.70","19,471.45","22,927.80"
2020-09-04,"53,000","54,200","52,600","54,000","53,960.00","53,910.00","55,015.00","54,966.67","55,285.42",0,"25,163","23,579.40","26,191.20","19,597.62","22,449.84"
2020-09-07,"54,400","54,400","53,800","54,300","54,180.00","53,940.00","54,865.00","54,946.67","55,382.08",0,"26,994","21,677.60","26,868.65","19,706.13","22,411.55"
2020-09-08,"54,100","54,500","54,000","54,300","54,260.00","53,960.00","54,680.00","54,950.00","55,452.92",0,"19,629","21,791.00","26,430.85","19,540.10","22,208.19"
2020-09-09,"54,200","54,200","53,500","54,000","54,180.00","54,000.00","54,490.00","54,928.33","55,527.92",0,"14,372","20,783.20","26,200.80","19,492.43","22,160.29"
2020-09-10,"54,000","54,300","53,800","54,000","54,120.00","54,120.00","54,270.00","54,901.67","55,640.00",0,"11,898","19,611.20","25,442.50","19,522.73","21,703.70"
2020-09-11,"54,000","54,200","53,600","54,100","54,140.00","54,050.00","53,985.00","54,863.33","55,712.92",0,"14,961","17,570.80","24,105.25","19,621.15","21,628.17"
2020-09-14,"54,200","55,700","54,000","55,500","54,380.00","54,280.00","53,920.00","54,846.67","55,810.00",0,"21,902","16,552.40","23,180.65","19,873.70","21,528.29"
2020-09-15,"55,800","56,000","55,400","55,800","54,680.00","54,470.00","54,030.00","54,828.33","55,891.67",0,"16,857","15,998.00","21,013.15","19,927.98","21,487.21"
2020-09-16,"56,000","56,100","55,000","55,400","54,960.00","54,570.00","54,095.00","54,815.00","55,954.17",25,"21,261","17,375.80","20,966.90","20,179.42","21,384.91"
2020-09-17,"55,400","55,800","54,700","54,900","55,140.00","54,630.00","54,245.00","54,805.00","55,987.50",0,"19,883","18,972.80","20,155.15","20,240.35","21,309.74"
2020-09-18,"54,900","55,400","54,600","55,400","55,400.00","54,770.00","54,340.00","54,820.00","56,032.50",0,"5,362","17,053.00","19,279.40","20,164.03","21,093.12"
2020-09-21,"55,000","55,100","53,500","53,700","55,040.00","54,710.00","54,325.00","54,806.67","56,063.33",0,"16,036","15,879.80","19,393.00","20,282.05","21,087.55"
2020-09-22,"53,700","53,800","52,000","52,000","54,280.00","54,480.00","54,220.00","54,781.67","56,064.17",2,"18,595","16,227.40","19,544.05","20,510.05","20,855.58"
2020-09-23,"52,100","52,800","51,900","52,700","53,740.00","54,350.00","54,175.00","54,763.33","56,065.83",58,"6,100","13,195.20","19,023.05","20,487.02","20,609.79"
2020-09-24,"51,700","52,500","51,400","51,500","53,060.00","54,100.00","54,110.00","54,726.67","56,055.83",0,"7,328","10,684.20","18,512.90","20,476.28","20,519.72"
2020-09-25,"52,000","52,400","51,600","51,600","52,300.00","53,850.00","53,950.00","54,695.00","56,060.83",0,"3,013","10,214.40","17,104.40","20,398.17","20,405.82"
2020-09-28,"51,900","52,600","51,700","52,400","52,040.00","53,540.00","53,910.00","54,685.00","56,055.83",0,"3,408","7,688.80","15,449.65","20,216.62","20,280.44"
2020-09-29,"52,800","52,800","52,200","52,400","52,120.00","53,200.00","53,835.00","54,681.67","56,046.67",0,"2,906","4,551.00","14,641.85","19,941.90","20,097.17"
2020-10-05,"52,000","52,700","51,700","52,200","52,020.00","52,880.00","53,725.00","54,683.33","56,025.00",0,"17,750","6,881.00","14,558.80","19,982.58","19,891.33"
2020-10-06,"52,200","52,500","51,900","52,100","52,140.00","52,600.00","53,615.00","54,700.00","56,000.00",0,"6,223","6,660.00","13,982.05","19,725.78","19,824.75"
2020-10-07,"52,000","52,300","51,800","51,900","52,200.00","52,250.00","53,510.00","54,708.33","55,970.00",0,"4,170","6,891.40","12,932.40","19,284.20","19,753.88"
2020-10-08,"52,100","52,200","51,700","52,000","52,120.00","52,080.00","53,395.00","54,705.00","55,946.67",0,"8,744","7,958.60","12,019.90","19,005.07","19,696.01"
2020-10-12,"52,200","53,500","52,200","53,000","52,240.00","52,180.00","53,330.00","54,711.67","55,927.50",0,"25,955","12,568.40","12,336.20","19,131.63","19,672.88"
2020-10-13,"53,500","53,500","52,900","53,100","52,420.00","52,220.00","53,285.00","54,706.67","55,900.00",0,"10,100","11,038.40","12,122.60","18,966.42","19,553.23"
2020-10-14,"53,000","53,300","52,200","52,300","52,460.00","52,300.00","53,200.00","54,645.00","55,870.00",0,"7,768","11,347.40","11,916.10","18,232.65","19,430.03"
2020-10-15,"54,000","55,400","52,400","53,100","52,700.00","52,450.00","53,150.00","54,616.67","55,854.17",0,"58,788","22,271.00","14,107.45","18,963.72","19,759.72"
2020-10-16,"53,400","54,300","53,000","53,800","53,060.00","52,590.00","53,065.00","54,566.67","55,846.67",58,"14,450","23,412.20","13,734.85","18,877.43","19,745.42"
2020-10-19,"54,500","55,400","54,100","54,800","53,420.00","52,830.00","53,015.00","54,545.00","55,847.50",59,"25,566","23,334.40","14,170.30","18,956.78","19,835.10"
2020-10-20,"54,600","55,200","53,300","53,800","53,560.00","52,990.00","52,935.00","54,525.00","55,823.33",0,"8,591","23,032.60","13,536.80","18,783.07","19,673.04"
2020-10-21,"53,700","57,500","53,700","54,700","54,040.00","53,250.00","52,925.00","54,510.00","55,805.00",29,"13,118","24,102.60","13,198.55","18,796.68","19,576.78"
2020-10-22,"54,700","54,700","53,600","53,800","54,180.00","53,440.00","52,845.00","54,478.33","55,770.00",0,"7,366","13,818.20","13,298.75","18,735.63","19,506.42"
2020-10-23,"53,900","54,200","52,900","53,100","54,040.00","53,550.00","52,815.00","54,435.00","55,726.67",0,"7,444","12,417.00","12,869.15","18,665.12","19,453.66"
2020-10-26,"54,100","54,100","53,000","53,000","53,680.00","53,550.00","52,865.00","54,378.33","55,660.00",0,"11,493","9,602.40","12,514.05","18,565.58","18,902.46"
2020-10-27,"52,500","52,900","52,200","52,600","53,440.00","53,500.00","52,860.00","54,311.67","55,582.50",0,"8,717","9,627.60","12,644.90","18,552.72","18,727.00"
2020-10-28,"52,100","52,900","52,100","52,100","52,920.00","53,480.00","52,890.00","54,241.67","55,497.50",0,"5,608","8,125.60","12,558.90","18,473.05","18,629.34"
2020-10-29,"51,900","52,000","51,300","51,700","52,500.00","53,340.00","52,895.00","54,170.00","55,405.83",0,"9,972","8,646.80","12,906.85","18,387.35","18,551.97"
2020-10-30,"51,800","52,300","50,800","51,000","52,080.00","53,060.00","52,825.00","54,095.00","55,304.17",0,"7,928","8,743.60","13,132.85","18,323.52","18,503.67"
2020-11-02,"50,900","51,600","50,200","51,300","51,740.00","52,710.00","52,770.00","54,025.00","55,206.67",0,"14,444","9,333.80","13,709.75","18,318.93","18,506.18"
2020-11-03,"51,300","52,000","51,000","51,500","51,520.00","52,480.00","52,735.00","53,926.67","55,116.67",0,"4,558","8,502.00","13,050.15","17,832.65","18,295.74"
2020-11-04,"51,700","52,000","51,000","51,500","51,400.00","52,160.00","52,705.00","53,831.67","55,033.33",70,"13,848","10,150.00","13,431.40","17,712.72","18,306.47"
2020-11-05,"51,500","52,100","51,200","51,700","51,400.00","51,950.00","52,695.00","53,740.00","54,948.33",0,"11,514","10,458.40","13,798.60","17,640.73","18,291.86"
2020-11-06,"51,800","51,900","51,300","51,400","51,480.00","51,780.00","52,665.00","53,641.67","54,843.33",0,"8,501","10,573.00","13,786.45","17,558.33","18,097.72"
2020-11-09,"51,400","52,800","51,400","52,700","51,760.00","51,750.00","52,650.00","53,553.33","54,787.50",18,"18,429","11,370.00","13,410.15","17,392.40","17,780.63"
2020-11-10,"52,800","53,300","52,400","53,200","52,100.00","51,810.00","52,655.00","53,476.67","54,748.33",0,"13,036","13,065.60","13,556.95","17,293.45","17,645.91"
2020-11-11,"53,100","54,400","52,400","53,700","52,540.00","51,970.00","52,725.00","53,398.33","54,710.83",0,"18,457","13,987.40","14,091.40","17,150.00","17,672.88"
2020-11-12,"53,700","55,800","53,700","54,900","53,180.00","52,290.00","52,815.00","53,316.67","54,687.50",0,"25,533","16,791.20","12,428.65","16,880.45","17,755.11"
2020-11-13,"54,900","57,200","54,800","57,100","54,320.00","52,900.00","52,980.00","53,321.67","54,681.67",18,"47,395","24,570.00","14,075.90","16,997.13","17,875.63"
2020-11-16,"57,600","57,800","55,700","56,800","55,140.00","53,450.00","53,080.00","53,375.00","54,675.00",0,"30,297","26,943.60","14,312.45","16,498.63","17,859.85"
2020-11-17,"56,000","56,000","53,500","54,400","55,380.00","53,740.00","53,110.00","53,380.00","54,645.83",0,"42,151","32,766.60","15,990.45","16,831.38","18,033.31"
2020-11-18,"54,400","55,700","54,400","55,600","55,760.00","54,150.00","53,155.00","53,441.67","54,623.33",0,"25,251","34,125.40","16,597.10","16,650.27","18,137.01"
2020-11-19,"55,700","57,500","54,900","57,300","56,240.00","54,710.00","53,330.00","53,505.00","54,615.83",0,"30,978","35,214.40","17,777.70","16,785.28","18,239.14"
2020-11-20,"56,900","57,900","56,900","57,000","56,220.00","55,270.00","53,525.00","53,555.00","54,608.33",0,"17,369","29,209.20","18,273.95","16,845.37","18,285.32"
2020-11-23,"56,500","57,600","56,300","56,400","56,140.00","55,640.00","53,695.00","53,593.33","54,587.50",0,"17,747","26,699.20","18,586.65","16,881.58","18,208.04"
2020-11-24,"56,600","57,100","56,000","56,300","56,520.00","55,950.00","53,880.00","53,638.33","54,562.50",0,"15,318","21,332.60","18,916.70","16,861.55","18,138.81"
2020-11-25,"56,500","56,700","54,200","55,800","56,560.00","56,160.00","54,065.00","53,688.33","54,533.33",20,"14,880","19,258.40","19,380.30","16,817.37","17,978.58"
2020-11-26,"55,400","57,900","55,400","56,700","56,440.00","56,340.00","54,315.00","53,720.00","54,517.50",0,"30,280","19,118.80","20,395.70","16,802.32","17,996.81"
2020-11-27,"57,500","59,400","56,900","59,400","56,920.00","56,570.00","54,735.00","53,823.33","54,522.50",0,"94,919","34,628.80","24,745.25","17,775.92","18,692.83"
2020-11-30,"60,500","67,500","60,500","65,000","58,640.00","57,390.00","55,420.00","54,008.33","54,574.17",0,"275,359","86,151.20","37,791.00","22,047.53","20,680.55"
