2018-07-02,"33,063","33,588","32,013","32,061", , , , , ,0,"107,371", , , , 
2018-07-03,"31,679","32,729","31,679","32,061", , , , , ,0,"100,482", , , , 
2018-07-04,"31,679","33,015","31,679","32,777", , , , , ,0,"46,730", , , , 
2018-07-05,"32,681","33,206","32,157","32,491", , , , , ,0,"42,696", , , , 
2018-07-06,"32,491","33,731","31,250","33,492","32,576.40", , , , ,0,"92,972","78,050.20", , , 
2018-07-09,"34,399","34,876","33,683","33,731","32,910.40", , , , ,0,"87,323","74,040.60", , , 
2018-07-10,"33,826","34,113","33,636","33,731","33,244.40", , , , ,0,"40,249","61,994.00", , , 
2018-07-11,"33,492","33,540","32,777","33,158","33,320.60", , , , ,0,"47,270","62,102.00", , , 
2018-07-12,"32,920","33,588","32,920","33,158","33,454.00", , , , ,0,"48,994","63,361.60", , , 
2018-07-13,"33,158","33,922","33,111","33,588","33,473.20","33,024.80", , , ,0,"34,716","51,710.40", , , 
2018-07-16,"33,349","33,874","33,349","33,731","33,473.20","33,191.80", , , ,0,"27,721","39,790.00", , , 
2018-07-17,"33,492","34,208","33,492","34,065","33,540.00","33,392.20", , , ,0,"46,603","41,060.80", , , 
2018-07-18,"33,826","34,160","33,349","33,492","33,606.80","33,463.70", , , ,0,"52,365","42,079.80", , , 
2018-07-19,"33,683","34,065","32,729","32,920","33,559.20","33,506.60", , , ,0,"59,965","44,274.00", , , 
2018-07-20,"32,634","33,731","32,634","33,254","33,492.40","33,482.80", , , ,0,"37,983","44,927.40", , , 
2018-07-23,"33,158","33,731","32,824","32,872","33,320.60","33,396.90", , , ,0,"58,142","51,011.60", , , 
2018-07-24,"33,015","33,636","32,729","32,824","33,072.40","33,306.20", , , ,0,"43,446","50,380.20", , , 
2018-07-25,"32,634","33,063","32,252","32,300","32,834.00","33,220.40", , , ,0,"63,939","52,695.00", , , 
2018-07-26,"32,347","33,111","32,347","32,777","32,805.40","33,182.30", , , ,0,"34,760","47,654.00", , , 
2018-07-27,"33,111","33,111","32,681","32,681","32,690.80","33,091.60","33,058.20", , ,0,"44,066","48,870.60","55,889.65", , 
2018-07-30,"32,157","33,349","32,109","33,302","32,776.80","33,048.70","33,120.25", , ,60,"50,943","47,430.80","53,068.25", , 
2018-07-31,"33,063","34,542","33,063","34,256","33,063.20","33,067.80","33,230.00", , ,61,"64,913","51,724.20","51,289.80", , 
2018-08-01,"34,065","35,210","34,065","34,542","33,511.60","33,172.80","33,318.25", , ,0,"53,890","49,714.40","51,647.80", , 
2018-08-02,"34,447","34,685","33,826","33,826","33,721.40","33,263.40","33,385.00", , ,0,"36,125","49,987.40","51,319.25", , 
2018-08-03,"33,826","34,256","33,826","34,113","34,007.80","33,349.30","33,416.05", , ,0,"16,032","44,380.60","47,472.25", , 
2018-08-06,"33,970","34,733","33,970","34,160","34,179.40","33,478.10","33,437.50", , ,0,"21,646","38,521.20","44,188.40", , 
2018-08-07,"33,874","35,162","33,731","34,685","34,265.20","33,664.20","33,485.20", , ,0,"59,566","37,451.80","45,154.25", , 
2018-08-08,"34,447","35,210","34,303","34,447","34,246.20","33,878.90","33,549.65", , ,0,"57,407","38,155.20","45,661.10", , 
2018-08-09,"34,256","34,924","34,256","34,876","34,456.20","34,088.80","33,635.55", , ,0,"47,503","40,430.80","45,586.55", , 
2018-08-10,"35,115","35,115","34,542","34,781","34,589.80","34,298.80","33,695.20", , ,0,"43,342","45,892.80","46,017.85", , 
2018-08-13,"34,781","34,876","33,445","33,492","34,456.20","34,317.80","33,683.25", , ,2,"49,876","51,538.80","47,125.60", , 
2018-08-14,"33,636","34,399","33,588","34,160","34,351.20","34,308.20","33,688.00", , ,58,"48,047","49,235.00","47,197.80", , 
2018-08-16,"34,160","34,256","33,492","33,683","34,198.40","34,222.30","33,697.55", , ,0,"55,384","48,830.40","47,348.75", , 
2018-08-17,"33,922","36,069","33,779","35,878","34,398.80","34,427.50","33,845.45", , ,18,"161,367","71,603.20","52,418.85", , 
2018-08-20,"37,023","37,118","36,355","36,975","34,837.60","34,713.70","34,031.50", , ,0,"121,305","87,195.80","56,584.95", , 
2018-08-21,"37,214","37,739","36,832","37,262","35,591.60","35,023.90","34,251.00", , ,0,"99,287","97,078.00","58,642.20", , 
2018-08-22,"37,643","37,739","37,023","37,643","36,288.20","35,319.70","34,491.95", , ,30,"94,052","106,279.00","61,172.50", , 
2018-08-23,"37,643","39,838","37,595","39,695","37,490.60","35,844.50","34,861.70", , ,18,"270,657","149,333.60","71,508.40", , 
2018-08-24,"40,458","42,844","38,025","41,031","38,521.20","36,460.00","35,274.40", , ,0,"1,346,733","386,406.80","137,107.05", , 
2018-08-27,"42,939","47,710","42,939","43,130","39,752.20","37,294.90","35,796.85", , ,29,"2,179,757","798,097.20","243,891.60", , 
2018-08-28,"43,607","44,895","42,319","43,225","40,944.80","38,268.20","36,293.00", , ,0,"598,541","897,948.00","271,271.50", , 
2018-08-29,"43,225","44,323","42,844","44,132","42,242.60","39,265.40","36,786.80", , ,0,"300,048","939,147.20","283,028.25", , 
2018-08-30,"44,323","44,657","43,082","43,702","43,044.00","40,267.30","37,244.80", , ,0,"250,104","935,036.60","292,838.95", , 
2018-08-31,"43,559","45,372","43,416","43,941","43,626.00","41,073.60","37,750.55", , ,0,"262,724","718,234.80","304,168.90", , 
2018-09-03,"43,893","44,370","43,368","43,702","43,740.40","41,746.30","38,230.00", , ,0,"147,073","311,698.00","310,720.95", , 
2018-09-04,"43,655","44,179","43,130","43,464","43,788.20","42,366.50","38,695.20", , ,0,"155,629","223,115.60","317,420.10", , 
2018-09-05,"43,464","45,229","43,178","43,368","43,635.40","42,939.00","39,129.35", , ,23,"293,301","221,766.20","329,106.85", , 
2018-09-06,"43,321","43,798","41,794","41,937","43,282.40","43,163.20","39,503.85", , ,23,"267,706","225,286.60","339,621.80", , 
2018-09-07,"42,271","43,273","41,985","43,082","43,110.60","43,368.30","39,914.15", , ,0,"204,650","213,671.80","347,479.15", , 
2018-09-10,"43,750","43,750","42,653","42,653","42,900.80","43,320.60","40,307.75", , ,0,"82,479","200,753.00","349,436.00", , 
2018-09-11,"42,653","43,368","42,414","43,130","42,834.00","43,311.10","40,789.65", , ,0,"87,219","187,071.00","351,303.15", , 
2018-09-12,"43,321","44,752","43,178","43,845","42,929.40","43,282.40","41,273.90", , ,0,"267,861","181,983.00","362,293.85", , 
2018-09-13,"44,847","44,991","43,368","43,512","43,244.40","43,263.40","41,765.35", , ,0,"252,414","178,924.60","372,145.35", , 
2018-09-14,"43,321","43,893","42,796","43,559","43,339.80","43,225.20","42,149.40", , ,0,"142,788","166,552.20","371,216.40", , 
2018-09-17,"43,464","43,464","42,462","42,510","43,311.20","43,106.00","42,426.15", , ,0,"115,188","173,094.00","370,910.55", , 
2018-09-18,"42,080","43,130","42,080","43,082","43,301.60","43,067.80","42,717.15", , ,0,"100,493","175,748.80","370,970.85", , 
2018-09-19,"43,082","43,082","41,699","42,080","42,948.60","42,939.00","42,939.00", , ,0,"128,498","147,876.20","372,693.15", , 
2018-09-20,"42,033","43,321","41,937","42,414","42,729.00","42,986.70","43,074.95", , ,66,"162,773","129,948.00","367,298.95", , 
2018-09-21,"42,653","42,987","42,176","42,939","42,605.00","42,972.40","43,170.35", , ,0,"82,749","117,940.20","304,099.75", , 
2018-09-27,"43,321","44,084","42,939","43,464","42,795.80","43,053.50","43,187.05","37,347.37", ,0,"118,707","118,644.00","201,047.25","166,942.83", 
2018-09-28,"43,607","43,702","42,939","42,987","42,776.80","43,039.20","43,175.15","37,529.47", ,0,"83,011","115,147.60","175,270.75","166,536.83", 
2018-10-01,"43,034","43,273","41,078","41,269","42,614.60","42,781.60","43,032.00","37,682.93", ,0,"156,920","120,832.00","168,114.35","167,477.47", 
2018-10-02,"41,221","41,746","40,267","40,697","42,271.20","42,500.10","42,881.75","37,814.93", ,0,"116,699","111,617.20","161,444.10","168,643.62", 
2018-10-04,"40,601","41,651","40,410","41,174","41,918.20","42,261.60","42,743.40","37,959.65", ,0,"82,365","111,540.40","152,426.15","169,304.77", 
2018-10-05,"40,935","41,221","39,695","39,790","41,183.40","41,989.60","42,547.80","38,064.62", ,0,"91,351","106,069.20","149,640.05","169,277.75", 
2018-10-08,"39,504","40,554","39,456","39,504","40,486.80","41,631.80","42,349.80","38,160.83", ,0,"49,311","99,329.20","144,324.15","168,644.22", 
2018-10-10,"39,599","40,220","39,170","39,408","40,114.60","41,364.60","42,151.80","38,255.45", ,0,"73,385","82,622.20","133,328.35","169,196.48", 
2018-10-11,"38,073","38,788","36,737","36,737","39,322.60","40,796.90","41,891.80","38,315.10", ,0,"175,830","94,448.40","128,734.55","171,339.15", 
2018-10-12,"36,164","37,691","36,164","37,548","38,597.40","40,257.80","41,615.10","38,388.27", ,0,"97,657","97,506.80","123,384.90","172,150.20", 
2018-10-15,"37,595","39,265","36,594","36,641","37,967.60","39,575.50","41,314.50","38,439.15", ,0,"167,450","112,726.60","127,633.45","174,362.43", 
2018-10-16,"36,832","37,548","36,784","37,262","37,519.20","39,003.00","41,021.10","38,498.00", ,0,"49,971","112,858.60","125,771.05","174,733.27", 
2018-10-17,"37,739","38,120","37,500","37,691","37,175.80","38,645.20","40,713.40","38,558.43", ,0,"63,689","110,919.40","115,562.45","175,018.03", 
2018-10-18,"37,834","38,120","37,357","37,595","37,347.40","38,335.00","40,417.55","38,626.82", ,0,"37,074","83,168.20","104,795.45","174,763.18", 
2018-10-19,"37,071","37,929","36,594","37,834","37,404.60","38,001.00","40,131.30","38,708.72", ,0,"63,314","76,299.60","100,821.75","174,819.00", 
2018-10-22,"37,739","37,882","37,071","37,357","37,547.80","37,757.70","39,873.65","38,777.10", ,0,"48,915","52,592.60","97,508.10","175,001.20", 
2018-10-23,"37,071","37,405","35,592","35,639","37,223.20","37,371.20","39,501.50","38,823.22", ,0,"79,167","58,431.80","96,441.80","175,351.62", 
2018-10-24,"35,687","36,641","35,305","35,783","36,841.60","37,008.70","39,186.65","38,872.53", ,58,"93,309","64,355.80","94,682.35","176,182.67", 
2018-10-25,"34,685","35,544","33,588","34,876","36,297.80","36,822.60","38,809.75","38,915.47", ,0,"102,912","77,523.40","91,689.30","176,832.22", 
2018-10-26,"35,019","35,115","32,872","33,206","35,372.20","36,388.40","38,323.10","38,922.62", ,0,"114,132","87,687.00","93,258.45","178,155.08", 
2018-10-29,"33,397","34,351","31,107","31,202","34,141.20","35,844.50","37,710.00","38,897.97", ,0,"157,768","109,457.60","95,211.50","180,050.12", 
2018-10-30,"30,010","32,204","30,010","32,061","33,425.60","35,324.40","37,163.70","38,877.28", ,55,"173,790","128,382.20","99,750.45","182,097.57", 
2018-10-31,"32,204","32,204","31,202","31,632","32,595.40","34,718.50","36,681.85","38,833.55", ,0,"82,809","126,282.20","96,044.90","182,395.83", 
2018-11-01,"31,679","32,681","31,536","31,632","31,946.60","34,122.20","36,228.60","38,785.05", ,0,"109,871","127,674.00","95,703.50","183,328.85", 
2018-11-02,"31,870","33,779","31,870","33,588","32,023.00","33,697.60","35,849.30","38,781.08", ,0,"108,997","126,647.00","97,035.10","184,543.38", 
2018-11-05,"33,731","34,065","32,824","33,731","32,528.80","33,335.00","35,546.35","38,774.72", ,0,"94,207","113,934.80","97,177.90","185,846.30", 
2018-11-06,"34,065","34,733","33,302","34,113","32,939.20","33,182.40","35,276.80","38,773.93", ,0,"83,357","95,848.20","98,880.20","186,874.82", 
2018-11-07,"34,113","35,735","33,492","33,636","33,340.00","32,967.70","34,988.20","38,756.45", ,66,"131,142","105,514.80","101,768.05","188,067.75", 
2018-11-08,"34,781","34,781","34,160","34,590","33,931.60","32,939.10","34,880.85","38,758.83", ,0,"74,655","98,471.60","96,709.30","188,355.22", 
2018-11-09,"34,399","34,637","33,206","33,445","33,903.00","32,963.00","34,675.70","38,734.98", ,0,"82,490","93,170.20","95,950.95","188,938.33", 
2018-11-12,"33,111","33,826","32,824","32,920","33,740.80","33,134.80","34,489.65","38,703.97", ,0,"64,482","87,225.20","90,802.55","189,290.67", 
2018-11-13,"32,013","33,588","32,013","33,349","33,588.00","33,263.60","34,294.00","38,701.58", ,60,"50,123","80,578.40","90,810.15","189,294.78", 
2018-11-14,"33,349","34,542","32,824","34,017","33,664.20","33,502.10","34,110.30","38,699.20", ,61,"70,181","68,386.20","91,134.75","189,663.68", 
2018-11-15,"34,494","35,496","33,970","34,590","33,664.20","33,797.90","33,960.05","38,714.32", ,0,"104,240","74,303.20","94,493.05","190,477.95", 
2018-11-16,"34,447","35,449","34,399","35,019","33,979.00","33,941.00","33,819.30","38,700.00", ,0,"88,779","75,561.00","95,766.30","189,268.15", 
2018-11-19,"35,496","35,783","34,733","35,735","34,542.00","34,141.40","33,738.20","38,679.33", ,0,"75,010","77,666.60","97,071.05","188,496.57", 
2018-11-20,"35,305","36,737","35,210","36,164","35,105.00","34,346.50","33,764.45","38,661.03", ,0,"116,064","90,854.80","98,915.90","188,776.18", 
2018-11-21,"35,639","36,212","34,828","36,164","35,534.40","34,599.30","33,783.50","38,636.38", ,0,"72,649","91,348.40","97,882.90","188,419.47", 
2018-11-22,"36,546","36,546","35,353","35,783","35,773.00","34,718.60","33,828.85","38,571.18", ,0,"55,997","81,699.80","95,537.15","184,841.80", 
2018-11-23,"35,926","35,926","35,019","35,115","35,792.20","34,885.60","33,924.30","38,472.58", ,0,"50,533","74,050.60","92,357.20","163,238.47", 
2018-11-26,"35,115","37,023","35,115","37,023","36,049.80","35,295.90","34,215.35","38,370.80", ,18,"85,561","76,160.80","88,746.85","128,335.20", 
2018-11-27,"36,832","36,928","36,069","36,403","36,097.60","35,601.30","34,432.45","38,257.10", ,37,"50,754","63,098.80","82,595.05","119,205.42", 
2018-11-28,"36,880","36,880","36,164","36,355","36,135.80","35,835.10","34,668.60","38,127.48", ,38,"51,293","58,827.60","81,019.25","115,059.50", 
2018-11-29,"36,928","37,595","36,450","36,498","36,278.80","36,025.90","34,911.90","38,007.42", ,0,"79,605","63,549.20","79,505.95","112,217.85", 
2018-11-30,"36,355","37,071","36,260","36,260","36,507.80","36,150.00","35,045.50","37,879.40", ,0,"64,234","66,289.40","77,267.80","108,909.68", 
2018-12-03,"36,975","37,262","36,403","36,928","36,488.80","36,269.30","35,205.35","37,766.50", ,0,"38,164","56,810.00","74,465.65","107,094.53", 
2018-12-04,"36,784","37,405","36,641","36,784","36,565.00","36,331.30","35,338.90","37,655.17", ,0,"48,632","56,385.60","72,729.40","105,311.25", 
2018-12-05,"36,212","37,023","35,926","36,641","36,622.20","36,379.00","35,489.15","37,543.05", ,0,"54,882","57,103.40","68,916.40","101,337.60", 
2018-12-06,"36,832","37,691","36,450","37,118","36,746.20","36,512.50","35,615.55","37,462.73", ,0,"100,349","61,252.20","70,201.10","98,548.32", 
2018-12-07,"37,357","37,691","36,784","37,071","36,908.40","36,708.10","35,796.85","37,362.55", ,30,"59,648","60,335.00","69,059.00","96,131.62", 
2018-12-10,"36,355","38,216","36,260","37,452","37,013.20","36,751.00","36,023.45","37,275.87", ,0,"61,405","64,983.20","68,905.15","95,780.38", 
2018-12-11,"37,643","38,025","36,975","37,262","37,108.80","36,836.90","36,219.10","37,178.07", ,0,"65,897","68,436.20","69,693.85","95,425.02", 
2018-12-12,"37,929","39,122","37,357","39,027","37,586.00","37,104.10","36,469.60","37,097.77", ,0,"95,528","76,565.40","70,961.20","92,552.80", 
2018-12-13,"39,027","39,408","37,882","39,027","37,967.80","37,357.00","36,691.45","37,023.02", ,0,"107,826","78,060.80","71,140.50","90,143.00", 
2018-12-14,"39,027","39,122","38,359","38,645","38,282.60","37,595.50","36,872.75","36,941.12", ,0,"58,067","77,744.60","69,604.90","88,730.98", 
2018-12-17,"38,884","40,124","38,216","39,838","38,759.80","37,886.50","37,077.90","36,896.58", ,0,"119,559","89,375.40","71,832.35","88,803.83", 
2018-12-18,"39,027","41,269","38,216","38,931","39,093.60","38,101.20","37,216.25","36,827.40", ,0,"229,536","122,103.20","77,505.95","90,954.55", 
2018-12-19,"38,931","39,933","38,073","39,552","39,198.60","38,392.30","37,385.65","36,785.27", ,0,"94,499","121,897.40","78,598.45","90,387.90", 
2018-12-20,"38,931","39,981","38,263","38,645","39,122.20","38,545.00","37,528.75","36,722.45", ,0,"59,471","112,226.40","78,772.15","88,666.20", 
2018-12-21,"39,218","39,599","38,741","38,741","39,141.40","38,712.00","37,710.05","36,652.48", ,0,"69,410","114,495.00","79,716.00","88,443.88", 
2018-12-24,"38,741","39,122","38,263","38,263","38,826.40","38,793.10","37,772.05","36,565.80","36,956.58",0,"51,107","100,804.60","77,993.30","87,317.22","127,130.02"
2018-12-26,"37,262","38,359","37,166","37,500","38,540.20","38,816.90","37,826.90","36,474.35","37,001.91",0,"117,644","78,426.20","81,337.80","87,894.43","127,215.63"
2018-12-27,"38,085","40,274","38,085","39,398","38,509.40","38,854.00","37,979.05","36,443.17","37,063.05",0,"112,625","82,051.40","84,404.40","87,156.18","127,316.83"
2018-12-28,"39,058","40,031","39,058","39,642","38,708.80","38,915.50","38,136.25","36,425.58","37,120.26",0,"64,330","83,023.20","83,640.65","86,283.37","127,463.49"
2019-01-02,"39,642","40,225","39,447","39,885","38,937.60","39,039.50","38,317.50","36,404.10","37,181.88",12,"46,705","78,482.20","82,764.20","85,689.03","127,496.90"
2019-01-03,"39,642","39,982","37,988","38,231","38,931.20","38,878.80","38,382.65","36,378.12","37,221.37",0,"68,586","81,978.00","84,285.30","85,309.62","127,293.68"
2019-01-04,"37,793","40,566","37,599","40,420","39,515.20","39,027.70","38,564.45","36,393.38","37,277.11",60,"101,968","78,842.80","86,952.10","86,187.23","127,415.73"
2019-01-07,"41,052","41,052","39,885","39,885","39,612.60","39,061.00","38,726.65","36,401.33","37,328.39",0,"60,670","68,451.80","87,241.50","85,975.32","127,585.90"
2019-01-08,"40,274","40,274","39,252","39,350","39,554.20","39,131.50","38,838.25","36,444.88","37,379.99",0,"39,717","63,529.20","84,209.90","83,706.77","127,522.96"
2019-01-09,"39,836","40,712","39,788","40,274","39,632.00","39,284.80","38,998.40","36,490.32","37,439.29",0,"63,206","66,829.40","84,387.80","83,132.58","127,641.39"
2019-01-10,"39,982","40,274","39,301","39,398","39,865.40","39,398.30","39,095.70","36,536.27","37,487.71",0,"67,631","66,638.40","84,699.10","81,468.93","127,915.68"
2019-01-11,"39,885","40,566","39,593","40,371","39,855.60","39,685.40","39,251.15","36,588.08","37,543.04",0,"58,098","57,864.40","84,309.15","81,604.38","128,168.83"
2019-01-14,"39,933","40,760","39,836","39,885","39,855.60","39,734.10","39,294.05","36,624.65","37,591.54",0,"48,612","55,452.80","81,963.35","81,353.10","128,185.57"
2019-01-15,"40,760","41,441","40,225","40,420","40,069.60","39,811.90","39,363.70","36,671.73","37,649.28",0,"75,532","62,615.80","80,348.65","81,994.07","128,378.63"
2019-01-16,"40,858","40,955","39,933","40,225","40,059.80","39,845.90","39,442.70","36,711.58","37,710.15",0,"75,956","65,165.80","81,243.10","82,204.77","128,511.88"
2019-01-17,"40,177","41,198","39,690","40,079","40,196.00","40,030.70","39,454.75","36,756.95","37,767.03",0,"65,529","64,745.40","78,541.60","82,481.67","128,741.43"
2019-01-18,"40,760","40,809","40,274","40,371","40,196.00","40,025.80","39,526.75","36,835.82","37,829.52",0,"37,596","60,645.00","68,944.60","81,788.82","128,570.22"
2019-01-21,"41,636","41,636","39,398","39,496","40,118.20","39,986.90","39,523.95","36,897.70","37,885.12",2,"105,314","71,985.40","69,485.35","81,988.90","129,085.78"
2019-01-22,"39,544","40,031","38,717","39,739","39,982.00","40,025.80","39,578.65","36,978.75","37,947.11",58,"52,379","67,354.80","69,130.75","81,146.68","128,989.45"
2019-01-23,"39,788","40,031","39,350","39,788","39,894.60","39,977.20","39,631.00","37,088.45","38,005.53",30,"41,751","60,513.80","67,747.80","79,940.33","129,047.71"
2019-01-24,"39,398","39,642","38,961","39,350","39,748.80","39,972.40","39,685.35","37,224.25","38,061.11",0,"40,572","55,522.40","67,221.05","77,987.07","129,018.59"
2019-01-25,"39,107","39,642","39,107","39,252","39,525.00","39,860.50","39,772.95","37,344.10","38,110.69",0,"56,875","59,378.20","64,182.60","76,038.48","129,068.02"
2019-01-28,"39,301","39,496","38,863","39,107","39,447.20","39,782.70","39,758.40","37,468.68","38,151.12",0,"65,628","51,441.00","61,832.75","75,752.13","129,073.98"
2019-01-29,"38,961","39,301","38,572","38,717","39,242.80","39,612.40","39,712.15","37,586.77","38,185.91",0,"51,803","51,325.80","61,206.40","74,784.33","129,056.59"
2019-01-30,"38,912","39,155","38,620","38,961","39,077.40","39,486.00","39,665.95","37,676.32","38,228.70",8,"46,574","52,290.40","61,199.85","73,743.95","129,143.67"
2019-01-31,"39,009","39,447","38,863","39,301","39,067.60","39,408.20","39,719.45","37,769.15","38,271.93",0,"58,872","55,950.40","60,714.15","73,155.03","129,500.67"
2019-02-01,"39,301","39,496","39,058","39,107","39,038.60","39,281.80","39,653.80","37,852.38","38,313.16",0,"32,221","51,019.60","57,226.80","72,302.77","129,588.79"
2019-02-07,"39,107","39,204","38,085","38,669","38,951.00","39,199.10","39,593.00","37,936.27","38,346.36",0,"77,865","53,467.00","58,086.55","71,414.82","129,741.28"
2019-02-08,"38,669","40,371","38,669","40,128","39,233.20","39,238.00","39,631.90","38,028.57","38,393.70",0,"126,124","68,331.20","62,406.90","72,272.63","130,313.93"
2019-02-11,"40,517","40,858","40,323","40,809","39,602.80","39,340.10","39,658.65","38,151.30","38,443.14",0,"66,271","72,270.60","62,560.15","72,002.32","130,470.33"
2019-02-12,"41,247","41,247","39,739","40,274","39,797.40","39,432.50","39,702.45","38,273.87","38,488.92",39,"52,038","70,903.80","61,780.50","71,794.92","130,542.79"
2019-02-13,"40,614","40,614","39,642","40,517","40,079.40","39,559.00","39,709.75","38,393.33","38,547.46",20,"44,081","73,275.80","61,079.65","71,694.22","130,494.50"
2019-02-14,"40,517","40,858","39,885","40,858","40,517.20","39,734.10","39,758.40","38,507.35","38,603.28",0,"70,714","71,845.60","62,184.75","71,703.10","130,683.39"
2019-02-15,"40,468","40,712","40,079","40,566","40,604.80","39,919.00","39,765.70","38,606.95","38,660.63",0,"32,992","53,219.20","60,057.75","70,515.63","130,496.79"
2019-02-18,"40,566","40,955","40,420","40,614","40,565.80","40,084.30","39,785.15","38,700.20","38,700.10",0,"36,341","47,233.20","58,077.00","69,641.67","129,454.91"
2019-02-19,"40,614","40,809","40,225","40,663","40,643.60","40,220.50","39,814.35","38,782.33","38,730.83",0,"46,812","46,188.00","57,141.15","69,171.70","128,834.13"
2019-02-20,"40,663","40,858","40,420","40,712","40,682.60","40,381.00","39,831.40","38,858.13","38,759.58",0,"49,297","47,231.20","57,726.20","68,058.92","128,417.55"
2019-02-21,"41,198","43,484","41,004","41,101","40,731.20","40,624.20","39,911.65","38,940.42","38,788.40",29,"383,724","109,833.20","71,646.70","73,243.50","130,831.48"
2019-02-22,"40,906","41,344","40,031","40,323","40,682.60","40,643.70","39,940.85","39,016.08","38,793.63",0,"63,921","116,019.00","72,223.80","73,375.57","129,108.68"
2019-02-25,"40,225","40,712","40,031","40,323","40,624.40","40,595.10","39,967.60","39,102.88","38,787.73",0,"46,517","118,054.20","72,462.10","73,308.63","118,273.55"
2019-02-26,"40,323","41,344","40,323","40,663","40,624.40","40,634.00","40,033.25","39,163.55","38,767.18",29,"51,054","118,902.60","72,986.20","72,733.52","100,534.36"
2019-02-27,"40,760","41,052","40,371","40,906","40,663.20","40,672.90","40,115.95","39,238.60","38,747.85",0,"42,015","117,446.20","72,243.20","72,587.87","95,896.64"
2019-02-28,"40,566","41,976","40,566","40,760","40,595.00","40,663.10","40,198.60","39,312.02","38,719.75",29,"168,042","74,309.80","77,363.90","74,533.68","94,796.59"
2019-03-04,"41,393","42,122","41,247","41,782","40,886.80","40,784.70","40,351.85","39,400.08","38,703.75",0,"100,845","81,694.60","79,816.00","74,887.68","93,552.77"
2019-03-05,"42,365","42,657","41,393","41,879","41,198.00","40,911.20","40,497.75","39,493.73","38,686.57",0,"67,037","85,798.60","80,839.15","74,934.40","91,922.04"
2019-03-06,"42,220","42,220","41,198","41,344","41,334.20","40,979.30","40,599.90","39,567.33","38,666.92",0,"43,941","84,376.00","80,092.60","75,030.68","91,062.61"
2019-03-07,"41,636","41,976","40,663","41,101","41,373.20","41,018.20","40,699.60","39,639.28","38,647.22",42,"53,337","86,640.40","81,148.40","75,109.10","90,210.18"
2019-03-08,"41,004","42,220","40,566","41,587","41,538.60","41,066.80","40,845.50","39,721.72","38,632.38",0,"100,527","73,137.40","82,281.50","75,869.85","88,603.73"
2019-03-11,"41,441","41,684","40,566","41,101","41,402.40","41,144.60","40,894.15","39,788.10","38,625.42",0,"37,627","60,493.80","77,856.65","74,824.48","86,686.40"
2019-03-12,"41,101","41,539","40,906","41,149","41,256.40","41,227.20","40,911.15","39,856.07","38,609.31",0,"50,806","57,247.60","77,083.40","74,677.12","85,404.37"
2019-03-13,"41,393","42,317","41,344","41,976","41,382.80","41,358.50","40,996.25","39,931.47","38,603.67",0,"94,811","67,421.60","79,222.05","75,233.88","85,507.13"
2019-03-14,"42,074","42,220","41,490","41,928","41,548.20","41,460.70","41,066.80","40,009.23","38,593.65",0,"72,348","71,223.80","80,635.40","75,341.40","85,383.21"
2019-03-15,"41,976","42,220","41,101","41,247","41,480.20","41,509.40","41,086.25","40,046.23","38,572.00",30,"56,438","62,406.00","79,921.60","74,689.90","83,621.35"
2019-03-18,"41,393","42,025","41,295","41,879","41,635.80","41,519.10","41,151.90","40,093.77","38,558.39",0,"44,516","63,783.80","80,497.80","73,634.73","81,888.87"
2019-03-19,"42,122","42,220","40,809","40,809","41,567.80","41,412.10","41,161.65","40,129.83","38,535.47",39,"77,222","69,067.00","82,541.85","73,953.98","81,342.48"
2019-03-20,"40,712","41,344","40,128","40,420","41,256.60","41,319.70","41,149.50","40,139.53","38,518.06",40,"54,263","60,957.40","82,914.40","72,865.72","80,834.77"
2019-03-21,"40,371","41,004","39,155","39,155","40,702.00","41,125.10","41,071.65","40,143.27","38,485.33",0,"102,758","67,039.40","85,587.45","70,752.75","80,853.65"
2019-03-22,"39,301","39,690","38,815","39,204","40,293.40","40,886.80","40,976.80","40,137.47","38,461.37",69,"62,259","68,203.60","69,514.20","70,215.42","80,301.66"
2019-03-25,"38,815","39,204","37,501","37,501","39,417.80","40,526.80","40,835.70","40,118.40","38,420.43",0,"109,716","81,243.60","71,803.95","71,052.83","79,859.52"
2019-03-26,"37,696","38,572","37,696","37,745","38,805.00","40,186.40","40,706.80","40,101.80","38,377.14",58,"55,586","76,916.40","72,257.40","70,822.43","79,633.16"
2019-03-27,"38,231","38,426","37,453","37,939","38,308.80","39,782.70","40,570.60","40,096.40","38,331.10",0,"58,287","77,721.20","72,619.05","70,942.10","79,129.66"
2019-03-28,"37,939","38,134","36,723","37,015","37,880.80","39,291.40","40,376.05","40,088.32","38,281.33",0,"78,982","72,966.00","74,467.40","70,297.73","79,096.08"
2019-03-29,"37,307","37,745","37,161","37,210","37,482.00","38,887.70","40,198.55","40,051.85","38,247.51",0,"40,467","68,607.60","68,088.65","69,095.10","78,125.64"
2019-04-01,"37,210","37,404","36,966","37,258","37,433.40","38,425.60","39,972.35","40,012.12","38,218.85",0,"42,852","55,234.80","65,189.00","68,737.13","77,510.25"
2019-04-02,"37,501","37,696","36,869","36,966","37,277.60","38,041.30","39,726.70","39,963.47","38,183.78",0,"52,257","54,569.00","64,450.00","68,829.67","77,259.35"
2019-04-03,"36,626","37,356","36,529","37,258","37,141.40","37,725.10","39,522.40","39,947.25","38,162.68",0,"50,374","52,986.40","64,771.65","68,526.13","76,917.88"
2019-04-04,"37,550","37,550","37,015","37,161","37,170.60","37,525.70","39,325.40","39,892.93","38,143.16",0,"37,940","44,778.00","64,001.80","67,459.00","76,823.12"
2019-04-05,"37,161","37,258","36,772","36,966","37,121.80","37,301.90","39,094.35","39,844.28","38,122.81",0,"37,981","44,280.80","60,874.50","67,080.85","76,528.08"
2019-04-08,"37,015","37,501","36,966","37,064","37,083.00","37,258.20","38,892.50","39,806.18","38,125.53",0,"40,646","43,839.60","61,025.45","67,096.33","75,401.55"
2019-04-09,"36,966","37,258","36,820","36,966","37,083.00","37,180.30","38,683.35","39,751.05","38,120.68",0,"27,645","38,917.20","59,867.40","66,503.65","74,818.12"
2019-04-10,"36,966","37,356","36,869","37,356","37,102.60","37,122.00","38,452.35","39,717.02","38,126.64",0,"34,566","35,755.60","56,855.15","65,952.57","73,710.75"
2019-04-11,"37,258","37,501","37,064","37,064","37,083.20","37,126.90","38,209.15","39,661.90","38,124.99",0,"58,090","39,785.60","56,142.25","65,952.43","73,778.41"
2019-04-12,"36,966","37,356","36,918","37,210","37,132.00","37,126.90","38,007.30","39,617.32","38,120.98",0,"52,191","42,627.60","55,929.90","66,012.08","73,682.59"
2019-04-15,"37,112","37,356","36,772","36,869","37,093.00","37,088.00","37,756.80","39,558.13","38,114.93",0,"58,485","46,195.40","56,628.35","65,727.97","73,861.02"
2019-04-16,"36,772","37,112","36,772","36,918","37,083.40","37,083.20","37,562.25","39,503.02","38,107.30",70,"39,906","48,647.60","54,762.55","65,127.13","73,665.95"
2019-04-17,"36,918","36,966","36,820","36,820","36,976.20","37,039.40","37,382.25","39,448.70","38,102.82",0,"25,784","46,891.20","53,338.60","64,464.72","73,473.19"
2019-04-18,"36,772","36,820","36,042","36,042","36,771.80","36,927.50","37,226.60","39,376.55","38,106.18",2,"57,467","46,766.60","51,074.05","64,795.90","73,292.36"
2019-04-19,"36,334","36,675","36,042","36,675","36,664.80","36,898.40","37,100.15","39,329.53","38,113.62",70,"23,822","41,092.80","49,152.20","63,437.70","72,713.30"
2019-04-22,"36,675","36,820","36,334","36,529","36,596.80","36,844.90","37,051.55","39,276.03","38,127.39",0,"24,338","34,263.40","44,883.30","62,970.35","72,058.52"
2019-04-23,"36,383","36,626","36,042","36,091","36,431.40","36,757.40","36,968.85","39,214.42","38,151.43",0,"30,988","32,479.80","43,653.40","62,790.97","71,365.65"
2019-04-24,"36,091","36,480","35,994","35,994","36,266.20","36,621.20","36,871.60","39,158.48","38,191.37",0,"34,224","34,167.80","42,450.25","62,685.17","70,336.12"
2019-04-25,"36,042","36,285","35,604","35,604","36,178.60","36,475.20","36,801.05","39,097.68","38,220.89",0,"33,073","29,289.00","40,154.80","62,288.47","69,163.48"
2019-04-26,"35,604","35,799","35,215","35,313","35,906.20","36,285.50","36,706.20","39,034.45","38,251.57",0,"37,648","32,054.20","40,013.85","61,822.13","68,787.13"
2019-04-29,"35,410","36,091","35,410","35,994","35,799.20","36,198.00","36,643.00","38,989.07","38,287.92",0,"28,556","32,897.80","39,299.05","61,434.68","68,109.51"
2019-04-30,"36,140","36,140","35,653","35,702","35,721.40","36,076.40","36,579.80","38,934.75","38,305.53",0,"26,896","32,079.40","38,031.00","61,106.72","67,425.33"
2019-05-02,"35,653","35,994","35,604","35,750","35,672.60","35,969.40","36,504.40","38,875.57","38,322.36",0,"24,583","30,151.20","36,741.45","60,535.23","66,845.13"
2019-05-03,"35,750","35,994","35,556","35,556","35,663.00","35,920.80","36,424.15","38,816.38","38,334.38",0,"19,128","27,362.20","35,800.85","60,317.02","66,309.89"
2019-05-07,"35,410","35,507","35,021","35,264","35,653.20","35,779.70","36,339.05","38,759.63","38,347.95",0,"33,360","26,504.60","35,569.80","59,575.27","65,495.04"
2019-05-08,"35,069","35,702","35,021","35,264","35,507.20","35,653.20","36,249.05","38,678.57","38,353.57",70,"24,088","25,611.00","34,741.90","57,874.67","65,073.65"
2019-05-09,"35,167","35,313","34,243","34,243","35,215.40","35,468.40","36,112.90","38,569.13","38,360.22",0,"54,508","31,133.40","36,085.05","57,678.62","64,840.47"
2019-05-10,"34,145","34,972","33,756","34,145","34,894.40","35,283.50","35,952.35","38,466.98","38,370.43",0,"42,738","34,764.40","36,493.65","57,523.62","64,659.27"
2019-05-13,"33,708","34,145","32,783","32,832","34,349.60","35,006.30","35,740.75","38,338.90","38,366.12",0,"70,898","45,118.40","37,134.05","57,970.57","64,832.39"
2019-05-14,"32,783","33,756","32,783","33,367","33,970.20","34,811.70","35,548.60","38,214.05","38,360.70",70,"44,438","47,334.00","36,746.40","57,532.63","64,617.87"
2019-05-15,"33,270","33,708","32,735","33,610","33,639.40","34,573.30","35,385.65","38,098.12","38,352.53",0,"47,703","52,057.00","36,207.30","57,777.82","64,146.72"
2019-05-16,"33,318","33,756","32,929","33,124","33,415.60","34,315.50","35,195.95","37,973.28","38,336.74",0,"35,857","48,326.80","36,004.85","57,769.75","63,705.71"
2019-05-17,"33,610","33,610","32,005","32,102","33,007.00","33,950.70","34,960.05","37,830.60","38,306.47",2,"67,350","53,249.20","38,083.15","58,112.05","63,641.88"
2019-05-20,"32,297","32,686","31,421","31,470","32,734.60","33,542.10","34,731.45","37,676.57","38,267.35",0,"45,629","48,195.40","37,491.25","58,050.92","63,054.92"
2019-05-21,"31,373","32,054","31,373","31,665","32,394.20","33,182.20","34,480.95","37,519.30","38,229.86",0,"38,860","47,079.80","38,243.15","52,303.18","62,773.34"
2019-05-22,"32,054","32,589","31,665","31,811","32,034.40","32,836.90","34,245.05","37,377.43","38,196.76",0,"35,301","44,599.40","38,791.30","51,826.18","62,600.88"
2019-05-23,"32,346","32,346","31,470","31,470","31,703.60","32,559.60","34,014.00","37,229.88","38,166.38",0,"31,179","43,663.80","38,800.85","51,570.55","62,439.59"
2019-05-24,"31,276","31,811","31,276","31,519","31,587.00","32,297.00","33,790.25","37,077.48","38,120.52",0,"32,799","36,753.60","38,729.60","51,266.30","61,999.91"
2019-05-27,"31,519","31,811","31,324","31,567","31,606.40","32,170.50","33,588.40","36,921.83","38,080.22",0,"26,699","32,967.60","38,410.90","51,011.03","61,799.45"
2019-05-28,"31,470","31,908","31,470","31,665","31,606.40","32,000.30","33,406.00","36,770.25","38,041.13",0,"31,555","31,506.60","38,106.25","48,736.25","61,634.97"
2019-05-29,"31,665","31,908","30,643","30,740","31,392.20","31,713.30","33,143.30","36,586.22","37,993.15",0,"52,213","34,889.00","39,289.10","47,925.72","61,406.70"
2019-05-30,"30,886","30,984","30,254","30,303","31,158.80","31,431.20","32,873.35","36,393.28","37,943.51",0,"56,567","39,966.60","40,772.65","47,751.22","61,342.81"
2019-05-31,"30,157","30,886","30,157","30,546","30,964.20","31,275.60","32,613.15","36,213.32","37,890.32",0,"35,855","40,577.80","41,336.25","47,616.45","61,323.57"
2019-06-03,"30,449","30,595","30,108","30,351","30,721.00","31,163.70","32,352.90","36,034.15","37,836.72",0,"41,863","43,610.60","42,473.00","47,425.22","61,267.16"
2019-06-04,"30,449","31,324","30,303","30,886","30,565.20","31,085.80","32,134.00","35,855.80","37,788.76",0,"43,746","46,048.80","42,992.30","46,478.87","61,174.36"
2019-06-05,"31,324","31,324","30,643","30,643","30,545.80","30,969.00","31,902.95","35,681.50","37,734.80",0,"25,914","40,789.00","43,083.60","46,283.65","60,554.07"
2019-06-07,"30,740","31,276","30,497","30,984","30,682.00","30,920.40","31,740.00","35,512.08","37,684.07",0,"32,182","35,912.00","41,967.30","45,973.25","60,325.18"
2019-06-10,"31,032","31,421","31,032","31,324","30,837.60","30,900.90","31,598.95","35,334.55","37,633.01",0,"18,284","32,397.80","40,744.60","44,697.80","59,965.84"
2019-06-11,"31,130","31,567","31,081","31,373","31,042.00","30,881.50","31,526.00","35,158.63","37,583.93",0,"22,884","28,602.00","38,343.90","43,873.40","59,607.40"
2019-06-12,"31,130","31,567","31,081","31,276","31,120.00","30,842.60","31,421.45","34,992.45","37,519.34",70,"35,489","26,950.60","37,896.45","43,524.25","59,107.07"
2019-06-13,"31,276","32,248","31,276","32,248","31,441.00","30,993.40","31,353.35","34,831.93","37,462.85",18,"59,949","33,757.60","38,508.75","43,781.47","58,708.10"
2019-06-14,"32,005","33,318","31,567","32,443","31,732.80","31,207.40","31,319.30","34,692.50","37,411.17",67,"143,503","56,021.80","43,891.05","44,886.15","59,420.07"
2019-06-17,"32,492","32,735","31,859","32,005","31,869.00","31,353.30","31,314.45","34,552.25","37,345.89",0,"49,303","62,225.60","42,988.70","44,803.48","58,834.60"
2019-06-18,"31,519","32,346","31,519","31,713","31,937.00","31,489.50","31,326.60","34,428.22","37,285.74",29,"30,740","63,796.80","42,244.25","43,603.18","57,177.97"
2019-06-19,"31,762","32,297","31,762","31,811","32,044.00","31,582.00","31,333.90","34,305.00","37,221.23",0,"28,638","62,426.60","41,733.15","43,042.83","56,629.13"
2019-06-20,"31,811","32,443","31,811","32,200","32,034.40","31,737.70","31,353.35","34,216.65","37,167.53",0,"27,713","55,979.40","41,353.75","41,676.12","56,364.47"
2019-06-21,"32,102","32,102","31,811","32,005","31,946.80","31,839.80","31,380.10","34,120.98","37,111.39",0,"37,915","34,861.80","41,690.55","41,381.60","56,102.02"
2019-06-24,"32,200","32,200","31,519","31,811","31,908.00","31,888.50","31,394.70","34,018.85","37,057.63",0,"21,034","29,208.00","41,102.30","40,760.72","55,851.41"
2019-06-25,"31,762","31,956","30,984","31,032","31,771.80","31,854.40","31,367.95","33,919.13","37,003.72",0,"43,519","31,763.80","41,943.30","40,169.67","55,233.70"
2019-06-26,"30,984","31,276","30,886","31,032","31,616.00","31,830.00","31,336.30","33,816.17","36,934.01",0,"23,997","30,835.60","41,565.40","39,895.17","54,495.13"
2019-06-27,"30,838","31,227","30,643","30,838","31,343.60","31,689.00","31,341.20","33,709.17","36,860.64",0,"34,992","32,291.40","40,704.35","39,764.17","54,250.65"
2019-06-28,"30,838","31,032","30,157","30,546","31,051.80","31,499.30","31,353.35","33,602.17","36,782.82",0,"86,179","41,944.20","42,184.95","40,329.53","54,579.60"
2019-07-01,"30,400","31,081","30,400","31,032","30,896.00","31,402.00","31,377.65","33,498.40","36,722.82",60,"35,187","44,774.80","42,151.55","40,076.42","54,301.28"
2019-07-02,"31,178","31,178","30,740","31,081","30,905.80","31,338.80","31,414.15","33,397.07","36,645.00",0,"25,124","41,095.80","41,314.60","39,862.82","53,660.91"
2019-07-03,"31,178","31,324","30,449","30,546","30,808.60","31,212.30","31,397.15","33,290.07","36,567.18",0,"37,067","43,709.80","40,980.65","39,847.58","53,464.22"
2019-07-04,"30,254","30,449","29,476","29,914","30,623.80","30,983.70","31,360.70","33,170.90","36,488.54",0,"76,185","51,948.40","43,494.20","40,439.90","53,768.12"
2019-07-05,"30,011","31,081","29,914","30,643","30,643.20","30,847.50","31,343.65","33,065.52","36,408.28",0,"58,392","46,391.00","44,804.70","40,952.35","53,728.00"
2019-07-08,"30,546","31,032","29,233","29,233","30,283.40","30,589.70","31,239.10","32,930.13","36,323.57",0,"74,051","54,163.80","47,593.05","41,610.43","53,781.50"
2019-07-09,"29,233","29,427","28,065","28,211","29,709.40","30,307.60","31,081.00","32,782.58","36,222.24",0,"83,709","65,880.80","50,634.30","42,037.42","53,994.93"
2019-07-10,"27,822","28,892","27,822","28,503","29,300.80","30,054.70","30,942.35","32,637.47","36,127.39",9,"55,115","69,490.40","51,615.60","42,086.15","54,049.12"
2019-07-11,"28,503","29,281","28,503","28,892","29,096.40","29,860.10","30,774.55","32,504.52","36,031.32",0,"54,653","65,184.00","51,350.80","42,022.28","53,875.13"
2019-07-12,"28,989","29,281","28,552","29,281","28,824.00","29,733.60","30,616.45","32,377.23","35,940.13",0,"55,737","64,653.00","46,962.50","42,286.13","53,706.63"
2019-07-15,"29,087","29,330","28,746","28,795","28,736.40","29,509.90","30,455.95","32,243.48","35,846.09",0,"32,395","56,321.80","46,117.10","42,396.32","53,430.52"
2019-07-16,"29,184","33,562","28,844","30,935","29,281.20","29,495.30","30,417.05","32,158.37","35,767.46",0,"474,769","134,533.80","68,318.55","49,351.35","57,073.63"
2019-07-17,"30,546","30,935","29,476","30,205","29,621.60","29,461.20","30,336.75","32,050.53","35,690.03",37,"114,548","146,420.40","72,614.05","50,863.45","57,150.57"
2019-07-18,"29,914","30,886","29,865","30,838","30,010.80","29,553.60","30,268.65","31,955.68","35,615.86",0,"55,972","146,684.20","74,027.00","51,390.68","57,180.52"
2019-07-19,"30,935","32,102","30,740","30,886","30,331.80","29,577.90","30,212.70","31,868.93","35,541.68",0,"147,674","165,071.60","79,514.95","53,335.45","58,063.21"
2019-07-22,"30,595","31,130","30,400","30,692","30,711.20","29,723.80","30,156.75","31,780.57","35,469.53",0,"28,104","164,213.40","79,868.45","53,233.45","57,959.31"
2019-07-23,"30,643","31,032","30,400","30,400","30,604.20","29,942.70","30,125.15","31,693.83","35,395.76",0,"38,124","76,884.40","79,598.70","53,317.63","57,803.05"
2019-07-24,"30,157","30,497","29,865","30,060","30,575.20","30,098.40","30,076.55","31,606.28","35,320.37",0,"36,627","61,300.20","80,230.20","53,300.62","57,561.38"
2019-07-25,"29,768","30,157","29,087","29,573","30,322.20","30,166.50","30,013.30","31,499.27","35,244.17",0,"50,547","60,215.20","81,007.95","53,667.13","57,550.91"
2019-07-26,"29,233","29,816","29,038","29,038","29,952.60","30,142.20","29,937.90","31,388.20","35,161.47",0,"37,230","38,126.40","78,560.50","53,839.37","57,473.04"
2019-07-29,"28,989","29,379","27,773","27,822","29,378.60","30,044.90","29,777.40","31,256.07","35,065.82",0,"60,038","44,513.20","79,803.05","54,430.28","57,482.76"
2019-07-30,"27,336","28,308","27,336","27,628","28,824.20","29,714.20","29,604.75","31,123.93","34,970.16",0,"34,779","43,844.20","80,285.80","54,691.13","57,504.07"
2019-07-31,"27,238","27,822","26,460","27,530","28,318.20","29,446.70","29,453.95","30,995.03","34,877.33",6,"73,286","51,176.00","82,096.75","55,356.57","57,465.92"
2019-08-01,"27,141","28,114","27,044","27,141","27,831.80","29,077.00","29,315.30","30,859.65","34,769.11",45,"56,936","52,453.80","81,134.30","55,904.03","56,889.35"
2019-08-02,"26,509","27,044","26,460","26,460","27,316.20","28,634.40","29,106.15","30,729.93","34,649.53",0,"53,889","55,785.60","80,909.15","55,893.72","56,786.17"
2019-08-05,"26,460","26,703","22,715","22,715","26,294.80","27,836.70","28,780.25","30,539.43","34,503.21",2,"241,403","92,058.60","89,276.75","59,204.80","58,364.21"
2019-08-06,"21,402","24,125","21,402","23,055","25,380.20","27,102.20","28,522.45","30,376.48","34,357.69",9,"226,976","130,498.00","96,440.10","61,806.10","59,888.33"
2019-08-07,"23,055","23,931","23,055","23,444","24,563.00","26,440.60","28,269.50","30,211.10","34,212.57",0,"77,279","131,296.60","97,548.30","62,353.45","59,943.04"
2019-08-08,"23,931","24,417","23,299","24,174","23,969.60","25,900.70","28,033.60","30,053.83","34,075.97",0,"96,713","139,252.00","99,651.30","63,170.28","60,474.05"
2019-08-09,"24,174","24,660","24,077","24,271","23,531.80","25,424.00","27,783.10","29,906.28","33,939.78",0,"37,827","136,039.60","98,755.80","63,203.12","60,486.43"
2019-08-12,"24,077","24,466","23,590","24,271","23,843.00","25,068.90","27,556.90","29,775.77","33,803.18",0,"35,207","94,800.40","98,896.40","62,667.40","60,389.72"
2019-08-13,"23,736","24,660","23,639","24,417","24,115.40","24,747.80","27,231.00","29,658.22","33,667.39",0,"43,823","58,169.80","77,349.10","62,637.30","60,344.11"
2019-08-14,"25,050","25,050","24,417","24,515","24,329.60","24,446.30","26,946.50","29,539.05","33,529.18",0,"42,847","51,283.40","73,764.05","62,703.75","57,503.47"
2019-08-16,"23,931","24,466","23,347","24,174","24,329.60","24,149.60","26,613.30","29,411.77","33,394.60",0,"39,563","39,853.40","72,943.60","62,774.78","57,300.48"
2019-08-19,"24,320","25,731","24,223","25,390","24,553.40","24,042.60","26,338.50","29,310.43","33,270.16",0,"70,887","46,465.40","69,104.25","63,436.58","57,503.57"
2019-08-20,"25,196","25,925","24,952","25,682","24,835.60","24,339.30","26,088.00","29,213.15","33,145.32",0,"47,202","48,864.40","70,059.15","63,676.63","57,471.47"
2019-08-21,"25,682","26,557","25,487","26,363","25,224.80","24,670.10","25,886.15","29,126.42","33,024.13",67,"42,527","48,605.20","70,279.30","63,940.43","57,475.73"
2019-08-22,"26,460","26,655","26,071","26,363","25,594.40","24,962.00","25,701.30","29,038.05","32,904.15",0,"40,146","48,065.00","70,455.25","64,083.62","56,409.93"
2019-08-23,"26,363","26,363","25,585","25,731","25,905.80","25,117.70","25,509.20","28,954.57","32,770.39",0,"65,044","53,161.20","71,180.10","64,297.47","56,111.59"
2019-08-26,"25,147","25,682","24,904","25,390","25,905.80","25,229.60","25,326.80","28,872.68","32,632.98",0,"41,965","47,376.80","71,416.85","64,054.10","55,902.66"
2019-08-27,"25,585","26,849","25,196","25,390","25,847.40","25,341.50","25,205.20","28,786.75","32,500.03",0,"81,182","54,172.80","72,474.05","64,809.55","56,213.00"
2019-08-28,"25,439","26,266","25,196","26,266","25,828.00","25,526.40","25,137.10","28,718.67","32,376.41",0,"40,255","53,718.40","72,747.85","64,782.75","56,103.98"
2019-08-29,"26,266","26,752","25,876","26,266","25,808.60","25,701.50","25,073.90","28,641.67","32,248.73",0,"56,113","56,911.80","71,889.20","64,988.87","55,733.87"
2019-08-30,"26,557","26,898","26,071","26,071","25,876.60","25,891.20","25,020.40","28,565.47","32,123.48",0,"47,700","53,443.00","71,427.40","65,351.97","55,817.81"
2019-09-02,"26,071","26,557","25,925","26,363","26,071.20","25,988.50","25,015.55","28,488.45","32,000.27",0,"28,826","50,815.20","70,174.25","65,296.03","55,634.64"
2019-09-03,"26,363","26,801","26,217","26,557","26,304.60","26,076.00","25,207.65","28,409.00","31,871.78",0,"33,872","41,353.20","59,797.70","65,555.83","55,126.82"
2019-09-04,"26,655","27,044","26,314","27,044","26,460.20","26,144.10","25,407.10","28,336.85","31,747.74",0,"41,627","41,627.60","50,530.25","65,868.22","54,870.81"
2019-09-05,"27,190","27,238","26,557","26,801","26,567.20","26,187.90","25,574.95","28,262.27","31,627.36",0,"64,849","43,374.80","49,908.75","66,357.55","54,940.90"
2019-09-06,"26,703","26,995","26,655","26,655","26,684.00","26,280.30","25,699.00","28,169.05","31,500.49",0,"25,051","38,845.00","46,325.65","65,775.92","54,778.69"
2019-09-09,"26,655","26,898","26,314","26,412","26,693.80","26,382.50","25,806.05","28,068.53","31,380.52",0,"26,468","38,373.40","45,757.70","63,825.33","54,355.74"
2019-09-10,"26,071","26,947","25,828","26,363","26,655.00","26,479.80","25,910.65","27,974.50","31,263.38",0,"27,144","37,027.80","45,354.55","63,456.02","54,129.75"
2019-09-11,"26,266","26,655","26,266","26,363","26,518.80","26,489.50","26,007.95","27,885.33","31,156.78",0,"53,245","39,351.40","45,825.65","63,831.10","53,717.14"
2019-09-16,"26,655","26,995","26,412","26,995","26,557.60","26,562.40","26,131.95","27,805.07","31,055.03",0,"29,718","32,325.20","45,169.20","63,849.10","53,445.97"
2019-09-17,"26,703","27,871","26,703","27,530","26,732.60","26,708.30","26,299.75","27,727.23","30,971.94",0,"52,706","37,856.20","45,826.35","64,265.65","52,970.88"
2019-09-18,"27,628","27,822","27,336","27,384","26,927.00","26,810.40","26,399.45","27,650.22","30,885.60",0,"30,553","38,673.20","43,809.65","64,142.95","52,762.28"
2019-09-19,"27,336","27,676","27,190","27,238","27,102.00","26,878.50","26,477.25","27,574.00","30,796.42",0,"29,448","39,134.00","42,921.95","64,283.18","52,521.95"
2019-09-20,"27,141","27,628","27,141","27,336","27,296.60","26,907.70","26,525.90","27,512.40","30,715.77",0,"41,455","36,776.00","42,868.35","64,248.78","52,209.22"
2019-09-23,"27,044","28,211","27,044","27,336","27,364.80","26,961.20","26,574.55","27,450.80","30,633.48",29,"28,622","36,556.80","42,292.15","64,325.87","52,110.52"
2019-09-24,"26,947","27,773","26,947","27,336","27,326.00","27,029.30","26,654.80","27,392.43","30,550.80",0,"28,281","31,671.80","40,454.00","64,214.02","51,989.09"
2019-09-25,"27,287","27,530","27,044","27,092","27,267.60","27,097.30","26,739.90","27,334.87","30,468.52",0,"33,662","32,293.60","40,038.85","63,338.73","51,834.13"
2019-09-26,"27,482","27,628","26,995","27,384","27,296.80","27,199.40","26,839.60","27,274.07","30,386.23",0,"33,113","33,026.60","37,635.40","63,304.17","51,690.29"
2019-09-27,"27,579","29,087","27,384","27,628","27,355.20","27,325.90","26,907.70","27,216.52","30,306.79",0,"199,917","64,719.00","45,618.50","66,217.38","53,040.10"
2019-09-30,"28,163","28,503","26,703","26,752","27,238.40","27,301.60","26,932.00","27,153.28","30,221.67",39,"89,979","76,990.40","47,311.80","67,099.25","53,473.42"
2019-10-01,"26,752","28,795","26,703","28,454","27,462.00","27,394.00","27,051.15","27,128.95","30,149.92",70,"134,951","98,324.40","51,674.35","68,078.68","54,259.29"
2019-10-02,"28,454","28,454","27,092","27,287","27,501.00","27,384.30","27,097.35","27,073.02","30,069.27",0,"67,964","105,184.80","53,631.25","68,238.22","54,595.28"
2019-10-04,"26,995","27,141","26,460","26,655","27,355.20","27,326.00","27,102.25","27,030.05","29,980.09",0,"45,101","107,582.40","54,192.70","67,755.72","54,683.07"
2019-10-07,"26,801","27,628","26,703","27,190","27,267.60","27,311.40","27,109.55","27,013.03","29,897.81",0,"43,883","76,375.60","54,305.50","67,091.95","54,564.68"
2019-10-08,"27,238","27,579","26,752","27,092","27,335.60","27,287.00","27,124.10","26,989.52","29,813.49",0,"47,764","67,932.60","53,451.25","66,969.43","54,527.79"
2019-10-10,"26,801","27,190","26,412","26,509","26,946.60","27,204.30","27,116.80","26,949.80","29,727.16",0,"86,943","58,331.00","56,545.85","67,507.60","54,764.94"
2019-10-11,"26,557","26,801","26,363","26,557","26,800.60","27,150.80","27,124.05","26,904.40","29,640.82",0,"42,019","53,142.00","57,323.40","67,278.97","54,782.55"
2019-10-14,"26,752","27,530","26,703","26,947","26,859.00","27,107.10","27,153.25","26,873.60","29,558.54",0,"40,449","52,211.60","57,988.65","67,413.20","54,904.76"
2019-10-15,"26,849","27,530","26,849","27,336","26,888.20","27,077.90","27,201.90","26,813.62","29,485.99",0,"34,412","50,317.40","57,047.00","60,073.92","54,712.63"
2019-10-16,"27,628","27,822","27,384","27,773","27,024.40","27,180.00","27,240.80","26,773.08","29,411.81",0,"44,314","49,627.40","57,776.80","58,903.35","54,883.40"
2019-10-17,"27,773","27,968","27,336","27,336","27,189.80","27,068.20","27,231.10","26,714.72","29,335.20",0,"39,223","40,083.40","57,102.65","58,624.20","55,007.44"
2019-10-18,"27,433","27,628","26,898","26,898","27,258.00","27,029.30","27,206.80","26,648.25","29,258.59",0,"34,490","38,577.60","57,299.50","56,737.80","55,036.63"
2019-10-21,"26,752","27,238","26,752","26,995","27,267.60","27,063.30","27,194.65","26,586.63","29,183.60",0,"30,752","36,638.20","57,364.70","56,781.93","55,007.69"
2019-10-22,"27,092","27,968","26,995","27,628","27,326.00","27,107.10","27,209.25","26,540.43","29,117.13",0,"76,903","45,136.40","59,137.10","57,428.25","55,372.94"
2019-10-23,"27,579","28,454","27,482","28,065","27,384.40","27,204.40","27,245.70","26,507.18","29,056.73",0,"83,293","52,932.20","61,870.65","58,206.02","55,753.32"
2019-10-24,"27,968","28,406","26,995","27,530","27,423.20","27,306.50","27,255.40","26,473.13","28,986.20",0,"50,273","55,142.20","62,970.25","58,201.45","55,934.29"
2019-10-25,"27,530","27,725","27,044","27,141","27,471.80","27,364.90","27,257.85","26,441.52","28,914.86",0,"34,168","55,077.80","62,995.55","58,150.42","55,994.89"
2019-10-28,"27,530","27,773","26,752","27,384","27,549.60","27,408.60","27,257.85","26,434.22","28,845.14",0,"37,810","56,489.40","63,230.40","57,779.95","56,105.12"
2019-10-29,"27,482","28,065","27,384","27,482","27,520.40","27,423.20","27,250.55","26,431.78","28,777.86",0,"32,707","47,650.20","54,869.90","57,745.42","56,218.28"
2019-10-30,"27,725","27,773","27,238","27,530","27,413.40","27,398.90","27,289.45","26,431.78","28,713.41",0,"35,636","38,118.80","52,152.75","57,117.92","56,237.24"
2019-10-31,"27,968","28,503","27,628","28,163","27,540.00","27,481.60","27,274.90","26,448.82","28,654.23",0,"111,787","50,421.60","50,994.55","58,032.10","56,968.07"
2019-11-01,"28,308","28,454","27,871","28,308","27,773.40","27,622.60","27,325.95","26,479.62","28,604.78",0,"38,480","51,284.00","49,520.35","57,775.28","56,834.50"
2019-11-04,"28,308","29,670","28,308","28,989","28,094.40","27,822.00","27,442.65","26,584.18","28,561.81",0,"129,603","69,642.60","53,745.45","55,911.95","57,558.38"
2019-11-05,"29,184","29,622","28,746","29,379","28,473.80","27,997.10","27,552.10","26,689.58","28,533.03",0,"76,505","78,402.20","55,376.55","53,404.10","57,605.10"
2019-11-06,"29,379","30,303","29,184","29,379","28,843.60","28,128.50","27,666.45","26,788.50","28,499.80",0,"85,682","88,411.40","57,272.45","53,544.15","57,948.80"
2019-11-07,"29,281","29,962","29,233","29,670","29,145.00","28,342.50","27,824.50","26,880.10","28,466.97",0,"54,961","77,046.20","55,673.35","52,848.28","58,009.28"
2019-11-08,"29,768","30,060","29,524","29,719","29,427.20","28,600.30","27,982.60","26,970.90","28,438.59",0,"43,370","78,024.20","55,740.90","52,940.67","58,071.89"
2019-11-11,"30,303","30,303","29,379","29,768","29,583.00","28,838.70","28,123.65","27,062.52","28,419.14",0,"45,751","61,253.80","56,006.00","53,116.40","57,891.90"
2019-11-12,"29,768","29,962","29,135","29,281","29,563.40","29,018.60","28,220.90","27,143.58","28,400.90",0,"63,249","58,602.60","57,447.85","53,440.17","58,038.73"
2019-11-13,"29,330","29,476","28,454","28,795","29,446.60","29,145.10","28,272.00","27,214.92","28,376.98",43,"58,945","53,255.20","58,179.40","53,708.47","58,206.11"
2019-11-14,"29,087","29,524","28,600","29,281","29,368.80","29,256.90","28,369.25","27,300.03","28,355.90",0,"52,089","52,680.80","58,822.70","53,917.23","58,346.01"
2019-11-15,"28,941","29,524","28,649","29,330","29,291.00","29,359.10","28,490.85","27,365.70","28,338.07",30,"36,346","51,276.00","58,915.50","53,341.55","58,389.07"
2019-11-18,"29,184","29,524","28,941","29,476","29,232.60","29,407.80","28,614.90","27,428.93","28,321.04",30,"34,399","49,005.60","59,097.85","53,128.17","58,402.40"
2019-11-19,"29,233","29,379","28,698","28,989","29,174.20","29,368.80","28,682.95","27,472.70","28,299.56",0,"47,857","45,927.20","57,645.55","53,217.00","58,578.72"
2019-11-20,"28,892","29,038","28,454","28,698","29,154.80","29,300.70","28,714.60","27,511.62","28,274.83",0,"43,925","42,923.20","55,677.15","53,279.98","58,681.80"
2019-11-21,"28,698","28,746","27,968","28,163","28,931.20","29,150.00","28,746.25","27,552.15","28,253.36",0,"53,703","43,246.00","55,848.65","53,090.97","58,694.22"
2019-11-22,"27,968","28,698","27,871","28,406","28,746.40","29,018.70","28,809.50","27,602.42","28,237.55",0,"42,274","44,431.60","56,253.95","53,096.12","58,575.11"
2019-11-25,"28,260","29,281","28,065","29,184","28,688.00","28,960.30","28,899.50","27,665.65","28,226.20",0,"42,464","46,044.60","56,486.65","52,450.82","58,630.18"
2019-11-26,"29,281","30,303","29,087","30,303","28,950.80","29,062.50","29,040.55","27,732.93","28,225.80",0,"92,589","54,991.00","59,480.75","53,323.05","59,052.90"
2019-11-27,"30,692","30,740","29,865","30,060","29,223.20","29,189.00","29,167.05","27,796.17","28,218.92",0,"62,536","58,713.20","60,825.75","53,430.10","59,209.48"
2019-11-28,"29,914","31,616","29,914","30,449","29,680.40","29,305.80","29,281.35","27,869.13","28,217.30",29,"99,366","67,845.80","60,204.70","54,291.20","59,821.58"
2019-11-29,"30,740","30,740","29,573","29,865","29,972.20","29,359.30","29,359.20","27,927.50","28,207.97",0,"52,677","69,926.40","60,914.55","54,688.72","59,992.38"
2019-12-02,"29,670","30,935","29,476","29,962","30,127.80","29,407.90","29,407.85","27,984.25","28,196.63",0,"62,235","73,880.60","57,546.15","55,161.43","60,358.63"
2019-12-03,"29,622","29,962","29,233","29,573","29,981.80","29,466.30","29,417.55","28,026.40","28,181.63",0,"35,007","62,364.20","55,471.25","55,051.10","60,459.66"
2019-12-04,"29,281","31,324","28,454","28,698","29,709.40","29,466.30","29,383.50","28,058.02","28,160.14",66,"376,145","125,086.00","69,994.40","60,239.37","63,298.46"
2019-12-05,"28,698","29,038","27,919","28,065","29,232.60","29,456.50","29,303.25","28,081.52","28,125.28",0,"63,397","117,892.20","70,416.20","60,878.47","63,327.19"
2019-12-06,"27,919","28,698","27,919","28,503","28,960.20","29,466.20","29,242.45","28,116.37","28,092.45",70,"32,740","113,904.80","69,884.70","60,983.00","62,404.17"
2019-12-09,"28,357","28,649","27,628","27,773","28,522.40","29,325.10","29,142.70","28,139.87","28,057.18",0,"77,795","117,016.80","71,486.90","61,827.18","62,641.60"
2019-12-10,"27,822","28,163","27,384","27,968","28,201.40","29,091.60","29,077.05","28,166.62","28,025.97",0,"33,421","116,699.60","69,995.50","61,496.78","62,663.94"
2019-12-11,"27,919","28,163","27,628","27,822","28,026.20","28,867.80","29,028.40","28,180.40","27,992.73",0,"36,786","48,827.80","68,887.55","61,614.58","62,731.84"
2019-12-12,"28,114","28,260","27,725","28,211","28,055.40","28,644.00","28,974.90","28,191.75","27,959.49",0,"73,522","50,852.80","69,959.20","61,961.52","63,113.58"
2019-12-13,"28,552","28,746","27,725","27,919","27,938.60","28,449.40","28,904.35","28,200.67","27,925.44",70,"106,840","65,672.80","73,483.90","63,232.97","63,687.96"
2019-12-16,"27,919","28,454","27,871","28,163","28,016.60","28,269.50","28,838.70","28,216.08","27,895.04",0,"42,658","58,645.40","73,896.85","63,453.13","63,868.16"
2019-12-17,"28,163","28,308","27,822","28,114","28,045.80","28,123.60","28,794.95","28,229.05","27,870.72",0,"42,468","60,454.80","73,627.40","63,470.02","63,859.40"
2019-12-18,"27,968","28,308","27,871","27,871","28,055.60","28,040.90","28,753.60","28,237.97","27,844.38",0,"36,227","60,343.00","73,242.50","63,596.77","63,961.32"
2019-12-19,"27,871","28,114","27,725","27,919","27,997.20","28,026.30","28,741.40","28,247.68","27,820.06",8,"32,026","52,043.80","72,158.65","63,659.18","63,936.60"
2019-12-20,"28,163","28,163","27,433","27,482","27,909.80","27,924.20","28,695.20","28,254.18","27,794.53",2,"57,396","42,155.00","72,914.75","64,054.75","63,696.74"
2019-12-23,"27,482","28,357","27,482","28,260","27,929.20","27,972.90","28,649.00","28,268.78","27,771.42",0,"58,571","45,337.60","73,720.10","64,479.05","63,891.61"
2019-12-24,"28,357","28,406","27,968","28,065","27,919.40","27,982.60","28,537.10","28,276.07","27,746.29",0,"40,915","45,027.00","71,136.40","61,829.02","64,023.20"
2019-12-26,"27,968","28,600","27,968","28,600","28,065.20","28,060.40","28,464.10","28,306.87","27,730.08",70,"71,475","52,076.60","71,583.35","61,520.62","64,309.93"
2019-12-27,"28,300","29,050","28,300","29,000","28,281.40","28,139.30","28,391.65","28,315.97","27,722.46",0,"37,505","53,172.40","68,490.30","59,896.52","63,987.60"
2019-12-30,"29,200","29,800","29,000","29,600","28,705.00","28,307.40","28,378.40","28,354.52","27,713.77",0,"57,252","53,143.60","68,719.05","59,717.98","63,978.10"
2020-01-02,"29,950","30,200","29,300","29,900","29,033.00","28,481.10","28,375.30","28,408.60","27,719.33",0,"97,182","60,865.80","70,466.40","60,586.00","64,170.86"
2020-01-03,"30,100","30,100","29,450","29,700","29,360.00","28,639.70","28,381.65","28,450.43","27,731.73",0,"41,640","61,010.80","70,798.05","60,548.62","63,820.28"
2020-01-06,"29,600","29,700","28,800","28,800","29,400.00","28,732.60","28,386.75","28,478.90","27,734.21",0,"58,476","58,411.00","54,914.60","60,727.15","63,848.29"
2020-01-07,"29,200","29,350","28,850","28,950","29,390.00","28,835.70","28,431.00","28,519.58","27,734.69",0,"33,525","57,615.00","53,421.00","59,836.85","63,672.22"
2020-01-08,"28,500","28,500","27,700","27,950","29,060.00","28,882.50","28,403.35","28,542.80","27,723.60",0,"95,298","65,224.20","56,548.90","60,724.83","64,001.90"
2020-01-09,"28,350","28,600","28,100","28,400","28,760.00","28,896.50","28,434.70","28,567.02","27,720.31",0,"57,437","57,275.20","55,531.00","61,007.97","64,210.58"
2020-01-10,"28,350","29,050","28,050","28,850","28,590.00","28,975.00","28,478.80","28,592.25","27,702.93",0,"59,563","60,859.80","56,838.10","61,427.15","60,750.53"
2020-01-13,"28,600","29,300","28,600","29,000","28,630.00","29,015.00","28,537.70","28,612.70","27,692.89",67,"44,712","58,107.00","57,234.40","61,433.78","60,168.57"
2020-01-14,"28,900","29,150","28,550","28,600","28,560.00","28,975.00","28,557.15","28,633.77","27,674.24",0,"48,029","61,007.80","55,959.75","61,580.55","60,102.38"
2020-01-15,"28,750","28,900","28,450","28,600","28,690.00","28,875.00","28,591.20","28,662.13","27,655.19",0,"22,843","46,516.80","51,759.90","61,386.43","59,062.12"
2020-01-16,"28,550","28,650","28,200","28,400","28,690.00","28,725.00","28,603.05","28,685.55","27,636.09",0,"37,882","42,605.80","51,521.10","61,505.27","59,143.60"
2020-01-17,"28,400","28,500","28,050","28,050","28,530.00","28,560.00","28,599.85","28,692.58","27,616.51",23,"40,999","38,893.00","51,447.65","60,906.87","59,167.56"
2020-01-20,"28,050","28,350","27,950","28,000","28,330.00","28,480.00","28,606.30","28,691.50","27,599.34",0,"39,853","37,921.20","51,628.95","60,182.87","59,194.44"
2020-01-21,"28,000","28,350","27,750","27,750","28,160.00","28,360.00","28,597.85","28,695.17","27,584.15",0,"50,046","38,324.60","52,529.95","60,179.08","59,190.27"
2020-01-22,"27,900","29,000","27,900","28,500","28,140.00","28,415.00","28,648.75","28,717.82","27,579.67",0,"112,692","56,294.40","55,294.75","61,487.82","59,819.12"
2020-01-23,"28,500","29,000","28,100","28,200","28,100.00","28,395.00","28,645.75","28,731.42","27,582.82",0,"52,559","59,229.80","54,994.15","61,733.63","59,756.79"
2020-01-28,"29,050","33,300","29,050","32,150","28,920.00","28,725.00","28,850.00","28,809.22","27,620.50",0,"990,175","249,065.00","102,457.15","77,691.43","67,718.43"
2020-01-29,"31,950","31,950","29,250","29,700","29,260.00","28,795.00","28,905.00","28,845.38","27,638.58",37,"349,307","310,955.80","116,348.75","82,919.28","70,018.60"
2020-01-30,"29,900","30,300","28,350","28,650","29,440.00","28,800.00","28,887.50","28,853.50","27,651.16",38,"223,624","345,671.40","125,654.70","84,783.23","71,407.67"
2020-01-31,"29,000","30,650","28,200","29,300","29,600.00","28,870.00","28,872.50","28,870.03","27,674.83",0,"601,742","443,481.40","152,879.20","94,170.93","75,973.11"
2020-02-03,"30,700","31,800","28,050","28,400","29,640.00","28,870.00","28,797.50","28,860.22","27,722.20",39,"569,958","546,961.20","176,518.00","101,510.18","78,711.07"
2020-02-04,"28,200","28,500","27,700","27,950","28,800.00","28,860.00","28,710.00","28,836.40","27,762.99",40,"158,993","380,724.80","182,385.65","102,884.98","78,144.54"
2020-02-05,"28,050","28,400","27,800","28,150","28,490.00","28,875.00","28,677.50","28,815.92","27,802.21",8,"134,053","337,674.00","186,164.50","103,691.17","78,617.66"
2020-02-06,"28,450","29,200","28,400","28,650","28,490.00","28,965.00","28,662.50","28,798.92","27,839.51",0,"169,523","326,853.80","192,964.40","105,600.53","79,224.41"
2020-02-07,"28,600","29,100","28,300","28,550","28,340.00","28,970.00","28,692.50","28,779.43","27,875.17",0,"89,322","224,369.80","192,665.60","106,366.40","79,653.53"
2020-02-10,"28,350","28,550","28,000","28,200","28,300.00","28,970.00","28,682.50","28,753.30","27,907.91",0,"79,130","126,204.20","193,750.25","106,922.72","80,019.56"
2020-02-11,"28,400","28,550","28,050","28,350","28,380.00","28,590.00","28,657.50","28,737.78","27,940.68",0,"71,658","108,737.20","194,355.00","107,062.87","80,251.52"
2020-02-12,"28,200","28,450","28,000","28,300","28,410.00","28,450.00","28,622.50","28,729.53","27,972.22",0,"63,578","94,642.20","195,298.30","107,140.08","80,424.27"
2020-02-13,"28,300","28,400","27,750","27,800","28,240.00","28,365.00","28,582.50","28,704.85","28,002.44",0,"147,796","90,296.80","200,286.65","108,735.20","81,326.22"
2020-02-14,"27,800","27,900","27,450","27,600","28,050.00","28,195.00","28,532.50","28,676.02","28,020.86",0,"81,818","88,796.00","203,235.40","109,493.07","81,417.31"
2020-02-17,"27,600","29,500","27,600","28,100","28,030.00","28,165.00","28,517.50","28,653.08","28,041.01",66,"305,734","134,116.80","216,628.00","114,015.32","83,571.74"
2020-02-18,"28,150","28,150","27,750","27,800","27,920.00","28,150.00","28,505.00","28,633.27","28,052.98",0,"69,377","133,660.60","218,046.90","114,373.98","83,795.49"
2020-02-19,"28,000","28,850","27,950","28,700","28,000.00","28,205.00","28,540.00","28,633.30","28,072.46",0,"190,319","159,008.80","225,570.20","116,813.88","85,046.93"
2020-02-20,"29,150","29,350","28,300","28,350","28,110.00","28,175.00","28,570.00","28,636.42","28,094.28",44,"214,376","172,324.80","233,786.70","119,491.77","86,291.37"
2020-02-21,"28,750","28,750","27,650","27,650","28,120.00","28,085.00","28,527.50","28,623.82","28,113.12",2,"124,024","180,766.00","234,353.30","120,854.27","86,975.19"
2020-02-24,"27,800","28,200","26,000","26,100","27,720.00","27,875.00","28,422.50","28,572.42","28,119.03",0,"179,768","155,572.80","240,713.75","123,142.67","87,796.74"
2020-02-25,"26,000","26,350","25,600","26,150","27,390.00","27,655.00","28,122.50","28,503.20","28,118.07",54,"105,239","162,745.20","196,466.95","123,353.50","88,338.27"
2020-02-26,"25,650","26,000","25,200","25,500","26,750.00","27,375.00","27,912.50","28,427.20","28,111.68",0,"107,112","146,103.80","184,357.20","124,096.43","88,763.27"
2020-02-27,"25,350","26,150","25,350","25,650","26,210.00","27,160.00","27,762.50","28,347.22","28,108.17",0,"86,397","120,508.00","177,495.85","123,880.28","89,085.74"
2020-02-28,"25,000","25,500","24,100","24,300","25,540.00","26,830.00","27,512.50","28,254.47","28,090.98",0,"163,248","128,352.80","155,571.15","125,723.13","90,205.93"
2020-03-02,"24,200","24,850","23,950","24,700","25,260.00","26,490.00","27,327.50","28,166.77","28,075.51",0,"71,614","106,722.00","130,653.95","125,879.45","90,520.44"
2020-03-03,"24,850","25,500","24,850","24,950","25,020.00","26,205.00","27,177.50","28,089.72","28,058.06",0,"72,346","100,143.40","126,321.60","126,501.77","90,776.43"
2020-03-04,"24,700","25,200","24,700","25,000","24,920.00","25,835.00","27,020.00","28,028.08","28,043.05",0,"51,879","89,096.80","122,212.90","121,097.33","90,668.35"
2020-03-05,"25,400","31,900","25,000","31,100","26,010.00","26,110.00","27,142.50","28,078.67","28,080.09",0,"4,702,231","1,012,264.00","348,848.30","198,411.23","129,644.85"
2020-03-06,"29,600","30,200","27,650","28,200","26,790.00","26,165.00","27,125.00","28,073.62","28,094.99",37,"1,036,703","1,186,955.00","396,217.35","215,143.95","138,063.48"
2020-03-09,"28,500","29,450","27,650","28,750","27,600.00","26,430.00","27,152.50","28,089.90","28,114.88",0,"898,017","1,352,235.00","437,161.70","228,814.32","145,320.75"
2020-03-10,"28,200","33,700","28,200","28,600","28,330.00","26,675.00","27,165.00","28,100.43","28,133.53",29,"2,770,128","1,891,792.00","572,085.20","274,426.10","167,961.44"
2020-03-11,"29,050","29,900","27,350","27,600","28,850.00","26,885.00","27,130.00","28,096.73","28,138.57",0,"640,743","2,009,564.00","600,943.45","284,492.05","173,053.32"
2020-03-12,"27,350","28,350","25,200","25,750","27,780.00","26,895.00","27,027.50","28,055.72","28,123.73",0,"496,454","1,168,409.00","618,376.35","291,540.92","176,751.22"
2020-03-13,"24,050","24,500","21,650","23,000","26,740.00","26,765.00","26,797.50","27,973.73","28,087.20",0,"569,701","1,075,009.00","642,770.50","299,255.27","181,244.12"
2020-03-16,"23,400","24,250","22,800","23,000","25,590.00","26,595.00","26,542.50","27,887.68","28,051.88",0,"342,077","963,820.60","644,587.65","304,245.58","183,849.36"
2020-03-17,"20,850","23,550","20,850","23,550","24,580.00","26,455.00","26,330.00","27,811.62","28,020.33",0,"265,907","462,976.40","654,414.15","307,969.57","185,719.79"
2020-03-18,"23,800","25,000","22,200","22,200","23,500.00","26,175.00","26,005.00","27,717.10","27,977.53",0,"337,948","402,417.40","661,795.60","312,998.25","188,297.51"
2020-03-19,"23,100","23,300","18,400","19,400","22,230.00","25,005.00","25,557.50","27,575.12","27,911.40",0,"446,987","392,524.00","673,426.15","319,914.27","191,786.73"
2020-03-20,"20,800","21,850","20,150","20,700","21,770.00","24,255.00","25,210.00","27,462.08","27,858.13",69,"817,643","442,112.40","708,107.10","332,585.05","198,319.90"
2020-03-23,"19,000","20,550","18,950","19,650","21,100.00","23,345.00","24,887.50","27,318.58","27,793.68",0,"265,385","426,774.00","712,387.95","336,031.95","200,255.50"
2020-03-24,"20,400","25,500","20,150","25,500","21,490.00","23,035.00","24,855.00","27,275.83","27,775.95",18,"1,248,080","623,208.60","769,530.00","356,151.37","208,990.19"
2020-03-25,"27,800","30,550","25,850","26,050","22,260.00","22,880.00","24,882.50","27,233.33","27,770.10",0,"2,589,782","1,073,575.00","893,663.50","398,123.15","229,821.88"
2020-03-26,"26,500","30,700","25,150","29,000","24,180.00","23,205.00","25,050.00","27,233.33","27,774.65",0,"2,911,676","1,566,513.00","1,034,927.00","446,026.00","252,961.26"
2020-03-27,"31,600","32,300","25,300","28,000","25,640.00","23,705.00","25,235.00","27,206.67","27,780.59",0,"2,225,727","1,848,130.00","1,138,051.00","482,167.25","270,942.62"
2020-03-30,"27,800","29,500","27,050","28,750","27,460.00","24,280.00","25,437.50","27,187.50","27,798.05",0,"643,895","1,923,832.00","1,166,665.00","491,279.13","275,932.57"
2020-03-31,"29,350","33,300","28,850","31,400","28,640.00","25,065.00","25,760.00","27,215.83","27,833.13",0,"2,303,853","2,134,987.00","1,278,241.00","528,982.68","294,765.65"
2020-04-01,"31,650","31,800","28,500","29,000","29,230.00","25,745.00","25,960.00","27,219.17","27,849.03",0,"716,401","1,760,310.00","1,311,467.00","539,948.10","300,337.63"
2020-04-02,"28,850","29,550","27,300","29,300","29,290.00","26,735.00","25,870.00","27,225.00","27,872.29",0,"384,288","1,254,833.00","1,095,570.00","545,794.15","302,815.50"
2020-04-03,"29,350","30,250","28,650","29,200","29,530.00","27,585.00","25,920.00","27,245.83","27,894.32",0,"403,361","890,359.60","1,063,903.00","550,928.53","305,826.68"
2020-04-06,"29,400","31,800","29,400","31,000","29,980.00","28,720.00","26,032.50","27,289.17","27,928.09",0,"1,307,871","1,023,155.00","1,084,395.00","571,769.10","316,388.53"
2020-04-07,"31,500","33,200","29,650","30,900","29,880.00","29,260.00","26,147.50","27,323.33","27,957.79",0,"1,521,673","866,718.80","1,021,973.00","596,137.60","328,782.38"
2020-04-08,"30,900","30,900","29,150","29,300","29,940.00","29,585.00","26,232.50","27,328.33","27,970.52",0,"579,999","839,438.40","1,018,935.00","605,059.05","333,246.42"
2020-04-09,"29,700","31,300","29,150","29,400","29,960.00","29,625.00","26,415.00","27,341.67","27,987.72",0,"723,005","907,181.80","1,030,263.00","616,308.65","338,944.60"
2020-04-10,"29,700","30,200","27,700","29,100","29,940.00","29,735.00","26,720.00","27,350.00","28,006.07",0,"350,811","896,671.80","1,019,318.00","621,774.78","341,580.61"
2020-04-13,"29,000","29,350","28,500","28,500","29,440.00","29,710.00","26,995.00","27,351.67","28,018.61",0,"165,107","668,119.00","1,010,470.00","623,895.20","342,700.23"
2020-04-14,"28,600","30,200","28,050","28,850","29,030.00","29,455.00","27,260.00","27,365.00","28,028.79",0,"393,819","442,548.20","1,016,866.00","629,775.53","345,341.20"
2020-04-16,"28,900","29,450","28,500","29,200","29,010.00","29,475.00","27,610.00","27,385.00","28,038.25",0,"190,571","364,662.60","1,009,497.00","632,287.50","346,235.18"
2020-04-17,"30,450","30,700","29,250","29,450","29,020.00","29,490.00","28,112.50","27,413.33","28,054.25",0,"326,450","285,351.60","1,003,470.00","636,894.23","348,536.66"
2020-04-20,"29,500","30,950","29,100","30,750","29,350.00","29,645.00","28,615.00","27,450.83","28,084.33",0,"680,816","351,352.60","996,628.50","646,362.97","353,925.39"
2020-04-21,"31,000","31,050","28,200","29,650","29,580.00","29,510.00","29,115.00","27,475.00","28,103.21",0,"501,214","418,574.00","1,008,420.00","653,840.55","357,787.09"
2020-04-22,"29,500","32,400","29,200","31,150","30,040.00","29,535.00","29,397.50","27,458.33","28,133.78",0,"1,375,727","614,955.60","1,014,802.00","660,266.42","368,978.92"
2020-04-23,"31,050","31,100","29,900","30,400","30,280.00","29,645.00","29,615.00","27,470.00","28,157.69",0,"416,245","660,090.40","906,125.45","661,382.05","372,150.67"
2020-04-24,"30,000","30,550","29,200","29,400","30,270.00","29,645.00","29,635.00","27,482.50","28,168.00",0,"313,537","657,507.80","776,218.50","662,880.60","373,831.92"
2020-04-27,"29,650","29,950","29,300","29,800","30,080.00","29,715.00","29,725.00","27,490.83","28,180.43",0,"142,460","549,836.60","672,055.15","655,225.90","374,698.42"
2020-04-28,"29,850","29,850","28,950","29,150","29,980.00","29,780.00","29,745.00","27,503.33","28,181.78",0,"170,546","483,703.00","648,387.70","648,569.03","375,039.61"
2020-04-29,"29,200","29,500","29,100","29,250","29,600.00","29,820.00","29,637.50","27,525.00","28,180.70",0,"128,101","234,177.80","539,600.10","648,054.17","375,469.58"
2020-05-04,"29,300","29,450","28,700","28,900","29,300.00","29,790.00","29,632.50","27,537.50","28,176.71",0,"132,239","177,376.60","510,392.00","648,023.93","375,857.55"
2020-05-06,"29,300","29,350","28,900","29,250","29,270.00","29,770.00","29,630.00","27,547.50","28,173.21",0,"97,535","134,176.20","496,054.35","646,824.13","376,212.33"
2020-05-07,"29,250","29,650","29,150","29,200","29,150.00","29,615.00","29,630.00","27,558.33","28,168.88",0,"109,029","127,490.00","481,337.75","647,152.58","376,759.49"
2020-05-08,"29,450","30,000","29,250","29,450","29,210.00","29,595.00","29,552.50","27,579.17","28,166.23",0,"170,366","127,454.00","424,462.50","648,673.18","377,797.95"
2020-05-11,"29,450","30,500","29,150","29,950","29,350.00","29,475.00","29,505.00","27,605.83","28,171.81",0,"348,571","171,548.00","365,807.40","653,288.40","380,175.63"
2020-05-12,"30,250","30,450","29,150","29,500","29,470.00","29,385.00","29,515.00","27,625.83","28,177.68",0,"180,475","181,195.20","345,831.20","655,236.68","381,188.38"
2020-05-13,"29,400","30,250","29,200","30,200","29,660.00","29,465.00","29,555.00","27,665.83","28,185.34",0,"220,614","205,811.00","320,711.65","656,450.32","382,592.76"
2020-05-14,"30,350","39,250","30,050","36,600","31,140.00","30,145.00","29,930.00","27,815.83","28,245.92",0,"6,358,494","1,455,704.00","621,095.80","761,061.58","435,277.33"
2020-05-15,"37,100","43,200","34,700","34,950","32,240.00","30,725.00","30,252.50","27,930.00","28,291.54",29,"5,764,466","2,574,524.00","901,063.75","852,040.45","483,027.88"
2020-05-18,"34,750","36,400","34,450","35,550","33,360.00","31,355.00","30,587.50","28,059.17","28,346.22",0,"836,342","2,672,078.00","923,189.90","864,823.20","489,598.59"
2020-05-19,"34,900","35,150","32,800","32,900","34,040.00","31,755.00","30,772.50","28,129.17","28,381.23",0,"721,369","2,780,257.00","949,729.80","873,674.03","495,243.96"
2020-05-20,"32,900","33,950","32,900","33,750","34,750.00","32,205.00","30,987.50","28,219.17","28,427.79",0,"400,388","2,816,212.00","953,426.70","876,774.23","498,133.00"
2020-05-21,"33,700","34,800","33,100","34,750","34,380.00","32,760.00","31,187.50","28,337.50","28,480.66",0,"393,783","1,623,270.00","939,075.05","881,270.22","501,062.24"
2020-05-22,"34,250","34,700","33,250","33,550","34,100.00","33,170.00","31,382.50","28,461.67","28,517.04",0,"288,776","528,131.60","928,453.15","883,087.02","503,114.84"
2020-05-25,"33,850","34,950","33,550","33,700","33,730.00","33,545.00","31,510.00","28,587.50","28,545.35",0,"297,378","420,338.80","874,535.70","886,289.33","504,821.42"
2020-05-26,"33,400","34,300","32,100","34,250","34,000.00","34,020.00","31,702.50","28,733.33","28,580.27",0,"531,867","382,438.40","880,316.80","893,368.58","508,732.51"
2020-05-27,"34,600","34,650","33,700","33,750","34,000.00","34,375.00","31,920.00","28,868.33","28,607.78",0,"260,596","354,480.00","877,669.75","896,271.90","510,076.09"
2020-05-28,"33,750","34,150","32,200","33,400","33,730.00","34,055.00","32,100.00","29,020.00","28,637.23",0,"246,289","324,981.20","882,861.20","897,655.92","511,689.53"
2020-05-29,"33,850","39,500","33,650","34,650","33,950.00","34,025.00","32,375.00","29,185.83","28,676.30",29,"5,516,358","1,370,498.00","1,150,152.00","988,401.65","557,140.55"
2020-06-01,"35,000","36,350","34,600","35,700","34,350.00","34,040.00","32,697.50","29,365.00","28,727.36",0,"776,404","1,466,303.00","1,182,567.00","1,000,136.00","563,318.86"
2020-06-02,"35,450","35,950","34,500","35,400","34,580.00","34,290.00","33,022.50","29,538.33","28,783.21",17,"502,366","1,460,403.00","1,201,073.00","1,007,644.00","564,370.70"
2020-06-03,"35,900","36,750","35,600","35,750","34,980.00","34,490.00","33,347.50","29,615.83","28,847.25",0,"677,025","1,543,688.00","1,230,048.00","940,557.30","569,484.27"
2020-06-04,"35,950","36,450","35,400","35,700","35,440.00","34,585.00","33,672.50","29,740.83","28,907.22",0,"259,422","1,546,315.00","1,237,567.00","927,602.62","571,373.28"
2020-06-05,"35,900","38,550","35,750","37,900","36,090.00","35,020.00","34,095.00","29,893.33","28,991.62",0,"1,405,989","724,241.20","1,299,349.00","936,068.82","582,441.57"
2020-06-08,"39,000","39,450","37,650","38,450","36,640.00","35,495.00","34,520.00","30,057.50","29,078.97",0,"776,726","724,305.60","1,320,756.00","902,845.45","588,635.78"
2020-06-09,"38,700","45,500","37,900","41,450","37,850.00","36,215.00","35,117.50","30,288.33","29,192.53",0,"5,614,623","1,746,757.00","1,592,464.00","985,743.45","635,117.75"
2020-06-10,"41,150","43,400","40,100","41,500","39,000.00","36,990.00","35,682.50","30,550.83","29,303.28",0,"1,789,656","1,969,283.00","1,670,916.00","1,007,297.00","649,418.87"
2020-06-11,"41,500","41,950","39,500","39,750","39,810.00","37,625.00","35,840.00","30,830.00","29,401.87",0,"701,104","2,057,620.00","1,388,046.00","1,009,487.00","654,371.07"
2020-06-12,"38,000","39,850","37,700","39,100","40,050.00","38,070.00","36,047.50","31,098.33","29,493.01",0,"567,363","1,889,894.00","1,128,191.00","1,013,242.00","658,743.61"
2020-06-15,"40,000","41,200","36,550","36,550","39,670.00","38,155.00","36,097.50","31,315.00","29,563.31",39,"850,284","1,904,606.00","1,128,888.00","1,022,981.00","665,475.41"
2020-06-16,"38,300","41,150","37,700","41,100","39,600.00","38,725.00","36,507.50","31,630.00","29,673.55",0,"946,580","970,997.40","1,140,149.00","1,033,125.00","673,061.68"
2020-06-17,"45,700","45,750","39,900","40,550","39,410.00","39,205.00","36,847.50","31,982.50","29,778.81",0,"2,263,282","1,065,723.00","1,233,294.00","1,063,397.00","691,655.48"
2020-06-18,"41,550","42,050","40,550","40,900","39,640.00","39,725.00","37,155.00","32,319.17","29,890.63",0,"525,325","1,030,567.00","1,239,871.00","1,058,525.00","695,554.89"
2020-06-19,"41,100","41,200","38,350","38,800","39,580.00","39,815.00","37,417.50","32,638.33","29,978.46",0,"552,683","1,027,631.00","1,253,066.00","1,063,313.00","699,672.49"
2020-06-22,"39,000","39,450","38,100","38,850","40,040.00","39,855.00","37,675.00","32,860.83","30,068.33",0,"292,326","916,039.20","1,252,813.00","1,047,384.00","701,767.58"
2020-06-23,"39,000","39,200","37,350","37,850","39,390.00","39,495.00","37,855.00","33,057.50","30,145.42",0,"282,248","783,172.80","1,240,332.00","1,008,925.00","703,524.03"
2020-06-24,"38,400","40,800","38,000","38,300","38,940.00","39,175.00","38,082.50","33,212.50","30,222.92",0,"624,569","455,430.20","1,258,531.00","970,806.45","708,416.22"
2020-06-25,"37,500","39,000","37,500","38,000","38,360.00","39,000.00","38,312.50","33,379.17","30,292.92",0,"303,788","411,122.80","1,261,406.00","938,774.13","710,470.69"
2020-06-26,"38,500","39,400","36,600","36,700","37,940.00","38,760.00","38,415.00","33,511.67","30,349.58",0,"371,781","374,942.40","1,004,177.00","934,238.90","712,759.02"
2020-06-29,"36,550","36,700","35,150","35,300","37,230.00","38,635.00","38,395.00","33,576.67","30,396.25",0,"212,577","358,992.60","975,985.85","899,384.30","714,183.49"
2020-06-30,"35,750","36,800","34,950","36,250","36,910.00","38,150.00","38,437.50","33,697.50","30,458.33",8,"313,385","365,220.00","966,536.80","892,667.37","716,307.73"
2020-07-01,"36,750","36,950","35,250","35,400","36,330.00","37,635.00","38,420.00","33,799.17","30,512.08",0,"155,212","271,348.60","940,446.15","888,849.43","717,321.79"
2020-07-02,"35,950","36,200","35,450","35,550","35,840.00","37,100.00","38,412.50","33,905.00","30,575.42",0,"96,678","229,926.60","932,308.95","883,738.05","717,333.29"
2020-07-03,"35,550","36,350","35,350","36,100","35,720.00","36,830.00","38,322.50","33,990.00","30,639.58",0,"101,261","175,822.60","867,072.55","863,627.88","717,698.49"
2020-07-06,"36,300","36,450","35,800","35,900","35,840.00","36,535.00","38,195.00","34,073.33","30,698.33",0,"106,064","154,520.00","833,539.45","840,034.40","718,086.00"
2020-07-07,"36,000","36,400","35,450","35,650","35,720.00","36,315.00","37,905.00","34,179.17","30,753.75",0,"108,013","113,445.60","558,208.95","832,167.97","718,613.51"
2020-07-08,"32,000","33,800","31,750","33,200","35,280.00","35,805.00","37,490.00","34,242.50","30,792.08",0,"765,484","235,500.00","507,000.35","832,875.95","724,592.30"
2020-07-09,"33,450","33,950","33,000","33,300","34,830.00","35,335.00","37,167.50","34,312.50","30,831.25",0,"316,506","279,465.60","487,770.45","832,304.20","727,039.49"
2020-07-10,"33,600","33,600","32,400","32,700","34,150.00","34,935.00","36,847.50","34,382.50","30,867.08",0,"200,718","299,357.00","469,438.20","832,897.72","728,396.46"
2020-07-13,"32,800","33,100","32,550","32,950","33,560.00","34,700.00","36,667.50","34,450.83","30,907.92",0,"117,645","301,673.20","432,806.25","828,294.82","729,035.18"
2020-07-14,"33,000","38,300","32,850","34,800","33,390.00","34,555.00","36,352.50","34,544.17","30,964.58",0,"1,322,411","544,552.80","451,597.80","847,158.82","739,723.16"
2020-07-15,"35,100","35,400","33,750","33,900","33,530.00","34,405.00","36,020.00","34,618.33","31,015.83",0,"189,544","429,364.80","347,910.90","844,877.05","740,885.64"
2020-07-16,"33,900","34,600","33,700","33,750","33,620.00","34,225.00","35,662.50","34,668.33","31,059.58",0,"130,453","392,154.20","328,167.30","835,704.33","741,033.65"
2020-07-17,"33,650","34,600","33,600","34,000","33,880.00","34,015.00","35,422.50","34,740.83","31,107.92",0,"131,068","378,224.20","307,086.55","829,535.23","741,687.89"
2020-07-20,"34,000","34,700","33,800","34,450","34,180.00","33,870.00","35,202.50","34,795.83","31,127.08",0,"172,405","389,176.20","301,090.50","809,479.87","734,873.14"
2020-07-21,"34,750","36,750","34,500","35,250","34,270.00","33,830.00","35,072.50","34,876.67","31,173.33",0,"624,545","249,603.00","318,205.35","812,951.53","737,166.79"
2020-07-22,"35,250","36,150","34,700","36,050","34,700.00","34,115.00","34,960.00","34,987.50","31,235.00",0,"225,602","256,814.60","298,257.00","811,485.95","737,183.28"
2020-07-23,"36,300","42,950","35,600","38,900","35,730.00","34,675.00","35,005.00","35,139.17","31,315.00",0,"3,563,558","943,435.60","461,245.50","868,504.25","761,865.07"
2020-07-24,"39,600","40,750","38,450","39,500","36,830.00","35,355.00","35,145.00","35,311.67","31,407.50",0,"1,171,147","1,151,451.00","501,213.80","885,180.93","766,874.98"
2020-07-27,"39,500","39,500","37,650","37,800","37,500.00","35,840.00","35,270.00","35,454.17","31,489.58",26,"454,574","1,207,885.00","513,313.65","890,622.15","769,338.16"
2020-07-28,"37,900","38,700","37,400","37,600","37,970.00","36,120.00","35,337.50","35,599.17","31,568.33",42,"268,232","1,136,623.00","511,056.00","892,888.70","770,456.32"
2020-07-29,"36,900","38,700","36,850","37,900","38,340.00","36,520.00","35,462.50","35,743.33","31,645.42",30,"237,354","1,138,973.00","515,163.10","895,219.02","771,021.57"
2020-07-30,"37,100","37,500","36,250","36,400","37,840.00","36,785.00","35,505.00","35,863.33","31,710.83",0,"311,367","488,534.80","525,897.55","898,591.32","772,871.95"
2020-07-31,"36,400","37,100","35,800","35,850","37,110.00","36,970.00","35,492.50","35,970.00","31,774.58",0,"199,028","294,111.00","530,785.90","899,069.02","773,871.10"
2020-08-03,"35,650","36,000","34,600","35,450","36,640.00","37,070.00","35,470.00","36,061.67","31,833.75",23,"175,383","238,272.80","534,251.85","896,182.55","774,735.47"
2020-08-04,"35,450","37,800","35,450","37,050","36,530.00","37,250.00","35,540.00","36,187.50","31,906.67",0,"550,247","294,675.80","556,363.55","902,345.42","778,791.05"
2020-08-05,"38,050","39,100","37,400","38,450","36,640.00","37,490.00","35,802.50","36,325.00","31,995.42",0,"582,513","363,707.60","547,215.00","908,377.07","782,413.69"
2020-08-06,"39,400","45,900","38,000","39,500","37,260.00","37,550.00","36,112.50","36,373.33","32,094.58",0,"5,339,816","1,369,397.00","798,380.50","891,399.10","826,230.34"
2020-08-07,"39,200","41,600","38,300","38,500","37,790.00","37,450.00","36,402.50","36,432.50","32,181.25",29,"762,511","1,482,094.00","826,470.15","808,033.18","830,036.82"
2020-08-10,"38,500","38,500","37,050","37,300","38,160.00","37,400.00","36,620.00","36,461.67","32,260.42",0,"315,718","1,510,161.00","836,373.80","799,356.12","832,089.66"
2020-08-11,"37,000","41,800","37,000","38,750","38,500.00","37,515.00","36,817.50","36,559.17","32,344.17",0,"1,637,327","1,727,577.00","852,119.60","814,622.08","844,148.06"
2020-08-12,"38,350","39,900","37,800","38,000","38,410.00","37,525.00","37,022.50","36,630.00","32,424.58",37,"568,190","1,724,712.00","871,051.90","817,418.78","847,096.51"
2020-08-13,"38,150","38,500","37,400","37,800","38,070.00","37,665.00","37,225.00","36,680.83","32,509.17",38,"262,552","709,259.60","877,656.85","815,231.60","848,250.91"
2020-08-14,"37,900","38,950","37,350","37,600","37,890.00","37,840.00","37,405.00","36,748.33","32,605.00",42,"262,071","609,171.60","884,207.00","814,786.52","848,936.77"
2020-08-18,"37,200","38,100","35,500","36,000","37,630.00","37,895.00","37,482.50","36,786.67","32,687.08",0,"232,488","592,525.60","887,211.15","813,705.02","849,997.18"
2020-08-19,"36,100","37,200","36,100","36,900","37,260.00","37,880.00","37,565.00","36,830.83","32,782.08",0,"135,941","292,248.40","862,780.95","807,106.25","850,237.42"
2020-08-20,"36,800","38,250","36,250","37,200","37,100.00","37,755.00","37,622.50","36,888.33","32,878.33",0,"336,740","245,958.40","868,337.85","808,375.32","852,323.61"
2020-08-21,"37,800","39,900","37,350","37,700","37,080.00","37,575.00","37,562.50","36,960.00","32,990.00",0,"1,312,706","455,989.20","755,795.25","826,148.93","861,902.43"
2020-08-24,"37,300","39,150","36,950","38,400","37,240.00","37,565.00","37,507.50","37,022.50","33,104.17",0,"429,661","489,507.20","718,720.95","741,370.65","864,886.15"
2020-08-25,"38,900","39,200","38,200","39,050","37,850.00","37,740.00","37,570.00","37,078.33","33,221.67",0,"297,094","502,428.40","710,846.95","733,382.15","866,759.05"
2020-08-26,"39,050","40,050","38,600","40,000","38,470.00","37,865.00","37,690.00","37,155.00","33,346.67",0,"570,569","589,354.00","725,963.80","734,518.87","871,081.47"
2020-08-27,"40,150","40,300","38,200","38,350","38,700.00","37,900.00","37,712.50","37,198.33","33,407.08",39,"424,265","606,859.00","735,309.35","730,306.20","835,431.75"
2020-08-28,"38,700","40,000","38,000","38,050","38,770.00","37,925.00","37,795.00","37,237.50","33,489.17",40,"516,353","447,588.40","745,558.65","734,588.38","831,095.50"
2020-08-31,"37,700","39,200","37,000","38,150","38,720.00","37,980.00","37,910.00","37,241.67","33,567.50",0,"544,928","470,641.80","762,853.65","720,237.37","828,153.09"
2020-09-01,"38,200","41,000","37,650","38,700","38,650.00","38,250.00","38,072.50","37,245.83","33,651.67",0,"1,311,250","673,473.00","819,647.00","729,146.10","815,995.78"
2020-09-02,"39,050","39,350","38,500","39,150","38,480.00","38,475.00","38,177.50","37,207.50","33,747.92",0,"250,494","609,458.00","804,659.35","639,743.95","812,743.70"
2020-09-03,"39,250","40,050","39,000","39,000","38,610.00","38,655.00","38,205.00","37,165.83","33,858.33",0,"394,925","603,590.00","795,279.95","616,498.43","811,897.63"
2020-09-04,"37,400","39,450","37,400","39,150","38,830.00","38,800.00","38,187.50","37,155.83","33,992.92",0,"374,380","575,195.40","547,008.15","611,053.03","810,269.95"
2020-09-07,"39,350","39,400","38,350","38,400","38,880.00","38,800.00","38,182.50","37,144.17","34,121.25",0,"213,531","508,916.00","519,559.15","605,155.83","809,198.73"
2020-09-08,"38,500","38,950","37,800","38,000","38,740.00","38,695.00","38,217.50","37,168.33","34,241.67",0,"202,991","287,264.20","513,922.80","594,367.62","808,674.43"
2020-09-09,"37,600","37,950","37,500","37,700","38,450.00","38,465.00","38,165.00","37,111.67","34,370.83",0,"123,191","261,803.60","438,216.00","580,644.47","806,884.79"
2020-09-10,"37,800","38,000","37,550","37,550","38,160.00","38,385.00","38,142.50","37,061.67","34,522.08",0,"114,366","205,691.80","415,524.80","544,829.20","804,112.95"
2020-09-11,"37,600","39,800","37,200","37,950","37,920.00","38,375.00","38,150.00","37,012.50","34,665.83",0,"503,158","231,447.40","427,555.10","544,459.75","801,492.24"
2020-09-14,"38,500","38,900","37,900","38,550","37,950.00","38,415.00","38,197.50","37,008.33","34,823.33",0,"226,510","234,043.20","425,777.05","539,023.53","801,168.28"
2020-09-15,"38,750","38,950","38,150","38,750","38,100.00","38,420.00","38,335.00","37,006.67","34,933.75",0,"151,923","223,829.60","421,748.80","536,683.48","792,033.64"
2020-09-16,"38,750","39,600","38,200","38,850","38,330.00","38,390.00","38,432.50","37,023.33","35,040.42",0,"276,386","254,468.60","428,771.05","536,585.78","772,755.34"
2020-09-17,"38,850","38,850","37,800","37,950","38,410.00","38,285.00","38,470.00","37,017.50","35,115.00",0,"144,750","260,545.40","419,171.55","528,588.80","749,697.63"
2020-09-18,"37,800","40,800","37,800","40,800","38,980.00","38,450.00","38,625.00","37,064.17","35,221.67",70,"642,149","288,343.60","385,643.70","534,228.15","736,501.14"
2020-09-21,"42,800","43,850","38,100","38,200","38,910.00","38,430.00","38,615.00","37,089.17","35,300.42",44,"1,679,138","578,869.20","448,117.55","556,017.43","745,128.17"
2020-09-22,"38,700","38,700","36,000","36,150","38,390.00","38,245.00","38,470.00","37,103.33","35,340.00",2,"352,656","619,015.80","450,895.65","558,352.08","728,868.19"
2020-09-23,"36,250","37,050","35,600","35,750","37,770.00","38,050.00","38,257.50","37,095.00","35,396.25",0,"254,570","614,652.60","435,095.70","557,371.83","725,019.60"
2020-09-24,"35,000","35,350","33,450","33,550","36,890.00","37,650.00","38,017.50","37,064.17","35,431.67",0,"263,350","638,372.60","427,049.95","559,174.13","724,011.78"
2020-09-25,"33,700","34,400","32,750","32,950","35,320.00","37,150.00","37,762.50","37,020.83","35,462.92",0,"172,821","544,507.00","409,873.35","560,443.18","722,090.62"
2020-09-28,"32,950","34,350","32,600","33,200","34,320.00","36,615.00","37,515.00","36,972.50","35,481.25",0,"266,406","261,960.60","395,947.25","563,195.60","713,411.74"
2020-09-29,"33,900","33,950","33,200","33,600","33,810.00","36,100.00","37,260.00","36,934.17","35,503.75",0,"112,918","214,013.00","336,030.65","563,309.83","701,672.12"
2020-10-05,"34,000","34,500","33,400","33,850","33,430.00","35,600.00","36,995.00","36,904.17","35,541.67",0,"123,681","187,835.20","329,690.00","563,570.97","697,869.47"
2020-10-06,"33,800","34,250","33,750","34,250","33,570.00","35,230.00","36,757.50","36,921.67","35,582.08",0,"101,185","155,402.20","315,003.00","552,499.32","692,687.63"
2020-10-07,"33,900","37,250","33,750","35,000","33,980.00","34,650.00","36,550.00","36,950.00","35,631.25",70,"512,944","223,426.80","321,931.20","555,773.28","694,038.74"
2020-10-08,"35,200","35,850","34,850","34,900","34,320.00","34,320.00","36,375.00","36,986.67","35,684.58",0,"198,733","209,892.20","321,191.30","555,740.20","694,318.96"
2020-10-12,"35,200","35,350","34,550","34,950","34,590.00","34,200.00","36,222.50","37,020.00","35,735.42",0,"159,907","219,290.00","319,037.10","556,444.57","692,369.69"
2020-10-13,"35,050","35,500","34,350","34,500","34,720.00","34,075.00","36,062.50","37,015.00","35,779.58",0,"85,735","211,700.80","317,164.30","535,833.30","691,496.06"
2020-10-14,"35,000","35,050","34,250","34,300","34,730.00","34,150.00","35,900.00","37,021.67","35,820.00",0,"115,614","214,586.60","317,226.70","534,601.13","689,739.09"
2020-10-15,"34,300","34,600","32,300","32,950","34,320.00","34,150.00","35,650.00","37,008.33","35,838.33",0,"203,530","152,703.80","302,245.30","535,819.08","685,761.71"
2020-10-16,"33,100","33,100","31,650","31,950","33,730.00","34,025.00","35,320.00","36,974.17","35,857.50",0,"174,727","147,902.60","299,656.15","536,546.73","683,040.98"
2020-10-19,"31,900","32,800","31,900","32,400","33,220.00","33,905.00","35,002.50","36,940.00","35,867.92",0,"83,247","132,570.60","296,222.35","535,060.77","672,270.32"
2020-10-20,"31,750","32,350","31,000","31,550","32,630.00","33,675.00","34,637.50","36,878.33","35,877.50",0,"126,910","140,805.60","288,748.55","526,766.85","669,859.19"
2020-10-21,"31,550","34,250","31,550","32,300","32,230.00","33,480.00","34,355.00","36,815.83","35,901.67",66,"341,791","186,041.00","298,600.60","528,703.33","670,094.64"
2020-10-22,"32,350","32,350","31,650","31,900","32,020.00","33,170.00","33,910.00","36,699.17","35,919.17",0,"74,716","160,278.20","270,228.95","470,555.97","669,530.11"
2020-10-23,"31,950","32,150","31,600","32,000","32,030.00","32,880.00","33,600.00","36,574.17","35,942.92",0,"54,652","136,263.20","189,004.65","451,947.72","668,564.32"
2020-10-26,"32,000","32,150","30,800","30,900","31,730.00","32,475.00","33,337.50","36,459.17","35,956.67",0,"107,141","141,042.00","176,728.90","446,157.17","668,389.66"
2020-10-27,"31,500","32,000","30,400","30,550","31,530.00","32,080.00","33,077.50","36,341.67","35,970.42",0,"113,883","138,436.60","169,694.55","443,584.68","668,236.69"
2020-10-28,"30,100","31,450","30,000","31,450","31,360.00","31,795.00","32,972.50","36,234.17","35,988.75",0,"132,438","96,566.00","163,148.95","441,836.08","668,527.55"
2020-10-29,"31,000","31,300","30,500","31,300","31,240.00","31,630.00","32,890.00","36,149.17","36,006.25",0,"70,911","95,805.00","158,053.45","437,828.48","668,209.90"
2020-10-30,"31,250","31,250","30,300","30,800","31,000.00","31,515.00","32,770.00","36,065.00","36,017.50",0,"56,363","96,147.20","147,551.30","435,450.73","667,259.88"
2020-11-02,"30,850","30,950","30,550","30,600","30,940.00","31,335.00","32,620.00","35,984.17","36,022.92",0,"35,962","81,911.40","143,703.50","433,127.05","664,654.80"
2020-11-03,"30,550","31,400","30,550","30,900","31,010.00","31,270.00","32,472.50","35,881.67","36,034.58",70,"115,750","82,284.80","143,306.95","425,885.43","664,115.43"
2020-11-04,"31,400","31,600","30,900","31,400","31,000.00","31,180.00","32,330.00","35,764.17","36,044.58",0,"102,583","76,313.80","143,376.85","417,886.60","663,131.83"
2020-11-05,"31,450","32,450","31,450","32,300","31,200.00","31,220.00","32,195.00","35,644.17","36,008.75",0,"111,632","84,458.00","123,311.25","330,750.20","611,074.65"
2020-11-06,"32,950","32,950","31,650","31,650","31,370.00","31,185.00","32,032.50","35,530.00","35,981.25",0,"115,858","96,357.00","119,167.50","319,972.65","564,002.92"
2020-11-09,"31,850","32,600","31,600","32,200","31,690.00","31,315.00","31,895.00","35,445.00","35,953.33",0,"91,351","107,434.80","115,739.70","316,233.20","557,794.66"
2020-11-10,"32,400","32,400","31,700","32,200","31,950.00","31,480.00","31,780.00","35,335.83","35,947.50",0,"82,952","100,875.20","115,600.55","290,326.95","552,474.52"
2020-11-11,"32,200","32,350","31,750","32,000","32,070.00","31,535.00","31,665.00","35,235.83","35,932.92",0,"80,866","96,531.80","113,863.15","282,204.88","549,811.83"
2020-11-12,"32,000","32,650","31,850","32,000","32,010.00","31,605.00","31,617.50","35,139.17","35,910.00",0,"120,423","98,290.00","109,707.80","279,836.07","547,533.83"
2020-11-13,"32,600","33,500","32,350","32,500","32,180.00","31,775.00","31,645.00","35,054.17","35,901.25",0,"280,666","131,251.60","115,004.75","280,145.98","547,466.25"
2020-11-16,"32,500","32,650","32,050","32,450","32,230.00","31,960.00","31,647.50","34,995.00","35,890.83",0,"78,213","128,624.00","114,753.05","277,574.73","545,639.88"
2020-11-17,"32,350","32,350","31,550","31,800","32,150.00","32,050.00","31,660.00","34,910.00","35,870.42",0,"143,906","140,814.80","115,602.85","277,707.48","542,406.87"
2020-11-18,"31,650","32,350","31,600","32,250","32,200.00","32,135.00","31,657.50","34,827.50","35,857.92",30,"85,345","141,710.60","102,780.55","273,517.57","540,946.44"
2020-11-19,"32,250","33,100","31,950","33,000","32,400.00","32,205.00","31,712.50","34,749.17","35,854.58",0,"205,842","158,794.40","109,336.85","255,069.83","540,609.38"
2020-11-20,"33,700","35,250","32,800","33,550","32,610.00","32,395.00","31,790.00","34,668.33","35,845.42",0,"829,592","268,579.60","148,083.85","261,735.35","501,553.00"
2020-11-23,"33,500","33,550","32,800","33,050","32,730.00","32,480.00","31,897.50","34,568.33","35,823.33",0,"140,576","281,052.20","149,755.60","259,126.72","496,254.43"
2020-11-24,"33,200","33,250","32,600","32,700","32,910.00","32,530.00","32,005.00","34,446.67","35,800.83",0,"122,448","276,760.60","150,183.85","251,658.03","493,088.45"
2020-11-25,"32,650","33,400","32,500","32,800","33,020.00","32,610.00","32,072.50","34,354.17","35,776.25",0,"150,658","289,823.20","151,094.85","247,097.92","488,702.06"
2020-11-26,"32,600","33,150","32,600","32,900","33,000.00","32,700.00","32,152.50","34,268.33","35,752.92",0,"87,303","266,115.40","151,914.45","239,947.08","487,267.73"
2020-11-27,"32,800","33,600","32,750","33,400","32,970.00","32,790.00","32,282.50","34,189.17","35,715.42",0,"91,527","118,502.40","153,672.65","232,390.40","476,313.88"
2020-11-30,"33,650","33,850","33,100","33,850","33,130.00","32,930.00","32,445.00","34,108.33","35,677.08",0,"124,827","115,352.60","158,115.90","212,616.68","470,881.39"
2020-12-01,"33,550","33,750","33,150","33,450","33,280.00","33,095.00","32,572.50","34,013.33","35,610.42",0,"77,712","106,405.40","156,214.00","209,736.98","424,740.47"
2020-12-02,"33,500","33,900","33,200","33,750","33,470.00","33,245.00","32,690.00","33,925.83","35,545.83",0,"149,007","106,075.20","158,535.20","205,638.35","411,068.39"
2020-12-03,"34,100","34,100","33,250","33,400","33,570.00","33,285.00","32,745.00","33,830.00","35,492.92",39,"115,766","111,767.80","158,741.90","201,328.12","406,190.58"
2020-12-04,"33,700","33,900","33,350","33,500","33,590.00","33,280.00","32,837.50","33,748.33","35,446.25",0,"141,091","121,680.60","160,003.55","200,120.78","402,638.31"
