2018-07-02,"212,500","214,000","208,000","208,000", , , , , ,0,89, , , , 
2018-07-03,"208,000","208,000","203,500","207,500", , , , , ,0,91, , , , 
2018-07-04,"209,000","209,000","209,000","209,000", , , , , ,0,1, , , , 
2018-07-05,"209,000","209,000","209,000","209,000", , , , , ,0,11, , , , 
2018-07-06,"210,000","210,000","210,000","210,000","208,700.00", , , , ,0,1,38.6, , , 
2018-07-09,"209,000","209,000","209,000","209,000","208,900.00", , , , ,0,9,22.6, , , 
2018-07-10,"208,000","210,500","208,000","210,500","209,500.00", , , , ,0,11,6.6, , , 
2018-07-11,"210,000","210,000","210,000","210,000","209,700.00", , , , ,0,0,6.4, , , 
2018-07-12,"206,500","209,000","206,500","209,000","209,700.00", , , , ,0,13,6.8, , , 
2018-07-13,"207,500","210,500","207,500","210,500","209,800.00","209,250.00", , , ,0,6,7.8, , , 
2018-07-16,"210,500","211,500","206,000","210,000","210,000.00","209,450.00", , , ,0,55,17, , , 
2018-07-17,"208,500","209,500","208,500","209,500","209,800.00","209,650.00", , , ,0,7,16.2, , , 
2018-07-18,"209,500","209,500","208,000","209,000","209,600.00","209,650.00", , , ,0,4,17, , , 
2018-07-19,"207,500","208,500","203,500","208,500","209,500.00","209,600.00", , , ,0,28,20, , , 
2018-07-20,"208,500","209,000","208,000","209,000","209,200.00","209,500.00", , , ,0,15,21.8, , , 
2018-07-23,"209,000","209,500","209,000","209,500","209,100.00","209,550.00", , , ,0,5,11.8, , , 
2018-07-24,"208,000","209,500","208,000","209,500","209,100.00","209,450.00", , , ,0,3,11, , , 
2018-07-25,"206,500","206,500","206,000","206,000","208,500.00","209,050.00", , , ,0,8,11.8, , , 
2018-07-26,"206,000","208,500","203,000","206,000","208,000.00","208,750.00", , , ,0,101,26.4, , , 
2018-07-27,"207,000","207,000","203,000","203,500","206,900.00","208,050.00","208,650.00", , ,0,53,34,25.55, , 
2018-07-30,"205,500","205,500","203,500","203,500","205,700.00","207,400.00","208,425.00", , ,49,70,47,24.6, , 
2018-07-31,"204,000","206,000","203,500","206,000","205,000.00","207,050.00","208,350.00", , ,70,49,56.2,22.5, , 
2018-08-01,"206,000","207,000","206,000","207,000","205,200.00","206,850.00","208,250.00", , ,0,6,55.8,22.75, , 
2018-08-02,"207,000","208,000","206,500","207,500","205,500.00","206,750.00","208,175.00", , ,67,21,39.8,23.25, , 
2018-08-03,"209,500","211,500","209,500","210,000","206,800.00","206,850.00","208,175.00", , ,0,21,33.4,24.25, , 
2018-08-06,"209,000","209,000","208,500","208,500","207,800.00","206,750.00","208,150.00", , ,0,11,21.6,24.35, , 
2018-08-07,"208,500","208,500","208,500","208,500","208,300.00","206,650.00","208,050.00", , ,0,2,12.2,23.9, , 
2018-08-08,"209,500","210,500","209,500","210,500","209,000.00","207,100.00","208,075.00", , ,0,16,14.2,24.7, , 
2018-08-09,"209,000","210,000","209,000","210,000","209,500.00","207,500.00","208,125.00", , ,0,3,10.6,24.2, , 
2018-08-10,"211,500","211,500","211,500","211,500","209,800.00","208,300.00","208,175.00", , ,0,1,6.6,23.95, , 
2018-08-13,"210,000","210,000","206,000","210,000","210,100.00","208,950.00","208,175.00", , ,28,9,6.2,21.65, , 
2018-08-14,"210,000","210,000","210,000","210,000","210,400.00","209,350.00","208,200.00", , ,30,0,5.8,21.3, , 
2018-08-16,"208,500","212,000","208,500","212,000","210,700.00","209,850.00","208,350.00", , ,18,14,5.4,21.8, , 
2018-08-17,"210,500","210,500","204,000","204,500","209,600.00","209,550.00","208,150.00", , ,2,77,20.2,24.25, , 
2018-08-20,"206,000","207,000","204,000","206,000","208,500.00","209,150.00","208,000.00", , ,70,12,22.4,24.1, , 
2018-08-21,"205,500","206,000","205,500","206,000","207,700.00","208,900.00","207,825.00", , ,0,12,23,24.45, , 
2018-08-22,"206,500","207,000","204,500","207,000","207,100.00","208,750.00","207,700.00", , ,71,21,27.2,25.35, , 
2018-08-23,"207,000","207,000","207,000","207,000","206,100.00","208,400.00","207,750.00", , ,0,0,24.4,24.95, , 
2018-08-24,"206,000","208,000","205,500","208,000","206,800.00","208,200.00","207,850.00", , ,0,16,12.2,20.7, , 
2018-08-27,"206,500","209,000","206,500","209,000","207,400.00","207,950.00","208,125.00", , ,0,13,12.4,18.7, , 
2018-08-28,"207,500","209,000","207,500","209,000","208,000.00","207,850.00","208,400.00", , ,30,4,10.8,15.4, , 
2018-08-29,"207,500","210,000","207,500","210,000","208,600.00","207,850.00","208,600.00", , ,0,5,7.6,13.2, , 
2018-08-30,"208,500","208,500","205,000","207,500","208,700.00","207,400.00","208,625.00", , ,71,18,11.2,13.8, , 
2018-08-31,"206,000","208,500","206,000","208,500","208,800.00","207,800.00","208,675.00", , ,0,5,9,13, , 
2018-09-03,"208,500","208,500","208,500","208,500","208,700.00","208,050.00","208,600.00", , ,0,1,6.6,12, , 
2018-09-04,"208,500","209,000","208,500","209,000","208,700.00","208,350.00","208,625.00", , ,70,2,6.2,11.55, , 
2018-09-05,"209,000","209,000","209,000","209,000","208,500.00","208,550.00","208,650.00", , ,30,0,5.2,11.45, , 
2018-09-06,"208,000","209,500","207,500","209,500","208,900.00","208,800.00","208,600.00", , ,0,5,2.6,10.9, , 
2018-09-07,"209,500","209,500","208,000","209,500","209,100.00","208,950.00","208,575.00", , ,30,3,2.2,10.9, , 
2018-09-10,"209,000","209,000","204,000","206,500","208,700.00","208,700.00","208,325.00", , ,0,27,7.4,12.2, , 
2018-09-11,"206,000","206,500","205,000","206,500","208,200.00","208,450.00","208,150.00", , ,54,8,8.6,12.15, , 
2018-09-12,"206,500","214,000","206,000","212,000","208,800.00","208,650.00","208,250.00", , ,0,82,25,16.25, , 
2018-09-13,"211,000","215,000","208,000","208,500","208,600.00","208,750.00","208,075.00", , ,37,80,40,19.55, , 
2018-09-14,"208,500","211,000","208,500","211,000","208,900.00","209,000.00","208,400.00", , ,0,25,44.4,16.95, , 
2018-09-17,"211,000","211,500","209,500","211,500","209,900.00","209,300.00","208,675.00", , ,0,6,40.2,16.65, , 
2018-09-18,"212,500","212,500","212,000","212,000","211,000.00","209,600.00","208,975.00", , ,0,5,39.6,16.3, , 
2018-09-19,"212,500","212,500","212,500","212,500","211,100.00","209,950.00","209,250.00", , ,30,10,25.2,15.75, , 
2018-09-20,"211,000","215,000","211,000","215,000","212,400.00","210,500.00","209,650.00", , ,18,61,21.4,18.8, , 
2018-09-21,"215,500","216,000","213,500","216,000","213,400.00","211,150.00","210,050.00", , ,0,21,20.6,19.05, , 
2018-09-27,"216,500","216,500","216,500","216,500","214,400.00","212,150.00","210,425.00","209,066.67", ,0,3,20,18.55,20.93, 
2018-09-28,"216,500","216,500","216,500","216,500","215,300.00","213,150.00","210,800.00","209,208.33", ,30,0,19,18.35,19.45, 
2018-10-01,"215,000","217,000","215,000","217,000","216,200.00","213,650.00","211,150.00","209,366.67", ,0,6,18.2,18.4,18.03, 
2018-10-02,"217,000","217,000","215,500","217,000","216,600.00","214,500.00","211,625.00","209,500.00", ,30,3,6.6,17.65,18.07, 
2018-10-04,"215,500","216,000","209,500","216,000","216,600.00","215,000.00","212,000.00","209,616.67", ,20,22,6.8,18.5,18.25, 
2018-10-05,"218,000","220,000","216,000","219,500","217,200.00","215,800.00","212,550.00","209,775.00", ,0,63,18.8,21.6,19.28, 
2018-10-08,"218,000","219,000","213,000","216,000","217,100.00","216,200.00","212,900.00","209,891.67", ,0,518,122.4,47.4,27.77, 
2018-10-10,"214,500","215,000","211,000","214,500","216,600.00","216,400.00","213,175.00","209,958.33", ,0,153,151.8,55.05,30.13, 
2018-10-11,"215,000","215,500","210,000","210,500","215,300.00","215,950.00","213,225.00","209,966.67", ,2,178,186.8,63.7,33.1, 
2018-10-12,"210,500","212,500","208,000","208,000","213,700.00","215,150.00","213,150.00","209,950.00", ,0,179,218.2,72.5,35.87, 
2018-10-15,"205,500","205,500","204,500","204,500","210,700.00","213,950.00","213,050.00","209,850.00", ,0,136,232.8,77.95,38.03, 
2018-10-16,"204,000","205,000","204,000","204,500","208,400.00","212,750.00","212,950.00","209,758.33", ,0,183,165.8,86.7,40.17, 
2018-10-17,"204,500","204,500","203,500","204,000","206,300.00","211,450.00","212,550.00","209,666.67", ,0,56,146.4,85.4,40.98, 
2018-10-18,"204,000","204,000","201,500","203,000","204,800.00","210,050.00","212,275.00","209,566.67", ,0,75,125.8,85.15,42.17, 
2018-10-19,"203,000","203,000","200,500","203,000","203,800.00","208,750.00","211,875.00","209,475.00", ,0,38,97.6,85.8,42.33, 
2018-10-22,"201,500","202,000","200,500","200,500","203,000.00","206,850.00","211,325.00","209,333.33", ,70,239,118.2,97.45,46.07, 
2018-10-23,"200,500","200,500","199,500","200,500","202,200.00","205,300.00","210,750.00","209,183.33", ,0,36,88.8,99,46.58, 
2018-10-24,"201,500","202,500","201,500","202,500","201,900.00","204,100.00","210,250.00","209,066.67", ,0,83,94.2,102.65,47.92, 
2018-10-25,"202,500","202,500","199,500","200,000","201,300.00","203,050.00","209,500.00","208,966.67", ,0,74,94,103.3,49.02, 
2018-10-26,"200,000","201,500","196,000","196,000","199,900.00","201,850.00","208,500.00","208,800.00", ,0,89,104.2,106.7,48.82, 
2018-10-29,"196,000","200,000","195,000","198,500","199,500.00","201,250.00","207,600.00","208,716.67", ,0,84,73.2,110.75,49.33, 
2018-10-30,"197,500","197,500","186,000","192,000","197,800.00","200,000.00","206,375.00","208,525.00", ,0,"1,755",417,198.5,77.42, 
2018-10-31,"196,000","196,000","178,000","185,000","194,300.00","198,100.00","204,775.00","208,175.00", ,0,"2,023",805,299.35,110.32, 
2018-11-01,"185,000","185,000","178,500","179,000","190,100.00","195,700.00","202,875.00","207,708.33", ,0,627,915.6,330.55,120.67, 
2018-11-02,"180,500","182,500","180,500","182,500","187,400.00","193,650.00","201,200.00","207,291.67", ,0,2,898.2,329.55,120.35, 
2018-11-05,"181,500","181,500","178,000","180,500","183,800.00","191,650.00","199,250.00","206,800.00", ,0,28,887,327.8,120.47, 
2018-11-06,"177,500","181,000","177,000","180,500","181,500.00","189,650.00","197,475.00","206,333.33", ,0,36,543.2,303.7,120.88, 
2018-11-07,"180,500","183,000","180,000","181,500","180,800.00","187,550.00","195,825.00","205,883.33", ,0,33,145.2,297.7,121.4, 
2018-11-08,"182,500","186,500","182,000","185,000","182,000.00","186,050.00","194,550.00","205,458.33", ,0,89,37.6,293.25,122.62, 
2018-11-09,"184,000","184,000","184,000","184,000","182,300.00","184,850.00","193,350.00","205,025.00", ,0,6,38.4,284.6,122.67, 
2018-11-12,"183,000","185,000","182,500","182,500","182,700.00","183,250.00","192,250.00","204,541.67", ,0,34,39.6,279.5,123.22, 
2018-11-13,"183,000","183,500","183,000","183,500","183,300.00","182,400.00","191,200.00","204,100.00", ,0,11,34.6,270.9,123.25, 
2018-11-14,"182,500","185,500","182,500","185,500","184,100.00","182,450.00","190,275.00","203,691.67", ,0,19,31.8,269.05,123.57, 
2018-11-15,"185,500","185,500","184,500","184,500","184,000.00","183,000.00","189,350.00","203,233.33", ,0,21,18.2,266.35,123.68, 
2018-11-16,"185,000","191,500","184,000","190,000","185,200.00","183,750.00","188,700.00","202,991.67", ,0,201,57.2,274.5,125.75, 
2018-11-19,"191,000","199,500","190,000","195,000","187,700.00","185,200.00","188,425.00","202,808.33", ,0,67,63.8,265.9,126.67, 
2018-11-20,"193,000","196,000","191,000","196,000","190,200.00","186,750.00","188,200.00","202,641.67", ,0,58,73.2,267,127.43, 
2018-11-21,"195,000","200,000","195,000","200,000","193,100.00","188,600.00","188,075.00","202,525.00", ,18,10,71.4,263.35,127.25, 
2018-11-22,"199,000","200,500","193,000","193,000","194,800.00","189,400.00","187,725.00","202,291.67", ,0,41,75.4,261.7,127.93, 
2018-11-23,"193,000","195,500","190,500","195,500","195,900.00","190,550.00","187,700.00","202,083.33", ,0,12,37.6,257.85,127.87, 
2018-11-26,"194,500","204,000","194,500","203,500","197,600.00","192,650.00","187,950.00","201,991.67", ,18,202,64.6,263.75,131.02, 
2018-11-27,"202,000","203,000","202,000","203,000","199,000.00","194,600.00","188,500.00","201,891.67", ,0,3,53.6,176.15,131, 
2018-11-28,"201,500","201,500","196,000","201,500","199,300.00","196,200.00","189,325.00","201,750.00", ,0,9,53.4,75.45,131.07, 
2018-11-29,"203,500","204,500","200,000","204,500","201,600.00","198,200.00","190,600.00","201,700.00", ,0,7,46.6,44.45,130.88, 
2018-11-30,"204,500","204,500","203,000","204,500","203,400.00","199,650.00","191,700.00","201,633.33", ,30,9,46,44.8,130.95, 
2018-12-03,"203,000","205,000","203,000","205,000","203,700.00","200,650.00","192,925.00","201,575.00", ,0,5,6.6,43.65,131.02, 
2018-12-04,"204,500","209,000","197,500","209,000","204,900.00","201,950.00","194,350.00","201,575.00", ,0,71,20.2,45.4,132.17, 
2018-12-05,"207,000","209,000","206,500","208,000","206,200.00","202,750.00","195,675.00","201,558.33", ,30,20,22.4,44.75,132.5, 
2018-12-06,"202,000","208,500","202,000","208,500","207,000.00","204,300.00","196,850.00","201,541.67", ,18,25,26,41.55,132.83, 
2018-12-07,"207,000","207,000","196,500","199,000","205,900.00","204,650.00","197,600.00","201,366.67", ,0,133,50.8,47.9,135, 
2018-12-10,"199,500","199,500","198,000","199,500","204,800.00","204,250.00","198,450.00","201,250.00", ,0,5,50.8,46.45,134.63, 
2018-12-11,"199,500","200,000","198,500","200,000","203,000.00","203,950.00","199,275.00","201,141.67", ,0,5,37.6,46.15,134.58, 
2018-12-12,"200,000","207,500","200,000","207,500","202,900.00","204,550.00","200,375.00","201,066.67", ,18,31,39.8,46.75,133.73, 
2018-12-13,"202,000","204,500","200,000","204,500","202,100.00","204,550.00","201,375.00","201,000.00", ,0,7,36.2,46.05,132.52, 
2018-12-14,"204,000","207,500","204,000","207,500","203,800.00","204,850.00","202,250.00","200,941.67", ,0,102,30,41.1,133.8, 
2018-12-17,"207,500","208,000","203,500","206,500","205,200.00","205,000.00","202,825.00","200,858.33", ,0,48,38.6,40.15,134.5, 
2018-12-18,"206,500","206,500","203,000","203,000","205,800.00","204,400.00","203,175.00","200,708.33", ,0,2,38,37.35,134.45, 
2018-12-19,"203,000","203,000","203,000","203,000","204,900.00","203,900.00","203,325.00","200,550.00", ,70,6,33,37.15,134.38, 
2018-12-20,"201,500","202,000","201,500","202,000","204,400.00","203,250.00","203,775.00","200,333.33", ,0,4,32.4,35.3,133.43, 
2018-12-21,"200,500","202,000","200,500","202,000","203,300.00","203,550.00","204,100.00","200,100.00", ,0,2,12.4,34.8,133.12, 
2018-12-24,"197,500","202,000","187,500","202,000","202,400.00","203,800.00","204,025.00","199,858.33","204,462.50",71,12,5.2,25.3,133.27,77.1
2018-12-26,"191,500","194,500","191,500","194,000","200,600.00","203,200.00","203,575.00","199,483.33","204,345.83",0,19,8.6,26.1,133.58,76.52
2018-12-27,"193,000","196,500","193,000","196,500","199,300.00","202,100.00","203,325.00","199,141.67","204,254.17",0,9,9.2,26.1,133.63,75.83
2018-12-28,"197,000","197,000","197,000","197,000","198,300.00","201,350.00","202,950.00","198,808.33","204,154.17",0,3,9,25.9,133.63,75.85
2019-01-02,"194,500","197,000","194,500","197,000","197,300.00","200,300.00","202,575.00","198,491.67","204,054.17",0,4,9.4,25.65,133.33,75.79
2019-01-03,"195,000","197,000","195,000","197,000","196,300.00","199,350.00","202,175.00","198,116.67","203,945.83",0,12,9.4,26,132.48,75.88
2019-01-04,"196,500","199,500","196,500","199,500","197,400.00","199,000.00","201,700.00","197,841.67","203,866.67",67,10,7.6,22.95,124.02,75.89
2019-01-07,"194,500","199,000","194,500","199,000","197,900.00","198,600.00","201,250.00","197,583.33","203,770.83",0,16,9,22.75,121.73,75.93
2019-01-08,"198,500","198,500","198,500","198,500","198,200.00","198,250.00","200,750.00","197,383.33","203,675.00",0,5,9.4,21.75,118.85,75.97
2019-01-09,"199,000","199,000","199,000","199,000","198,600.00","197,950.00","200,750.00","197,233.33","203,591.67",0,6,9.8,15.4,115.97,75.92
2019-01-10,"194,000","195,000","194,000","195,000","198,200.00","197,250.00","200,525.00","197,075.00","203,462.50",0,3,8,15.3,113.75,75.89
2019-01-11,"193,500","195,500","193,500","195,500","197,400.00","197,400.00","200,300.00","196,925.00","203,341.67",0,6,7.2,15.35,110.8,75.48
2019-01-14,"190,000","190,000","189,500","189,500","195,500.00","196,700.00","199,400.00","196,683.33","203,175.00",0,159,35.8,21.75,112.52,76.75
2019-01-15,"189,500","193,000","189,500","193,000","194,400.00","196,300.00","198,825.00","196,516.67","203,041.67",70,144,63.6,28.6,113.67,77.92
2019-01-16,"193,000","193,500","192,000","193,500","193,300.00","195,950.00","198,125.00","196,358.33","202,916.67",0,6,63.6,23.8,113.13,77.73
2019-01-17,"193,500","193,500","193,500","193,500","193,000.00","195,600.00","197,475.00","196,241.67","202,787.50",0,0,63,21.4,109.15,77.61
2019-01-18,"194,000","194,000","193,500","194,000","192,700.00","195,050.00","197,025.00","196,133.33","202,658.33",70,7,63.2,21.65,108.67,77.63
2019-01-21,"194,000","194,000","194,000","194,000","193,600.00","194,550.00","196,575.00","195,991.67","202,529.17",0,2,31.8,21.45,107.32,77.62
2019-01-22,"194,000","195,000","194,000","194,000","193,800.00","194,100.00","196,175.00","195,891.67","202,429.17",70,14,5.8,21.95,106.32,77.67
2019-01-23,"195,000","199,000","194,500","199,000","194,900.00","194,100.00","196,025.00","195,941.67","202,370.83",0,116,27.8,27.65,106.77,77.79
2019-01-24,"195,000","198,500","195,000","197,000","195,600.00","194,300.00","195,775.00","195,916.67","202,316.67",0,15,30.8,27.8,105.62,77.47
2019-01-25,"199,000","199,000","195,500","197,000","196,200.00","194,450.00","195,925.00","196,000.00","202,262.50",0,39,37.2,28.8,77.02,77.22
2019-01-28,"198,000","198,000","196,000","197,000","196,800.00","195,200.00","195,950.00","196,200.00","202,187.50",0,28,42.4,29.75,43.77,77.04
2019-01-29,"196,000","197,000","195,000","197,000","197,400.00","195,600.00","195,950.00","196,500.00","202,104.17",0,11,41.8,30.15,33.5,77.08
2019-01-30,"194,500","196,500","194,500","196,500","196,900.00","195,900.00","195,925.00","196,733.33","202,012.50",0,2,19,30.05,33.5,76.92
2019-01-31,"198,000","201,500","198,000","201,500","197,800.00","196,700.00","196,150.00","197,083.33","201,941.67",18,94,34.8,34.15,34.6,77.53
2019-02-01,"202,500","206,000","202,500","206,000","199,600.00","197,900.00","196,475.00","197,508.33","201,920.83",0,4,27.8,33.85,34.07,77.47
2019-02-07,"206,000","209,500","202,500","209,500","202,100.00","199,450.00","197,000.00","197,975.00","201,929.17",0,92,40.6,37.65,35.05,78.22
2019-02-08,"210,000","218,000","208,000","218,000","206,300.00","201,850.00","197,975.00","198,525.00","201,991.67",0,313,101,53.05,38.78,80.7
2019-02-11,"218,000","219,000","209,000","217,000","210,400.00","203,650.00","198,875.00","199,075.00","202,050.00",17,339,168.4,69.7,44.33,83.5
2019-02-12,"209,000","213,500","209,000","213,500","212,800.00","205,300.00","199,800.00","199,591.67","202,066.67",0,317,213,85.4,49.05,86.13
2019-02-13,"208,000","208,500","207,000","207,000","213,000.00","206,300.00","200,375.00","199,983.33","202,041.67",0,52,222.6,87.7,49.73,86.49
2019-02-14,"206,000","207,000","206,000","206,000","212,300.00","207,200.00","201,200.00","200,325.00","202,008.33",0,25,209.2,81,49.83,86.7
2019-02-15,"204,500","207,000","204,500","207,000","210,100.00","208,200.00","201,900.00","200,700.00","201,966.67",30,2,147,73.9,49.52,86.6
2019-02-18,"207,000","208,000","207,000","208,000","208,300.00","209,350.00","202,625.00","201,000.00","201,995.83",0,5,80.2,73.85,46.25,86
2019-02-19,"208,500","208,500","208,500","208,500","207,300.00","210,050.00","203,375.00","201,225.00","202,016.67",0,2,17.2,73.95,45.17,85.92
2019-02-20,"209,000","209,500","209,000","209,500","207,800.00","210,400.00","204,150.00","201,450.00","202,045.83",0,12,9.2,74.2,44.4,85.92
2019-02-21,"209,500","209,500","209,500","209,500","208,500.00","210,400.00","204,925.00","201,608.33","202,066.67",30,0,4.2,74.1,44.23,85.74
2019-02-22,"208,000","210,000","208,000","210,000","209,100.00","209,600.00","205,725.00","201,891.67","202,091.67",0,21,8,74.45,43.9,85.92
2019-02-25,"210,000","210,000","208,000","208,000","209,100.00","208,700.00","206,175.00","202,100.00","202,091.67",30,326,72.2,84.95,49.13,88.5
2019-02-26,"207,000","209,000","204,000","209,000","209,200.00","208,250.00","206,775.00","202,191.67","202,091.67",0,510,173.8,109.7,54.27,92.64
2019-02-27,"207,500","211,500","207,500","211,500","209,600.00","208,700.00","207,500.00","202,333.33","202,112.50",18,5,172.4,108,54.3,92.65
2019-02-28,"212,000","216,000","212,000","215,000","210,700.00","209,600.00","208,400.00","202,558.33","202,154.17",0,18,176,107.5,54.45,92.76
2019-03-04,"213,500","215,000","213,000","215,000","211,700.00","210,400.00","209,300.00","202,733.33","202,216.67",0,146,201,114.25,56.77,93.83
2019-03-05,"215,000","216,500","215,000","216,500","213,400.00","211,250.00","210,300.00","202,933.33","202,283.33",0,27,141.2,115.5,57.07,94.01
2019-03-06,"215,000","215,000","215,000","215,000","214,600.00","211,900.00","210,975.00","203,100.00","202,337.50",0,1,39.4,110.85,57,94.01
2019-03-07,"213,000","213,000","212,000","212,000","214,700.00","212,150.00","211,275.00","203,150.00","202,362.50",0,101,58.6,115.7,57.5,94.83
2019-03-08,"210,500","212,500","210,500","212,500","214,200.00","212,450.00","211,425.00","203,225.00","202,391.67",0,17,58.4,111.95,57.45,94.97
2019-03-11,"212,500","212,500","212,500","212,500","213,700.00","212,700.00","211,150.00","203,291.67","202,416.67",30,2,29.6,96.4,57.07,94.95
2019-03-12,"211,000","213,000","211,000","213,000","213,000.00","213,200.00","210,950.00","203,525.00","202,445.83",0,2,24.6,79.55,54.88,94.94
2019-03-13,"213,000","213,000","212,000","212,000","212,400.00","213,500.00","210,875.00","203,733.33","202,491.67",30,11,26.6,64.25,54.98,94.81
2019-03-14,"210,500","212,000","210,500","212,000","212,400.00","213,550.00","211,125.00","203,933.33","202,537.50",0,3,7,61.8,54.95,94.77
2019-03-15,"210,500","210,500","210,500","210,500","212,000.00","213,100.00","211,350.00","203,983.33","202,525.00",0,3,4.2,60.7,54.48,94.11
2019-03-18,"212,500","212,500","212,500","212,500","212,000.00","212,850.00","211,625.00","204,116.67","202,558.33",0,2,4.2,60.7,54.4,93.46
2019-03-19,"212,000","212,000","212,000","212,000","211,800.00","212,400.00","211,825.00","204,191.67","202,566.67",0,0,3.8,60.45,52.7,93.25
2019-03-20,"212,000","212,000","211,000","212,000","211,800.00","212,100.00","212,000.00","204,283.33","202,570.83",30,12,4,60.95,52.1,93.3
2019-03-21,"210,000","210,000","209,500","209,500","211,300.00","211,850.00","212,000.00","204,391.67","202,550.00",0,11,5.6,60.9,52.25,93.35
2019-03-22,"212,500","212,500","212,500","212,500","211,700.00","211,850.00","212,150.00","204,550.00","202,550.00",0,10,7,61.4,52.32,93.35
2019-03-25,"213,000","213,500","213,000","213,500","211,900.00","211,950.00","212,325.00","204,741.67","202,537.50",0,5,7.6,60.6,52.33,92.88
2019-03-26,"213,000","213,000","213,000","213,000","212,100.00","211,950.00","212,575.00","204,925.00","202,512.50",0,0,7.6,44.3,52.3,92.71
2019-03-27,"212,500","212,500","208,500","209,500","211,600.00","211,700.00","212,600.00","205,050.00","202,454.17",0,6,6.4,19.1,52.2,92.73
2019-03-28,"212,000","212,000","209,500","209,500","211,600.00","211,450.00","212,500.00","205,308.33","202,395.83",49,6,5.4,19.15,51.98,92.78
2019-03-29,"207,500","210,000","207,500","210,000","211,100.00","211,400.00","212,250.00","205,533.33","202,337.50",9,3,4,18.4,51.88,92.76
2019-04-01,"207,500","211,000","207,500","211,000","210,600.00","211,250.00","212,050.00","205,766.67","202,287.50",70,50,13,13.6,52.67,93.15
2019-04-02,"209,500","210,500","209,500","210,500","210,100.00","211,100.00","211,750.00","205,991.67","202,241.67",0,3,13.6,12.4,52.65,92.99
2019-04-03,"209,000","210,000","205,000","210,000","210,200.00","210,900.00","211,500.00","206,208.33","202,162.50",71,20,16.4,13.35,52.78,92.63
2019-04-04,"210,500","211,000","208,500","210,000","210,300.00","210,950.00","211,400.00","206,383.33","202,112.50",0,20,19.2,9.3,52.95,88.48
2019-04-05,"210,000","210,000","210,000","210,000","210,300.00","210,700.00","211,275.00","206,566.67","202,075.00",0,0,18.6,8.45,52.68,87.21
2019-04-08,"209,000","209,000","206,000","208,000","209,700.00","210,150.00","211,050.00","206,725.00","202,054.17",0,31,14.8,9.9,53.12,85.98
2019-04-09,"208,000","208,000","208,000","208,000","209,200.00","209,650.00","210,800.00","206,875.00","202,054.17",0,1,14.4,9.85,53.03,84.5
2019-04-10,"208,000","208,000","208,000","208,000","208,800.00","209,500.00","210,600.00","207,091.67","202,083.33",70,0,10.4,9.3,52.98,83.37
2019-04-11,"208,000","208,000","208,000","208,000","208,400.00","209,350.00","210,400.00","207,300.00","202,112.50",70,11,8.6,9.7,53.07,81.93
2019-04-12,"209,000","210,000","209,000","210,000","208,400.00","209,350.00","210,375.00","207,641.67","202,162.50",0,7,10,9.9,50.53,81.53
2019-04-15,"210,000","210,000","208,500","210,000","208,800.00","209,250.00","210,250.00","207,925.00","202,220.83",46,27,9.2,11.15,48.58,81.13
2019-04-16,"210,000","214,000","210,000","212,000","209,600.00","209,400.00","210,250.00","208,233.33","202,295.83",0,173,43.6,19.8,51.37,82.25
2019-04-17,"213,000","220,000","213,000","217,500","211,500.00","210,150.00","210,525.00","208,633.33","202,437.50",0,425,128.6,40.45,58.45,83.8
2019-04-18,"217,500","217,500","212,000","214,500","212,800.00","210,600.00","210,775.00","208,975.00","202,554.17",17,34,133.2,41.6,58.9,83.78
2019-04-19,"215,500","222,000","214,500","221,500","215,100.00","211,750.00","211,225.00","209,433.33","202,712.50",0,290,189.8,55.6,63.7,85.51
2019-04-22,"223,000","223,000","222,500","223,000","217,700.00","213,250.00","211,700.00","209,916.67","202,904.17",0,54,195.2,58.05,64.37,85.34
2019-04-23,"222,000","224,000","221,500","224,000","220,100.00","214,850.00","212,250.00","210,333.33","203,137.50",0,49,170.4,60.5,63.25,85.01
2019-04-24,"224,000","225,000","222,500","224,000","221,400.00","216,450.00","212,975.00","210,783.33","203,350.00",0,31,91.6,61.75,63.52,84.57
2019-04-25,"222,500","222,500","217,000","221,500","222,800.00","217,800.00","213,575.00","211,191.67","203,595.83",20,71,99,65,64.05,70.53
2019-04-26,"220,000","222,000","216,500","221,000","222,700.00","218,900.00","214,125.00","211,591.67","203,895.83",0,27,46.4,66.2,64.03,53.9
2019-04-29,"221,500","221,500","221,500","221,500","222,400.00","220,050.00","214,650.00","212,000.00","204,250.00",0,8,37.2,64.1,63.98,48.74
2019-04-30,"221,500","222,000","220,000","220,000","221,600.00","220,850.00","215,125.00","212,391.67","204,562.50",0,108,49,69.35,65.75,49.63
2019-05-02,"221,500","222,000","214,500","221,500","221,100.00","221,250.00","215,700.00","212,725.00","204,904.17",30,39,50.6,70.3,64.83,49.72
2019-05-03,"220,000","220,000","220,000","220,000","220,800.00","221,800.00","216,200.00","212,958.33","205,233.33",0,1,36.6,69.35,64.78,49.42
2019-05-07,"218,500","218,500","213,500","214,000","219,400.00","221,050.00","216,400.00","213,033.33","205,504.17",0,15,34.2,70.1,63.5,49.27
2019-05-08,"214,000","214,000","214,000","214,000","217,900.00","220,150.00","216,700.00","212,966.67","205,745.83",0,0,32.6,68.55,58.28,48.53
2019-05-09,"212,500","212,500","208,000","208,000","215,500.00","218,550.00","216,700.00","212,816.67","205,945.83",2,13,13.6,69.15,52.85,48.59
2019-05-10,"207,500","214,000","207,500","214,000","214,000.00","217,550.00","217,000.00","212,825.00","206,208.33",60,29,11.6,70.6,48.05,48.55
2019-05-13,"212,500","215,000","212,000","215,000","213,000.00","216,900.00","217,350.00","212,958.33","206,470.83",61,16,14.6,70.85,47.45,48.59
2019-05-14,"213,500","219,000","208,000","218,000","213,800.00","216,600.00","217,750.00","213,158.33","206,741.67",67,99,31.4,75.45,48.68,49.26
2019-05-15,"216,500","216,500","216,500","216,500","214,300.00","216,100.00","218,075.00","213,316.67","207,008.33",0,2,31.8,74.2,48.68,49.1
2019-05-16,"215,000","215,000","215,000","215,000","215,700.00","215,600.00","218,225.00","213,433.33","207,216.67",0,2,29.6,65.65,48.63,47.44
2019-05-17,"210,500","210,500","210,500","210,500","215,000.00","214,500.00","217,875.00","213,466.67","207,345.83",0,2,24.2,44.5,48.63,46.9
2019-05-20,"209,000","209,500","209,000","209,000","213,800.00","213,400.00","217,600.00","213,458.33","207,454.17",0,5,22,43.05,48.52,46.46
2019-05-21,"209,000","209,000","209,000","209,000","212,000.00","212,900.00","216,975.00","213,450.00","207,529.17",70,0,2.2,28.55,48.52,46.38
2019-05-22,"209,000","209,000","209,000","209,000","210,500.00","212,400.00","216,275.00","213,433.33","207,662.50",70,0,1.8,25.85,48.17,46.03
2019-05-23,"205,000","216,000","205,000","215,000","210,500.00","213,100.00","215,825.00","213,550.00","207,825.00",55,28,7,24.8,43.2,46.17
2019-05-24,"213,500","216,000","212,500","216,000","211,600.00","213,300.00","215,425.00","213,666.67","207,929.17",0,4,7.4,23.45,34.77,44.52
2019-05-27,"206,500","212,000","206,500","212,000","212,200.00","213,000.00","214,950.00","213,675.00","208,004.17",0,22,10.8,21,35.05,44.67
2019-05-28,"210,500","212,500","210,500","212,500","212,900.00","212,450.00","214,525.00","213,633.33","208,095.83",0,54,21.6,22.35,35.65,45.05
2019-05-29,"208,500","208,500","208,500","208,500","212,800.00","211,650.00","213,875.00","213,525.00","208,129.17",0,11,23.8,22.5,33.4,45.08
2019-05-30,"205,000","207,500","205,000","207,500","211,300.00","210,900.00","213,250.00","213,375.00","208,154.17",0,3,18.8,17.25,33,45.03
2019-05-31,"206,000","211,500","206,000","211,500","210,400.00","211,000.00","212,750.00","213,316.67","208,208.33",0,9,19.8,15.75,33.13,45.07
2019-06-03,"210,000","210,500","205,000","210,500","210,100.00","211,150.00","212,275.00","213,291.67","208,220.83",71,9,17.2,16.15,31.6,44.55
2019-06-04,"210,000","210,000","210,000","210,000","209,600.00","211,250.00","212,075.00","213,250.00","208,237.50",0,0,6.4,15.4,31.32,44.38
2019-06-05,"210,500","210,500","207,000","210,000","209,900.00","211,350.00","211,875.00","213,208.33","208,250.00",0,7,5.6,15.75,31.4,44.23
2019-06-07,"205,000","210,000","205,000","210,000","210,400.00","210,850.00","211,975.00","213,158.33","208,341.67",0,31,11.2,16.65,31.88,43.38
2019-06-10,"207,000","212,500","206,500","212,500","210,600.00","210,500.00","211,900.00","213,166.67","208,450.00",18,108,31,20.6,33.5,44.24
2019-06-11,"212,000","212,000","212,000","212,000","210,900.00","210,500.00","211,750.00","213,166.67","208,550.00",36,0,29.2,19.8,33.45,44.2
2019-06-12,"212,000","212,500","208,000","211,500","211,200.00","210,400.00","211,425.00","213,183.33","208,583.33",0,21,33.4,15.9,33.75,44.12
2019-06-13,"212,500","212,500","212,500","212,500","211,700.00","210,800.00","211,225.00","213,183.33","208,650.00",30,1,32.2,15.85,33.73,44.07
2019-06-14,"211,000","211,000","209,000","209,000","211,500.00","210,950.00","210,925.00","213,133.33","208,662.50",0,4,26.8,15.95,33.8,43.25
2019-06-17,"208,000","210,000","207,500","210,000","211,000.00","210,800.00","210,900.00","213,100.00","208,691.67",0,60,17.2,18.85,34.6,43.35
2019-06-18,"207,500","211,000","207,500","210,500","210,700.00","210,800.00","210,975.00","213,116.67","208,754.17",70,12,19.6,19.2,34.62,43.43
2019-06-19,"209,000","209,000","209,000","209,000","210,200.00","210,700.00","210,975.00","213,058.33","208,804.17",0,1,15.6,19.25,34.47,43.39
2019-06-20,"209,000","210,000","207,500","210,000","209,700.00","210,700.00","211,025.00","213,000.00","208,870.83",0,20,19.4,20.25,34.72,43.52
2019-06-21,"209,500","209,500","207,500","207,500","209,400.00","210,450.00","210,650.00","212,908.33","208,916.67",70,4,19.4,19.05,34.78,43.54
2019-06-24,"208,000","209,000","207,500","209,000","209,200.00","210,100.00","210,300.00","212,900.00","208,975.00",70,3,8,19,34.73,43.47
2019-06-25,"208,500","208,500","207,500","207,500","208,600.00","209,650.00","210,075.00","212,866.67","209,087.50",70,3,6.2,18.05,34.68,43.33
2019-06-26,"207,500","207,500","205,500","206,500","208,100.00","209,150.00","209,775.00","212,808.33","209,170.83",0,24,10.8,16.55,35.03,43.46
2019-06-27,"206,000","207,500","206,000","207,500","207,600.00","208,650.00","209,725.00","212,750.00","209,258.33",0,16,10,16.8,34.47,43.57
2019-06-28,"206,500","208,000","206,500","208,000","207,700.00","208,550.00","209,750.00","212,708.33","209,350.00",0,5,10.2,16.9,34.5,43.58
2019-07-01,"208,500","208,500","208,500","208,500","207,600.00","208,400.00","209,600.00","212,683.33","209,445.83",0,1,9.8,16.5,34.18,43.48
2019-07-02,"208,500","208,500","208,500","208,500","207,800.00","208,200.00","209,500.00","212,658.33","209,520.83",70,2,9.6,16.15,33.88,43.42
2019-07-03,"208,500","208,500","208,500","208,500","208,200.00","208,150.00","209,425.00","212,633.33","209,600.00",70,0,4.8,16.15,33.88,43.28
2019-07-04,"207,000","208,000","205,500","208,000","208,300.00","207,950.00","209,325.00","212,633.33","209,679.17",0,7,3,16.15,33.48,43.3
2019-07-05,"207,000","208,000","206,000","208,000","208,300.00","208,000.00","209,225.00","212,633.33","209,754.17",0,7,3.4,14.95,33.58,43.31
2019-07-08,"205,500","206,500","205,000","205,000","207,600.00","207,600.00","208,850.00","212,583.33","209,837.50",0,5,4.2,9.8,33.67,43.33
2019-07-09,"202,500","205,000","196,000","199,500","205,800.00","206,800.00","208,225.00","212,441.67","209,870.83",0,129,29.6,16.25,35.63,44.35
2019-07-10,"197,000","203,000","197,000","203,000","204,700.00","206,450.00","207,800.00","212,325.00","209,983.33",60,40,37.6,17.2,36.18,43.36
2019-07-11,"204,000","210,000","202,000","208,000","204,700.00","206,500.00","207,575.00","212,291.67","210,108.33",61,53,46.8,19.8,36.62,42.6
2019-07-12,"206,500","206,500","203,000","203,000","203,700.00","206,000.00","207,275.00","212,141.67","210,187.50",0,10,47.4,20.1,33.9,42.63
2019-07-15,"202,500","213,000","202,500","205,000","203,700.00","205,650.00","207,025.00","211,933.33","210,283.33",66,37,53.8,18.95,27.43,42.94
2019-07-16,"204,500","208,000","204,500","207,000","205,200.00","205,500.00","206,850.00","211,808.33","210,391.67",0,48,37.6,20.75,27.67,43.28
2019-07-17,"203,500","206,000","202,500","202,500","205,100.00","204,900.00","206,525.00","211,491.67","210,462.50",0,24,34.4,21.9,23.23,43.47
2019-07-18,"202,000","202,500","202,000","202,500","204,000.00","204,350.00","206,150.00","211,150.00","210,533.33",0,2,24.2,21,22.37,43.37
2019-07-19,"200,000","209,000","200,000","203,500","204,100.00","203,900.00","205,950.00","210,808.33","210,570.83",0,50,32.2,23.3,22.38,42.82
2019-07-22,"203,500","203,500","203,500","203,500","203,800.00","203,750.00","205,675.00","210,466.67","210,625.00",0,0,24.8,23.15,21.87,42.69
2019-07-23,"201,500","202,500","201,500","202,500","202,900.00","204,050.00","205,425.00","210,150.00","210,670.83",0,15,18.2,23.75,20.93,42.49
2019-07-24,"202,500","202,500","202,500","202,500","202,900.00","204,000.00","205,225.00","209,841.67","210,716.67",0,0,13.4,22.55,20.48,42.26
2019-07-25,"204,000","204,000","202,000","202,000","202,800.00","203,400.00","204,950.00","209,516.67","210,758.33",0,13,15.6,22.4,20.57,42.27
2019-07-26,"201,000","201,000","200,000","200,000","202,100.00","203,100.00","204,550.00","209,183.33","210,787.50",0,12,8,22.75,18.97,42.36
2019-07-29,"199,500","199,500","195,500","198,500","201,100.00","202,450.00","204,050.00","208,800.00","210,762.50",71,25,13,23.95,18.73,41.78
2019-07-30,"198,500","198,500","196,500","198,000","200,200.00","201,550.00","203,525.00","208,433.33","210,695.83",0,52,20.4,26.45,19.58,42.18
2019-07-31,"198,000","198,000","198,000","198,000","199,300.00","201,100.00","203,000.00","208,166.67","210,600.00",0,3,21,26.6,19.38,41.44
2019-08-01,"198,000","198,000","195,500","198,000","198,500.00","200,650.00","202,500.00","207,900.00","210,433.33",46,12,20.8,26.85,19.58,38.93
2019-08-02,"195,500","195,500","190,500","193,500","197,200.00","199,650.00","201,775.00","207,658.33","210,237.50",0,73,33,30.15,20.58,36.72
2019-08-05,"192,000","192,500","190,500","192,500","196,000.00","198,550.00","201,150.00","207,300.00","210,062.50",71,144,56.8,37.1,22.5,35.27
2019-08-06,"190,000","190,000","189,000","189,000","194,200.00","197,200.00","200,625.00","206,866.67","209,912.50",0,5,47.4,30.9,22.32,34.88
2019-08-07,"186,000","190,000","186,000","190,000","192,600.00","195,950.00","199,975.00","206,400.00","209,779.17",0,9,48.6,29.35,20.82,34.75
2019-08-08,"190,000","191,500","189,000","191,500","191,300.00","194,900.00","199,150.00","205,983.33","209,650.00",0,49,56,29.15,21.6,35.14
2019-08-09,"189,000","192,500","183,000","190,000","190,600.00","193,900.00","198,500.00","205,566.67","209,500.00",0,458,133,51.55,29.2,38.92
2019-08-12,"189,000","189,000","178,500","181,500","188,400.00","192,200.00","197,325.00","205,083.33","209,275.00",0,610,226.2,80.2,39.33,43.98
2019-08-13,"181,500","181,500","177,000","180,000","186,600.00","190,400.00","195,975.00","204,600.00","209,029.17",0,171,259.4,86.35,42.1,45.31
2019-08-14,"181,500","181,500","175,000","179,000","184,400.00","188,500.00","194,800.00","204,100.00","208,775.00",0,281,313.8,99.2,46.78,47.65
2019-08-16,"178,000","180,000","176,000","180,000","182,100.00","186,700.00","193,675.00","203,616.67","208,525.00",0,150,334,106.6,49.28,48.73
2019-08-19,"179,000","181,000","179,000","181,000","180,300.00","185,450.00","192,550.00","203,050.00","208,300.00",0,24,247.2,105.3,49.22,46.21
2019-08-20,"180,500","180,500","180,000","180,000","180,000.00","184,200.00","191,375.00","202,450.00","208,058.33",0,25,130.2,106.55,49.57,42.17
2019-08-21,"179,500","185,000","179,500","185,000","181,000.00","183,800.00","190,500.00","202,000.00","207,837.50",0,164,128.8,114,51.93,43.49
2019-08-22,"185,000","185,000","185,000","185,000","182,200.00","183,300.00","189,625.00","201,541.67","207,587.50",0,4,73.4,114.2,51.1,43.38
2019-08-23,"185,000","185,000","183,000","183,000","182,800.00","182,450.00","188,675.00","201,116.67","207,320.83",0,30,49.4,115.05,51.42,42.41
2019-08-26,"182,000","182,000","181,500","181,500","182,900.00","181,600.00","187,750.00","200,683.33","207,029.17",0,7,46,114.8,51.48,42.24
2019-08-27,"181,500","181,500","178,500","178,500","182,600.00","181,300.00","186,750.00","200,133.33","206,725.00",0,2,41.4,113.65,51.37,42.25
2019-08-28,"177,500","178,000","177,500","177,500","181,100.00","181,050.00","185,725.00","199,583.33","206,437.50",0,10,10.6,111.55,51.38,41.49
2019-08-29,"177,500","177,500","177,500","177,500","179,600.00","180,900.00","184,700.00","199,041.67","206,145.83",70,0,9.8,111.4,51.38,41.35
2019-08-30,"178,000","182,000","178,000","182,000","179,400.00","181,100.00","183,900.00","198,575.00","205,891.67",0,37,11.2,112.65,51.88,41.64
2019-09-02,"181,000","181,000","180,000","180,000","179,100.00","181,000.00","183,225.00","198,075.00","205,616.67",0,15,12.8,109.75,51.62,41.75
2019-09-03,"182,000","182,000","182,000","182,000","179,800.00","181,200.00","182,700.00","197,566.67","205,366.67",0,3,13,102.7,49.87,41.68
2019-09-04,"182,500","183,000","182,500","183,000","180,900.00","181,000.00","182,400.00","197,083.33","205,125.00",0,67,24.4,105.8,50.98,42.22
2019-09-05,"183,000","183,000","183,000","183,000","182,000.00","180,800.00","182,050.00","196,608.33","204,895.83",30,50,34.4,107.85,51.47,42.61
2019-09-06,"182,000","182,000","182,000","182,000","182,000.00","180,700.00","181,575.00","196,100.00","204,641.67",0,3,27.6,105.55,51.5,42.62
2019-09-09,"182,000","182,000","178,500","180,500","182,100.00","180,600.00","181,100.00","195,625.00","204,379.17",30,8,26.2,83.05,51.57,42.68
2019-09-10,"180,500","180,500","180,500","180,500","181,800.00","180,800.00","181,050.00","195,133.33","204,116.67",0,0,25.6,52.55,50.57,42.58
2019-09-11,"181,500","181,500","180,000","180,000","181,200.00","181,050.00","181,050.00","194,625.00","203,870.83",0,5,13.2,44.25,50.45,42.53
2019-09-16,"179,000","179,500","178,500","179,000","180,400.00","181,200.00","181,050.00","194,125.00","203,591.67",0,70,17.2,33.7,51.6,43.03
2019-09-17,"184,000","184,000","182,500","183,000","180,600.00","181,300.00","181,200.00","193,675.00","203,337.50",0,21,20.8,27.25,51.62,43.17
2019-09-18,"184,000","184,000","179,000","180,000","180,500.00","181,300.00","181,150.00","193,216.67","203,062.50",30,26,24.4,27.35,51.98,43.38
2019-09-19,"179,000","179,500","179,000","179,000","180,200.00","181,000.00","181,100.00","192,716.67","202,808.33",70,12,26.8,26.7,52.13,43.43
2019-09-20,"179,500","179,500","179,500","179,500","180,100.00","180,650.00","180,825.00","192,250.00","202,558.33",0,8,27.4,18.9,52.22,43.45
2019-09-23,"180,500","180,500","178,500","180,500","180,400.00","180,400.00","180,600.00","191,816.67","202,312.50",46,20,17.4,19.7,52.15,43.59
2019-09-24,"181,000","181,000","178,000","178,000","179,400.00","180,000.00","180,350.00","191,325.00","202,037.50",7,21,17.4,19.25,52.23,43.35
2019-09-25,"179,000","179,000","178,000","178,500","179,100.00","179,800.00","180,200.00","190,833.33","201,770.83",70,19,16,19.85,52.47,43.48
2019-09-26,"179,000","179,000","177,500","177,500","178,800.00","179,500.00","180,150.00","190,316.67","201,500.00",0,14,16.4,20.45,52.68,43.43
2019-09-27,"177,500","177,500","177,500","177,500","178,400.00","179,250.00","180,150.00","189,800.00","201,229.17",70,0,14.8,19.95,52.65,43.27
2019-09-30,"177,500","177,500","177,500","177,500","177,800.00","179,100.00","180,150.00","189,283.33","200,958.33",70,1,11,20,52.67,43.27
2019-10-01,"178,500","178,500","176,500","177,500","177,700.00","178,550.00","179,925.00","188,775.00","200,704.17",0,5,7.8,18.4,52.63,43.06
2019-10-02,"177,000","178,000","176,500","176,500","177,300.00","178,200.00","179,750.00","188,250.00","200,441.67",70,44,12.8,19.85,53.25,43.42
2019-10-04,"177,000","177,000","176,000","176,000","177,000.00","177,900.00","179,450.00","187,766.67","200,175.00",0,311,72.2,35.25,58.35,46.01
2019-10-07,"176,000","176,000","176,000","176,000","176,700.00","177,550.00","179,100.00","187,375.00","199,908.33",70,2,72.6,32,56.23,45.93
2019-10-08,"176,000","176,000","176,000","176,000","176,400.00","177,100.00","178,750.00","186,925.00","199,625.00",70,11,74.6,30.05,55.75,45.97
2019-10-10,"176,500","179,500","176,000","179,500","176,800.00","177,250.00","178,625.00","186,450.00","199,370.83",70,36,80.8,31.7,55.47,46.04
2019-10-11,"180,000","180,000","178,500","178,500","177,200.00","177,250.00","178,525.00","186,041.67","199,091.67",0,3,72.6,31.45,55.35,44.63
2019-10-14,"179,000","179,500","179,000","179,500","177,900.00","177,450.00","178,475.00","185,616.67","198,775.00",0,2,10.8,31.55,54.77,41.1
2019-10-15,"179,500","179,500","177,500","177,500","178,200.00","177,450.00","178,350.00","185,125.00","198,466.67",30,13,13,31.95,54.18,40.92
2019-10-16,"179,000","179,000","177,000","178,500","178,700.00","177,550.00","178,325.00","184,725.00","198,108.33",69,18,14.4,29.35,54.08,38.66
2019-10-17,"177,500","178,000","177,500","177,500","178,300.00","177,550.00","178,050.00","184,308.33","197,729.17",0,35,14.2,30.05,54.63,38.5
2019-10-18,"177,500","177,500","176,000","177,000","178,000.00","177,600.00","177,900.00","183,866.67","197,337.50",0,28,19.2,30.15,54.27,38.33
2019-10-21,"178,000","178,000","178,000","178,000","177,700.00","177,800.00","177,850.00","183,441.67","196,954.17",0,"6,319","1,282.60",345.5,159.58,90.72
2019-10-22,"177,000","178,000","177,000","177,000","177,600.00","177,900.00","177,725.00","183,016.67","196,583.33",30,43,"1,288.60",347.25,160.05,90.49
2019-10-23,"177,500","177,500","175,500","177,500","177,400.00","178,050.00","177,575.00","182,600.00","196,220.83",46,512,"1,387.40",371.85,168.58,94.53
2019-10-24,"178,000","178,000","176,500","176,500","177,200.00","177,750.00","177,500.00","182,175.00","195,845.83",2,5,"1,381.40",371.05,168.45,94.51
2019-10-25,"174,500","178,000","172,500","173,500","176,500.00","177,250.00","177,250.00","181,733.33","195,458.33",0,126,"1,401.00",376.4,170.35,94.66
2019-10-28,"174,500","174,500","174,500","174,500","175,800.00","176,750.00","177,100.00","181,333.33","195,066.67",0,12,139.6,376.3,170.13,94.43
2019-10-29,"174,500","174,500","173,500","174,000","175,200.00","176,400.00","176,925.00","180,933.33","194,683.33",0,64,143.8,379.5,170.33,94.96
2019-10-30,"172,500","174,500","171,500","174,500","174,600.00","176,000.00","176,775.00","180,541.67","194,354.17",0,73,56,383.1,171.5,95.44
2019-10-31,"171,500","175,000","170,500","172,000","173,700.00","175,450.00","176,500.00","180,108.33","194,004.17",0,200,95,392.85,174.63,97.11
2019-11-01,"172,000","172,000","168,000","168,000","172,600.00","174,550.00","176,075.00","179,683.33","193,670.83",2,170,103.8,399.15,176.25,98.42
2019-11-04,"168,000","170,000","168,000","170,000","171,700.00","173,750.00","175,775.00","179,308.33","193,304.17",70,828,267,425,187.65,105.08
2019-11-05,"169,500","170,500","168,000","170,000","170,900.00","173,050.00","175,475.00","178,991.67","192,929.17",70,"5,550","1,364.20",702.4,280.07,151.19
2019-11-06,"171,000","171,000","168,000","168,000","169,600.00","172,100.00","175,075.00","178,625.00","192,512.50",70,309,"1,411.40",717.3,285.07,152.94
2019-11-07,"168,500","168,500","166,000","166,500","168,500.00","171,100.00","174,425.00","178,208.33","192,095.83",0,265,"1,424.40",728.75,288.67,155.13
2019-11-08,"167,000","168,000","166,000","166,000","168,100.00","170,350.00","173,800.00","177,808.33","191,687.50",70,127,"1,415.80",734.95,283.15,156.18
2019-11-11,"165,000","170,000","165,000","167,000","167,500.00","169,600.00","173,175.00","177,566.67","191,325.00",0,38,"1,257.80",736.75,273.62,156.47
2019-11-12,"167,000","167,500","167,000","167,500","167,000.00","168,950.00","172,675.00","177,358.33","190,979.17",0,56,159,738.9,271.7,156.9
2019-11-13,"167,000","167,000","164,000","164,000","166,200.00","167,900.00","171,950.00","177,108.33","190,604.17",0,184,134,747.2,270.08,158.43
2019-11-14,"165,500","165,500","164,000","164,500","165,800.00","167,150.00","171,300.00","176,850.00","190,233.33",70,35,88,747.2,268.17,158.72
2019-11-15,"165,000","166,500","165,000","166,500","165,900.00","167,000.00","170,775.00","176,608.33","189,829.17",0,15,65.6,746.55,268.02,158.62
2019-11-18,"166,000","166,500","165,000","166,500","165,800.00","166,650.00","170,200.00","176,383.33","189,416.67",70,44,66.8,432.8,268.33,158.95
2019-11-19,"166,500","166,500","164,000","164,000","165,100.00","166,050.00","169,550.00","176,033.33","189,016.67",0,92,74,435.25,267.13,159.53
2019-11-20,"165,000","165,000","163,000","164,500","165,200.00","165,700.00","168,900.00","175,691.67","188,616.67",0,33,43.8,411.3,267.62,159.36
2019-11-21,"163,000","164,000","160,500","160,500","164,400.00","165,100.00","168,100.00","175,316.67","188,216.67",0,203,77.4,421.2,270.5,160.96
2019-11-22,"160,000","160,500","159,500","160,000","163,100.00","164,500.00","167,425.00","174,958.33","187,820.83",0,78,90,418.8,271.68,161.58
2019-11-25,"160,000","160,500","159,500","160,500","161,900.00","163,850.00","166,725.00","174,658.33","187,395.83",70,191,119.4,427.75,274.83,163.1
2019-11-26,"160,000","160,000","159,000","159,000","160,900.00","163,000.00","165,975.00","174,350.00","186,966.67",0,"3,257",752.4,587.4,328.95,190.17
2019-11-27,"159,500","160,500","159,000","159,000","159,800.00","162,500.00","165,200.00","174,041.67","186,541.67",70,14,748.6,584.45,329.18,190.28
2019-11-28,"160,000","161,000","160,000","161,000","159,900.00","162,150.00","164,650.00","173,691.67","186,133.33",0,11,710.2,575,328.75,190.32
2019-11-29,"160,500","160,500","160,000","160,000","159,900.00","161,500.00","164,250.00","173,358.33","185,716.67",70,11,696.8,567.05,328.68,190.15
2019-12-02,"159,500","159,500","157,500","159,000","159,600.00","160,750.00","163,700.00","172,975.00","185,270.83",71,122,683,531.75,330.67,190.27
2019-12-03,"159,000","159,000","155,500","158,500","159,500.00","160,200.00","163,125.00","172,566.67","184,825.00",71,48,41.2,256.65,330.35,190.67
2019-12-04,"158,500","158,500","153,500","154,000","158,500.00","159,150.00","162,425.00","172,083.33","184,345.83",0,204,79.2,251.4,332.92,192.19
2019-12-05,"154,000","154,500","150,000","152,500","156,800.00","158,350.00","161,725.00","171,591.67","183,845.83",0,195,116,247.9,336.12,193.81
2019-12-06,"152,500","152,500","152,500","152,500","155,300.00","157,600.00","161,050.00","171,125.00","183,375.00",0,0,113.8,241.55,335.98,193.78
2019-12-09,"152,500","152,500","146,500","147,500","153,000.00","156,300.00","160,075.00","170,575.00","182,854.17",0,120,113.4,245.65,337.98,194.28
2019-12-10,"147,500","150,000","146,000","150,000","151,300.00","155,400.00","159,200.00","170,075.00","182,350.00",0,85,120.8,247.1,339.32,194.88
2019-12-11,"149,000","149,000","145,500","146,500","149,800.00","154,150.00","158,325.00","169,533.33","181,829.17",0,203,120.6,248.05,341.53,196.57
2019-12-12,"147,000","147,000","145,500","145,500","148,400.00","152,600.00","157,375.00","168,908.33","181,291.67",70,49,91.4,248.75,342,196.81
2019-12-13,"147,000","148,000","146,000","148,000","147,500.00","151,400.00","156,450.00","168,375.00","180,795.83",0,96,110.6,252.8,343.17,197.57
2019-12-16,"148,000","148,000","144,500","147,000","147,400.00","150,200.00","155,475.00","167,841.67","180,279.17",71,135,113.6,257.35,345.22,198.68
2019-12-17,"147,000","150,000","147,000","147,000","146,800.00","149,050.00","154,625.00","167,300.00","179,775.00",0,40,104.6,254.75,345.75,198.98
2019-12-18,"148,000","149,500","145,500","145,500","146,600.00","148,200.00","153,675.00","166,716.67","179,266.67",0,31,70.2,254.65,345.93,199.04
2019-12-19,"145,500","150,000","145,500","148,000","147,100.00","147,750.00","153,050.00","166,216.67","178,770.83",70,80,76.4,248.5,346.92,199.57
2019-12-20,"147,000","147,000","146,000","146,500","146,800.00","147,150.00","152,375.00","165,683.33","178,258.33",0,33,63.8,246.25,347.15,199.81
2019-12-23,"147,500","149,500","147,500","148,500","147,100.00","147,250.00","151,775.00","165,200.00","177,758.33",0,28,42.4,238.1,347.38,200.03
2019-12-24,"148,500","150,500","148,500","150,000","147,700.00","147,250.00","151,325.00","164,741.67","177,270.83",0,49,44.2,77.7,348.2,200.43
2019-12-26,"150,000","150,500","146,500","146,500","147,900.00","147,250.00","150,700.00","164,225.00","176,754.17",0,78,53.6,80.9,349.48,201.07
2019-12-27,"147,500","147,500","146,000","147,500","147,800.00","147,450.00","150,025.00","163,725.00","176,250.00",57,25,42.6,81.6,349.82,201.22
2019-12-30,"148,500","148,500","148,000","148,500","148,200.00","147,500.00","149,450.00","163,258.33","175,754.17",0,11,38.2,81.6,349.27,201.26
2020-01-02,"148,000","149,500","145,000","149,500","148,400.00","147,750.00","148,975.00","162,816.67","175,291.67",0,44,41.4,77.7,344.82,201.58
2020-01-03,"148,500","150,000","148,500","150,000","148,400.00","148,050.00","148,550.00","162,383.33","174,879.17",0,6,32.8,75.6,344.88,200.56
2020-01-06,"149,000","149,000","144,000","147,000","148,500.00","148,200.00","148,200.00","161,900.00","174,412.50",0,21,21.4,66.45,345.05,200.4
2020-01-07,"148,500","148,500","148,500","148,500","148,700.00","148,250.00","148,000.00","161,383.33","173,916.67",0,1,16.6,56.75,344.47,199.97
2020-01-08,"148,500","148,500","143,000","143,000","147,600.00","147,900.00","147,525.00","160,791.67","173,416.67",30,107,35.8,62.1,346.2,200.78
2020-01-09,"143,000","146,500","142,000","143,500","146,400.00","147,400.00","147,325.00","160,191.67","172,904.17",0,108,48.6,61.5,347.97,201.37
2020-01-10,"143,000","143,500","141,000","142,000","144,800.00","146,600.00","146,925.00","159,600.00","172,362.50",0,217,90.8,68.1,351.37,202.78
2020-01-13,"143,500","143,500","140,000","142,000","143,800.00","146,150.00","146,700.00","158,991.67","171,858.33",0,308,148.2,73.35,356.2,205.14
2020-01-14,"142,500","144,500","142,500","144,500","143,000.00","145,850.00","146,650.00","158,441.67","171,375.00",0,50,158,73.4,356.45,205.54
2020-01-15,"145,000","145,500","145,000","145,000","143,400.00","145,500.00","146,500.00","157,908.33","170,887.50",0,27,142,69.95,356.43,205.35
2020-01-16,"142,000","144,500","142,000","144,500","143,600.00","145,000.00","146,375.00","157,350.00","170,395.83",0,7,121.8,63.55,251.23,205.41
2020-01-17,"143,500","143,500","141,000","141,000","143,400.00","144,100.00","146,075.00","156,750.00","169,883.33",0,180,114.4,70.55,253.52,206.78
2020-01-20,"141,500","146,000","140,500","140,500","143,100.00","143,450.00","145,825.00","156,133.33","169,366.67",66,313,115.4,84.65,250.2,209.39
2020-01-21,"141,500","142,500","140,000","142,000","142,600.00","142,800.00","145,525.00","155,558.33","168,866.67",0,210,147.4,91.15,253.62,211.03
2020-01-22,"142,000","143,000","139,500","141,000","141,800.00","142,600.00","145,250.00","155,016.67","168,375.00",0,369,215.8,107.95,257.67,214.01
2020-01-23,"141,500","141,500","139,000","140,500","141,000.00","142,300.00","144,850.00","154,450.00","167,891.67",0,299,274.2,121.5,262.45,216.29
2020-01-28,"139,500","140,500","135,500","135,500","139,900.00","141,650.00","144,125.00","153,808.33","167,370.83",0,269,292,132.5,265.87,218.1
2020-01-29,"135,500","137,000","135,000","135,000","138,800.00","140,950.00","143,550.00","153,150.00","166,845.83",0,79,245.2,132.55,265.97,218.73
2020-01-30,"135,500","135,500","130,500","131,500","136,700.00","139,650.00","142,750.00","152,475.00","166,291.67",0,385,280.2,150.55,269.05,221.84
2020-01-31,"135,000","135,500","131,500","131,500","134,800.00","138,300.00","141,900.00","151,866.67","165,775.00",49,32,212.8,151.6,266.75,221.5
2020-02-03,"130,500","131,000","130,000","131,000","132,900.00","136,950.00","140,975.00","151,216.67","165,262.50",0,72,167.4,153,254.15,220.9
2020-02-04,"131,000","131,000","129,500","130,000","131,800.00","135,850.00","139,975.00","150,550.00","164,770.83",0,169,147.4,161.15,164.47,222.27
2020-02-05,"130,000","130,000","130,000","130,000","130,800.00","134,800.00","139,125.00","149,916.67","164,270.83",0,5,132.6,160.35,159.4,222.23
2020-02-06,"130,000","134,500","130,000","134,500","131,400.00","134,050.00","138,425.00","149,383.33","163,795.83",70,297,115,175.15,159.93,224.3
2020-02-07,"134,500","136,000","130,500","133,500","131,800.00","133,300.00","137,950.00","148,841.67","163,325.00",0,169,142.4,178.25,160.63,221.89
2020-02-10,"133,500","135,000","133,500","134,500","132,500.00","132,700.00","137,500.00","148,300.00","162,933.33",0,74,142.8,176.55,161.23,217.43
2020-02-11,"135,000","136,000","134,500","135,500","133,600.00","132,700.00","137,175.00","147,766.67","162,562.50",0,64,121.8,168.9,161.37,216.53
2020-02-12,"135,500","136,000","134,500","135,500","134,700.00","132,750.00","136,850.00","147,291.67","162,200.00",70,98,140.4,158.4,159.93,215.01
2020-02-13,"135,000","135,500","133,000","134,000","134,600.00","133,000.00","136,325.00","146,783.33","161,816.67",0,66,94.2,159.2,160.45,214.31
2020-02-14,"134,000","135,000","133,500","134,500","134,800.00","133,300.00","135,800.00","146,250.00","161,429.17",0,95,79.4,162.6,161.78,214.9
2020-02-17,"134,500","135,000","134,000","134,000","134,700.00","133,600.00","135,275.00","145,708.33","161,045.83",0,38,72.2,164.15,161.68,215.01
2020-02-18,"134,000","135,000","134,000","134,500","134,500.00","134,050.00","134,950.00","145,216.67","160,625.00",70,135,86.4,161.9,162.4,214.77
2020-02-19,"134,500","134,500","134,500","134,500","134,300.00","134,500.00","134,650.00","144,716.67","160,204.17",0,1,67,146.3,161.87,214.74
2020-02-20,"134,500","135,000","134,000","135,000","134,500.00","134,550.00","134,300.00","144,291.67","159,804.17",0,10,55.8,136.3,158.65,214.57
2020-02-21,"134,000","135,500","132,500","135,000","134,600.00","134,700.00","134,000.00","143,875.00","159,416.67",0,190,74.8,127.35,160.52,216.1
2020-02-24,"134,000","134,000","128,000","128,500","133,500.00","134,100.00","133,400.00","143,341.67","159,000.00",2,435,154.2,134.15,164.58,219.71
2020-02-25,"129,500","129,500","127,500","128,000","132,200.00","133,350.00","133,025.00","142,825.00","158,587.50",0,75,142.2,124.45,111.55,220.25
2020-02-26,"128,000","128,000","125,000","126,500","130,600.00","132,450.00","132,600.00","142,283.33","158,162.50",0,181,178.2,129.55,114.33,221.76
2020-02-27,"126,500","127,500","125,500","125,500","128,700.00","131,600.00","132,300.00","141,691.67","157,691.67",0,12,178.6,110.9,114.35,221.55
2020-02-28,"125,000","125,000","118,500","120,000","125,700.00","130,150.00","131,725.00","141,025.00","157,191.67",0,179,176.4,118.25,117.15,222.92
2020-03-02,"122,000","123,000","119,000","122,000","124,400.00","128,950.00","131,275.00","140,408.33","156,691.67",57,254,140.2,127.35,119.35,225.01
2020-03-03,"122,000","122,500","119,000","120,000","122,800.00","127,500.00","130,775.00","139,766.67","156,166.67",70,258,176.8,131.8,122.85,226.6
2020-03-04,"120,000","121,500","120,000","121,500","121,800.00","126,200.00","130,350.00","139,225.00","155,654.17",0,63,153.2,134.7,120.5,226.71
2020-03-05,"122,000","122,500","121,000","122,500","121,200.00","124,950.00","129,750.00","138,725.00","155,158.33",0,41,159,121.9,117.93,227.03
2020-03-06,"122,000","122,000","122,000","122,000","121,600.00","123,650.00","129,175.00","138,216.67","154,670.83",0,6,124.4,113.75,118.03,227.01
2020-03-09,"122,000","122,000","116,000","116,500","120,500.00","122,450.00","128,275.00","137,700.00","154,137.50",2,315,136.6,125.8,121.28,229.63
2020-03-10,"116,000","119,500","116,000","116,500","119,800.00","121,300.00","127,325.00","137,141.67","153,608.33",70,265,138,135.85,124.28,231.8
2020-03-11,"117,000","119,000","116,500","119,000","119,300.00","120,550.00","126,500.00","136,683.33","153,108.33",0,231,171.6,142.5,124.75,233.14
2020-03-12,"118,000","118,500","114,500","117,500","118,300.00","119,750.00","125,675.00","136,216.67","152,562.50",0,113,186,144.85,125.82,233.91
2020-03-13,"113,000","117,500","93,900","113,000","116,500.00","119,050.00","124,600.00","135,633.33","152,004.17",0,345,253.8,157.35,129.97,236.57
2020-03-16,"106,000","110,500","106,000","106,000","114,400.00","117,450.00","123,200.00","134,950.00","151,395.83",0,390,268.8,174.95,134.22,239.72
2020-03-17,"103,500","103,500","102,000","103,000","111,700.00","115,750.00","121,625.00","134,216.67","150,758.33",0,208,257.4,178.6,137.02,241.38
2020-03-18,"103,000","103,000","98,400","98,400","107,580.00","113,440.00","119,820.00","133,431.67","150,074.17",2,285,268.2,192.8,141.25,243.59
2020-03-19,"95,500","97,000","85,500","86,500","101,380.00","109,840.00","117,395.00","132,406.67","149,311.67",0,348,315.2,209.7,145.72,246.32
2020-03-20,"87,000","89,500","87,000","89,300","96,640.00","106,570.00","115,110.00","131,453.33","148,568.33",58,66,259.4,203.5,146.27,246.71
2020-03-23,"76,400","83,500","76,400","82,900","92,020.00","103,210.00","112,830.00","130,360.00","147,780.00",55,228,227,193.15,149.6,248.49
2020-03-24,"82,900","84,000","82,900","83,400","88,100.00","99,900.00","110,600.00","129,250.00","146,995.83",0,355,256.4,207.15,154.7,251.45
2020-03-25,"83,500","86,900","83,500","86,400","85,700.00","96,640.00","108,595.00","128,248.33","146,236.67",0,330,265.4,214.6,158.9,254.19
2020-03-26,"86,600","87,400","85,300","87,000","85,800.00","93,590.00","106,670.00","127,240.00","145,482.50",0,684,332.6,248.2,169.88,259.85
2020-03-27,"87,100","89,800","86,700","87,800","85,500.00","91,070.00","105,060.00","126,228.33","144,743.33",0,290,377.4,253.75,174.53,261.9
2020-03-30,"87,800","87,800","86,900","87,000","86,320.00","89,170.00","103,310.00","125,186.67","144,001.67",0,270,385.8,254.55,178.3,261.56
2020-03-31,"87,000","87,500","87,000","87,400","87,120.00","87,610.00","101,680.00","124,143.33","143,263.33",0,377,390.2,260.5,184.48,264.68
2020-04-01,"87,000","87,800","87,000","87,400","87,320.00","86,510.00","99,975.00","123,150.00","142,525.00",70,893,502.8,302,199.02,272.03
2020-04-02,"87,400","87,800","85,700","87,700","87,460.00","86,630.00","98,235.00","122,136.67","141,760.00",67,"1,007",567.4,350.3,215.78,280.13
2020-04-03,"88,100","89,900","88,100","89,400","87,780.00","86,640.00","96,605.00","121,243.33","141,017.50",0,587,626.8,379.35,223.78,284.99
2020-04-06,"89,500","91,000","89,500","91,000","88,580.00","87,450.00","95,330.00","120,368.33","140,280.00",0,896,752,408.4,236.92,292.44
2020-04-07,"91,100","92,000","90,700","90,700","89,240.00","88,180.00","94,040.00","119,513.33","139,556.67",0,859,848.4,438.1,247.62,299.49
2020-04-08,"90,700","92,000","90,100","91,900","90,140.00","88,730.00","92,685.00","118,678.33","138,835.00",0,877,845.2,470.4,257.1,306.65
2020-04-09,"91,700","97,800","91,600","93,200","91,240.00","89,350.00","91,470.00","117,823.33","138,132.50",29,829,809.6,506.2,270.08,313.27
2020-04-10,"93,500","121,000","93,500","109,000","95,160.00","91,470.00","91,270.00","117,223.33","137,565.83",0,"9,066","2,505.40",942.25,420.73,388.58
2020-04-13,"114,500","115,000","102,000","102,000","97,360.00","92,970.00","91,070.00","116,515.00","136,932.50",0,"3,146","2,955.40","1,080.05",473.05,362.14
2020-04-14,"102,000","107,500","101,000","103,000","99,820.00","94,530.00","91,070.00","115,881.67","136,315.83",0,"1,035","2,990.60","1,121.40",487.3,370.41
2020-04-16,"103,000","104,000","99,800","102,500","101,940.00","96,040.00","91,275.00","115,248.33","135,690.83",0,194,"2,854.00","1,116.85",485.32,367.76
2020-04-17,"103,000","105,000","102,500","104,000","104,100.00","97,670.00","92,150.00","114,615.00","135,086.67",0,702,"2,828.60","1,134.55",493.52,373.57
2020-04-20,"104,000","113,000","104,000","105,000","103,300.00","99,230.00","92,935.00","114,015.00","134,515.83",29,"1,210","1,257.40","1,191.75",507.53,382.6
2020-04-21,"105,500","106,500","101,500","104,000","103,700.00","100,530.00","93,990.00","113,406.67","133,928.33",0,390,706.2,"1,199.85",509.05,385.75
2020-04-22,"103,000","103,000","97,000","100,000","103,100.00","101,460.00","94,820.00","112,815.00","133,311.67",0,715,642.2,"1,217.85",516.48,391.18
2020-04-23,"100,000","102,500","100,000","102,000","103,000.00","102,470.00","95,600.00","112,265.00","132,707.50",0,218,647,"1,212.25",518.8,392.38
2020-04-24,"102,000","103,000","100,000","100,500","102,300.00","103,200.00","96,275.00","111,748.33","132,111.67",0,273,561.2,"1,191.70",516.93,392.99
2020-04-27,"98,000","102,500","98,000","102,000","101,700.00","102,500.00","96,985.00","111,256.67","131,561.67",0,445,408.2,"1,199.45",523.82,395.28
2020-04-28,"101,500","104,500","101,000","103,000","101,500.00","102,600.00","97,785.00","110,790.00","131,003.33",0,265,383.2,"1,199.20",527.03,390.59
2020-04-29,"105,000","106,000","102,000","105,000","102,500.00","102,800.00","98,665.00","110,373.33","130,461.67",0,828,405.8,"1,221.75",538.02,351.24
2020-05-04,"105,000","105,000","103,000","105,000","103,100.00","103,050.00","99,545.00","109,956.67","129,936.67",0,195,401.2,"1,186.85",541.18,350.29
2020-05-06,"105,500","111,000","105,500","108,500","104,700.00","103,500.00","100,585.00","109,523.33","129,453.33",0,"1,931",732.8,"1,233.05",568.42,364.18
2020-05-07,"108,000","108,500","103,500","108,500","106,000.00","103,850.00","101,540.00","109,106.67","128,974.17",20,799,803.6,"1,243.65",578.92,369.77
2020-05-08,"114,000","114,000","108,500","108,500","107,100.00","104,300.00","102,415.00","108,673.33","128,486.67",0,"1,248","1,000.20","1,261.25",598.48,379.86
2020-05-11,"106,500","109,500","106,500","107,500","107,600.00","105,050.00","103,255.00","108,206.67","127,986.67",0,489,932.4,"1,242.75",605.57,383.47
2020-05-12,"108,500","109,500","106,500","107,500","108,100.00","105,600.00","104,035.00","107,740.00","127,515.83",30,575,"1,008.40","1,227.65",613.52,386.73
2020-05-13,"108,500","108,500","107,000","108,500","108,100.00","106,400.00","104,800.00","107,315.00","127,049.17",0,117,645.6,"1,192.05",614.37,387.41
2020-05-14,"115,500","129,000","109,000","112,000","108,800.00","107,400.00","104,950.00","106,940.00","126,595.00",0,"4,613","1,408.40",969.4,689.67,425.73
2020-05-15,"112,000","112,500","109,000","110,500","109,200.00","108,150.00","105,375.00","106,548.33","126,128.33",0,993,"1,357.40",861.75,705.58,433.63
2020-05-18,"109,500","110,000","106,000","106,000","108,900.00","108,250.00","105,525.00","106,073.33","125,645.00",0,642,"1,388.00",842.1,714.03,438.22
2020-05-19,"107,000","107,500","106,500","106,500","108,700.00","108,400.00","105,725.00","105,606.67","125,161.67",0,326,"1,338.20",848.7,719.45,440.66
2020-05-20,"106,000","106,500","105,000","106,500","108,300.00","108,200.00","105,850.00","105,131.67","124,711.67",0,450,"1,404.80",836.1,726.78,442.72
2020-05-21,"107,000","108,500","106,500","107,500","107,400.00","108,100.00","105,975.00","104,673.33","124,274.17",0,723,626.8,811.75,735.67,448.09
2020-05-22,"107,500","109,500","105,000","105,500","106,400.00","107,800.00","106,050.00","104,290.00","123,815.83",0,423,512.8,813.4,735.47,450.02
2020-05-25,"105,500","106,500","104,000","106,000","106,400.00","107,650.00","106,350.00","103,923.33","123,374.17",0,179,420.2,786.6,737.2,424.38
2020-05-26,"106,000","107,000","105,000","106,000","106,300.00","107,500.00","106,550.00","103,581.67","122,932.50",0,402,435.4,795.8,740.88,427.61
2020-05-27,"108,500","108,500","106,000","106,500","106,300.00","107,300.00","106,850.00","103,265.00","122,478.33",0,181,381.6,791.2,743.7,429.02
2020-05-28,"107,000","107,500","104,500","106,500","106,100.00","106,750.00","107,075.00","103,040.00","122,032.50",0,151,267.2,776.5,743.23,430.19
2020-05-29,"107,500","108,000","106,500","108,000","106,600.00","106,500.00","107,325.00","102,806.67","121,607.50",0,535,289.6,790,747.92,433.63
2020-06-01,"108,000","108,500","104,500","107,000","106,800.00","106,600.00","107,425.00","102,590.00","121,178.33",0,446,343,770.9,751.05,436.95
2020-06-02,"107,000","108,500","106,000","108,000","107,200.00","106,750.00","107,575.00","102,365.00","120,795.00",0,259,314.4,774.1,754.32,437.41
2020-06-03,"108,500","110,000","107,500","109,000","107,700.00","107,000.00","107,600.00","102,140.00","120,432.50",0,618,401.8,708.45,763.93,440.93
2020-06-04,"109,000","112,500","108,500","111,000","108,600.00","107,350.00","107,725.00","101,956.67","120,086.67",0,842,540,710.6,777.87,447.95
2020-06-05,"111,000","114,000","109,500","114,000","109,800.00","108,200.00","108,000.00","101,915.00","119,807.50",0,779,588.8,687.15,785.6,453.44
2020-06-08,"120,000","134,500","115,000","120,000","112,400.00","109,600.00","108,625.00","101,973.33","119,557.50",0,"5,901","1,679.80",957.75,879.53,501.91
2020-06-09,"129,000","129,000","120,500","123,000","115,400.00","111,300.00","109,400.00","102,040.00","119,361.67",0,"2,357","2,099.40","1,046.85",914.97,519.86
2020-06-10,"122,500","124,500","120,000","122,000","118,000.00","112,850.00","110,075.00","102,115.00","119,165.83",0,992,"2,174.20","1,090.60",929.62,527.72
2020-06-11,"122,000","122,000","116,000","117,500","119,300.00","113,950.00","110,350.00","102,190.00","118,911.67",23,768,"2,159.40",898.35,936.67,533.32
2020-06-12,"114,000","148,000","112,000","126,500","121,800.00","115,800.00","111,150.00","102,531.67","118,740.83",0,"11,429","4,289.40","1,420.15","1,120.65",627.43
2020-06-15,"132,000","138,500","118,000","118,000","121,400.00","116,900.00","111,750.00","102,781.67","118,499.17",0,"5,956","4,300.40","1,685.85","1,216.45",676.73
2020-06-16,"124,500","153,000","120,500","153,000","127,400.00","121,400.00","114,075.00","103,691.67","118,561.67",0,"14,925","6,814.00","2,415.80","1,460.45",800.85
2020-06-17,"161,000","198,500","152,000","198,500","142,700.00","130,350.00","118,675.00","105,558.33","118,982.50",0,"42,825","15,180.60","4,534.55","2,168.40","1,157.06"
2020-06-18,"230,000","258,000","229,500","258,000","170,800.00","145,050.00","126,200.00","108,370.00","119,911.67",18,"10,262","17,079.40","5,011.50","2,338.33","1,242.30"
2020-06-19,"258,000","258,000","181,000","181,000","181,700.00","151,750.00","129,975.00","110,005.00","120,182.50",30,"12,795","17,352.60","5,630.10","2,547.78","1,348.69"
2020-06-22,"158,000","161,000","150,000","159,000","189,900.00","155,650.00","132,625.00","111,265.00","120,257.50",0,"12,007","18,562.80","6,221.50","2,741.98","1,448.34"
2020-06-23,"164,000","164,000","145,000","160,000","191,300.00","159,350.00","135,325.00","112,491.67","120,370.00",0,"4,342","16,446.20","6,418.50","2,808.85","1,483.88"
2020-06-24,"161,000","165,500","147,000","153,000","182,200.00","162,450.00","137,650.00","113,591.67","120,415.83",0,"10,410","9,963.20","6,929.95","2,970.95","1,570.42"
2020-06-25,"150,500","155,000","144,000","146,000","159,800.00","165,300.00","139,625.00","114,561.67","120,395.00",23,"5,392","8,989.20","7,192.00","3,055.98","1,615.26"
2020-06-26,"145,500","148,000","133,000","141,000","151,800.00","166,750.00","141,275.00","115,461.67","120,324.17",23,"5,979","7,626.00","7,464.20","3,151.13","1,664.72"
2020-06-29,"138,500","155,000","132,500","143,500","148,700.00","169,300.00","143,100.00","116,396.67","120,270.00",0,"9,069","7,038.40","7,895.35","3,296.00","1,740.24"
2020-06-30,"148,000","150,000","136,000","139,000","144,500.00","167,900.00","144,650.00","117,256.67","120,203.33",0,"5,281","7,226.20","8,146.45","3,369.13","1,784.08"
2020-07-01,"139,500","146,000","138,000","139,500","141,800.00","162,000.00","146,175.00","118,120.00","120,128.33",0,"2,340","5,612.20","8,232.55","3,391.35","1,803.57"
2020-07-02,"138,000","141,500","137,500","140,500","140,700.00","150,250.00","147,650.00","118,971.67","120,107.50",0,"1,575","4,848.80","8,269.20","3,407.82","1,815.80"
2020-07-03,"140,500","140,500","132,500","135,500","139,600.00","145,700.00","148,725.00","119,713.33","120,040.83",0,"3,373","4,327.60","8,398.90","3,449.10","1,843.01"
2020-07-06,"138,500","143,500","132,500","140,000","138,900.00","143,800.00","149,725.00","120,535.00","120,024.17",70,"4,590","3,431.80","8,333.35","3,511.28","1,879.45"
2020-07-07,"142,000","142,500","136,000","136,500","138,400.00","141,450.00","150,400.00","121,278.33","119,978.33",0,"2,292","2,834.00","8,330.10","3,534.87","1,895.98"
2020-07-08,"136,500","177,000","135,000","177,000","145,900.00","143,850.00","153,150.00","122,675.00","120,249.17",18,"34,693","9,304.60","10,015.15","4,099.27","2,184.68"
2020-07-09,"198,000","229,500","166,500","170,500","151,900.00","146,300.00","155,800.00","123,700.00","120,461.67",0,"55,151","20,019.80","12,734.30","4,867.35","2,644.04"
2020-07-10,"170,500","174,000","147,500","150,500","154,900.00","147,250.00","157,000.00","124,508.33","120,511.67",0,"11,146","21,574.40","12,720.15","5,000.68","2,736.87"
2020-07-13,"151,000","155,000","144,000","154,500","157,800.00","148,350.00","158,825.00","125,366.67","120,624.17",0,"2,568","21,170.00","12,550.75","5,026.23","2,756.77"
2020-07-14,"157,500","162,500","149,000","152,000","160,900.00","149,650.00","158,775.00","126,191.67","120,720.00",0,"7,912","22,294.00","12,200.10","5,154.87","2,820.09"
2020-07-15,"153,500","153,500","146,000","147,000","154,900.00","150,400.00","156,200.00","126,908.33","120,761.67",0,"2,020","15,759.40","10,159.85","5,176.83","2,835.18"
2020-07-16,"148,000","151,500","143,500","150,000","150,800.00","151,350.00","150,800.00","127,658.33","120,836.67",0,"1,682","5,065.60","9,730.85","5,184.70","2,846.12"
2020-07-17,"151,500","151,500","145,500","149,000","150,500.00","152,700.00","149,200.00","128,408.33","120,907.50",0,"1,152","3,066.80","9,148.70","5,197.40","2,853.22"
2020-07-20,"150,500","151,000","142,500","147,000","149,000.00","153,400.00","148,600.00","129,191.67","121,003.33",0,"2,167","2,986.60","8,656.70","5,221.60","2,869.04"
2020-07-21,"147,500","159,000","144,500","154,500","149,500.00","155,200.00","148,325.00","130,066.67","121,165.83",0,"4,663","2,336.80","8,672.75","5,295.68","2,907.24"
2020-07-22,"154,500","159,000","149,000","157,500","151,600.00","153,250.00","148,550.00","131,016.67","121,382.50",30,"3,758","2,684.40","8,340.15","5,353.77","2,935.35"
2020-07-23,"156,500","174,000","154,500","164,500","154,500.00","152,650.00","149,475.00","132,058.33","121,657.50",0,"10,511","4,450.20","8,596.10","5,521.53","3,022.68"
2020-07-24,"170,000","194,500","162,500","172,000","159,100.00","154,800.00","151,025.00","133,208.33","121,999.17",0,"16,492","7,518.20","9,121.75","5,791.98","3,159.51"
2020-07-27,"172,000","177,000","162,000","167,500","163,200.00","156,100.00","152,225.00","134,250.00","122,311.67",17,"3,193","7,723.40","8,827.95","5,831.40","3,184.71"
2020-07-28,"167,000","167,000","157,000","157,000","163,700.00","156,600.00","153,125.00","135,116.67","122,536.67",0,"3,133","7,417.40","8,720.55","5,880.37","3,210.78"
2020-07-29,"157,000","161,500","156,000","159,500","164,100.00","157,850.00","154,125.00","135,966.67","122,745.00",0,"1,067","6,879.20","8,656.90","5,865.97","3,217.19"
2020-07-30,"172,000","207,000","166,500","207,000","172,600.00","163,550.00","157,450.00","137,608.33","123,357.50",0,"51,401","15,057.20","11,148.20","6,709.33","3,644.13"
2020-07-31,"201,500","212,000","185,500","188,000","175,800.00","167,450.00","160,075.00","138,933.33","123,803.33",37,"26,139","16,986.60","12,286.50","7,124.18","3,861.33"
2020-08-03,"193,000","244,000","188,500","223,000","186,900.00","175,050.00","164,225.00","140,858.33","124,532.50",0,"57,965","27,941.00","14,955.25","8,082.12","4,343.84"
2020-08-04,"227,000","227,500","207,500","213,000","198,100.00","180,900.00","168,050.00","142,616.67","125,178.33",0,"14,675","30,249.40","15,574.40","8,317.12","4,465.32"
2020-08-05,"214,000","240,000","208,500","218,000","209,800.00","186,950.00","170,100.00","144,441.67","125,878.33",0,"15,137","33,063.40","14,596.60","8,567.45","4,590.91"
2020-08-06,"218,000","219,000","201,000","209,000","210,200.00","191,400.00","172,025.00","146,058.33","126,499.17",0,"4,622","23,707.60","12,070.15","8,567.60","4,628.63"
2020-08-07,"209,000","220,000","201,000","207,500","214,100.00","194,950.00","174,875.00","147,675.00","127,111.67",0,"6,176","19,715.00","11,821.65","8,653.98","4,679.78"
2020-08-10,"203,500","223,500","200,000","207,500","211,000.00","198,950.00","177,525.00","149,366.67","127,720.00",0,"5,215","9,165.00","11,954.00","8,730.20","4,722.12"
2020-08-11,"204,500","209,500","202,500","208,000","210,000.00","204,050.00","180,325.00","151,058.33","128,332.50",0,"2,306","6,691.20","11,673.70","8,763.20","4,741.32"
2020-08-12,"207,500","211,000","200,000","202,500","206,900.00","208,350.00","183,100.00","152,658.33","128,895.00",0,"3,711","4,406.00","11,758.25","8,817.55","4,772.17"
2020-08-13,"201,000","212,000","200,500","201,000","205,300.00","207,750.00","185,650.00","154,216.67","129,445.00",0,"3,837","4,249.00","11,866.00","8,869.45","4,802.56"
2020-08-14,"202,000","225,500","201,500","207,000","205,200.00","209,650.00","188,550.00","155,908.33","130,099.17",29,"9,660","4,945.80","12,291.40","9,023.40","4,879.43"
2020-08-18,"203,500","205,500","185,000","185,500","200,800.00","205,900.00","190,475.00","157,233.33","130,578.33",2,"3,943","4,691.40","12,380.20","9,086.13","4,911.67"
2020-08-19,"191,000","193,500","182,500","187,500","196,700.00","203,350.00","192,125.00","158,591.67","131,086.67",69,"1,519","4,534.00","12,223.00","9,104.75","4,922.82"
2020-08-20,"187,500","189,500","170,500","173,500","190,900.00","198,900.00","192,925.00","159,708.33","131,486.67",0,"2,832","4,358.20","12,176.70","9,148.93","4,946.32"
2020-08-21,"180,000","180,000","162,500","175,000","185,700.00","195,500.00","193,450.00","160,850.00","131,945.00",71,"1,570","3,904.80","11,729.65","9,172.58","4,957.91"
2020-08-24,"175,000","175,000","166,500","168,500","178,000.00","191,600.00","193,275.00","161,858.33","132,332.50",0,"1,788","2,330.40","10,994.45","9,193.47","4,970.69"
2020-08-25,"169,500","186,000","169,500","174,500","175,800.00","188,300.00","193,625.00","162,983.33","132,786.67",66,"3,320","2,205.80","11,000.80","9,241.37","4,996.21"
2020-08-26,"182,500","182,500","171,500","173,500","173,000.00","184,850.00","194,450.00","164,075.00","133,220.00",0,"1,438","2,189.60","10,916.05","9,261.02","5,007.67"
2020-08-27,"171,500","174,000","169,500","169,500","172,200.00","181,550.00","194,950.00","165,083.33","133,611.67",0,"1,323","1,887.80","10,928.85","9,272.77","5,018.35"
2020-08-28,"168,500","178,000","168,500","173,000","171,800.00","178,750.00","193,250.00","166,116.67","134,036.67",0,"1,513","1,876.40","8,434.45","9,283.95","5,030.91"
2020-08-31,"173,000","184,000","170,500","177,000","173,500.00","175,750.00","192,700.00","167,166.67","134,540.83",0,"2,169","1,952.60","7,235.95","9,307.12","5,046.36"
2020-09-01,"177,500","181,500","175,500","181,000","174,800.00","175,300.00","190,600.00","168,183.33","135,078.33",0,"1,151","1,518.80","4,395.25","9,227.95","5,053.74"
2020-09-02,"181,000","181,000","175,000","177,500","175,600.00","174,300.00","188,825.00","169,091.67","135,565.83",0,"1,207","1,472.60","3,721.85","9,208.78","5,061.88"
2020-09-03,"176,000","178,000","173,500","176,000","176,900.00","174,550.00","186,725.00","169,991.67","136,053.33",0,923,"1,392.60","3,011.15","9,207.63","5,068.63"
2020-09-04,"170,500","173,000","165,500","170,000","176,300.00","174,050.00","184,775.00","170,866.67","136,528.33",0,"1,232","1,336.40","2,841.65","9,215.37","5,076.02"
2020-09-07,"165,500","171,000","165,000","169,500","174,800.00","174,150.00","182,875.00","171,583.33","137,057.50",0,"1,618","1,226.20","2,613.75","9,051.85","5,086.25"
2020-09-08,"169,000","172,000","168,500","171,000","172,800.00","173,800.00","181,050.00","172,466.67","137,624.17",0,664,"1,128.80","2,386.20","8,963.65","5,090.05"
2020-09-09,"171,000","171,500","169,500","171,500","171,600.00","173,600.00","179,225.00","172,775.00","138,233.33",67,547,996.8,"2,298.25","8,724.02","5,092.23"
2020-09-10,"170,000","176,000","170,000","171,500","170,700.00","173,800.00","177,675.00","172,325.00","138,941.67",0,678,947.8,"2,146.60","8,021.57","5,094.98"
2020-09-11,"171,500","172,500","168,500","170,500","170,800.00","173,550.00","176,150.00","170,866.67","139,618.33",0,598,821,"1,984.65","7,860.50","5,099.42"
2020-09-14,"172,500","177,000","170,000","173,000","171,500.00","173,150.00","174,450.00","170,733.33","140,369.17",0,"1,332",763.8,"1,568.25","7,669.45","5,108.62"
2020-09-15,"173,500","185,500","173,000","179,500","173,200.00","173,000.00","174,150.00","171,075.00","141,170.00",0,"3,387","1,308.40","1,540.45","7,525.78","5,133.88"
2020-09-16,"180,000","183,500","172,500","172,500","173,400.00","172,500.00","173,400.00","171,283.33","141,887.50",39,"1,816","1,562.20","1,555.30","7,483.68","5,146.27"
2020-09-17,"171,500","175,000","167,000","168,500","172,800.00","171,750.00","173,150.00","171,541.67","142,566.67",40,"1,203","1,667.20","1,473.85","7,330.23","5,150.59"
2020-09-18,"171,500","172,000","167,000","170,000","172,700.00","171,750.00","172,900.00","171,941.67","143,251.67",70,790,"1,705.60","1,434.85","7,253.53","5,154.76"
2020-09-21,"170,000","170,000","162,000","163,500","170,800.00","171,150.00","172,650.00","172,316.67","143,889.17",0,"1,357","1,710.60","1,413.30","7,176.50","5,163.82"
2020-09-22,"161,500","162,000","154,000","159,500","166,800.00","170,000.00","171,900.00","172,583.33","144,490.00",71,"1,164","1,266.00","1,305.50","7,044.75","5,170.38"
2020-09-23,"159,500","160,500","154,000","159,500","164,200.00","168,800.00","171,200.00","172,925.00","145,090.83",70,808,"1,064.40","1,274.00","6,970.20","5,169.67"
2020-09-24,"158,000","158,000","147,000","147,000","159,900.00","166,350.00","170,075.00","173,050.00","145,585.00",2,"1,438","1,111.40","1,279.75","6,955.17","5,173.26"
2020-09-25,"149,500","150,000","145,000","146,500","155,200.00","163,950.00","168,750.00","173,150.00","146,060.83",0,478,"1,049.00","1,228.00","6,936.88","5,172.35"
2020-09-28,"150,500","150,500","145,000","145,500","151,600.00","161,200.00","167,175.00","173,316.67","146,515.00",70,222,822,"1,130.65","6,884.37","5,166.73"
2020-09-29,"145,500","148,000","145,000","145,000","148,700.00","157,750.00","165,375.00","173,400.00","146,967.50",70,330,655.2,"1,089.60","6,813.37","5,162.32"
2020-10-05,"145,000","145,000","142,500","142,500","145,300.00","154,750.00","163,625.00","173,500.00","147,389.17",0,461,585.8,"1,052.30","6,782.85","5,158.86"
2020-10-06,"142,500","144,500","142,500","144,500","144,800.00","152,350.00","162,050.00","172,958.33","147,816.67",70,303,358.8,"1,021.30","6,209.68","5,154.48"
2020-10-07,"144,500","144,500","143,000","144,500","144,400.00","149,800.00","160,775.00","172,525.00","148,112.50",0,209,305,970.15,"5,293.98","5,080.67"
2020-10-08,"144,000","145,000","140,500","140,500","143,400.00","147,500.00","159,325.00","172,358.33","148,433.33",0,355,331.6,907,"5,114.13","5,057.41"
2020-10-12,"142,000","143,500","142,000","142,000","142,800.00","145,750.00","157,875.00","172,150.00","148,758.33",0,151,295.8,881.35,"5,073.85","5,050.04"
2020-10-13,"146,000","146,000","142,500","145,000","143,300.00","144,300.00","156,550.00","172,033.33","149,112.50",0,174,238.4,862.7,"4,944.88","5,049.88"
2020-10-14,"144,500","144,500","142,000","143,500","143,100.00","143,950.00","155,150.00","171,975.00","149,441.67",0,198,217.4,838.7,"4,914.52","5,045.68"
2020-10-15,"146,000","150,500","143,500","147,000","143,600.00","144,000.00","153,975.00","171,925.00","149,791.67",0,"1,501",475.8,883.85,"4,911.50","5,048.10"
2020-10-16,"157,000","157,000","147,000","148,000","145,100.00","144,250.00","152,725.00","171,908.33","150,158.33",0,645,533.8,849.5,"4,903.05","5,050.23"
2020-10-19,"142,000","147,000","142,000","147,000","146,100.00","144,450.00","151,100.00","171,908.33","150,550.00",0,219,547.4,691.1,"4,870.58","5,046.09"
2020-10-20,"146,500","146,500","142,000","142,500","145,600.00","144,450.00","149,600.00","171,708.33","150,887.50",70,191,550.8,609.85,"4,796.05","5,045.87"
2020-10-21,"142,500","147,500","142,000","146,000","146,100.00","144,600.00","148,475.00","171,516.67","151,266.67",70,305,572.2,564.95,"4,738.50","5,046.13"
2020-10-22,"145,000","145,000","143,000","144,500","145,600.00","144,600.00","147,200.00","171,183.33","151,620.83",0,150,302,532.95,"4,565.82","5,043.68"
2020-10-23,"142,500","144,000","142,500","144,000","144,800.00","144,950.00","146,225.00","170,716.67","151,962.50",0,174,207.8,473.8,"4,293.85","5,042.92"
2020-10-26,"142,500","142,500","139,500","139,500","143,300.00","144,700.00","145,225.00","170,250.00","152,250.00",0,406,245.2,435.9,"4,247.40","5,039.40"
2020-10-27,"137,000","138,000","136,500","136,500","142,100.00","143,850.00","144,075.00","169,908.33","152,512.50",0,441,295.2,417.55,"4,202.53","5,041.45"
2020-10-28,"136,500","139,000","136,500","138,500","140,600.00","143,350.00","143,650.00","169,558.33","152,762.50",70,206,275.4,355.95,"4,188.18","5,027.07"
2020-10-29,"137,500","137,500","136,500","137,500","139,200.00","142,400.00","143,200.00","168,400.00","153,004.17",70,34,252.2,333.75,"3,332.07","5,020.70"
2020-10-30,"136,000","137,000","134,500","134,500","137,300.00","141,050.00","142,650.00","167,508.33","153,220.83",0,155,248.4,330.4,"2,899.00","5,011.59"
2020-11-02,"134,500","134,500","134,000","134,000","136,200.00","139,750.00","142,100.00","166,025.00","153,441.67",0,88,184.8,318.3,"1,934.38","5,008.25"
2020-11-03,"133,000","135,000","133,000","135,000","135,900.00","139,000.00","141,725.00","164,725.00","153,670.83",0,64,109.4,298.45,"1,690.87","5,003.99"
2020-11-04,"139,000","139,500","135,000","136,000","135,400.00","138,000.00","141,300.00","163,358.33","153,900.00",0,207,109.6,293.65,"1,442.03","5,004.74"
2020-11-05,"136,000","139,000","136,000","136,500","135,200.00","137,200.00","140,900.00","162,150.00","154,104.17",66,88,120.4,287.6,"1,366.47","4,967.03"
2020-11-06,"136,500","137,000","136,500","136,500","135,600.00","136,450.00","140,700.00","160,966.67","154,320.83",0,136,116.6,276.65,"1,265.80","4,959.89"
2020-11-09,"137,500","137,500","135,500","136,000","136,000.00","136,100.00","140,400.00","159,775.00","154,570.83",0,376,174.2,287.9,"1,185.15","4,957.68"
2020-11-10,"136,000","138,000","136,000","138,000","136,600.00","136,250.00","140,050.00","158,608.33","154,833.33",0,202,201.8,289.3,"1,150.08","4,956.64"
2020-11-11,"138,000","143,000","138,000","143,000","138,000.00","136,700.00","140,025.00","157,616.67","155,137.50",18,598,280,309.3,"1,098.20","4,957.88"
2020-11-12,"145,500","145,500","143,000","143,500","139,400.00","137,300.00","139,850.00","156,658.33","155,437.50",0,102,282.8,239.35,"1,035.95","4,952.70"
2020-11-13,"145,000","145,000","140,000","141,500","140,400.00","138,000.00","139,525.00","155,566.67","155,737.50",26,146,284.8,214.4,877.38,"4,950.39"
2020-11-16,"141,000","141,000","138,500","139,000","141,000.00","138,500.00","139,125.00","154,791.67","156,012.50",0,391,287.8,223,818.18,"4,952.16"
2020-11-17,"139,000","140,000","138,000","140,000","141,400.00","139,000.00","139,000.00","154,000.00","156,295.83",0,74,262.2,217.15,794.1,"4,949.43"
2020-11-18,"136,000","138,500","136,000","138,500","140,500.00","139,250.00","138,625.00","153,416.67","156,562.50",0,314,205.4,217.6,752.13,"4,950.53"
2020-11-19,"138,500","138,500","137,000","138,500","139,500.00","139,450.00","138,325.00","152,808.33","156,829.17",0,203,225.6,220.25,729.35,"4,950.97"
2020-11-20,"138,500","142,000","138,500","140,000","139,200.00","139,800.00","138,125.00","152,333.33","157,095.83",0,455,287.4,234.3,707.13,"4,950.30"
2020-11-23,"141,500","141,500","137,500","139,500","139,300.00","140,150.00","138,125.00","151,750.00","157,366.67",0,183,245.8,223.15,654.85,"4,948.11"
2020-11-24,"138,500","140,500","138,500","140,500","139,400.00","140,400.00","138,325.00","151,200.00","157,637.50",0,339,298.8,218.05,636.53,"4,948.77"
2020-11-25,"145,000","145,000","139,000","140,500","139,800.00","140,150.00","138,425.00","150,716.67","157,900.00",0,316,299.2,223.55,619.75,"4,946.26"
2020-11-26,"140,000","140,500","139,500","140,500","140,200.00","139,850.00","138,575.00","150,175.00","158,145.83",0,159,290.4,229.8,597.18,"4,940.57"
2020-11-27,"140,500","140,500","137,500","139,500","140,100.00","139,650.00","138,825.00","149,550.00","158,358.33",30,141,227.6,229.1,563.38,"4,935.25"
2020-11-30,"139,500","140,500","139,500","140,000","140,200.00","139,750.00","139,125.00","148,866.67","158,525.00",30,335,258,241.45,549.78,"4,888.87"
2020-12-01,"139,500","139,500","138,500","138,500","139,800.00","139,600.00","139,300.00","148,216.67","158,654.17",0,414,273,258.95,536.57,"4,872.68"
2020-12-02,"138,000","138,500","137,500","138,000","139,300.00","139,550.00","139,400.00","147,583.33","158,787.50",0,209,251.6,259.05,524.67,"4,866.15"
2020-12-03,"139,000","139,000","137,000","138,000","138,800.00","139,500.00","139,475.00","147,050.00","158,958.33",0,190,257.8,264.15,507.3,"4,861.33"
2020-12-04,"137,000","138,000","136,000","136,500","138,200.00","139,150.00","139,475.00","146,500.00","159,041.67",0,281,285.8,271.4,485.02,"4,768.43"
