2018-07-02,"7,480","7,480","7,000","7,150", , , , , ,0,"115,163", , , , 
2018-07-03,"6,930","7,260","6,930","7,100", , , , , ,0,"102,693", , , , 
2018-07-04,"7,200","7,260","6,950","7,000", , , , , ,0,"87,674", , , , 
2018-07-05,"7,060","7,190","6,780","7,190", , , , , ,0,"68,371", , , , 
2018-07-06,"7,090","7,200","6,970","7,170","7,122.00", , , , ,0,"78,196","90,419.40", , , 
2018-07-09,"7,090","7,120","6,880","6,970","7,086.00", , , , ,0,"112,647","89,916.20", , , 
2018-07-10,"7,080","7,100","7,000","7,050","7,076.00", , , , ,0,"29,876","75,352.80", , , 
2018-07-11,"7,100","7,120","6,950","7,060","7,088.00", , , , ,0,"31,909","64,199.80", , , 
2018-07-12,"7,010","7,150","7,010","7,100","7,070.00", , , , ,0,"34,541","57,433.80", , , 
2018-07-13,"7,030","7,190","7,030","7,170","7,070.00","7,096.00", , , ,0,"44,066","50,607.80", , , 
2018-07-16,"7,340","7,340","7,050","7,060","7,088.00","7,087.00", , , ,0,"56,925","39,463.40", , , 
2018-07-17,"7,150","7,150","6,960","7,030","7,084.00","7,080.00", , , ,0,"68,065","47,101.20", , , 
2018-07-18,"7,030","7,050","6,800","6,860","7,044.00","7,066.00", , , ,0,"142,294","69,178.20", , , 
2018-07-19,"6,900","7,180","6,870","6,940","7,012.00","7,041.00", , , ,0,"92,928","80,855.60", , , 
2018-07-20,"6,910","7,010","6,900","6,940","6,966.00","7,018.00", , , ,0,"43,138","80,670.00", , , 
2018-07-23,"6,860","6,960","6,780","6,940","6,942.00","7,015.00", , , ,0,"73,214","83,927.80", , , 
2018-07-24,"6,880","7,230","6,880","7,160","6,968.00","7,026.00", , , ,0,"84,865","87,287.80", , , 
2018-07-25,"7,250","7,250","6,920","7,000","6,996.00","7,020.00", , , ,0,"53,025","69,434.00", , , 
2018-07-26,"7,020","7,310","7,020","7,240","7,056.00","7,034.00", , , ,0,"153,457","81,539.80", , , 
2018-07-27,"7,250","7,570","7,240","7,530","7,174.00","7,070.00","7,083.00", , ,0,"104,191","93,750.40","78,861.90", , 
2018-07-30,"8,120","8,600","7,580","7,600","7,306.00","7,124.00","7,105.50", , ,0,"710,306","221,168.80","108,619.05", , 
2018-07-31,"7,650","7,660","7,320","7,390","7,352.00","7,160.00","7,120.00", , ,0,"145,407","233,277.20","110,754.75", , 
2018-08-01,"7,360","7,580","7,340","7,500","7,452.00","7,224.00","7,145.00", , ,0,"94,903","241,652.80","111,116.20", , 
2018-08-02,"7,500","7,570","7,320","7,350","7,474.00","7,265.00","7,153.00", , ,0,"48,900","220,741.40","110,142.65", , 
2018-08-03,"7,480","7,490","7,360","7,430","7,454.00","7,314.00","7,166.00", , ,0,"35,684","207,040.00","108,017.05", , 
2018-08-06,"7,350","7,490","7,310","7,380","7,410.00","7,358.00","7,186.50", , ,30,"38,388","72,656.40","104,304.10", , 
2018-08-07,"7,700","7,700","7,330","7,360","7,404.00","7,378.00","7,202.00", , ,0,"58,855","55,346.00","105,753.05", , 
2018-08-08,"7,390","7,490","7,320","7,410","7,386.00","7,419.00","7,219.50", , ,0,"62,917","48,948.80","107,303.45", , 
2018-08-09,"7,410","7,480","7,360","7,390","7,394.00","7,434.00","7,234.00", , ,0,"32,936","45,756.00","107,223.20", , 
2018-08-10,"7,500","7,550","7,390","7,420","7,392.00","7,423.00","7,246.50", , ,0,"96,062","57,831.60","109,823.00", , 
2018-08-13,"7,430","7,490","7,180","7,180","7,352.00","7,381.00","7,252.50", , ,0,"68,199","63,793.80","110,386.70", , 
2018-08-14,"7,150","7,380","7,150","7,320","7,344.00","7,374.00","7,267.00", , ,0,"42,733","60,569.40","109,120.10", , 
2018-08-16,"7,390","7,390","7,160","7,340","7,330.00","7,358.00","7,291.00", , ,20,"74,681","62,922.20","105,739.45", , 
2018-08-17,"7,300","7,430","7,300","7,430","7,338.00","7,366.00","7,315.50", , ,0,"61,581","68,651.20","104,172.10", , 
2018-08-20,"7,550","7,550","7,350","7,360","7,326.00","7,359.00","7,336.50", , ,0,"43,084","58,055.60","104,169.40", , 
2018-08-21,"7,370","7,450","7,310","7,350","7,360.00","7,356.00","7,357.00", , ,0,"47,907","53,997.20","102,904.05", , 
2018-08-22,"7,390","7,800","7,250","7,290","7,354.00","7,349.00","7,363.50", , ,66,"169,641","79,378.80","107,142.85", , 
2018-08-23,"7,360","7,440","7,050","7,100","7,306.00","7,318.00","7,368.50", , ,0,"236,922","111,827.00","116,337.70", , 
2018-08-24,"7,110","7,140","6,990","7,080","7,236.00","7,287.00","7,360.50", , ,0,"87,668","117,044.40","113,048.25", , 
2018-08-27,"6,910","7,060","6,900","6,980","7,160.00","7,243.00","7,333.00", , ,0,"95,320","127,491.60","112,604.70", , 
2018-08-28,"6,990","7,090","6,960","7,030","7,096.00","7,228.00","7,304.50", , ,0,"45,373","126,984.80","79,358.05", , 
2018-08-29,"7,010","7,090","7,010","7,070","7,052.00","7,203.00","7,288.50", , ,0,"35,488","100,154.20","73,862.10", , 
2018-08-30,"7,070","7,100","6,990","7,050","7,042.00","7,174.00","7,266.00", , ,0,"31,560","59,081.80","70,694.95", , 
2018-08-31,"7,000","7,080","6,970","7,010","7,028.00","7,132.00","7,249.00", , ,0,"49,402","51,428.60","70,720.05", , 
2018-09-03,"7,010","7,100","6,980","7,040","7,040.00","7,100.00","7,229.50", , ,0,"41,136","40,591.80","70,992.65", , 
2018-09-04,"7,050","7,200","7,040","7,190","7,072.00","7,084.00","7,220.00", , ,0,"62,489","44,015.00","72,197.70", , 
2018-09-05,"7,230","7,240","7,000","7,050","7,068.00","7,060.00","7,204.50", , ,0,"57,538","48,425.00","72,131.85", , 
2018-09-06,"7,110","7,400","7,050","7,390","7,136.00","7,089.00","7,203.50", , ,0,"218,288","85,770.60","79,900.40", , 
2018-09-07,"7,360","7,480","7,220","7,300","7,194.00","7,111.00","7,199.00", , ,37,"166,791","109,248.40","86,593.15", , 
2018-09-10,"7,300","7,510","7,180","7,490","7,284.00","7,162.00","7,202.50", , ,0,"155,885","132,198.20","89,584.30", , 
2018-09-11,"7,620","7,670","7,350","7,430","7,332.00","7,202.00","7,215.00", , ,0,"142,064","148,113.20","93,277.55", , 
2018-09-12,"7,410","7,450","7,190","7,300","7,382.00","7,225.00","7,214.00", , ,0,"81,654","152,936.40","95,223.60", , 
2018-09-13,"7,310","7,400","7,210","7,380","7,380.00","7,258.00","7,216.00", , ,0,"64,059","122,090.60","94,692.50", , 
2018-09-14,"7,360","7,400","7,270","7,310","7,382.00","7,288.00","7,210.00", , ,30,"57,426","100,217.60","94,484.75", , 
2018-09-17,"7,400","7,490","7,280","7,320","7,348.00","7,316.00","7,208.00", , ,0,"89,072","86,855.00","96,784.15", , 
2018-09-18,"7,410","7,460","7,090","7,150","7,292.00","7,312.00","7,198.00", , ,0,"93,841","77,210.40","99,080.85", , 
2018-09-19,"7,220","7,350","7,070","7,080","7,248.00","7,315.00","7,187.50", , ,0,"114,809","83,841.40","96,339.25", , 
2018-09-20,"7,090","7,790","7,060","7,310","7,234.00","7,307.00","7,198.00", , ,29,"514,551","173,939.80","110,220.70", , 
2018-09-21,"7,420","7,630","7,330","7,410","7,254.00","7,318.00","7,214.50", , ,0,"297,738","222,002.20","120,724.20", , 
2018-09-27,"7,500","7,500","7,330","7,340","7,258.00","7,303.00","7,232.50","7,216.17", ,0,"59,091","216,006.00","118,912.75","103,459.78", 
2018-09-28,"7,300","7,340","7,160","7,200","7,268.00","7,280.00","7,241.00","7,217.00", ,0,"75,314","212,300.60","120,409.80","102,795.63", 
2018-10-01,"7,210","7,280","7,100","7,150","7,282.00","7,265.00","7,245.00","7,217.83", ,0,"56,776","200,694.00","121,474.20","102,030.35", 
2018-10-02,"7,210","7,240","7,120","7,130","7,246.00","7,240.00","7,249.00","7,220.00", ,0,"72,380","112,259.80","123,515.20","101,775.45", 
2018-10-04,"7,200","7,200","7,000","7,060","7,176.00","7,215.00","7,251.50","7,217.83", ,0,"104,441","73,600.40","126,267.15","102,376.62", 
2018-10-05,"7,010","7,070","6,880","6,900","7,088.00","7,173.00","7,244.50","7,213.33", ,0,"72,229","76,228.00","127,821.80","102,277.17", 
2018-10-08,"6,860","7,000","6,860","6,920","7,032.00","7,150.00","7,231.00","7,212.50", ,0,"63,061","73,777.40","127,850.40","101,450.73", 
2018-10-10,"6,960","6,960","6,610","6,720","6,946.00","7,114.00","7,214.50","7,207.00", ,0,"85,072","79,436.60","129,227.10","102,370.67", 
2018-10-11,"6,270","6,580","6,260","6,310","6,782.00","7,014.00","7,160.50","7,194.50", ,66,"115,418","88,044.20","124,083.60","103,762.48", 
2018-10-12,"6,160","6,390","6,130","6,330","6,636.00","6,906.00","7,112.00","7,181.67", ,0,"71,131","81,382.20","119,300.60","104,372.32", 
2018-10-15,"6,350","6,470","6,320","6,340","6,524.00","6,806.00","7,054.50","7,167.83", ,0,"39,352","74,806.80","113,473.95","104,293.75", 
2018-10-16,"6,340","6,530","6,340","6,450","6,430.00","6,731.00","7,005.50","7,157.67", ,0,"31,042","68,403.00","107,922.85","103,862.37", 
2018-10-17,"6,600","6,950","6,520","6,580","6,402.00","6,674.00","6,969.50","7,150.17", ,0,"90,264","69,441.40","108,353.35","104,232.35", 
2018-10-18,"6,600","6,690","6,580","6,660","6,472.00","6,627.00","6,933.50","7,146.83", ,0,"22,542","50,866.20","106,277.50","102,236.48", 
2018-10-19,"6,640","7,080","6,500","6,750","6,556.00","6,596.00","6,905.50","7,143.67", ,0,"474,785","131,597.00","127,145.45","108,600.77", 
2018-10-22,"6,700","6,790","6,620","6,640","6,616.00","6,570.00","6,871.50","7,138.67", ,0,"54,937","134,714.00","125,438.70","108,797.42", 
2018-10-23,"6,640","6,870","6,450","6,460","6,618.00","6,524.00","6,837.00","7,130.67", ,0,"91,264","146,758.40","125,309.85","109,098.25", 
2018-10-24,"6,680","6,680","6,300","6,420","6,586.00","6,494.00","6,804.00","7,118.33", ,0,"65,700","141,845.60","122,854.40","108,778.83", 
2018-10-25,"6,400","6,400","6,130","6,200","6,494.00","6,483.00","6,748.50","7,105.00", ,0,"96,673","156,671.80","101,960.50","109,506.30", 
2018-10-26,"6,230","6,270","5,790","5,870","6,318.00","6,437.00","6,671.50","7,082.17", ,0,"95,817","80,878.20","91,864.45","108,545.63", 
2018-10-29,"5,760","5,890","5,190","5,450","6,080.00","6,348.00","6,577.00","7,047.50", ,0,"76,890","85,268.80","92,754.40","108,090.62", 
2018-10-30,"5,060","5,590","5,000","5,520","5,892.00","6,255.00","6,493.00","7,012.83", ,0,"104,755","87,967.00","94,226.45","97,998.10", 
2018-10-31,"5,540","5,660","5,500","5,620","5,732.00","6,159.00","6,416.50","6,983.33", ,0,"38,875","82,602.00","93,331.40","96,222.57", 
2018-11-01,"5,650","5,830","5,650","5,650","5,622.00","6,058.00","6,342.50","6,952.50", ,0,"31,111","69,489.60","91,267.95","95,159.37", 
2018-11-02,"5,650","5,930","5,650","5,900","5,628.00","5,973.00","6,284.50","6,928.33", ,70,"33,490","57,024.20","87,720.40","94,902.53", 
2018-11-05,"5,830","5,880","5,730","5,860","5,710.00","5,895.00","6,232.50","6,902.17", ,0,"20,743","45,794.80","85,146.10","94,653.52", 
2018-11-06,"5,970","6,010","5,750","5,960","5,798.00","5,845.00","6,184.50","6,878.50", ,0,"32,118","31,267.40","83,598.95","94,549.02", 
2018-11-07,"6,000","6,150","5,700","5,790","5,832.00","5,782.00","6,138.00","6,852.33", ,0,"36,253","30,743.00","81,158.00","94,172.32", 
2018-11-08,"5,900","6,000","5,850","5,960","5,894.00","5,758.00","6,120.50","6,828.17", ,0,"21,482","28,817.20","76,461.20","93,481.73", 
2018-11-09,"5,920","5,960","5,750","5,900","5,894.00","5,761.00","6,099.00","6,803.33", ,0,"61,161","34,351.40","75,962.70","93,952.15", 
2018-11-12,"5,900","5,900","5,650","5,700","5,862.00","5,786.00","6,067.00","6,774.67", ,0,"27,101","35,623.00","75,350.15","92,802.80", 
2018-11-13,"5,620","5,680","5,500","5,620","5,794.00","5,796.00","6,025.50","6,748.67", ,0,"20,745","33,348.40","74,835.30","92,011.90", 
2018-11-14,"5,640","5,660","5,540","5,620","5,760.00","5,796.00","5,977.50","6,720.33", ,0,"22,738","30,645.40","71,459.00","91,678.65", 
2018-11-15,"5,540","5,630","5,520","5,580","5,684.00","5,789.00","5,923.50","6,691.00", ,0,"35,243","33,397.60","72,094.05","91,021.35", 
2018-11-16,"5,620","5,620","5,480","5,500","5,604.00","5,749.00","5,861.00","6,658.83", ,0,"57,622","32,689.80","51,235.90","90,955.37", 
2018-11-19,"5,500","5,560","5,480","5,500","5,564.00","5,713.00","5,804.00","6,627.83", ,70,"86,910","44,651.60","52,834.55","91,685.80", 
2018-11-20,"5,500","5,560","5,460","5,490","5,538.00","5,666.00","5,755.50","6,596.83", ,0,"49,687","50,440.00","50,755.70","91,715.47", 
2018-11-21,"5,450","6,480","5,420","5,500","5,514.00","5,637.00","5,709.50","6,567.00", ,66,"172,553","80,403.00","56,098.35","91,764.00", 
2018-11-22,"5,540","5,550","5,400","5,470","5,492.00","5,588.00","5,673.00","6,539.83", ,0,"46,027","82,559.80","53,566.05","88,582.42", 
2018-11-23,"5,420","5,520","5,410","5,430","5,478.00","5,541.00","5,651.00","6,512.33", ,0,"16,564","74,348.20","49,603.40","87,397.35", 
2018-11-26,"5,400","5,470","5,370","5,390","5,456.00","5,510.00","5,648.00","6,485.83", ,0,"44,809","65,928.00","47,999.35","86,555.50", 
2018-11-27,"5,450","5,450","5,350","5,410","5,440.00","5,489.00","5,642.50","6,458.83", ,0,"32,625","62,515.60","44,392.85","86,343.03", 
2018-11-28,"5,440","5,440","5,360","5,400","5,420.00","5,467.00","5,631.50","6,431.00", ,0,"36,563","35,317.60","44,277.25","86,360.95", 
2018-11-29,"5,470","5,470","5,340","5,390","5,404.00","5,448.00","5,618.50","6,403.33", ,0,"31,771","32,466.40","44,310.25","86,364.47", 
2018-11-30,"5,440","5,440","5,340","5,370","5,392.00","5,435.00","5,592.00","6,376.00", ,70,"10,110","31,175.60","43,141.25","85,709.60", 
2018-12-03,"5,450","5,480","5,390","5,460","5,406.00","5,431.00","5,572.00","6,349.67", ,0,"101,740","42,561.80","47,191.10","86,719.67", 
2018-12-04,"5,490","5,610","5,400","5,580","5,440.00","5,440.00","5,553.00","6,322.83", ,0,"68,578","49,752.40","49,014.10","86,821.15", 
2018-12-05,"5,460","5,540","5,460","5,540","5,468.00","5,444.00","5,540.50","6,297.67", ,0,"56,937","53,827.20","50,048.30","86,811.13", 
2018-12-06,"5,580","5,610","5,410","5,460","5,482.00","5,443.00","5,515.50","6,265.50", ,0,"36,235","54,720.00","50,785.95","83,776.92", 
2018-12-07,"5,450","5,520","5,420","5,470","5,502.00","5,447.00","5,494.00","6,235.00", ,54,"27,683","58,234.60","49,112.05","81,458.45", 
2018-12-10,"5,400","5,400","5,210","5,290","5,468.00","5,437.00","5,473.50","6,198.33", ,0,"42,514","46,389.40","49,882.70","79,568.93", 
2018-12-11,"5,300","5,300","5,210","5,250","5,402.00","5,421.00","5,455.00","6,162.00", ,70,"23,148","37,303.40","50,002.85","77,587.00", 
2018-12-12,"5,320","5,350","5,210","5,250","5,344.00","5,406.00","5,436.50","6,127.83", ,70,"36,050","33,126.00","50,668.45","76,826.93", 
2018-12-13,"5,270","5,440","5,200","5,280","5,308.00","5,395.00","5,421.50","6,092.83", ,0,"32,035","32,286.00","50,508.05","76,293.20", 
2018-12-14,"5,330","5,350","5,240","5,300","5,274.00","5,388.00","5,411.50","6,059.33", ,0,"28,194","32,388.20","49,036.65","75,806.00", 
2018-12-17,"5,290","5,290","5,130","5,200","5,256.00","5,362.00","5,396.50","6,024.00", ,0,"33,327","30,550.80","46,357.50","74,876.92", 
2018-12-18,"5,200","5,200","5,100","5,200","5,246.00","5,324.00","5,382.00","5,991.50", ,0,"43,981","34,717.40","46,072.20","74,045.92", 
2018-12-19,"5,260","5,260","5,150","5,160","5,228.00","5,286.00","5,365.00","5,959.50", ,0,"62,350","39,977.40","40,562.05","73,171.60", 
2018-12-20,"5,170","5,300","5,110","5,160","5,204.00","5,256.00","5,349.50","5,923.67", ,0,"55,080","44,586.40","41,014.70","65,513.75", 
2018-12-21,"5,160","5,230","5,140","5,170","5,178.00","5,226.00","5,336.50","5,886.33", ,0,"22,892","43,526.00","41,331.10","60,932.98", 
2018-12-24,"5,190","5,350","5,080","5,110","5,160.00","5,208.00","5,322.50","5,849.17","6,532.67",0,"45,799","46,020.40","41,380.60","60,711.45","82,085.62"
2018-12-26,"5,080","5,100","4,970","4,990","5,118.00","5,182.00","5,301.50","5,812.33","6,514.67",0,"65,900","50,404.20","43,044.35","60,554.55","81,675.09"
2018-12-27,"5,100","5,100","4,975","5,080","5,102.00","5,165.00","5,285.50","5,777.83","6,497.83",0,"18,954","41,725.00","42,163.90","59,924.18","80,977.27"
2018-12-28,"5,100","5,200","5,080","5,180","5,106.00","5,155.00","5,275.00","5,745.33","6,482.67",0,"22,430","35,195.00","41,696.85","59,091.68","80,433.57"
2019-01-02,"5,220","5,280","5,140","5,140","5,100.00","5,139.00","5,263.50","5,713.33","6,465.58",0,"17,354","34,087.40","42,059.05","57,640.23","80,008.43"
2019-01-03,"5,150","5,220","5,090","5,150","5,108.00","5,134.00","5,248.00","5,684.17","6,448.75",0,"20,378","29,003.20","37,990.95","56,776.05","79,526.61"
2019-01-04,"5,130","5,180","5,100","5,150","5,140.00","5,129.00","5,226.50","5,654.67","6,433.58",0,"25,896","21,002.40","35,856.85","56,156.63","78,803.68"
2019-01-07,"5,160","5,380","5,160","5,290","5,182.00","5,142.00","5,214.00","5,630.83","6,418.92",0,"39,693","25,150.20","34,994.65","55,400.32","78,885.49"
2019-01-08,"5,290","5,480","5,270","5,460","5,238.00","5,172.00","5,214.00","5,616.67","6,405.58",18,"90,489","38,762.00","37,707.35","54,984.83","79,373.66"
2019-01-09,"5,460","5,640","5,410","5,460","5,302.00","5,201.00","5,213.50","5,602.17","6,391.92",0,"102,772","55,845.60","41,461.80","55,512.18","79,942.25"
2019-01-10,"5,480","5,570","5,370","5,400","5,352.00","5,230.00","5,219.00","5,586.50","6,377.17",0,"63,169","64,403.80","42,494.55","55,909.13","80,101.44"
2019-01-11,"5,370","5,890","5,370","5,790","5,480.00","5,310.00","5,246.00","5,575.50","6,366.58",0,"256,471","110,518.80","54,160.70","59,666.28","81,764.32"
2019-01-14,"6,300","6,310","5,860","5,980","5,618.00","5,400.00","5,282.50","5,565.50","6,357.83",0,"536,854","209,951.00","79,200.90","67,109.45","85,670.90"
2019-01-15,"6,040","6,050","5,860","5,950","5,716.00","5,477.00","5,316.00","5,553.67","6,350.25",21,"126,298","217,112.80","83,914.05","68,838.72","85,537.60"
2019-01-16,"6,030","6,560","5,970","6,560","5,936.00","5,619.00","5,379.00","5,550.50","6,347.08",0,"773,998","351,358.00","121,204.25","73,825.60","91,213.18"
2019-01-17,"6,660","6,680","6,310","6,390","6,134.00","5,743.00","5,438.50","5,546.33","6,342.50",0,"257,137","390,151.60","132,394.75","77,195.60","92,996.51"
2019-01-18,"6,430","6,530","6,300","6,390","6,254.00","5,867.00","5,498.00","5,545.17","6,337.92",0,"245,020","387,861.40","142,446.70","79,758.20","94,428.23"
2019-01-21,"6,400","6,450","6,250","6,300","6,318.00","5,968.00","5,555.00","5,543.17","6,330.75",0,"105,879","301,666.40","144,623.15","80,427.85","94,603.34"
2019-01-22,"6,320","6,470","6,280","6,300","6,388.00","6,052.00","5,612.00","5,544.83","6,324.92",0,"121,824","300,771.60","147,960.35","80,847.03","95,176.67"
2019-01-23,"6,200","6,460","6,180","6,450","6,366.00","6,151.00","5,676.00","5,554.50","6,318.33",0,"137,665","173,505.00","153,699.00","81,544.50","95,045.07"
2019-01-24,"6,940","7,300","6,560","6,620","6,412.00","6,273.00","5,751.50","5,574.00","6,310.75",0,"925,811","307,239.80","197,699.60","95,693.18","101,891.90"
2019-01-25,"6,700","7,150","6,700","6,900","6,514.00","6,384.00","5,847.00","5,597.00","6,304.92",0,"558,371","369,910.00","222,323.15","103,253.45","100,625.77"
2019-01-28,"6,910","7,010","6,660","6,660","6,586.00","6,452.00","5,926.00","5,614.33","6,298.83",0,"170,673","382,868.80","229,909.10","105,450.08","100,836.33"
2019-01-29,"6,660","6,710","6,380","6,440","6,614.00","6,501.00","5,989.00","5,627.50","6,290.00",0,"199,906","398,485.20","238,782.90","108,263.33","101,711.35"
2019-01-30,"6,500","6,580","6,450","6,450","6,614.00","6,490.00","6,054.50","5,636.67","6,282.50",0,"115,338","394,019.80","243,682.10","109,627.47","102,265.00"
2019-01-31,"6,450","6,560","6,370","6,460","6,582.00","6,497.00","6,120.00","5,646.67","6,274.42",0,"65,932","222,044.00","245,959.80","110,380.62","102,517.07"
2019-02-01,"6,470","7,100","6,460","6,750","6,552.00","6,533.00","6,200.00","5,659.83","6,269.17",0,"541,624","218,694.60","271,746.20","118,872.38","106,710.70"
2019-02-07,"7,000","7,070","6,760","6,900","6,600.00","6,593.00","6,280.50","5,678.33","6,265.33",0,"325,084","249,576.80","286,015.75","123,686.23","108,929.27"
2019-02-08,"6,810","7,120","6,810","6,880","6,688.00","6,651.00","6,351.50","5,693.67","6,260.92",0,"303,360","270,267.60","296,659.30","128,384.20","110,932.97"
2019-02-11,"6,980","6,980","6,740","6,850","6,768.00","6,691.00","6,421.00","5,709.50","6,256.42",0,"125,102","272,220.40","297,775.80","129,449.88","111,701.02"
2019-02-12,"6,910","6,950","6,800","6,870","6,850.00","6,716.00","6,494.50","5,729.00","6,251.83",0,"160,679","291,169.80","302,651.30","131,676.18","112,239.49"
2019-02-13,"6,940","6,990","6,670","6,750","6,850.00","6,701.00","6,542.50","5,747.83","6,248.25",0,"153,551","213,555.20","297,505.30","133,889.62","112,950.76"
2019-02-14,"6,790","6,870","6,710","6,820","6,834.00","6,717.00","6,584.50","5,767.83","6,244.08",0,"149,786","178,495.60","278,151.90","136,007.08","113,842.87"
2019-02-15,"6,800","6,870","6,640","6,760","6,810.00","6,749.00","6,625.00","5,787.50","6,239.25",30,"111,364","140,096.40","277,405.20","137,275.77","114,148.56"
2019-02-18,"6,810","6,810","6,500","6,640","6,768.00","6,768.00","6,629.00","5,806.50","6,232.67",0,"79,264","130,928.80","242,668.50","137,636.47","114,295.92"
2019-02-19,"6,550","6,640","6,490","6,580","6,710.00","6,780.00","6,638.50","5,824.50","6,226.17",0,"114,982","121,789.40","235,560.75","138,104.33","114,895.07"
2019-02-20,"6,590","6,620","6,400","6,400","6,640.00","6,745.00","6,639.00","5,839.67","6,218.25",0,"105,143","112,107.80","228,566.90","139,028.60","115,372.03"
2019-02-21,"6,350","6,460","6,250","6,330","6,542.00","6,688.00","6,640.50","5,853.50","6,210.25",0,"77,901","97,730.80","227,168.00","137,451.07","114,607.53"
2019-02-22,"6,370","6,510","6,340","6,420","6,474.00","6,642.00","6,646.50","5,869.33","6,204.58",0,"58,244","87,106.80","223,989.00","137,654.68","113,118.55"
2019-02-25,"6,430","6,460","6,300","6,360","6,418.00","6,593.00","6,642.00","5,884.83","6,198.58",0,"53,155","81,885.00","219,763.50","138,264.53","112,830.94"
2019-02-26,"6,400","6,500","6,360","6,400","6,382.00","6,546.00","6,631.00","5,901.67","6,193.75",0,"55,163","69,921.20","176,231.10","138,437.10","112,496.30"
2019-02-27,"6,480","6,480","6,350","6,390","6,380.00","6,510.00","6,605.50","5,918.00","6,188.42",0,"29,157","54,724.00","149,770.40","138,379.30","112,361.17"
2019-02-28,"6,400","6,420","5,850","5,910","6,296.00","6,419.00","6,568.00","5,926.50","6,178.75",0,"147,098","68,563.40","148,591.65","140,221.55","113,291.25"
2019-03-04,"5,830","6,090","5,830","5,910","6,194.00","6,334.00","6,541.50","5,935.17","6,169.25",66,"139,958","84,906.20","145,594.25","142,024.67","114,194.57"
2019-03-05,"5,900","5,930","5,810","5,880","6,098.00","6,258.00","6,513.00","5,943.67","6,159.83",0,"67,527","87,780.60","143,203.70","142,981.62","114,345.61"
2019-03-06,"5,910","5,980","5,840","5,940","6,006.00","6,194.00","6,487.00","5,951.67","6,150.67",0,"41,200","84,988.00","141,967.10","141,972.62","114,346.14"
2019-03-07,"5,950","5,990","5,750","5,860","5,900.00","6,140.00","6,442.50","5,956.33","6,139.58",0,"68,692","92,895.00","118,320.50","141,974.52","114,397.83"
2019-03-08,"5,870","5,870","5,700","5,710","5,860.00","6,078.00","6,383.00","5,959.17","6,128.42",0,"41,671","71,809.60","104,149.85","141,720.08","114,265.61"
2019-03-11,"5,780","5,780","5,600","5,700","5,818.00","6,006.00","6,324.00","5,963.17","6,114.33",0,"29,595","49,737.00","90,461.60","141,609.42","112,693.17"
2019-03-12,"5,650","5,890","5,650","5,850","5,812.00","5,955.00","6,274.00","5,969.50","6,102.25",0,"40,184","44,268.40","86,215.70","141,817.77","111,638.11"
2019-03-13,"5,810","5,920","5,710","5,840","5,792.00","5,899.00","6,222.50","5,978.67","6,088.50",0,"72,576","50,543.60","81,810.55","142,318.80","110,943.87"
2019-03-14,"5,890","6,060","5,840","6,040","5,828.00","5,864.00","6,187.00","5,991.83","6,076.92",0,"38,663","44,537.80","76,066.15","142,577.38","110,082.19"
2019-03-15,"6,040","6,090","5,760","5,820","5,850.00","5,855.00","6,137.00","6,001.33","6,064.58",0,"81,029","52,409.40","72,628.30","143,327.03","110,076.98"
2019-03-18,"5,830","5,980","5,780","5,820","5,874.00","5,846.00","6,090.00","6,010.33","6,051.58",49,"102,881","67,066.60","72,204.15","144,507.80","110,400.50"
2019-03-19,"5,930","6,520","5,930","6,250","5,954.00","5,883.00","6,070.50","6,026.17","6,042.75",0,"474,280","153,885.80","91,954.95","151,942.57","113,874.28"
2019-03-20,"6,200","6,310","5,960","6,080","6,002.00","5,897.00","6,045.50","6,040.83","6,032.42",37,"127,165","164,803.60","92,564.10","153,506.53","114,191.73"
2019-03-21,"6,070","6,070","5,850","5,850","5,964.00","5,896.00","6,018.00","6,051.67","6,021.58",38,"109,625","178,996.00","92,788.20","154,600.60","114,323.26"
2019-03-22,"5,870","5,900","5,810","5,840","5,968.00","5,909.00","5,993.50","6,063.00","6,011.25",23,"47,958","172,381.80","91,291.05","154,360.73","113,766.17"
2019-03-25,"5,810","5,860","5,740","5,790","5,962.00","5,918.00","5,962.00","6,073.50","5,998.58",0,"44,140","160,633.60","90,585.85","154,178.40","109,846.08"
2019-03-26,"5,750","5,800","5,700","5,760","5,864.00","5,909.00","5,932.00","6,083.33","5,984.83",0,"31,603","72,098.20","89,508.25","154,323.58","107,628.28"
2019-03-27,"5,760","5,780","5,710","5,760","5,800.00","5,901.00","5,900.00","6,094.17","5,971.67",0,"23,837","51,432.60","87,941.95","153,957.55","107,334.50"
2019-03-28,"5,760","5,770","5,640","5,640","5,758.00","5,861.00","5,862.50","6,105.00","5,958.67",0,"23,801","34,267.80","87,674.15","153,255.90","106,905.23"
2019-03-29,"5,610","5,800","5,580","5,720","5,734.00","5,851.00","5,853.00","6,115.67","5,946.75",0,"57,516","36,179.40","83,195.05","153,898.60","106,911.39"
2019-04-01,"5,770","5,860","5,750","5,840","5,744.00","5,853.00","5,849.50","6,126.67","5,936.00",0,"36,870","34,725.40","78,040.65","154,139.27","106,615.48"
2019-04-02,"5,800","5,900","5,770","5,880","5,768.00","5,816.00","5,849.50","6,139.00","5,926.17",0,"27,788","33,962.40","76,053.70","154,313.17","105,976.70"
2019-04-03,"5,830","5,940","5,830","5,930","5,802.00","5,801.00","5,849.00","6,152.00","5,918.08",68,"25,206","34,236.20","75,254.00","154,393.63","105,584.84"
2019-04-04,"5,890","5,950","5,850","5,880","5,850.00","5,804.00","5,850.00","6,164.17","5,909.42",0,"21,097","33,695.40","72,874.25","154,313.65","105,235.14"
2019-04-05,"5,890","5,930","5,860","5,880","5,882.00","5,808.00","5,858.50","6,174.00","5,902.42",0,"24,717","27,135.60","72,026.55","154,064.05","104,732.18"
2019-04-08,"5,940","5,940","5,820","5,860","5,886.00","5,815.00","5,866.50","6,180.67","5,898.67",0,"21,519","24,065.40","71,622.75","152,914.55","103,949.69"
2019-04-09,"5,930","5,930","5,800","5,840","5,878.00","5,823.00","5,866.00","6,187.00","5,894.58",0,"34,717","25,451.20","71,349.40","151,780.30","103,646.24"
2019-04-10,"5,860","6,040","5,830","5,980","5,888.00","5,845.00","5,873.00","6,196.67","5,891.58",0,"63,507","33,111.40","70,895.95","151,785.93","103,847.53"
2019-04-11,"6,000","6,090","5,930","6,000","5,912.00","5,881.00","5,871.00","6,200.17","5,887.83",0,"48,586","38,609.20","71,392.10","148,321.18","103,993.73"
2019-04-12,"6,020","6,020","5,910","5,990","5,934.00","5,908.00","5,879.50","6,200.33","5,882.92",0,"32,486","40,163.00","68,964.95","139,915.05","103,512.25"
2019-04-15,"6,010","6,150","6,000","6,050","5,972.00","5,929.00","5,891.00","6,202.00","5,877.83",29,"46,752","45,209.60","66,158.50","138,589.28","103,714.00"
2019-04-16,"6,090","6,090","6,000","6,050","6,014.00","5,946.00","5,881.00","6,193.50","5,872.00",0,"28,069","43,880.00","43,847.95","126,157.13","99,991.37"
2019-04-17,"6,090","6,090","6,010","6,020","6,022.00","5,955.00","5,878.00","6,187.33","5,866.83",30,"19,237","35,026.00","38,451.55","122,192.13","99,693.87"
2019-04-18,"6,020","6,060","5,920","5,950","6,012.00","5,962.00","5,883.00","6,180.00","5,862.58",42,"17,437","28,796.20","33,842.15","118,399.08","99,078.64"
2019-04-19,"5,950","5,990","5,920","5,970","6,008.00","5,971.00","5,889.50","6,174.50","5,858.83",0,"14,897","25,278.40","32,189.10","116,882.72","98,655.28"
2019-04-22,"6,000","6,080","5,950","6,030","6,004.00","5,988.00","5,901.50","6,170.00","5,857.42",0,"28,903","21,708.60","31,427.25","115,334.03","98,090.53"
2019-04-23,"5,980","6,060","5,960","6,010","5,996.00","6,005.00","5,914.00","6,162.67","5,858.58",0,"31,420","22,378.80","31,418.10","113,563.28","97,553.89"
2019-04-24,"6,030","6,030","5,890","5,940","5,980.00","6,001.00","5,923.00","6,151.33","5,862.67",39,"40,285","26,588.40","32,240.50","98,804.52","97,248.85"
2019-04-25,"5,960","5,970","5,860","5,940","5,978.00","5,995.00","5,938.00","6,135.33","5,866.17",0,"23,259","27,752.80","32,213.40","89,885.98","96,569.72"
2019-04-26,"5,880","5,950","5,870","5,890","5,962.00","5,985.00","5,946.50","6,122.50","5,868.42",0,"20,930","28,959.40","30,384.10","87,390.27","96,420.18"
2019-04-29,"5,940","5,940","5,860","5,910","5,938.00","5,971.00","5,950.00","6,113.67","5,870.58",0,"22,070","27,592.80","29,644.10","84,426.33","96,344.83"
2019-04-30,"5,900","5,920","5,860","5,910","5,918.00","5,957.00","5,951.50","6,104.67","5,870.67",70,"12,991","23,907.00","28,904.25","82,720.55","96,174.01"
2019-05-02,"5,920","5,930","5,870","5,910","5,912.00","5,946.00","5,950.50","6,095.50","5,871.08",0,"13,608","18,571.60","28,324.35","81,848.48","96,114.55"
2019-05-03,"5,900","5,920","5,870","5,900","5,904.00","5,941.00","5,951.50","6,081.33","5,870.58",70,"10,598","16,039.40","27,799.40","72,998.05","95,935.22"
2019-05-07,"5,880","5,880","5,730","5,760","5,878.00","5,920.00","5,945.50","6,062.33","5,870.33",0,"54,741","22,801.60","29,300.60","68,492.33","96,089.28"
2019-05-08,"5,790","5,920","5,740","5,770","5,850.00","5,894.00","5,941.00","6,043.83","5,868.75",69,"54,358","29,259.20","30,942.55","64,342.30","96,363.25"
2019-05-09,"5,780","5,780","5,620","5,620","5,792.00","5,855.00","5,930.00","6,023.33","5,866.42",2,"58,233","38,307.60","32,118.35","63,227.82","96,338.85"
2019-05-10,"5,570","5,700","5,500","5,580","5,726.00","5,819.00","5,910.00","6,001.83","5,865.42",0,"35,484","42,682.80","30,717.20","61,141.23","96,408.71"
2019-05-13,"5,540","5,590","5,500","5,540","5,654.00","5,779.00","5,887.00","5,981.67","5,864.75",70,"27,238","46,010.80","29,649.80","59,036.02","96,462.82"
2019-05-14,"5,500","5,590","5,470","5,530","5,608.00","5,743.00","5,864.00","5,960.17","5,864.00",0,"33,037","41,670.00","29,677.35","57,090.20","96,548.64"
2019-05-15,"5,550","6,100","5,460","5,730","5,600.00","5,725.00","5,848.00","5,943.00","5,865.25",0,"214,973","73,793.00","38,088.40","58,817.02","98,046.39"
2019-05-16,"5,740","5,810","5,660","5,700","5,616.00","5,704.00","5,830.50","5,927.33","5,866.92",0,"50,317","72,209.80","39,200.80","58,334.57","97,985.52"
2019-05-17,"5,730","5,900","5,720","5,800","5,660.00","5,693.00","5,819.50","5,914.33","5,869.42",0,"71,895","79,492.00","41,833.70","57,616.45","97,860.39"
2019-05-20,"5,880","5,880","5,730","5,750","5,702.00","5,678.00","5,809.50","5,903.50","5,871.58",0,"16,659","77,376.20","41,794.80","56,141.72","97,585.16"
2019-05-21,"5,700","5,760","5,620","5,650","5,726.00","5,667.00","5,793.50","5,892.17","5,872.83",0,"28,336","76,436.00","42,466.75","55,315.63","96,383.35"
2019-05-22,"5,680","5,700","5,600","5,660","5,712.00","5,656.00","5,775.00","5,879.50","5,874.42",0,"19,250","37,291.40","41,984.10","54,665.73","96,160.21"
2019-05-23,"5,660","5,660","5,550","5,620","5,696.00","5,656.00","5,755.50","5,867.17","5,876.00",0,"29,253","33,078.60","41,875.75","54,267.37","96,265.95"
2019-05-24,"5,610","5,620","5,440","5,440","5,624.00","5,642.00","5,730.50","5,851.17","5,876.42",2,"52,884","29,276.40","42,505.70","54,229.38","96,333.24"
2019-05-27,"5,400","5,580","5,400","5,540","5,582.00","5,642.00","5,710.50","5,837.00","5,877.50",0,"58,053","37,555.20","44,245.40","54,710.98","96,545.14"
2019-05-28,"5,570","5,750","5,550","5,730","5,598.00","5,662.00","5,702.50","5,834.00","5,880.25",0,"31,526","38,193.20","44,775.20","52,784.78","96,503.17"
2019-05-29,"5,730","5,730","5,470","5,680","5,602.00","5,657.00","5,691.00","5,830.17","5,882.67",71,"28,587","40,060.60","45,101.05","50,928.60","96,476.63"
2019-05-30,"5,680","5,700","5,580","5,670","5,612.00","5,654.00","5,679.00","5,826.67","5,885.17",0,"23,317","38,873.40","45,617.35","50,191.77","96,586.69"
2019-05-31,"5,650","5,750","5,530","5,660","5,656.00","5,640.00","5,666.50","5,822.00","5,886.83",0,"36,755","35,647.60","46,774.70","50,117.68","96,045.15"
2019-06-03,"5,660","5,680","5,550","5,570","5,662.00","5,622.00","5,650.00","5,817.17","5,886.75",0,"13,963","26,829.60","46,942.95","49,205.53","95,590.02"
2019-06-04,"5,550","5,650","5,550","5,610","5,638.00","5,618.00","5,642.50","5,815.50","5,887.33",70,"26,237","25,771.80","45,517.75","48,948.30","95,334.19"
2019-06-05,"5,700","5,800","5,620","5,780","5,658.00","5,630.00","5,643.00","5,816.83","5,890.00",0,"65,351","33,124.60","46,067.40","49,544.23","95,576.82"
2019-06-07,"5,830","6,030","5,780","6,010","5,726.00","5,669.00","5,662.50","5,819.50","5,894.50",0,"88,744","46,210.00","47,592.95","50,353.57","96,085.67"
2019-06-10,"6,040","6,100","6,000","6,010","5,796.00","5,726.00","5,684.00","5,822.33","5,900.50",0,"31,467","45,152.40","47,392.10","49,668.42","95,993.61"
2019-06-11,"6,050","6,130","6,020","6,110","5,904.00","5,783.00","5,712.50","5,823.50","5,907.67",0,"52,255","52,810.80","48,642.95","49,894.95","96,236.17"
2019-06-12,"6,130","6,230","6,040","6,100","6,002.00","5,820.00","5,741.00","5,828.17","5,914.75",0,"53,365","58,236.40","49,659.35","49,433.88","96,380.46"
2019-06-13,"6,100","6,140","6,000","6,080","6,062.00","5,860.00","5,758.50","5,832.50","5,921.42",0,"46,385","54,443.20","41,229.95","48,492.28","96,500.04"
2019-06-14,"6,080","6,080","5,960","5,960","6,052.00","5,889.00","5,771.50","5,827.67","5,926.92",43,"66,713","50,037.00","42,049.75","41,699.50","96,821.03"
2019-06-17,"5,960","6,120","5,960","6,070","6,064.00","5,930.00","5,785.00","5,827.50","5,934.17",0,"36,427","51,029.00","40,276.35","40,187.20","96,846.87"
2019-06-18,"6,120","6,120","5,960","5,960","6,034.00","5,969.00","5,795.50","5,829.33","5,940.50",30,"57,467","52,071.40","42,316.75","39,317.90","96,959.25"
2019-06-19,"6,000","6,050","5,960","6,020","6,018.00","6,010.00","5,814.00","5,832.33","5,947.67",0,"39,818","49,362.00","42,890.85","39,182.23","96,771.48"
2019-06-20,"6,020","6,060","5,980","6,030","6,008.00","6,035.00","5,832.50","5,836.33","5,954.92",0,"34,694","47,023.80","43,663.05","39,024.80","96,601.60"
2019-06-21,"6,000","6,030","5,920","6,010","6,018.00","6,035.00","5,852.00","5,840.50","5,961.92",0,"57,321","45,145.40","45,066.45","39,453.43","96,888.51"
2019-06-24,"6,050","6,430","6,010","6,310","6,066.00","6,065.00","5,895.50","5,849.67","5,971.92",0,"214,610","80,782.00","53,152.75","42,632.98","98,295.27"
2019-06-25,"6,310","6,420","6,210","6,280","6,130.00","6,082.00","5,932.50","5,860.33","5,982.67",17,"51,172","79,523.00","52,808.70","43,089.17","98,172.53"
2019-06-26,"6,280","6,300","6,080","6,110","6,148.00","6,083.00","5,951.50","5,866.83","5,991.25",0,"86,739","88,907.20","55,569.35","43,576.22","98,737.41"
2019-06-27,"6,110","6,180","6,090","6,110","6,164.00","6,086.00","5,973.00","5,871.33","5,999.00",0,"28,599","87,688.20","55,569.95","43,438.37","98,788.82"
2019-06-28,"6,110","6,110","5,930","6,020","6,166.00","6,092.00","5,990.50","5,873.67","6,006.33",0,"41,178","84,459.60","56,463.00","43,661.53","98,987.35"
2019-07-01,"6,130","6,190","6,060","6,130","6,130.00","6,098.00","6,014.00","5,877.00","6,014.50",0,"44,779","50,493.40","56,864.20","43,987.75","99,190.69"
2019-07-02,"6,150","6,150","5,960","6,040","6,082.00","6,106.00","6,037.50","5,879.67","6,021.92",0,"37,430","47,745.00","58,037.55","44,259.97","99,286.81"
2019-07-03,"5,970","6,030","5,830","5,840","6,028.00","6,088.00","6,049.00","5,879.00","6,026.50",0,"63,928","43,182.80","59,922.10","44,913.48","99,488.77"
2019-07-04,"5,840","5,900","5,800","5,880","5,982.00","6,073.00","6,054.00","5,879.33","6,030.00",0,"19,182","41,299.40","57,613.65","44,874.53","98,894.54"
2019-07-05,"5,850","6,050","5,830","6,040","5,986.00","6,076.00","6,055.50","5,882.67","6,034.83",0,"69,941","47,052.00","56,673.50","45,461.60","98,620.95"
2019-07-08,"5,980","6,030","5,800","5,860","5,932.00","6,031.00","6,048.00","5,880.67","6,038.67",0,"27,121","43,520.40","56,456.20","44,855.17","98,320.55"
2019-07-09,"5,890","5,890","5,620","5,620","5,848.00","5,965.00","6,023.50","5,874.33","6,037.25",2,"64,894","49,013.20","57,088.15","45,126.97","96,724.07"
2019-07-10,"5,600","5,710","5,600","5,700","5,820.00","5,924.00","6,003.50","5,869.50","6,034.92",9,"27,640","41,755.60","55,801.90","45,046.20","92,480.63"
2019-07-11,"5,700","5,810","5,670","5,780","5,800.00","5,891.00","5,988.50","5,865.00","6,033.50",0,"25,758","43,070.80","54,770.55","44,696.30","91,642.79"
2019-07-12,"5,780","5,800","5,720","5,780","5,748.00","5,867.00","5,979.50","5,860.50","6,027.00",0,"15,564","32,195.40","52,213.10","44,487.88","85,322.51"
2019-07-15,"5,780","5,780","5,670","5,770","5,730.00","5,831.00","5,964.50","5,856.33","6,021.83",0,"14,153","29,601.80","51,099.40","44,403.15","83,297.64"
2019-07-16,"5,770","5,770","5,650","5,740","5,754.00","5,801.00","5,953.50","5,852.83","6,016.42",0,"13,476","19,318.20","48,899.85","44,337.13","81,368.11"
2019-07-17,"5,730","5,730","5,640","5,700","5,754.00","5,787.00","5,937.50","5,848.33","6,011.42",0,"20,884","17,967.00","47,953.15","44,436.92","80,659.82"
2019-07-18,"5,700","5,770","5,650","5,750","5,748.00","5,774.00","5,923.50","5,843.67","6,006.83",0,"10,267","14,868.80","46,731.80","44,126.32","79,730.18"
2019-07-19,"5,750","5,830","5,730","5,780","5,748.00","5,748.00","5,912.00","5,839.83","6,001.25",0,"19,883","15,732.60","44,859.90","43,934.03","78,748.66"
2019-07-22,"5,780","5,820","5,700","5,820","5,758.00","5,744.00","5,887.50","5,837.83","5,994.58",67,"13,634","15,628.80","34,811.10","43,489.85","71,147.18"
2019-07-23,"5,780","5,820","5,750","5,800","5,770.00","5,762.00","5,863.50","5,835.50","5,985.42",0,"8,501","14,633.80","32,677.55","43,243.88","66,564.93"
2019-07-24,"5,800","5,820","5,600","5,700","5,770.00","5,762.00","5,843.00","5,832.33","5,977.42",0,"61,821","22,821.20","31,431.65","43,925.40","65,657.83"
2019-07-25,"5,700","5,700","5,540","5,600","5,740.00","5,744.00","5,817.50","5,827.17","5,970.42",0,"33,430","27,453.80","31,673.20","44,114.73","64,270.53"
2019-07-26,"5,520","5,690","5,490","5,630","5,710.00","5,729.00","5,798.00","5,822.50","5,963.58",9,"51,906","33,858.40","32,209.60","44,763.32","63,741.93"
2019-07-29,"5,570","5,600","5,060","5,080","5,562.00","5,660.00","5,745.50","5,808.67","5,952.08",2,"248,442","80,820.00","42,392.75","48,677.22","65,262.85"
2019-07-30,"5,050","5,240","5,050","5,180","5,438.00","5,604.00","5,702.50","5,796.67","5,939.00",9,"89,841","97,088.00","45,013.30","49,997.93","61,497.99"
2019-07-31,"5,120","5,240","5,050","5,150","5,328.00","5,549.00","5,668.00","5,786.50","5,924.42",70,"85,138","101,751.40","46,073.80","50,504.55","59,498.44"
2019-08-01,"5,100","5,150","4,945","4,955","5,199.00","5,469.50","5,621.75","5,772.92","5,908.38",0,"148,744","124,814.20","52,551.90","52,077.65","58,209.97"
2019-08-02,"4,950","4,950","4,785","4,805","5,034.00","5,372.00","5,560.00","5,759.33","5,891.33",0,"117,264","137,885.80","54,918.05","53,061.50","58,144.66"
2019-08-05,"4,800","4,835","4,245","4,260","4,870.00","5,216.00","5,480.00","5,737.33","5,869.58",2,"200,941","128,385.60","63,609.05","55,819.12","58,480.18"
2019-08-06,"4,110","4,400","4,050","4,385","4,711.00","5,074.50","5,418.25","5,718.08","5,849.88",9,"106,668","131,751.00","65,697.75","57,142.95","58,089.48"
2019-08-07,"4,330","4,610","4,330","4,585","4,598.00","4,963.00","5,362.50","5,702.33","5,831.25",0,"88,818","132,487.00","68,756.65","58,072.63","57,581.42"
2019-08-08,"4,580","5,120","4,535","5,080","4,623.00","4,911.00","5,327.50","5,691.50","5,817.25",68,"226,838","148,105.80","78,810.65","58,270.38","58,543.70"
2019-08-09,"5,140","5,140","4,975","5,000","4,662.00","4,848.00","5,288.50","5,679.83","5,803.58",0,"99,430","144,539.00","83,003.95","59,088.93","58,711.75"
2019-08-12,"5,000","5,110","4,950","5,090","4,828.00","4,849.00","5,254.50","5,668.00","5,791.17",0,"50,167","114,384.20","84,804.65","58,726.80","58,171.63"
2019-08-13,"5,080","5,280","4,990","5,120","4,975.00","4,843.00","5,223.50","5,657.50","5,780.50",0,"81,663","109,383.20","88,214.00","59,810.20","57,975.96"
2019-08-14,"5,220","5,970","5,160","5,810","5,220.00","4,909.00","5,229.00","5,660.17","5,776.17",0,"1,213,106","334,240.80","147,825.10","79,556.37","67,436.00"
2019-08-16,"5,790","5,930","5,730","5,830","5,370.00","4,996.50","5,233.00","5,663.00","5,771.25",0,"424,688","373,810.80","168,546.15","86,313.67","70,489.70"
2019-08-19,"5,880","6,640","5,870","6,380","5,646.00","5,154.00","5,263.00","5,675.67","5,771.42",0,"1,321,410","618,206.80","233,622.50","107,849.62","81,058.49"
2019-08-20,"6,340","6,380","6,120","6,140","5,856.00","5,342.00","5,279.00","5,687.33","5,769.25",17,"290,566","666,286.60","247,469.10","111,810.98","83,020.18"
2019-08-21,"6,080","6,350","6,080","6,220","6,076.00","5,525.50","5,300.00","5,698.67","5,767.83",0,"261,856","702,325.20","260,136.85","115,207.70","84,959.34"
2019-08-22,"6,190","6,310","6,160","6,250","6,164.00","5,692.00","5,327.50","5,707.33","5,770.67",0,"159,284","491,560.80","265,010.00","117,337.00","85,060.89"
2019-08-23,"6,240","6,300","5,890","5,950","6,188.00","5,779.00","5,345.00","5,711.83","5,771.00",0,"347,092","476,041.60","280,693.10","122,645.42","86,787.01"
2019-08-26,"5,820","5,850","5,590","5,790","6,070.00","5,858.00","5,353.00","5,713.83","5,770.25",0,"244,425","260,644.60","290,319.05","126,330.55","88,261.16"
2019-08-27,"5,870","5,950","5,700","5,890","6,020.00","5,938.00","5,393.50","5,717.67","5,769.83",0,"100,739","222,679.20","282,933.90","127,396.95","88,757.32"
2019-08-28,"5,810","5,920","5,740","5,830","5,942.00","6,009.00","5,426.00","5,722.00","5,769.58",0,"96,418","189,591.60","283,262.75","128,771.20","88,988.37"
2019-08-29,"5,810","5,820","5,520","5,530","5,798.00","5,981.00","5,445.00","5,720.67","5,768.08",0,"105,372","178,809.20","284,274.45","130,090.12","89,519.21"
2019-08-30,"5,570","5,750","5,510","5,560","5,720.00","5,954.00","5,475.25","5,717.00","5,766.92",0,"188,960","147,182.80","286,285.25","132,150.27","90,847.25"
2019-09-02,"5,560","5,650","5,390","5,530","5,668.00","5,869.00","5,511.50","5,709.00","5,764.25",0,"161,063","130,510.40","288,475.20","133,355.58","91,854.57"
2019-09-03,"5,520","5,560","5,460","5,500","5,590.00","5,805.00","5,573.50","5,700.50","5,761.42",23,"71,363","124,635.20","281,996.30","134,020.52","91,844.47"
2019-09-04,"5,500","5,550","5,400","5,470","5,518.00","5,730.00","5,627.75","5,689.83","5,756.67",23,"90,407","123,433.00","281,183.25","134,656.38","92,275.67"
2019-09-05,"5,460","5,610","5,440","5,550","5,522.00","5,660.00","5,676.00","5,680.67","5,754.42",0,"102,964","122,951.40","281,890.55","135,483.03","92,458.46"
2019-09-06,"5,590","5,690","5,340","5,440","5,498.00","5,609.00","5,694.00","5,670.00","5,751.25",0,"173,354","119,830.20","279,216.35","137,599.18","93,045.73"
2019-09-09,"5,440","5,500","5,280","5,420","5,476.00","5,572.00","5,715.00","5,661.00","5,744.33",0,"81,603","103,938.20","278,325.00","137,847.35","89,773.43"
2019-09-10,"5,510","5,610","5,430","5,590","5,494.00","5,542.00","5,740.00","5,653.00","5,740.25",0,"244,047","138,475.00","288,019.00","141,307.68","90,747.44"
2019-09-11,"5,750","6,380","5,620","6,200","5,640.00","5,579.00","5,794.00","5,657.00","5,743.17",0,"2,264,635","573,320.60","397,167.60","178,093.82","108,705.86"
2019-09-16,"6,270","6,730","6,240","6,520","5,834.00","5,678.00","5,829.50","5,665.33","5,748.83",0,"1,322,862","817,300.20","402,655.40","199,477.88","119,330.06"
2019-09-17,"6,450","6,700","6,350","6,450","6,036.00","5,767.00","5,860.50","5,672.33","5,754.33",36,"413,472","865,323.80","402,094.60","205,790.85","122,407.83"
2019-09-18,"6,450","6,650","6,350","6,450","6,242.00","5,859.00","5,864.00","5,679.67","5,760.08",0,"263,212","901,645.60","349,184.70","209,222.37","124,337.90"
2019-09-19,"6,440","6,580","6,260","6,540","6,432.00","5,963.00","5,884.00","5,683.50","5,766.58",0,"331,224","919,081.00","351,217.60","211,165.93","126,899.46"
2019-09-20,"6,590","6,920","6,480","6,920","6,576.00","6,108.00","5,919.00","5,694.17","5,777.25",0,"458,948","557,943.60","361,072.20","217,962.20","130,525.68"
2019-09-23,"6,850","7,700","6,820","7,530","6,778.00","6,306.00","5,983.00","5,717.83","5,792.33",0,"1,071,141","507,599.40","406,665.05","234,368.90","138,972.56"
2019-09-24,"7,520","7,950","7,280","7,540","6,996.00","6,516.00","6,062.50","5,741.67","5,806.50",0,"1,391,546","703,214.20","458,887.75","257,084.68","150,261.52"
2019-09-25,"7,590","7,820","7,250","7,250","7,156.00","6,699.00","6,135.50","5,762.17","5,817.92",0,"728,903","796,352.40","483,111.65","268,546.77","156,104.15"
2019-09-26,"7,400","7,600","7,230","7,330","7,314.00","6,873.00","6,207.50","5,782.17","5,829.58",0,"342,040","798,515.60","495,176.70","273,501.12","158,744.43"
2019-09-27,"7,260","7,400","7,070","7,110","7,352.00","6,964.00","6,271.50","5,800.00","5,839.83",0,"261,092","758,944.40","503,410.40","277,228.82","160,744.39"
2019-09-30,"7,110","7,180","6,900","7,010","7,248.00","7,013.00","6,345.50","5,819.50","5,849.25",0,"223,047","589,325.60","509,294.15","279,880.80","162,397.14"
2019-10-01,"6,980","7,110","6,980","7,060","7,152.00","7,074.00","6,420.50","5,839.17","5,859.25",0,"144,335","339,883.40","507,062.90","281,966.68","163,420.61"
2019-10-02,"7,130","7,330","6,600","6,700","7,042.00","7,099.00","6,479.00","5,850.17","5,866.42",0,"465,821","287,267.00","522,300.80","288,564.68","167,013.14"
2019-10-04,"6,690","6,850","6,570","6,840","6,944.00","7,129.00","6,546.00","5,866.50","5,873.58",0,"187,075","256,274.00","528,086.40","291,230.58","168,042.88"
2019-10-07,"6,610","6,790","6,420","6,460","6,814.00","7,083.00","6,595.50","5,880.50","5,877.42",0,"237,828","251,621.20","535,457.45","294,112.82","169,619.89"
2019-10-08,"6,520","6,570","6,330","6,500","6,712.00","6,980.00","6,643.00","5,893.83","5,881.67",0,"113,308","229,673.40","535,974.65","295,540.62","170,293.41"
2019-10-10,"6,490","6,750","6,350","6,640","6,628.00","6,890.00","6,703.00","5,908.17","5,886.58",0,"167,050","234,216.40","535,659.45","297,895.48","171,295.89"
2019-10-11,"6,680","6,770","6,550","6,560","6,600.00","6,821.00","6,760.00","5,921.17","5,890.83",0,"153,087","171,669.60","539,233.65","300,187.53","172,337.71"
2019-10-14,"6,610","6,750","6,560","6,670","6,566.00","6,755.00","6,814.00","5,936.17","5,896.25",0,"140,254","162,305.40","534,044.00","302,289.22","173,346.18"
2019-10-15,"6,620","6,840","6,290","6,330","6,540.00","6,677.00","6,820.50","5,946.00","5,899.42",0,"244,641","163,668.00","433,044.30","306,141.97","175,239.55"
2019-10-16,"6,370","6,420","6,260","6,330","6,506.00","6,609.00","6,811.00","5,956.50","5,902.42",0,"112,056","163,417.60","372,504.00","307,661.50","176,049.21"
2019-10-17,"6,310","6,360","6,120","6,150","6,408.00","6,518.00","6,796.00","5,963.17","5,903.42",0,"218,392","173,686.00","362,750.00","311,130.25","177,628.28"
2019-10-18,"6,200","6,360","6,170","6,300","6,356.00","6,478.00","6,788.50","5,971.83","5,905.83",8,"102,920","163,652.60","354,735.40","312,514.20","178,224.12"
2019-10-21,"6,390","6,390","6,050","6,090","6,240.00","6,403.00","6,766.00","5,976.33","5,907.08",0,"173,741","170,350.00","346,861.25","315,182.65","179,336.25"
2019-10-22,"6,090","6,250","6,060","6,210","6,216.00","6,378.00","6,730.50","5,983.17","5,909.33",0,"106,496","142,721.00","329,238.65","316,815.90","180,029.89"
2019-10-23,"6,130","6,300","5,960","5,960","6,142.00","6,324.00","6,652.00","5,987.50","5,909.92",0,"188,887","158,087.20","285,125.95","318,933.67","181,429.53"
2019-10-24,"5,980","6,060","5,870","5,970","6,106.00","6,257.00","6,573.50","5,993.67","5,910.42",0,"96,016","133,612.00","220,349.45","319,976.77","182,045.75"
2019-10-25,"6,020","6,080","5,920","5,990","6,044.00","6,200.00","6,510.50","5,999.67","5,911.08",0,"61,488","125,325.60","186,978.70","320,136.47","182,449.89"
2019-10-28,"6,010","6,100","5,980","6,020","6,030.00","6,135.00","6,445.00","6,015.33","5,912.00",0,"65,000","103,577.40","173,126.70","317,079.10","182,878.16"
2019-10-29,"6,090","6,340","5,990","6,260","6,040.00","6,128.00","6,402.50","6,033.33","5,915.00",0,"187,076","119,693.40","169,425.90","318,699.68","184,348.81"
2019-10-30,"6,200","6,260","6,050","6,070","6,062.00","6,102.00","6,355.50","6,048.67","5,917.58",0,"95,570","101,030.00","163,052.05","318,873.55","184,689.05"
2019-10-31,"6,040","6,110","6,020","6,070","6,082.00","6,094.00","6,306.00","6,067.25","5,920.08",0,"54,675","92,761.80","158,569.05","317,305.73","184,691.69"
2019-11-01,"6,120","6,120","5,920","5,960","6,076.00","6,060.00","6,269.00","6,086.50","5,922.92",0,"74,365","95,337.20","138,996.25","316,590.75","184,826.13"
2019-11-04,"5,970","6,160","5,950","6,060","6,084.00","6,057.00","6,230.00","6,116.50","5,926.92",0,"67,234","95,784.00","133,004.20","314,362.30","185,090.71"
2019-11-05,"6,100","6,400","6,100","6,300","6,092.00","6,066.00","6,222.00","6,148.42","5,933.25",0,"187,932","95,955.20","130,509.40","315,716.70","186,429.83"
2019-11-06,"6,390","6,390","6,170","6,200","6,118.00","6,090.00","6,207.00","6,175.33","5,938.83",0,"92,248","95,290.80","129,456.40","315,773.87","186,923.25"
2019-11-07,"6,240","6,240","6,030","6,100","6,124.00","6,103.00","6,180.00","6,192.33","5,941.92",0,"121,018","108,559.40","127,154.80","314,010.20","186,140.29"
2019-11-08,"6,090","6,110","5,990","6,060","6,144.00","6,110.00","6,155.00","6,210.00","5,944.92",0,"110,963","115,879.00","125,048.60","314,202.42","186,645.67"
2019-11-11,"6,060","6,160","6,060","6,080","6,148.00","6,116.00","6,125.50","6,226.50","5,947.25",8,"46,216","111,675.40","120,346.70","314,136.57","186,431.68"
2019-11-12,"6,100","6,110","6,020","6,050","6,098.00","6,095.00","6,111.50","6,242.00","5,949.75",0,"58,795","85,848.00","111,054.40","313,755.43","186,782.82"
2019-11-13,"6,100","6,160","6,010","6,010","6,060.00","6,089.00","6,095.50","6,245.33","5,952.75",0,"74,431","82,284.60","109,173.15","294,777.52","187,166.94"
2019-11-14,"6,150","6,260","6,010","6,010","6,042.00","6,083.00","6,088.50","6,248.33","5,955.67",70,"362,515","130,584.00","116,379.30","293,741.30","190,027.48"
2019-11-15,"6,030","6,070","5,670","5,730","5,976.00","6,060.00","6,060.00","6,237.50","5,956.58",0,"368,166","182,024.60","129,641.60","277,853.90","192,851.76"
2019-11-18,"5,770","5,850","5,720","5,770","5,914.00","6,031.00","6,044.00","6,231.33","5,959.33",57,"171,292","207,039.80","129,519.15","275,866.00","193,838.49"
2019-11-19,"5,760","5,820","5,600","5,660","5,836.00","5,967.00","6,016.50","6,222.00","5,960.33",0,"153,598","226,000.40","131,874.25","274,061.70","194,634.70"
2019-11-20,"5,660","5,660","5,390","5,480","5,730.00","5,895.00","5,992.50","6,209.17","5,958.25",0,"270,328","265,179.80","135,946.30","275,912.43","196,624.72"
2019-11-21,"5,430","5,540","5,360","5,440","5,616.00","5,829.00","5,966.00","6,200.67","5,956.25",0,"113,081","215,293.00","136,799.55","272,012.25","197,328.83"
2019-11-22,"5,400","5,490","5,400","5,440","5,558.00","5,767.00","5,938.50","6,194.83","5,954.33",0,"67,203","155,100.40","137,085.30","269,058.55","197,694.55"
2019-11-25,"5,520","5,600","5,500","5,520","5,508.00","5,711.00","5,913.50","6,188.67","5,953.17",0,"94,990","139,840.00","138,584.80","268,962.73","198,179.84"
2019-11-26,"5,510","5,690","5,510","5,630","5,502.00","5,669.00","5,882.00","6,185.33","5,953.67",0,"100,425","129,205.40","134,252.25","269,029.52","198,900.36"
2019-11-27,"5,650","5,680","5,570","5,660","5,538.00","5,634.00","5,861.50","6,187.50","5,954.08",0,"71,921","89,524.00","133,069.80","268,472.00","199,281.06"
2019-11-28,"5,620","5,660","5,580","5,650","5,580.00","5,598.00","5,840.50","6,189.00","5,953.00",0,"54,166","77,741.00","133,044.35","266,225.43","199,187.85"
2019-11-29,"5,620","5,680","5,490","5,650","5,622.00","5,590.00","5,825.00","6,191.00","5,950.00",0,"54,193","75,139.00","132,035.75","264,444.27","198,899.92"
2019-12-02,"5,580","5,660","5,510","5,570","5,632.00","5,570.00","5,800.50","6,192.17","5,946.33",0,"35,548","63,250.60","130,451.45","263,847.35","198,933.93"
2019-12-03,"5,520","5,580","5,430","5,570","5,620.00","5,561.00","5,764.00","6,193.83","5,941.83",0,"44,973","52,160.20","123,303.50","263,090.12","198,873.25"
2019-12-04,"5,520","5,560","5,430","5,500","5,588.00","5,563.00","5,729.00","6,193.00","5,936.83",70,"78,775","53,531.00","122,629.85","262,686.97","199,085.00"
2019-12-05,"5,450","5,560","5,350","5,490","5,556.00","5,568.00","5,698.50","6,193.83","5,931.92",0,"64,990","55,695.80","119,828.45","260,880.90","199,240.04"
2019-12-06,"5,420","5,570","5,410","5,490","5,524.00","5,573.00","5,670.00","6,195.00","5,928.00",0,"30,953","51,047.80","115,827.95","260,036.73","198,942.04"
2019-12-09,"5,530","5,530","5,450","5,490","5,508.00","5,570.00","5,640.50","6,193.33","5,923.17",0,"27,604","49,459.00","114,897.35","256,429.35","198,868.52"
2019-12-10,"5,470","5,490","5,420","5,490","5,492.00","5,556.00","5,612.50","6,181.50","5,919.25",0,"39,991","48,462.60","113,957.15","219,351.95","198,722.88"
2019-12-11,"5,460","5,560","5,460","5,510","5,494.00","5,541.00","5,587.50","6,164.67","5,915.00",0,"26,904","38,088.40","111,580.80","197,752.65","198,615.27"
2019-12-12,"5,510","5,580","5,490","5,570","5,510.00","5,533.00","5,565.50","6,150.00","5,911.17",0,"91,623","43,415.00","98,036.20","192,388.50","199,089.67"
2019-12-13,"5,580","5,610","5,540","5,580","5,528.00","5,526.00","5,558.00","6,135.50","5,907.58",0,"55,739","48,372.20","82,414.85","188,930.62","199,076.49"
2019-12-16,"5,630","5,630","5,560","5,590","5,548.00","5,528.00","5,549.00","6,119.67","5,901.58",0,"53,765","53,604.40","76,538.50","184,306.30","197,736.12"
2019-12-17,"5,570","5,650","5,550","5,580","5,566.00","5,529.00","5,545.00","6,097.33","5,895.75",0,"51,797","55,965.60","71,448.45","177,520.45","197,741.33"
2019-12-18,"5,580","5,680","5,550","5,620","5,588.00","5,541.00","5,552.00","6,065.50","5,891.67",0,"127,112","76,007.20","64,287.65","161,786.63","198,077.77"
2019-12-19,"5,700","5,770","5,630","5,760","5,626.00","5,568.00","5,568.00","6,035.83","5,888.75",0,"206,046","98,891.80","68,935.90","142,028.30","199,556.49"
2019-12-20,"5,770","5,790","5,640","5,710","5,652.00","5,590.00","5,581.50","6,010.17","5,886.17",0,"82,737","104,291.40","69,712.60","131,258.87","199,902.82"
2019-12-23,"5,680","5,700","5,600","5,700","5,674.00","5,611.00","5,590.50","5,983.00","5,882.58",0,"82,740","110,086.40","69,100.10","126,937.20","200,219.16"
2019-12-24,"5,670","5,720","5,610","5,720","5,702.00","5,634.00","5,595.00","5,959.83","5,879.92",0,"41,695","108,066.00","66,163.60","123,280.58","200,254.70"
2019-12-26,"5,680","5,720","5,650","5,680","5,714.00","5,651.00","5,596.00","5,937.67","5,878.58",30,"204,631","123,569.80","72,799.10","122,973.65","201,427.23"
2019-12-27,"5,680","5,730","5,580","5,680","5,698.00","5,662.00","5,597.50","5,914.67","5,876.92",0,"70,992","96,559.00","73,640.40","121,751.27","201,858.98"
2019-12-30,"5,700","5,710","5,660","5,680","5,692.00","5,672.00","5,599.00","5,897.67","5,873.92",0,"42,835","88,578.60","73,072.50","114,701.50","201,633.09"
2020-01-02,"5,680","5,820","5,680","5,730","5,698.00","5,686.00","5,607.00","5,879.17","5,872.83",0,"104,367","92,904.00","76,513.45","113,323.03","202,276.81"
2020-01-03,"5,770","5,780","5,670","5,680","5,690.00","5,696.00","5,612.50","5,866.17","5,873.33",0,"53,821","95,329.20","76,955.85","110,256.25","202,184.53"
2020-01-06,"5,630","5,630","5,450","5,530","5,660.00","5,687.00","5,614.00","5,850.00","5,871.92",0,"118,494","78,101.80","78,941.80","110,342.68","202,941.65"
2020-01-07,"5,530","5,600","5,530","5,540","5,632.00","5,665.00","5,616.50","5,831.67","5,869.92",54,"26,771","69,257.60","77,030.85","108,004.70","202,950.09"
2020-01-08,"5,540","5,550","5,270","5,400","5,576.00","5,634.00","5,612.00","5,812.33","5,866.75",0,"118,980","84,486.60","81,432.20","107,436.25","203,811.89"
2020-01-09,"5,460","5,670","5,450","5,650","5,560.00","5,629.00","5,620.00","5,795.33","5,865.75",18,"77,436","79,100.40","83,923.80","106,389.28","204,339.25"
2020-01-10,"5,650","5,730","5,620","5,700","5,564.00","5,627.00","5,630.50","5,784.83","5,865.42",0,"37,753","75,886.80","83,811.90","102,941.15","204,541.56"
2020-01-13,"5,680","5,800","5,660","5,800","5,618.00","5,639.00","5,645.00","5,776.00","5,866.25",0,"69,444","66,076.80","85,938.90","102,230.95","204,946.23"
2020-01-14,"5,830","5,870","5,760","5,790","5,668.00","5,650.00","5,656.00","5,770.00","5,866.58",0,"67,268","74,176.20","84,721.15","99,712.22","205,421.23"
2020-01-15,"5,800","5,880","5,750","5,850","5,758.00","5,667.00","5,669.50","5,762.50","5,867.17",0,"52,500","60,880.20","84,559.20","98,871.88","205,693.04"
2020-01-16,"5,890","5,920","5,800","5,870","5,802.00","5,681.00","5,683.50","5,758.83","5,867.58",0,"47,262","54,845.40","84,234.05","96,763.90","205,973.27"
2020-01-17,"5,920","5,920","5,840","5,870","5,836.00","5,700.00","5,698.00","5,753.17","5,868.17",30,"33,196","53,934.00","83,304.00","95,542.23","206,179.07"
2020-01-20,"5,820","5,950","5,760","5,850","5,846.00","5,732.00","5,709.50","5,751.33","5,869.42",0,"79,687","55,982.60","80,932.75","93,722.23","206,327.95"
2020-01-21,"5,860","5,970","5,800","5,870","5,862.00","5,765.00","5,715.00","5,749.67","5,871.67",0,"113,371","65,203.20","76,299.00","94,011.48","206,994.13"
2020-01-22,"5,870","5,940","5,850","5,870","5,866.00","5,812.00","5,723.00","5,747.67","5,873.67",0,"61,673","67,037.80","75,245.80","94,014.57","207,075.52"
2020-01-23,"5,850","5,970","5,760","5,880","5,868.00","5,835.00","5,732.00","5,745.33","5,880.33",0,"74,650","72,515.40","74,841.30","94,175.40","205,627.25"
2020-01-28,"5,620","5,710","5,510","5,540","5,802.00","5,819.00","5,723.00","5,733.33","5,883.33",0,"194,134","104,703.00","82,463.25","94,293.03","206,496.36"
2020-01-29,"5,580","5,660","5,500","5,610","5,754.00","5,800.00","5,719.50","5,725.67","5,887.17",0,"74,317","103,629.00","75,947.55","93,938.82","206,406.18"
2020-01-30,"5,590","5,680","5,290","5,340","5,648.00","5,755.00","5,702.50","5,713.50","5,890.38",0,"152,562","111,467.20","80,026.05","95,570.27","206,438.00"
2020-01-31,"5,350","5,440","5,160","5,200","5,514.00","5,690.00","5,678.50","5,700.83","5,893.67",0,"127,798","124,692.20","84,274.20","96,460.82","206,525.78"
2020-02-03,"5,050","5,300","4,960","5,260","5,390.00","5,629.00","5,655.00","5,687.50","5,902.00",9,"116,067","132,975.60","84,859.20","97,274.70","205,818.50"
2020-02-04,"5,260","5,640","5,260","5,620","5,406.00","5,604.00","5,652.00","5,676.17","5,912.29",55,"105,505","115,249.80","87,443.40","95,900.92","205,808.81"
2020-02-05,"5,620","5,660","5,500","5,600","5,404.00","5,579.00","5,655.50","5,666.17","5,920.75",0,"64,186","113,223.60","84,728.00","95,433.22","205,603.54"
2020-02-06,"5,600","5,660","5,550","5,600","5,456.00","5,552.00","5,658.50","5,657.83","5,925.08",0,"77,062","98,123.60","87,242.55","94,700.62","204,355.41"
2020-02-07,"5,610","5,850","5,540","5,850","5,586.00","5,550.00","5,681.00","5,654.33","5,932.17",0,"166,697","105,903.40","89,628.40","95,629.52","204,915.97"
2020-02-10,"5,890","5,980","5,790","5,880","5,710.00","5,550.00","5,692.50","5,651.00","5,938.75",0,"120,910","106,872.00","91,802.10","96,874.42","205,505.49"
2020-02-11,"5,880","6,010","5,850","5,900","5,766.00","5,586.00","5,702.50","5,648.50","5,945.25",0,"110,485","107,868.00","95,438.70","97,735.92","205,745.67"
2020-02-12,"5,900","6,010","5,880","6,010","5,848.00","5,626.00","5,713.00","5,648.50","5,946.92",30,"93,857","113,802.20","96,659.35","98,059.68","196,418.60"
2020-02-13,"6,050","6,240","6,050","6,100","5,948.00","5,702.00","5,728.50","5,650.00","5,949.17",0,"162,520","130,893.80","101,421.95","94,726.43","194,233.87"
2020-02-14,"6,110","6,170","6,030","6,120","6,002.00","5,794.00","5,742.00","5,656.50","5,947.00",0,"99,059","117,366.20","103,749.90","90,241.32","184,047.61"
2020-02-17,"6,190","6,190","5,960","6,030","6,032.00","5,871.00","5,750.00","5,660.83","5,946.08",0,"107,637","114,711.60","106,768.65","89,180.40","182,523.20"
2020-02-18,"6,000","6,120","5,970","6,030","6,058.00","5,912.00","5,758.00","5,667.00","5,944.50",0,"64,567","105,528.00","108,337.20","87,696.55","180,879.13"
2020-02-19,"6,030","6,090","5,810","5,900","6,036.00","5,942.00","5,760.50","5,674.00","5,941.58",0,"109,024","108,561.40","109,804.05","85,008.15","180,460.29"
2020-02-20,"6,000","6,000","5,690","5,790","5,974.00","5,961.00","5,756.50","5,679.83","5,940.25",0,"139,893","104,036.00","111,130.15","85,455.02","178,733.63"
2020-02-21,"5,780","5,780","5,600","5,630","5,876.00","5,939.00","5,744.50","5,683.00","5,938.92",0,"76,888","99,601.80","111,890.90","85,616.43","177,337.49"
2020-02-24,"5,460","5,550","5,270","5,270","5,724.00","5,878.00","5,714.00","5,678.83","5,933.75",0,"174,961","113,066.60","116,906.45","86,949.28","177,956.01"
2020-02-25,"5,320","5,420","5,160","5,420","5,602.00","5,830.00","5,708.00","5,675.33","5,930.33",8,"80,683","116,289.80","111,233.90","86,620.25","177,824.88"
2020-02-26,"5,270","5,590","5,100","5,180","5,458.00","5,747.00","5,686.50","5,667.33","5,927.42",0,"249,088","144,302.60","119,972.45","89,573.03","179,022.52"
2020-02-27,"5,160","5,260","4,865","4,870","5,274.00","5,624.00","5,663.00","5,654.33","5,921.67",0,"345,822","185,488.40","129,635.45","94,433.97","180,329.70"
2020-02-28,"4,750","4,765","4,430","4,515","5,051.00","5,463.50","5,628.75","5,635.42","5,913.21",0,"589,479","288,006.60","152,719.50","103,355.40","183,899.83"
2020-03-02,"4,515","4,650","4,455","4,595","4,916.00","5,320.00","5,595.50","5,619.17","5,905.67",8,"173,170","287,648.40","155,574.65","105,649.10","184,748.23"
2020-03-03,"4,650","5,170","4,650","4,875","4,807.00","5,204.50","5,558.25","5,607.58","5,900.71",0,"636,304","398,772.60","182,114.60","115,504.62","189,297.37"
2020-03-04,"4,875","4,970","4,770","4,915","4,754.00","5,106.00","5,524.00","5,597.83","5,895.42",0,"94,319","367,818.80","183,621.25","115,763.68","189,225.33"
2020-03-05,"4,985","5,030","4,910","4,980","4,776.00","5,025.00","5,493.00","5,589.33","5,891.58",0,"96,160","317,886.40","184,576.15","116,283.18","188,582.04"
2020-03-06,"4,975","5,000","4,845","4,860","4,845.00","4,948.00","5,443.50","5,578.83","5,886.92",0,"102,009","220,392.40","181,341.75","117,467.45","188,752.09"
2020-03-09,"4,700","4,740","4,570","4,575","4,841.00","4,878.50","5,378.25","5,563.58","5,878.46",0,"206,102","226,978.80","185,601.35","120,442.42","188,435.88"
2020-03-10,"4,505","4,705","4,410","4,645","4,795.00","4,801.00","5,315.50","5,549.50","5,865.50",0,"211,184","141,954.80","190,636.30","123,295.63","171,323.79"
2020-03-11,"4,700","4,700","4,475","4,485","4,709.00","4,731.50","5,239.25","5,532.42","5,848.54",0,"125,120","148,115.00","192,199.45","124,932.57","161,342.61"
2020-03-12,"4,420","4,495","4,100","4,220","4,557.00","4,666.50","5,145.25","5,509.92","5,829.96",0,"204,114","169,705.80","194,279.15","126,807.42","159,597.96"
2020-03-13,"3,895","4,100","3,700","3,920","4,369.00","4,607.00","5,035.25","5,482.25","5,808.88",0,"357,247","220,753.40","207,188.55","131,832.55","160,381.58"
2020-03-16,"3,950","4,175","3,820","3,900","4,234.00","4,537.50","4,928.75","5,454.08","5,786.88",0,"150,989","209,730.80","209,356.15","133,452.95","158,879.63"
2020-03-17,"3,555","3,900","3,555","3,815","4,068.00","4,431.50","4,818.00","5,424.67","5,761.00",0,"138,044","195,102.80","213,030.00","134,890.40","156,205.42"
2020-03-18,"3,825","3,925","3,600","3,600","3,891.00","4,300.00","4,703.00","5,391.00","5,728.25",0,"133,327","196,744.20","214,245.15","134,993.98","148,390.31"
2020-03-19,"3,595","3,700","2,950","3,005","3,648.00","4,102.50","4,563.75","5,345.08","5,690.46",0,"337,804","223,482.20","224,140.70","137,189.95","139,609.13"
2020-03-20,"3,005","3,295","3,005","3,185","3,501.00","3,935.00","4,441.50","5,303.00","5,656.58",8,"119,248","175,882.40","226,258.70","137,798.47","134,528.67"
2020-03-23,"2,965","3,135","2,825","2,945","3,310.00","3,772.00","4,325.25","5,257.08","5,620.04",0,"167,166","179,117.80","225,868.95","139,205.57","133,071.38"
2020-03-24,"2,980","3,190","2,960","3,155","3,178.00","3,623.00","4,212.00","5,214.33","5,587.08",0,"87,726","169,054.20","226,221.10","139,972.75","131,626.67"
2020-03-25,"3,290","3,435","3,290","3,415","3,141.00","3,516.00","4,123.75","5,176.58","5,557.13",0,"156,465","173,681.80","221,589.95","139,169.98","131,071.82"
2020-03-26,"3,435","3,705","3,380","3,635","3,267.00","3,457.50","4,062.00","5,142.50","5,528.58",0,"203,279","146,776.80","214,462.80","141,374.77","131,563.02"
2020-03-27,"3,730","4,090","3,625","3,705","3,371.00","3,436.00","4,021.50","5,109.58","5,503.63",0,"91,042","141,135.60","189,540.95","142,178.22","128,439.86"
2020-03-30,"3,530","3,745","3,390","3,700","3,522.00","3,416.00","3,976.75","5,075.75","5,477.46",0,"161,861","140,074.60","188,975.50","143,136.45","128,229.74"
2020-03-31,"3,730","4,270","3,700","4,075","3,706.00","3,442.00","3,936.75","5,049.00","5,457.58",0,"425,468","207,623.00","178,433.70","149,330.57","129,793.41"
2020-04-01,"4,050","4,165","3,920","3,960","3,815.00","3,478.00","3,889.00","5,022.83","5,436.42",0,"221,841","220,698.20","184,809.80","151,053.02","130,697.85"
2020-04-02,"3,765","4,090","3,610","4,045","3,897.00","3,582.00","3,842.25","4,997.92","5,414.79",0,"135,463","207,135.00","186,774.95","152,864.55","130,434.63"
2020-04-03,"4,065","4,065","3,940","4,040","3,964.00","3,667.50","3,801.25","4,975.25","5,393.79",0,"118,329","212,592.40","187,590.95","152,853.70","130,144.98"
2020-04-06,"4,085","4,165","4,035","4,140","4,052.00","3,787.00","3,779.50","4,950.08","5,372.71",0,"147,005","209,621.20","184,636.10","154,013.18","130,201.23"
2020-04-07,"4,205","4,320","4,115","4,305","4,098.00","3,902.00","3,762.50","4,926.83","5,355.83",0,"175,620","159,651.60","182,857.90","156,310.97","129,626.06"
2020-04-08,"4,305","4,320","4,190","4,235","4,153.00","3,984.00","3,750.00","4,900.75","5,338.38",30,"94,074","134,098.20","181,305.60","156,721.47","129,476.21"
2020-04-09,"4,265","4,330","4,205","4,275","4,199.00","4,048.00","3,752.75","4,875.50","5,322.75",0,"80,772","123,160.00","175,138.50","156,946.53","128,329.38"
2020-04-10,"4,285","4,340","4,120","4,280","4,247.00","4,105.50","3,770.75","4,849.33","5,305.92",0,"143,566","128,207.40","164,454.45","158,464.30","128,668.09"
2020-04-13,"4,280","4,280","4,130","4,180","4,255.00","4,153.50","3,784.75","4,821.17","5,290.00",0,"80,849","114,976.20","160,947.45","159,024.08","127,893.99"
2020-04-14,"4,200","4,350","4,190","4,265","4,247.00","4,172.50","3,807.25","4,794.42","5,273.79",0,"202,203","120,292.80","164,155.40","161,840.87","128,691.55"
2020-04-16,"4,265","4,425","4,120","4,415","4,283.00","4,218.00","3,848.00","4,770.50","5,260.92",0,"202,714","142,020.80","167,624.75","163,891.32","128,806.77"
2020-04-17,"4,415","4,545","4,410","4,525","4,333.00","4,266.00","3,924.00","4,748.08","5,248.88",0,"200,254","165,917.20","160,747.25","165,339.37","129,675.43"
2020-04-20,"4,595","4,690","4,500","4,655","4,408.00","4,327.50","3,997.50","4,727.83","5,237.75",0,"213,507","179,905.40","165,460.20","167,869.93","130,942.25"
2020-04-21,"4,530","4,670","4,280","4,590","4,490.00","4,372.50","4,079.75","4,706.33","5,225.83",0,"254,218","214,579.20","169,812.80","170,862.73","132,519.07"
2020-04-22,"4,505","4,575","4,370","4,575","4,552.00","4,399.50","4,150.75","4,690.25","5,211.79",0,"135,353","201,209.20","172,194.15","169,883.05","132,088.04"
2020-04-23,"4,570","4,620","4,510","4,575","4,584.00","4,433.50","4,208.75","4,673.00","5,199.33",0,"138,578","188,382.00","171,299.80","170,954.07","132,446.44"
2020-04-24,"4,565","4,565","4,350","4,540","4,587.00","4,460.00","4,254.00","4,659.67","5,186.58",20,"170,203","182,371.80","169,646.00","171,248.08","133,409.17"
2020-04-27,"4,540","4,560","4,490","4,520","4,560.00","4,484.00","4,294.75","4,648.33","5,174.58",0,"129,369","165,544.20","171,562.35","171,274.27","133,867.54"
2020-04-28,"4,525","4,540","4,425","4,495","4,541.00","4,515.50","4,334.50","4,635.58","5,161.54",43,"86,587","132,018.00","167,798.65","170,782.93","134,028.82"
2020-04-29,"4,500","4,565","4,495","4,520","4,530.00","4,541.00","4,356.75","4,617.25","5,146.71",0,"80,867","121,120.80","150,568.60","170,372.30","133,136.61"
2020-05-04,"4,520","4,620","4,475","4,540","4,523.00","4,553.50","4,385.75","4,599.58","5,132.88",0,"107,141","114,833.40","144,833.60","171,088.22","133,260.72"
2020-05-06,"4,625","4,645","4,570","4,620","4,539.00","4,563.00","4,414.50","4,583.25","5,120.54",0,"102,014","101,195.60","143,161.15","171,504.08","133,102.35"
2020-05-07,"4,665","4,770","4,625","4,745","4,584.00","4,572.00","4,449.75","4,564.83","5,109.58",0,"117,558","98,833.40","143,122.60","170,685.10","133,157.31"
2020-05-08,"4,760","5,120","4,760","4,845","4,654.00","4,597.50","4,485.00","4,547.58","5,099.29",29,"364,656","154,447.20","154,005.15","174,747.53","135,810.98"
2020-05-11,"4,785","4,800","4,680","4,755","4,701.00","4,615.50","4,507.50","4,528.50","5,088.50",17,"121,045","162,482.80","151,276.40","174,923.53","136,329.73"
2020-05-12,"4,825","4,825","4,600","4,740","4,741.00","4,632.00","4,532.75","4,507.33","5,077.92",0,"125,185","166,091.60","152,831.95","175,445.67","136,752.67"
2020-05-13,"4,700","4,710","4,440","4,700","4,757.00","4,648.00","4,554.00","4,484.00","5,067.00",28,"80,713","161,831.40","152,829.00","174,082.22","134,404.33"
2020-05-14,"4,685","4,700","4,500","4,555","4,719.00","4,651.50","4,567.75","4,457.92","5,057.21",0,"153,732","169,066.20","153,337.30","174,993.43","132,617.38"
2020-05-15,"4,570","4,795","4,550","4,630","4,676.00","4,665.00","4,590.25","4,434.58","5,047.71",58,"143,673","124,869.60","156,478.50","175,594.03","132,387.22"
2020-05-18,"4,750","4,750","4,595","4,695","4,664.00","4,682.50","4,611.75","4,412.33","5,039.67",0,"101,308","120,922.20","151,433.75","176,206.38","131,951.47"
2020-05-19,"4,765","4,890","4,720","4,870","4,690.00","4,715.50","4,634.50","4,395.17","5,034.58",0,"203,499","136,585.00","151,473.00","177,780.97","131,394.56"
2020-05-20,"4,860","4,910","4,800","4,875","4,725.00","4,741.00","4,652.00","4,379.92","5,029.88",0,"96,225","139,687.40","146,271.55","177,053.17","131,254.09"
2020-05-21,"4,880","4,975","4,865","4,960","4,806.00","4,762.50","4,667.25","4,368.75","5,025.88",0,"119,911","132,923.20","141,591.75","177,770.22","131,693.33"
2020-05-22,"5,000","5,140","4,885","4,970","4,874.00","4,775.00","4,686.25","4,363.75","5,021.29",0,"207,085","145,605.60","139,235.10","178,305.62","132,627.45"
2020-05-25,"4,970","5,050","4,900","5,010","4,937.00","4,800.50","4,708.00","4,356.92","5,016.13",0,"111,573","147,658.60","138,046.10","178,820.45","132,720.35"
2020-05-26,"5,010","5,070","4,965","5,050","4,973.00","4,831.50","4,731.75","4,354.75","5,011.04",0,"79,466","122,852.00","135,090.50","175,993.42","132,783.23"
2020-05-27,"5,050","5,130","4,930","4,940","4,986.00","4,855.50","4,751.75","4,355.92","5,005.13",0,"138,613","131,329.60","133,511.00","172,539.93","133,486.95"
2020-05-28,"5,020","5,160","4,890","4,970","4,988.00","4,897.00","4,774.25","4,363.50","4,999.46",0,"321,796","171,706.60","143,132.35","168,078.55","135,716.98"
2020-05-29,"5,000","5,440","4,845","5,200","5,034.00","4,954.00","4,809.50","4,373.58","4,996.38",0,"477,239","225,737.40","162,664.95","173,146.37","139,397.73"
2020-06-01,"5,300","5,310","5,130","5,160","5,064.00","5,000.50","4,841.50","4,378.33","4,992.96",0,"197,749","242,972.60","168,509.05","165,837.12","140,670.87"
2020-06-02,"5,160","5,240","5,140","5,210","5,096.00","5,034.50","4,875.00","4,383.25","4,990.54",0,"128,288","252,737.00","169,566.40","166,403.27","141,083.48"
2020-06-03,"5,250","5,340","5,210","5,270","5,162.00","5,074.00","4,907.50","4,388.08","4,988.71",0,"183,773","261,769.00","173,654.35","167,863.48","142,073.33"
2020-06-04,"5,300","5,350","5,190","5,250","5,218.00","5,103.00","4,932.75","4,394.58","4,986.71",0,"148,947","227,199.20","175,223.80","168,645.78","143,056.62"
2020-06-05,"5,270","5,270","5,170","5,240","5,226.00","5,130.00","4,952.50","4,405.67","4,984.63",0,"65,506","144,852.60","160,266.30","166,302.52","143,372.47"
2020-06-08,"5,850","5,900","5,520","5,770","5,348.00","5,206.00","5,003.25","4,424.42","4,986.96",0,"950,212","295,345.20","201,724.65","178,619.65","150,957.64"
2020-06-09,"5,780","6,140","5,670","6,130","5,532.00","5,314.00","5,072.75","4,451.83","4,992.13",0,"569,268","383,541.20","223,928.80","186,022.12","155,477.34"
2020-06-10,"6,130","6,350","5,930","6,000","5,678.00","5,420.00","5,137.75","4,481.50","4,995.71",0,"358,671","418,520.80","237,826.70","188,598.07","157,702.74"
2020-06-11,"6,000","6,040","5,680","5,800","5,788.00","5,503.00","5,200.00","4,512.83","4,997.54",0,"247,239","438,179.20","242,502.05","186,764.60","159,298.58"
2020-06-12,"5,700","5,700","5,350","5,500","5,840.00","5,533.00","5,243.50","4,539.50","4,996.79",0,"196,833","464,444.60","245,160.05","187,528.67","160,490.81"
2020-06-15,"5,480","5,540","5,050","5,090","5,704.00","5,526.00","5,263.25","4,560.75","4,992.71",0,"310,689","336,540.00","255,629.10","190,406.08","162,648.24"
2020-06-16,"5,250","5,540","5,200","5,530","5,584.00","5,558.00","5,296.25","4,592.92","4,991.96",0,"169,255","256,537.40","253,916.90","191,004.88","162,999.43"
2020-06-17,"5,470","5,490","5,340","5,480","5,480.00","5,579.00","5,326.50","4,634.17","4,989.63",0,"136,467","212,096.60","255,929.00","187,649.27","162,419.61"
2020-06-18,"5,500","5,590","5,370","5,580","5,436.00","5,612.00","5,357.50","4,674.08","4,988.54",0,"85,558","179,760.40","254,211.35","187,087.77","162,443.12"
2020-06-19,"5,660","5,670","5,490","5,580","5,452.00","5,646.00","5,388.00","4,718.00","4,987.54",0,"79,360","156,265.80","247,825.10","185,624.33","162,414.95"
2020-06-22,"5,550","5,930","5,520","5,920","5,618.00","5,661.00","5,433.50","4,764.08","4,989.21",0,"260,905","146,309.00","255,291.70","188,510.65","164,241.70"
2020-06-23,"5,870","6,250","5,870","6,130","5,738.00","5,661.00","5,487.50","4,809.33","4,992.96",0,"456,555","203,769.00","274,146.15","193,512.15","166,341.07"
2020-06-24,"6,160","6,230","5,950","6,000","5,842.00","5,661.00","5,540.50","4,848.75","4,995.63",0,"172,011","210,877.80","275,816.05","192,991.02","167,182.89"
2020-06-25,"5,900","5,970","5,680","5,740","5,874.00","5,655.00","5,579.00","4,882.67","4,996.13",0,"204,123","234,590.80","269,932.40","194,875.70","168,526.96"
2020-06-26,"5,810","5,940","5,750","5,880","5,934.00","5,693.00","5,613.00","4,919.00","4,997.38",0,"124,254","243,569.60","252,283.15","194,248.92","168,692.68"
2020-06-29,"5,920","6,120","5,900","5,990","5,948.00","5,783.00","5,654.50","4,950.92","4,999.96",0,"355,829","262,554.40","260,187.15","193,088.27","171,209.42"
2020-06-30,"6,100","6,240","5,970","6,100","5,942.00","5,840.00","5,699.00","4,986.58","5,004.71",0,"148,885","201,020.40","261,217.00","191,872.33","171,462.67"
2020-07-01,"6,180","6,360","5,990","5,990","5,940.00","5,891.00","5,735.00","5,019.00","5,008.46",0,"369,282","240,474.60","270,492.45","195,769.32","174,316.93"
2020-07-02,"5,980","6,140","5,970","6,050","6,002.00","5,938.00","5,775.00","5,052.50","5,013.88",0,"60,451","211,740.20","266,067.65","194,804.68","173,829.19"
2020-07-03,"6,060","6,250","6,030","6,160","6,058.00","5,996.00","5,821.00","5,086.17","5,018.13",0,"141,650","215,219.40","269,874.85","194,715.43","174,364.31"
2020-07-06,"6,210","6,210","6,000","6,080","6,076.00","6,012.00","5,836.50","5,115.75","5,021.29",0,"125,317","169,117.00","228,630.10","193,877.05","175,094.01"
2020-07-07,"6,100","6,110","5,970","6,020","6,060.00","6,001.00","5,831.00","5,145.50","5,023.13",0,"110,250","161,390.00","205,679.20","194,146.65","175,434.06"
2020-07-08,"6,000","6,200","5,950","6,150","6,092.00","6,016.00","5,838.50","5,176.75","5,026.13",0,"123,304","112,194.40","193,910.85","194,855.52","175,901.02"
2020-07-09,"6,200","6,220","6,090","6,150","6,112.00","6,057.00","5,856.00","5,207.92","5,028.63",0,"100,200","120,144.20","186,558.90","194,132.75","176,298.52"
2020-07-10,"6,150","6,410","6,030","6,320","6,144.00","6,101.00","5,897.00","5,243.58","5,032.38",0,"274,729","146,760.00","190,453.70","197,364.08","178,194.08"
2020-07-13,"6,360","6,820","6,360","6,690","6,266.00","6,171.00","5,977.00","5,284.00","5,039.21",0,"498,243","221,345.20","199,831.40","202,298.08","182,069.48"
2020-07-14,"6,690","6,690","6,530","6,630","6,388.00","6,224.00","6,032.00","5,320.92","5,045.71",17,"114,452","222,185.60","197,091.25","200,827.05","182,359.18"
2020-07-15,"6,660","6,900","6,660","6,840","6,526.00","6,309.00","6,100.00","5,359.50","5,053.79",0,"185,031","234,531.00","199,519.45","200,573.33","182,956.35"
2020-07-16,"6,840","6,980","6,750","6,780","6,652.00","6,382.00","6,160.00","5,394.92","5,061.38",0,"207,273","255,945.60","205,605.20","200,469.43","184,169.68"
2020-07-17,"6,740","6,780","6,520","6,700","6,728.00","6,436.00","6,216.00","5,430.08","5,068.21",0,"139,980","228,995.80","208,636.20","198,565.47","184,714.10"
2020-07-20,"6,700","6,700","6,510","6,550","6,700.00","6,483.00","6,247.50","5,463.00","5,076.63",0,"76,140","144,575.20","199,397.95","197,578.58","183,730.82"
2020-07-21,"6,610","6,680","6,440","6,440","6,662.00","6,525.00","6,263.00","5,494.08","5,083.54",43,"124,255","146,535.80","182,782.95","197,339.87","184,146.97"
2020-07-22,"6,640","6,640","6,350","6,620","6,618.00","6,572.00","6,294.00","5,528.75","5,094.21",20,"113,113","132,152.20","179,838.05","196,388.37","183,818.23"
2020-07-23,"6,850","7,150","6,700","6,890","6,640.00","6,646.00","6,351.50","5,568.25","5,108.29",0,"494,564","189,610.40","194,360.10","202,474.95","186,874.61"
2020-07-24,"6,890","6,950","6,720","6,750","6,650.00","6,689.00","6,395.00","5,605.83","5,120.71",0,"177,067","197,027.80","197,000.75","203,982.95","187,382.94"
2020-07-27,"6,750","6,960","6,710","6,890","6,718.00","6,709.00","6,440.00","5,645.33","5,131.29",0,"167,216","215,243.00","187,570.10","205,422.10","187,897.20"
2020-07-28,"6,980","6,980","6,720","6,790","6,788.00","6,725.00","6,474.50","5,682.83","5,141.21",0,"136,722","217,736.40","186,961.95","205,915.12","188,501.67"
2020-07-29,"6,790","8,820","6,690","7,800","7,024.00","6,821.00","6,565.00","5,735.83","5,159.54",0,"10,738,309","2,342,776.00","705,413.30","383,186.70","277,345.39"
2020-07-30,"7,790","7,890","7,400","7,610","7,168.00","6,904.00","6,643.00","5,783.58","5,174.21",37,"1,752,771","2,594,417.00","790,029.30","410,440.25","290,562.67"
2020-07-31,"7,570","7,710","7,340","7,710","7,360.00","7,005.00","6,720.50","5,831.33","5,189.46",0,"908,107","2,740,625.00","828,352.15","419,497.77","297,122.65"
2020-08-03,"7,770","7,920","7,200","7,220","7,426.00","7,072.00","6,777.50","5,872.42","5,200.46",39,"1,633,188","3,033,819.00","903,745.70","444,700.15","309,811.84"
2020-08-04,"7,240","7,360","7,200","7,290","7,526.00","7,157.00","6,841.00","5,914.92","5,211.13",0,"416,512","3,089,777.00","919,058.80","449,555.60","312,500.63"
2020-08-05,"7,280","7,290","7,140","7,160","7,398.00","7,211.00","6,891.50","5,955.92","5,219.96",0,"303,205","1,002,757.00","928,053.85","453,263.80","313,673.01"
2020-08-06,"7,130","7,570","7,060","7,310","7,338.00","7,253.00","6,949.50","6,001.83","5,229.88",0,"873,853","826,973.00","966,736.50","465,265.82","320,129.63"
2020-08-07,"7,270","7,340","7,120","7,180","7,232.00","7,296.00","6,992.50","6,044.33","5,239.46",0,"328,599","711,071.40","969,430.00","468,347.92","321,970.97"
2020-08-10,"7,290","7,530","7,260","7,320","7,252.00","7,339.00","7,024.00","6,088.08","5,250.21",0,"821,310","548,695.80","985,583.35","480,347.95","328,277.17"
2020-08-11,"7,480","7,490","7,150","7,160","7,226.00","7,376.00","7,050.50","6,126.25","5,260.71",0,"386,016","542,596.60","999,161.55","483,389.90","330,585.43"
2020-08-12,"7,160","7,370","7,130","7,190","7,232.00","7,315.00","7,068.00","6,164.83","5,272.38",0,"364,054","554,766.40","1,008,113.00","487,853.72","332,453.44"
2020-08-13,"7,260","7,270","7,120","7,150","7,200.00","7,269.00","7,086.50","6,201.33","5,285.04",0,"240,602","428,116.20","1,009,779.00","489,865.23","333,817.72"
2020-08-14,"7,200","7,210","6,890","6,920","7,148.00","7,190.00","7,097.50","6,233.83","5,298.79",0,"443,667","451,129.80","1,024,964.00","493,808.27","336,056.94"
2020-08-18,"6,930","6,970","6,380","6,410","6,966.00","7,109.00","7,090.50","6,257.17","5,307.04",42,"366,509","360,169.60","1,039,482.00","498,057.20","338,438.83"
2020-08-19,"6,590","6,600","6,380","6,480","6,830.00","7,028.00","7,092.50","6,281.00","5,317.88",70,"256,593","334,285.00","1,046,099.00","501,009.32","338,501.37"
2020-08-20,"6,490","6,500","5,980","6,040","6,600.00","6,916.00","7,063.50","6,299.33","5,327.63",0,"538,401","369,154.40","1,067,363.00","507,672.45","340,106.19"
2020-08-21,"6,060","6,230","5,940","6,040","6,378.00","6,789.00","7,021.00","6,317.17","5,340.33",49,"283,182","377,670.40","1,056,794.00","507,028.88","337,553.72"
2020-08-24,"6,000","6,330","5,920","6,260","6,246.00","6,697.00","6,996.50","6,334.83","5,354.21",0,"156,529","320,242.80","1,055,767.00","501,683.72","337,415.04"
2020-08-25,"6,350","6,610","6,350","6,570","6,278.00","6,622.00","6,980.50","6,358.33","5,368.33",0,"241,915","295,324.00","1,059,502.00","502,419.82","334,128.47"
2020-08-26,"6,700","6,700","6,410","6,590","6,300.00","6,565.00","6,970.50","6,381.33","5,382.29",0,"243,192","292,643.80","1,064,826.00","504,334.88","335,369.08"
2020-08-27,"6,580","6,580","6,150","6,290","6,350.00","6,475.00","6,895.00","6,398.33","5,393.21",0,"276,833","240,330.20","541,751.90","505,885.88","336,874.68"
2020-08-28,"6,310","6,520","6,190","6,350","6,412.00","6,395.00","6,832.00","6,416.67","5,405.63",8,"198,757","223,445.20","464,051.20","506,716.05","337,680.92"
2020-08-31,"6,400","6,590","6,370","6,520","6,464.00","6,355.00","6,772.50","6,438.00","5,421.83",0,"105,921","213,323.60","423,941.90","507,389.63","336,846.08"
2020-09-01,"6,480","6,700","6,470","6,630","6,476.00","6,377.00","6,743.00","6,452.33","5,438.38",0,"154,910","195,922.60","350,028.00","494,134.60","336,377.13"
2020-09-02,"6,740","6,740","6,510","6,690","6,496.00","6,398.00","6,713.00","6,461.67","5,456.75",0,"92,574","165,799.00","333,831.10","486,189.70","336,105.91"
2020-09-03,"6,680","6,700","6,600","6,660","6,570.00","6,460.00","6,688.00","6,472.67","5,477.08",0,"93,245","129,081.40","323,333.10","481,765.93","335,182.00"
2020-09-04,"6,300","6,600","6,290","6,570","6,614.00","6,513.00","6,651.00","6,485.50","5,499.17",0,"120,476","113,425.20","285,664.25","479,653.22","333,208.91"
2020-09-07,"6,600","6,860","6,590","6,700","6,650.00","6,557.00","6,627.00","6,505.50","5,522.50",0,"303,069","152,854.80","284,387.75","481,423.82","334,476.24"
2020-09-08,"6,750","6,840","6,580","6,630","6,650.00","6,563.00","6,592.50","6,531.17","5,545.96",0,"131,550","148,182.80","249,899.75","478,438.17","334,422.13"
2020-09-09,"6,520","6,600","6,400","6,560","6,624.00","6,560.00","6,562.50","6,548.33","5,570.63",0,"73,901","144,448.20","234,294.00","476,848.93","333,926.91"
2020-09-10,"6,580","6,950","6,580","6,850","6,662.00","6,616.00","6,545.50","6,571.17","5,602.67",0,"295,891","184,977.40","230,885.85","479,506.00","333,577.63"
2020-09-11,"6,770","6,970","6,690","6,970","6,742.00","6,678.00","6,536.50","6,594.33","5,634.21",0,"195,637","200,009.60","228,637.60","481,340.65","334,214.21"
2020-09-14,"7,020","7,100","6,870","6,900","6,782.00","6,716.00","6,535.50","6,616.33","5,667.17",0,"201,663","179,728.40","216,537.40","483,379.03","334,501.68"
2020-09-15,"6,930","7,080","6,890","6,950","6,846.00","6,748.00","6,562.50","6,633.50","5,698.79",0,"221,794","197,777.20","209,301.65","482,727.18","335,618.92"
2020-09-16,"6,970","7,060","6,800","6,840","6,902.00","6,763.00","6,580.50","6,645.33","5,727.33",0,"203,338","223,664.60","206,638.90","478,506.90","336,009.53"
2020-09-17,"6,820","6,950","6,670","6,710","6,874.00","6,768.00","6,614.00","6,657.17","5,752.96",0,"138,023","192,091.00","186,620.00","477,940.43","335,465.72"
2020-09-18,"6,880","7,220","6,800","6,980","6,876.00","6,809.00","6,661.00","6,677.83","5,780.25",0,"1,166,156","386,194.80","230,768.70","493,974.32","344,425.01"
2020-09-21,"6,980","6,990","6,700","6,890","6,874.00","6,828.00","6,692.50","6,694.67","5,806.83",20,"236,799","393,222.00","234,782.20","495,850.07","345,049.49"
2020-09-22,"6,950","7,030","6,470","6,500","6,784.00","6,815.00","6,689.00","6,703.17","5,827.04",0,"399,769","428,817.00","242,674.90","496,582.40","344,835.33"
2020-09-23,"6,650","6,650","6,270","6,460","6,708.00","6,805.00","6,682.50","6,709.17","5,847.88",42,"158,184","419,786.20","238,424.50","496,737.38","344,304.86"
2020-09-24,"6,250","6,390","6,150","6,240","6,614.00","6,744.00","6,680.00","6,713.33","5,866.17",0,"228,682","437,918.00","236,016.95","494,394.05","345,081.68"
2020-09-25,"6,250","6,350","6,110","6,180","6,454.00","6,665.00","6,671.50","6,715.50","5,884.00",0,"167,136","238,114.00","234,435.90","496,172.13","345,488.41"
2020-09-28,"6,230","6,430","6,230","6,430","6,362.00","6,618.00","6,667.00","6,720.00","5,903.08",0,"77,691","206,292.40","233,024.40","495,106.15","344,910.79"
2020-09-29,"6,490","6,610","6,430","6,510","6,364.00","6,574.00","6,661.00","6,727.17","5,921.46",0,"98,060","145,950.60","230,181.90","494,651.87","344,264.46"
2020-10-05,"6,590","6,600","6,400","6,540","6,380.00","6,544.00","6,653.50","6,735.83","5,940.67",0,"85,491","131,412.00","229,827.75","494,239.22","344,192.93"
2020-10-06,"6,550","6,660","6,480","6,540","6,440.00","6,527.00","6,647.50","6,742.33","5,959.54",0,"79,482","101,572.00","229,139.60","493,508.85","344,182.18"
2020-10-07,"6,500","6,610","6,450","6,560","6,516.00","6,485.00","6,647.00","6,749.17","5,978.54",0,"52,557","78,656.20","225,743.65","492,714.80","343,423.78"
2020-10-08,"6,560","6,830","6,500","6,650","6,560.00","6,461.00","6,644.50","6,754.67","5,999.13",0,"198,707","102,859.40","220,525.55","491,447.77","344,405.92"
2020-10-12,"6,680","6,900","6,670","6,820","6,622.00","6,493.00","6,654.00","6,756.83","6,020.42",0,"185,475","120,342.40","223,221.80","486,234.97","344,266.53"
2020-10-13,"6,890","6,900","6,710","6,780","6,670.00","6,525.00","6,665.00","6,759.33","6,040.13",30,"125,478","128,339.80","225,800.65","486,418.73","343,622.89"
2020-10-14,"6,780","6,800","6,580","6,650","6,692.00","6,566.00","6,655.00","6,756.17","6,057.83",0,"144,906","141,424.60","218,251.40","485,749.98","343,161.66"
2020-10-15,"6,650","6,660","6,450","6,510","6,682.00","6,599.00","6,632.00","6,751.67","6,073.29",42,"118,186","154,550.40","214,378.85","484,265.20","342,367.32"
2020-10-16,"6,510","6,580","6,370","6,520","6,656.00","6,608.00","6,613.00","6,748.67","6,089.38",0,"98,458","134,500.60","209,218.60","483,573.17","341,069.32"
2020-10-19,"6,600","6,960","6,520","6,920","6,676.00","6,649.00","6,611.50","6,754.83","6,108.92",0,"305,733","158,552.20","213,415.55","487,399.72","342,489.15"
2020-10-20,"6,890","7,160","6,760","6,900","6,700.00","6,685.00","6,614.50","6,762.50","6,128.29",0,"426,588","218,774.20","224,578.05","492,438.60","344,889.23"
2020-10-21,"6,890","7,170","6,870","7,100","6,790.00","6,741.00","6,634.00","6,770.50","6,149.63",0,"462,611","282,315.20","240,807.45","498,263.57","347,325.97"
2020-10-22,"7,180","7,620","6,920","7,090","6,906.00","6,794.00","6,639.50","6,773.83","6,171.04",0,"2,259,216","710,521.20","295,460.45","527,674.43","365,074.69"
2020-10-23,"7,110","7,450","7,110","7,250","7,052.00","6,854.00","6,657.50","6,782.17","6,194.00",0,"763,593","843,548.20","321,800.15","537,449.87","370,716.41"
2020-10-26,"7,240","7,250","6,650","6,700","7,008.00","6,842.00","6,667.50","6,779.00","6,212.17",0,"681,360","918,673.60","335,879.70","546,018.93","375,720.52"
2020-10-27,"6,780","6,860","6,480","6,510","6,930.00","6,815.00","6,670.00","6,774.33","6,228.58",0,"388,356","911,027.20","347,388.30","550,212.83","378,063.97"
2020-10-28,"6,500","6,680","6,470","6,670","6,844.00","6,817.00","6,691.50","6,755.50","6,245.67",0,"162,290","850,963.00","344,068.70","373,945.85","378,566.28"
2020-10-29,"6,420","6,670","6,400","6,670","6,760.00","6,833.00","6,716.00","6,739.83","6,261.71",0,"205,628","440,245.40","345,993.30","348,160.13","379,300.19"
2020-10-30,"6,690","6,800","6,590","6,600","6,630.00","6,841.00","6,724.50","6,721.33","6,276.33",0,"148,322","317,191.20","349,524.85","335,497.05","377,497.41"
2020-11-02,"6,630","6,700","6,570","6,590","6,608.00","6,808.00","6,728.50","6,710.83","6,291.63",0,"114,161","203,751.40","350,329.90","310,179.93","377,440.04"
2020-11-03,"6,550","7,380","6,550","7,010","6,708.00","6,819.00","6,752.00","6,706.17","6,310.54",60,"783,643","282,808.80","385,237.50","316,298.78","382,927.19"
2020-11-04,"7,020","7,100","6,840","7,060","6,786.00","6,815.00","6,778.00","6,704.50","6,330.21",61,"286,559","307,662.60","395,591.35","316,021.35","384,642.58"
2020-11-05,"7,430","7,450","7,090","7,150","6,882.00","6,821.00","6,807.50","6,701.83","6,351.83",0,"508,275","368,192.00","418,377.25","309,928.38","387,597.10"
2020-11-06,"7,150","7,380","7,110","7,160","6,994.00","6,812.00","6,833.00","6,701.50","6,372.92",0,"288,153","396,158.20","422,849.55","309,254.28","388,801.10"
2020-11-09,"7,160","7,450","7,150","7,390","7,154.00","6,881.00","6,861.50","6,702.67","6,395.38",0,"594,457","492,217.40","443,298.65","305,473.40","392,910.67"
2020-11-10,"7,430","7,500","7,250","7,460","7,244.00","6,976.00","6,895.50","6,707.67","6,416.96",0,"352,536","405,996.00","454,651.55","304,915.40","394,152.65"
2020-11-11,"7,460","7,840","7,410","7,720","7,376.00","7,081.00","6,949.00","6,716.50","6,440.67",0,"893,363","527,356.80","492,074.40","313,737.22","400,795.47"
2020-11-12,"7,780","8,050","7,600","7,900","7,526.00","7,204.00","7,018.50","6,729.00","6,465.17",0,"711,094","567,920.60","521,719.80","321,578.75","405,721.99"
2020-11-13,"7,910","8,060","7,690","7,690","7,632.00","7,313.00","7,077.00","6,741.83","6,487.83",0,"405,547","591,399.40","537,074.25","320,943.42","407,375.84"
2020-11-16,"7,830","7,840","6,790","6,840","7,522.00","7,338.00","7,073.00","6,749.00","6,503.08",2,"1,576,177","787,743.40","600,596.45","341,104.55","419,580.88"
2020-11-17,"6,940","7,020","6,610","6,640","7,358.00","7,301.00","7,060.00","6,751.67","6,516.33",42,"837,272","884,690.60","621,130.65","350,782.53","425,895.92"
2020-11-18,"6,640","6,850","6,600","6,830","7,180.00","7,278.00","7,046.50","6,764.83","6,532.08",0,"317,268","769,471.60","613,863.50","347,096.98","427,384.72"
2020-11-19,"6,820","6,820","6,650","6,710","6,942.00","7,234.00","7,027.50","6,776.00","6,546.58",0,"247,504","676,753.60","513,277.90","346,502.35","426,765.62"
2020-11-20,"6,710","6,780","6,670","6,730","6,750.00","7,191.00","7,001.50","6,783.83","6,559.33",0,"182,978","632,239.80","484,247.15","346,943.17","424,313.44"
2020-11-23,"6,710","6,800","6,710","6,760","6,734.00","7,128.00","7,004.50","6,787.00","6,572.67",0,"220,930","361,190.40","461,225.65","346,593.42","424,506.62"
2020-11-24,"6,890","7,020","6,830","6,960","6,798.00","7,078.00","7,027.00","6,793.17","6,587.25",0,"423,623","278,460.60","462,989.00","349,600.60","426,967.74"
2020-11-25,"7,040","7,040","6,750","6,810","6,794.00","6,987.00","7,034.00","6,801.83","6,600.08",0,"302,672","275,541.40","470,008.10","350,031.25","427,958.57"
2020-11-26,"6,810","6,850","6,750","6,790","6,810.00","6,876.00","7,040.00","6,809.17","6,612.92",70,"107,362","247,513.00","465,094.80","348,508.00","427,612.03"
2020-11-27,"6,770","6,900","6,760","6,820","6,828.00","6,789.00","7,051.00","6,814.17","6,626.08",0,"147,358","240,389.00","465,046.60","349,198.62","428,294.13"
2020-11-30,"6,940","6,970","6,830","6,860","6,848.00","6,791.00","7,064.50","6,818.00","6,635.17",0,"178,285","231,860.00","468,252.80","349,588.20","421,861.40"
2020-12-01,"6,910","6,970","6,850","6,860","6,828.00","6,813.00","7,057.00","6,820.83","6,641.25",0,"265,472","200,229.80","442,344.25","352,469.83","419,329.77"
2020-12-02,"6,900","6,940","6,800","6,840","6,834.00","6,814.00","7,046.00","6,823.83","6,648.25",0,"160,569","171,809.20","436,044.75","353,591.90","417,678.92"
2020-12-03,"6,900","6,910","6,760","6,800","6,836.00","6,823.00","7,028.50","6,827.67","6,656.58",0,"165,618","183,460.40","418,911.90","354,344.27","416,998.74"
2020-12-04,"6,800","6,800","6,690","6,700","6,812.00","6,820.00","7,005.50","6,827.67","6,666.58",0,"267,437","207,476.20","417,876.10","353,750.40","417,587.11"
